case_id,grid,motor,pwm,q_initial,duration,sample_index,time_s,position
1,oracle,1,64,0,0.2,0,0,0
1,oracle,1,64,0,0.2,1,0.2,3925.33333333333
2,oracle,1,64,0,3,0,0,0
2,oracle,1,64,0,3,1,0.142857142857143,2762
2,oracle,1,64,0,3,2,0.285714285714286,5457.66666666667
2,oracle,1,64,0,3,3,0.428571428571429,7511.33333333333
2,oracle,1,64,0,3,4,0.571428571428571,9178.33333333333
2,oracle,1,64,0,3,5,0.714285714285714,10490.6666666667
2,oracle,1,64,0,3,6,0.857142857142857,11782
2,oracle,1,64,0,3,7,1,12575
2,oracle,1,64,0,3,8,1.14285714285714,13390.6666666667
2,oracle,1,64,0,3,9,1.28571428571429,13765
2,oracle,1,64,0,3,10,1.42857142857143,14187
2,oracle,1,64,0,3,11,1.57142857142857,14316
2,oracle,1,64,0,3,12,1.71428571428571,14316
2,oracle,1,64,0,3,13,1.85714285714286,14316
2,oracle,1,64,0,3,14,2,14316
2,oracle,1,64,0,3,15,2.14285714285714,14316
2,oracle,1,64,0,3,16,2.28571428571429,14316
2,oracle,1,64,0,3,17,2.42857142857143,14316
2,oracle,1,64,0,3,18,2.57142857142857,14316
2,oracle,1,64,0,3,19,2.71428571428571,14316
2,oracle,1,64,0,3,20,2.85714285714286,14316
2,oracle,1,64,0,3,21,3,14316
3,oracle,1,64,2836,0.2,0,0,2836
3,oracle,1,64,2836,0.2,1,0.2,6395
4,oracle,1,64,2836,3,0,0,2836
4,oracle,1,64,2836,3,1,0.142857142857143,5523.33333333333
4,oracle,1,64,2836,3,2,0.285714285714286,7563
4,oracle,1,64,2836,3,3,0.428571428571429,9231
4,oracle,1,64,2836,3,4,0.571428571428571,10528.6666666667
4,oracle,1,64,2836,3,5,0.714285714285714,11809.3333333333
4,oracle,1,64,2836,3,6,0.857142857142857,12599.6666666667
4,oracle,1,64,2836,3,7,1,13409.3333333333
4,oracle,1,64,2836,3,8,1.14285714285714,13778.6666666667
4,oracle,1,64,2836,3,9,1.28571428571429,14215
4,oracle,1,64,2836,3,10,1.42857142857143,14316
4,oracle,1,64,2836,3,11,1.57142857142857,14316
4,oracle,1,64,2836,3,12,1.71428571428571,14316
4,oracle,1,64,2836,3,13,1.85714285714286,14316
4,oracle,1,64,2836,3,14,2,14316
4,oracle,1,64,2836,3,15,2.14285714285714,14316
4,oracle,1,64,2836,3,16,2.28571428571429,14316
4,oracle,1,64,2836,3,17,2.42857142857143,14316
4,oracle,1,64,2836,3,18,2.57142857142857,14316
4,oracle,1,64,2836,3,19,2.71428571428571,14316
4,oracle,1,64,2836,3,20,2.85714285714286,14316
4,oracle,1,64,2836,3,21,3,14316
5,oracle,1,64,5672,0.2,0,0,5672
5,oracle,1,64,5672,0.2,1,0.2,8391.33333333333
6,oracle,1,64,5672,3,0,0,5672
6,oracle,1,64,5672,3,1,0.142857142857143,7689
6,oracle,1,64,5672,3,2,0.285714285714286,9328.66666666667
6,oracle,1,64,5672,3,3,0.428571428571429,10637
6,oracle,1,64,5672,3,4,0.571428571428571,11874.3333333333
6,oracle,1,64,5672,3,5,0.714285714285714,12657
6,oracle,1,64,5672,3,6,0.857142857142857,13446.3333333333
6,oracle,1,64,5672,3,7,1,13811.3333333333
6,oracle,1,64,5672,3,8,1.14285714285714,14255
6,oracle,1,64,5672,3,9,1.28571428571429,14316
6,oracle,1,64,5672,3,10,1.42857142857143,14316
6,oracle,1,64,5672,3,11,1.57142857142857,14316
6,oracle,1,64,5672,3,12,1.71428571428571,14316
6,oracle,1,64,5672,3,13,1.85714285714286,14316
6,oracle,1,64,5672,3,14,2,14316
6,oracle,1,64,5672,3,15,2.14285714285714,14316
6,oracle,1,64,5672,3,16,2.28571428571429,14316
6,oracle,1,64,5672,3,17,2.42857142857143,14316
6,oracle,1,64,5672,3,18,2.57142857142857,14316
6,oracle,1,64,5672,3,19,2.71428571428571,14316
6,oracle,1,64,5672,3,20,2.85714285714286,14316
6,oracle,1,64,5672,3,21,3,14316
7,oracle,1,64,8508,0.2,0,0,8508
7,oracle,1,64,8508,0.2,1,0.2,10471.3333333333
8,oracle,1,64,8508,3,0,0,8508
8,oracle,1,64,8508,3,1,0.142857142857143,9924.66666666667
8,oracle,1,64,8508,3,2,0.285714285714286,11290.6666666667
8,oracle,1,64,8508,3,3,0.428571428571429,12271
8,oracle,1,64,8508,3,4,0.571428571428571,13101
8,oracle,1,64,8508,3,5,0.714285714285714,13584.6666666667
8,oracle,1,64,8508,3,6,0.857142857142857,13961.6666666667
8,oracle,1,64,8508,3,7,1,14316
8,oracle,1,64,8508,3,8,1.14285714285714,14316
8,oracle,1,64,8508,3,9,1.28571428571429,14316
8,oracle,1,64,8508,3,10,1.42857142857143,14316
8,oracle,1,64,8508,3,11,1.57142857142857,14316
8,oracle,1,64,8508,3,12,1.71428571428571,14316
8,oracle,1,64,8508,3,13,1.85714285714286,14316
8,oracle,1,64,8508,3,14,2,14316
8,oracle,1,64,8508,3,15,2.14285714285714,14316
8,oracle,1,64,8508,3,16,2.28571428571429,14316
8,oracle,1,64,8508,3,17,2.42857142857143,14316
8,oracle,1,64,8508,3,18,2.57142857142857,14316
8,oracle,1,64,8508,3,19,2.71428571428571,14316
8,oracle,1,64,8508,3,20,2.85714285714286,14316
8,oracle,1,64,8508,3,21,3,14316
9,oracle,1,64,11344,0.2,0,0,11344
9,oracle,1,64,11344,0.2,1,0.2,12599.6666666667
10,oracle,1,64,11344,3,0,0,11344
10,oracle,1,64,11344,3,1,0.142857142857143,12299.6666666667
10,oracle,1,64,11344,3,2,0.285714285714286,13135.6666666667
10,oracle,1,64,11344,3,3,0.428571428571429,13594.6666666667
10,oracle,1,64,11344,3,4,0.571428571428571,13979.6666666667
10,oracle,1,64,11344,3,5,0.714285714285714,14316
10,oracle,1,64,11344,3,6,0.857142857142857,14316
10,oracle,1,64,11344,3,7,1,14316
10,oracle,1,64,11344,3,8,1.14285714285714,14316
10,oracle,1,64,11344,3,9,1.28571428571429,14316
10,oracle,1,64,11344,3,10,1.42857142857143,14316
10,oracle,1,64,11344,3,11,1.57142857142857,14316
10,oracle,1,64,11344,3,12,1.71428571428571,14316
10,oracle,1,64,11344,3,13,1.85714285714286,14316
10,oracle,1,64,11344,3,14,2,14316
10,oracle,1,64,11344,3,15,2.14285714285714,14316
10,oracle,1,64,11344,3,16,2.28571428571429,14316
10,oracle,1,64,11344,3,17,2.42857142857143,14316
10,oracle,1,64,11344,3,18,2.57142857142857,14316
10,oracle,1,64,11344,3,19,2.71428571428571,14316
10,oracle,1,64,11344,3,20,2.85714285714286,14316
10,oracle,1,64,11344,3,21,3,14316
11,oracle,1,64,14180,0.2,0,0,14180
11,oracle,1,64,14180,0.2,1,0.2,14316
12,oracle,1,64,14180,3,0,0,14180
12,oracle,1,64,14180,3,1,0.142857142857143,14316
12,oracle,1,64,14180,3,2,0.285714285714286,14316
12,oracle,1,64,14180,3,3,0.428571428571429,14316
12,oracle,1,64,14180,3,4,0.571428571428571,14316
12,oracle,1,64,14180,3,5,0.714285714285714,14316
12,oracle,1,64,14180,3,6,0.857142857142857,14316
12,oracle,1,64,14180,3,7,1,14316
12,oracle,1,64,14180,3,8,1.14285714285714,14316
12,oracle,1,64,14180,3,9,1.28571428571429,14316
12,oracle,1,64,14180,3,10,1.42857142857143,14316
12,oracle,1,64,14180,3,11,1.57142857142857,14316
12,oracle,1,64,14180,3,12,1.71428571428571,14316
12,oracle,1,64,14180,3,13,1.85714285714286,14316
12,oracle,1,64,14180,3,14,2,14316
12,oracle,1,64,14180,3,15,2.14285714285714,14316
12,oracle,1,64,14180,3,16,2.28571428571429,14316
12,oracle,1,64,14180,3,17,2.42857142857143,14316
12,oracle,1,64,14180,3,18,2.57142857142857,14316
12,oracle,1,64,14180,3,19,2.71428571428571,14316
12,oracle,1,64,14180,3,20,2.85714285714286,14316
12,oracle,1,64,14180,3,21,3,14316
13,oracle,1,64,17016,0.2,0,0,17016
13,oracle,1,64,17016,0.2,1,0.2,17016
14,oracle,1,64,17016,3,0,0,17016
14,oracle,1,64,17016,3,1,0.142857142857143,17016
14,oracle,1,64,17016,3,2,0.285714285714286,17016
14,oracle,1,64,17016,3,3,0.428571428571429,17016
14,oracle,1,64,17016,3,4,0.571428571428571,17016
14,oracle,1,64,17016,3,5,0.714285714285714,17016
14,oracle,1,64,17016,3,6,0.857142857142857,17016
14,oracle,1,64,17016,3,7,1,17016
14,oracle,1,64,17016,3,8,1.14285714285714,17016
14,oracle,1,64,17016,3,9,1.28571428571429,17016
14,oracle,1,64,17016,3,10,1.42857142857143,17016
14,oracle,1,64,17016,3,11,1.57142857142857,17016
14,oracle,1,64,17016,3,12,1.71428571428571,17016
14,oracle,1,64,17016,3,13,1.85714285714286,17016
14,oracle,1,64,17016,3,14,2,17016
14,oracle,1,64,17016,3,15,2.14285714285714,17016
14,oracle,1,64,17016,3,16,2.28571428571429,17016
14,oracle,1,64,17016,3,17,2.42857142857143,17016
14,oracle,1,64,17016,3,18,2.57142857142857,17016
14,oracle,1,64,17016,3,19,2.71428571428571,17016
14,oracle,1,64,17016,3,20,2.85714285714286,17016
14,oracle,1,64,17016,3,21,3,17016
15,oracle,1,-64,-194,0.2,0,0,-194
15,oracle,1,-64,-194,0.2,1,0.2,-194
16,oracle,1,-64,-194,3,0,0,-194
16,oracle,1,-64,-194,3,1,0.142857142857143,-194
16,oracle,1,-64,-194,3,2,0.285714285714286,-194
16,oracle,1,-64,-194,3,3,0.428571428571429,-194
16,oracle,1,-64,-194,3,4,0.571428571428571,-194
16,oracle,1,-64,-194,3,5,0.714285714285714,-194
16,oracle,1,-64,-194,3,6,0.857142857142857,-194
16,oracle,1,-64,-194,3,7,1,-194
16,oracle,1,-64,-194,3,8,1.14285714285714,-194
16,oracle,1,-64,-194,3,9,1.28571428571429,-194
16,oracle,1,-64,-194,3,10,1.42857142857143,-194
16,oracle,1,-64,-194,3,11,1.57142857142857,-194
16,oracle,1,-64,-194,3,12,1.71428571428571,-194
16,oracle,1,-64,-194,3,13,1.85714285714286,-194
16,oracle,1,-64,-194,3,14,2,-194
16,oracle,1,-64,-194,3,15,2.14285714285714,-194
16,oracle,1,-64,-194,3,16,2.28571428571429,-194
16,oracle,1,-64,-194,3,17,2.42857142857143,-194
16,oracle,1,-64,-194,3,18,2.57142857142857,-194
16,oracle,1,-64,-194,3,19,2.71428571428571,-194
16,oracle,1,-64,-194,3,20,2.85714285714286,-194
16,oracle,1,-64,-194,3,21,3,-194
17,oracle,1,-64,2674.33333333333,0.2,0,0,2674.33333333333
17,oracle,1,-64,2674.33333333333,0.2,1,0.2,215.666666666667
18,oracle,1,-64,2674.33333333333,3,0,0,2674.33333333333
18,oracle,1,-64,2674.33333333333,3,1,0.142857142857143,678.333333333333
18,oracle,1,-64,2674.33333333333,3,2,0.285714285714286,-145.333333333333
18,oracle,1,-64,2674.33333333333,3,3,0.428571428571429,-145.333333333333
18,oracle,1,-64,2674.33333333333,3,4,0.571428571428571,-145.333333333333
18,oracle,1,-64,2674.33333333333,3,5,0.714285714285714,-145.333333333333
18,oracle,1,-64,2674.33333333333,3,6,0.857142857142857,-145.333333333333
18,oracle,1,-64,2674.33333333333,3,7,1,-145.333333333333
18,oracle,1,-64,2674.33333333333,3,8,1.14285714285714,-145.333333333333
18,oracle,1,-64,2674.33333333333,3,9,1.28571428571429,-145.333333333333
18,oracle,1,-64,2674.33333333333,3,10,1.42857142857143,-145.333333333333
18,oracle,1,-64,2674.33333333333,3,11,1.57142857142857,-145.333333333333
18,oracle,1,-64,2674.33333333333,3,12,1.71428571428571,-145.333333333333
18,oracle,1,-64,2674.33333333333,3,13,1.85714285714286,-145.333333333333
18,oracle,1,-64,2674.33333333333,3,14,2,-145.333333333333
18,oracle,1,-64,2674.33333333333,3,15,2.14285714285714,-145.333333333333
18,oracle,1,-64,2674.33333333333,3,16,2.28571428571429,-145.333333333333
18,oracle,1,-64,2674.33333333333,3,17,2.42857142857143,-145.333333333333
18,oracle,1,-64,2674.33333333333,3,18,2.57142857142857,-145.333333333333
18,oracle,1,-64,2674.33333333333,3,19,2.71428571428571,-145.333333333333
18,oracle,1,-64,2674.33333333333,3,20,2.85714285714286,-145.333333333333
18,oracle,1,-64,2674.33333333333,3,21,3,-145.333333333333
19,oracle,1,-64,5542.66666666667,0.2,0,0,5542.66666666667
19,oracle,1,-64,5542.66666666667,0.2,1,0.2,1251
20,oracle,1,-64,5542.66666666667,3,0,0,5542.66666666667
20,oracle,1,-64,5542.66666666667,3,1,0.142857142857143,2200.33333333333
20,oracle,1,-64,5542.66666666667,3,2,0.285714285714286,484.666666666667
20,oracle,1,-64,5542.66666666667,3,3,0.428571428571429,-145.333333333333
20,oracle,1,-64,5542.66666666667,3,4,0.571428571428571,-145.333333333333
20,oracle,1,-64,5542.66666666667,3,5,0.714285714285714,-145.333333333333
20,oracle,1,-64,5542.66666666667,3,6,0.857142857142857,-145.333333333333
20,oracle,1,-64,5542.66666666667,3,7,1,-145.333333333333
20,oracle,1,-64,5542.66666666667,3,8,1.14285714285714,-145.333333333333
20,oracle,1,-64,5542.66666666667,3,9,1.28571428571429,-145.333333333333
20,oracle,1,-64,5542.66666666667,3,10,1.42857142857143,-145.333333333333
20,oracle,1,-64,5542.66666666667,3,11,1.57142857142857,-145.333333333333
20,oracle,1,-64,5542.66666666667,3,12,1.71428571428571,-145.333333333333
20,oracle,1,-64,5542.66666666667,3,13,1.85714285714286,-145.333333333333
20,oracle,1,-64,5542.66666666667,3,14,2,-145.333333333333
20,oracle,1,-64,5542.66666666667,3,15,2.14285714285714,-145.333333333333
20,oracle,1,-64,5542.66666666667,3,16,2.28571428571429,-145.333333333333
20,oracle,1,-64,5542.66666666667,3,17,2.42857142857143,-145.333333333333
20,oracle,1,-64,5542.66666666667,3,18,2.57142857142857,-145.333333333333
20,oracle,1,-64,5542.66666666667,3,19,2.71428571428571,-145.333333333333
20,oracle,1,-64,5542.66666666667,3,20,2.85714285714286,-145.333333333333
20,oracle,1,-64,5542.66666666667,3,21,3,-145.333333333333
21,oracle,1,-64,8411,0.2,0,0,8411
21,oracle,1,-64,8411,0.2,1,0.2,3634.66666666667
22,oracle,1,-64,8411,3,0,0,8411
22,oracle,1,-64,8411,3,1,0.142857142857143,5005.66666666667
22,oracle,1,-64,8411,3,2,0.285714285714286,1825
22,oracle,1,-64,8411,3,3,0.428571428571429,305.333333333333
22,oracle,1,-64,8411,3,4,0.571428571428571,-145.333333333333
22,oracle,1,-64,8411,3,5,0.714285714285714,-145.333333333333
22,oracle,1,-64,8411,3,6,0.857142857142857,-145.333333333333
22,oracle,1,-64,8411,3,7,1,-145.333333333333
22,oracle,1,-64,8411,3,8,1.14285714285714,-145.333333333333
22,oracle,1,-64,8411,3,9,1.28571428571429,-145.333333333333
22,oracle,1,-64,8411,3,10,1.42857142857143,-145.333333333333
22,oracle,1,-64,8411,3,11,1.57142857142857,-145.333333333333
22,oracle,1,-64,8411,3,12,1.71428571428571,-145.333333333333
22,oracle,1,-64,8411,3,13,1.85714285714286,-145.333333333333
22,oracle,1,-64,8411,3,14,2,-145.333333333333
22,oracle,1,-64,8411,3,15,2.14285714285714,-145.333333333333
22,oracle,1,-64,8411,3,16,2.28571428571429,-145.333333333333
22,oracle,1,-64,8411,3,17,2.42857142857143,-145.333333333333
22,oracle,1,-64,8411,3,18,2.57142857142857,-145.333333333333
22,oracle,1,-64,8411,3,19,2.71428571428571,-145.333333333333
22,oracle,1,-64,8411,3,20,2.85714285714286,-145.333333333333
22,oracle,1,-64,8411,3,21,3,-145.333333333333
23,oracle,1,-64,11279.3333333333,0.2,0,0,11279.3333333333
23,oracle,1,-64,11279.3333333333,0.2,1,0.2,6664
24,oracle,1,-64,11279.3333333333,3,0,0,11279.3333333333
24,oracle,1,-64,11279.3333333333,3,1,0.142857142857143,8004.66666666667
24,oracle,1,-64,11279.3333333333,3,2,0.285714285714286,4597
24,oracle,1,-64,11279.3333333333,3,3,0.428571428571429,1534.33333333333
24,oracle,1,-64,11279.3333333333,3,4,0.571428571428571,175
24,oracle,1,-64,11279.3333333333,3,5,0.714285714285714,-145.333333333333
24,oracle,1,-64,11279.3333333333,3,6,0.857142857142857,-145.333333333333
24,oracle,1,-64,11279.3333333333,3,7,1,-145.333333333333
24,oracle,1,-64,11279.3333333333,3,8,1.14285714285714,-145.333333333333
24,oracle,1,-64,11279.3333333333,3,9,1.28571428571429,-145.333333333333
24,oracle,1,-64,11279.3333333333,3,10,1.42857142857143,-145.333333333333
24,oracle,1,-64,11279.3333333333,3,11,1.57142857142857,-145.333333333333
24,oracle,1,-64,11279.3333333333,3,12,1.71428571428571,-145.333333333333
24,oracle,1,-64,11279.3333333333,3,13,1.85714285714286,-145.333333333333
24,oracle,1,-64,11279.3333333333,3,14,2,-145.333333333333
24,oracle,1,-64,11279.3333333333,3,15,2.14285714285714,-145.333333333333
24,oracle,1,-64,11279.3333333333,3,16,2.28571428571429,-145.333333333333
24,oracle,1,-64,11279.3333333333,3,17,2.42857142857143,-145.333333333333
24,oracle,1,-64,11279.3333333333,3,18,2.57142857142857,-145.333333333333
24,oracle,1,-64,11279.3333333333,3,19,2.71428571428571,-145.333333333333
24,oracle,1,-64,11279.3333333333,3,20,2.85714285714286,-145.333333333333
24,oracle,1,-64,11279.3333333333,3,21,3,-145.333333333333
25,oracle,1,-64,14147.6666666667,0.2,0,0,14147.6666666667
25,oracle,1,-64,14147.6666666667,0.2,1,0.2,9733.66666666667
26,oracle,1,-64,14147.6666666667,3,0,0,14147.6666666667
26,oracle,1,-64,14147.6666666667,3,1,0.142857142857143,11027
26,oracle,1,-64,14147.6666666667,3,2,0.285714285714286,7748.66666666667
26,oracle,1,-64,14147.6666666667,3,3,0.428571428571429,4332.66666666667
26,oracle,1,-64,14147.6666666667,3,4,0.571428571428571,1363.33333333333
26,oracle,1,-64,14147.6666666667,3,5,0.714285714285714,86.3333333333333
26,oracle,1,-64,14147.6666666667,3,6,0.857142857142857,-145.333333333333
26,oracle,1,-64,14147.6666666667,3,7,1,-145.333333333333
26,oracle,1,-64,14147.6666666667,3,8,1.14285714285714,-145.333333333333
26,oracle,1,-64,14147.6666666667,3,9,1.28571428571429,-145.333333333333
26,oracle,1,-64,14147.6666666667,3,10,1.42857142857143,-145.333333333333
26,oracle,1,-64,14147.6666666667,3,11,1.57142857142857,-145.333333333333
26,oracle,1,-64,14147.6666666667,3,12,1.71428571428571,-145.333333333333
26,oracle,1,-64,14147.6666666667,3,13,1.85714285714286,-145.333333333333
26,oracle,1,-64,14147.6666666667,3,14,2,-145.333333333333
26,oracle,1,-64,14147.6666666667,3,15,2.14285714285714,-145.333333333333
26,oracle,1,-64,14147.6666666667,3,16,2.28571428571429,-145.333333333333
26,oracle,1,-64,14147.6666666667,3,17,2.42857142857143,-145.333333333333
26,oracle,1,-64,14147.6666666667,3,18,2.57142857142857,-145.333333333333
26,oracle,1,-64,14147.6666666667,3,19,2.71428571428571,-145.333333333333
26,oracle,1,-64,14147.6666666667,3,20,2.85714285714286,-145.333333333333
26,oracle,1,-64,14147.6666666667,3,21,3,-145.333333333333
27,oracle,1,-64,17016,0.2,0,0,17016
27,oracle,1,-64,17016,0.2,1,0.2,10362
28,oracle,1,-64,17016,3,0,0,17016
28,oracle,1,-64,17016,3,1,0.142857142857143,11635
28,oracle,1,-64,17016,3,2,0.285714285714286,8374.33333333333
28,oracle,1,-64,17016,3,3,0.428571428571429,4981.66666666667
28,oracle,1,-64,17016,3,4,0.571428571428571,1825
28,oracle,1,-64,17016,3,5,0.714285714285714,305.333333333333
28,oracle,1,-64,17016,3,6,0.857142857142857,-145.333333333333
28,oracle,1,-64,17016,3,7,1,-145.333333333333
28,oracle,1,-64,17016,3,8,1.14285714285714,-145.333333333333
28,oracle,1,-64,17016,3,9,1.28571428571429,-145.333333333333
28,oracle,1,-64,17016,3,10,1.42857142857143,-145.333333333333
28,oracle,1,-64,17016,3,11,1.57142857142857,-145.333333333333
28,oracle,1,-64,17016,3,12,1.71428571428571,-145.333333333333
28,oracle,1,-64,17016,3,13,1.85714285714286,-145.333333333333
28,oracle,1,-64,17016,3,14,2,-145.333333333333
28,oracle,1,-64,17016,3,15,2.14285714285714,-145.333333333333
28,oracle,1,-64,17016,3,16,2.28571428571429,-145.333333333333
28,oracle,1,-64,17016,3,17,2.42857142857143,-145.333333333333
28,oracle,1,-64,17016,3,18,2.57142857142857,-145.333333333333
28,oracle,1,-64,17016,3,19,2.71428571428571,-145.333333333333
28,oracle,1,-64,17016,3,20,2.85714285714286,-145.333333333333
28,oracle,1,-64,17016,3,21,3,-145.333333333333
29,oracle,1,96,0,0.2,0,0,0
29,oracle,1,96,0,0.2,1,0.2,6279.75
30,oracle,1,96,0,3,0,0,0
30,oracle,1,96,0,3,1,0.142857142857143,4536.5
30,oracle,1,96,0,3,2,0.285714285714286,8636.75
30,oracle,1,96,0,3,3,0.428571428571429,12160
30,oracle,1,96,0,3,4,0.571428571428571,15119.75
30,oracle,1,96,0,3,5,0.714285714285714,16642.25
30,oracle,1,96,0,3,6,0.857142857142857,16820
30,oracle,1,96,0,3,7,1,16934.75
30,oracle,1,96,0,3,8,1.14285714285714,16961.75
30,oracle,1,96,0,3,9,1.28571428571429,16961.75
30,oracle,1,96,0,3,10,1.42857142857143,16961.75
30,oracle,1,96,0,3,11,1.57142857142857,16961.75
30,oracle,1,96,0,3,12,1.71428571428571,16961.75
30,oracle,1,96,0,3,13,1.85714285714286,16961.75
30,oracle,1,96,0,3,14,2,16961.75
30,oracle,1,96,0,3,15,2.14285714285714,16961.75
30,oracle,1,96,0,3,16,2.28571428571429,16961.75
30,oracle,1,96,0,3,17,2.42857142857143,16961.75
30,oracle,1,96,0,3,18,2.57142857142857,16961.75
30,oracle,1,96,0,3,19,2.71428571428571,16961.75
30,oracle,1,96,0,3,20,2.85714285714286,16961.75
30,oracle,1,96,0,3,21,3,16961.75
31,oracle,1,96,2841,0.2,0,0,2841
31,oracle,1,96,2841,0.2,1,0.2,8820.25
32,oracle,1,96,2841,3,0,0,2841
32,oracle,1,96,2841,3,1,0.142857142857143,7280.75
32,oracle,1,96,2841,3,2,0.285714285714286,10965
32,oracle,1,96,2841,3,3,0.428571428571429,14193
32,oracle,1,96,2841,3,4,0.571428571428571,16437.5
32,oracle,1,96,2841,3,5,0.714285714285714,16743.5
32,oracle,1,96,2841,3,6,0.857142857142857,16910.75
32,oracle,1,96,2841,3,7,1,16961.75
32,oracle,1,96,2841,3,8,1.14285714285714,16961.75
32,oracle,1,96,2841,3,9,1.28571428571429,16961.75
32,oracle,1,96,2841,3,10,1.42857142857143,16961.75
32,oracle,1,96,2841,3,11,1.57142857142857,16961.75
32,oracle,1,96,2841,3,12,1.71428571428571,16961.75
32,oracle,1,96,2841,3,13,1.85714285714286,16961.75
32,oracle,1,96,2841,3,14,2,16961.75
32,oracle,1,96,2841,3,15,2.14285714285714,16961.75
32,oracle,1,96,2841,3,16,2.28571428571429,16961.75
32,oracle,1,96,2841,3,17,2.42857142857143,16961.75
32,oracle,1,96,2841,3,18,2.57142857142857,16961.75
32,oracle,1,96,2841,3,19,2.71428571428571,16961.75
32,oracle,1,96,2841,3,20,2.85714285714286,16961.75
32,oracle,1,96,2841,3,21,3,16961.75
33,oracle,1,96,5682,0.2,0,0,5682
33,oracle,1,96,5682,0.2,1,0.2,10989
34,oracle,1,96,5682,3,0,0,5682
34,oracle,1,96,5682,3,1,0.142857142857143,9584.5
34,oracle,1,96,5682,3,2,0.285714285714286,13002.25
34,oracle,1,96,5682,3,3,0.428571428571429,15776.5
34,oracle,1,96,5682,3,4,0.571428571428571,16729.25
34,oracle,1,96,5682,3,5,0.714285714285714,16857.25
34,oracle,1,96,5682,3,6,0.857142857142857,16956
34,oracle,1,96,5682,3,7,1,16961.75
34,oracle,1,96,5682,3,8,1.14285714285714,16961.75
34,oracle,1,96,5682,3,9,1.28571428571429,16961.75
34,oracle,1,96,5682,3,10,1.42857142857143,16961.75
34,oracle,1,96,5682,3,11,1.57142857142857,16961.75
34,oracle,1,96,5682,3,12,1.71428571428571,16961.75
34,oracle,1,96,5682,3,13,1.85714285714286,16961.75
34,oracle,1,96,5682,3,14,2,16961.75
34,oracle,1,96,5682,3,15,2.14285714285714,16961.75
34,oracle,1,96,5682,3,16,2.28571428571429,16961.75
34,oracle,1,96,5682,3,17,2.42857142857143,16961.75
34,oracle,1,96,5682,3,18,2.57142857142857,16961.75
34,oracle,1,96,5682,3,19,2.71428571428571,16961.75
34,oracle,1,96,5682,3,20,2.85714285714286,16961.75
34,oracle,1,96,5682,3,21,3,16961.75
35,oracle,1,96,8523,0.2,0,0,8523
35,oracle,1,96,8523,0.2,1,0.2,13361.25
36,oracle,1,96,8523,3,0,0,8523
36,oracle,1,96,8523,3,1,0.142857142857143,12052.75
36,oracle,1,96,8523,3,2,0.285714285714286,15064
36,oracle,1,96,8523,3,3,0.428571428571429,16633
36,oracle,1,96,8523,3,4,0.571428571428571,16814.75
36,oracle,1,96,8523,3,5,0.714285714285714,16933.25
36,oracle,1,96,8523,3,6,0.857142857142857,16961.75
36,oracle,1,96,8523,3,7,1,16961.75
36,oracle,1,96,8523,3,8,1.14285714285714,16961.75
36,oracle,1,96,8523,3,9,1.28571428571429,16961.75
36,oracle,1,96,8523,3,10,1.42857142857143,16961.75
36,oracle,1,96,8523,3,11,1.57142857142857,16961.75
36,oracle,1,96,8523,3,12,1.71428571428571,16961.75
36,oracle,1,96,8523,3,13,1.85714285714286,16961.75
36,oracle,1,96,8523,3,14,2,16961.75
36,oracle,1,96,8523,3,15,2.14285714285714,16961.75
36,oracle,1,96,8523,3,16,2.28571428571429,16961.75
36,oracle,1,96,8523,3,17,2.42857142857143,16961.75
36,oracle,1,96,8523,3,18,2.57142857142857,16961.75
36,oracle,1,96,8523,3,19,2.71428571428571,16961.75
36,oracle,1,96,8523,3,20,2.85714285714286,16961.75
36,oracle,1,96,8523,3,21,3,16961.75
37,oracle,1,96,11364,0.2,0,0,11364
37,oracle,1,96,11364,0.2,1,0.2,15549.5
38,oracle,1,96,11364,3,0,0,11364
38,oracle,1,96,11364,3,1,0.142857142857143,14511.5
38,oracle,1,96,11364,3,2,0.285714285714286,16521.25
38,oracle,1,96,11364,3,3,0.428571428571429,16775
38,oracle,1,96,11364,3,4,0.571428571428571,16923.75
38,oracle,1,96,11364,3,5,0.714285714285714,16961.75
38,oracle,1,96,11364,3,6,0.857142857142857,16961.75
38,oracle,1,96,11364,3,7,1,16961.75
38,oracle,1,96,11364,3,8,1.14285714285714,16961.75
38,oracle,1,96,11364,3,9,1.28571428571429,16961.75
38,oracle,1,96,11364,3,10,1.42857142857143,16961.75
38,oracle,1,96,11364,3,11,1.57142857142857,16961.75
38,oracle,1,96,11364,3,12,1.71428571428571,16961.75
38,oracle,1,96,11364,3,13,1.85714285714286,16961.75
38,oracle,1,96,11364,3,14,2,16961.75
38,oracle,1,96,11364,3,15,2.14285714285714,16961.75
38,oracle,1,96,11364,3,16,2.28571428571429,16961.75
38,oracle,1,96,11364,3,17,2.42857142857143,16961.75
38,oracle,1,96,11364,3,18,2.57142857142857,16961.75
38,oracle,1,96,11364,3,19,2.71428571428571,16961.75
38,oracle,1,96,11364,3,20,2.85714285714286,16961.75
38,oracle,1,96,11364,3,21,3,16961.75
39,oracle,1,96,14205,0.2,0,0,14205
39,oracle,1,96,14205,0.2,1,0.2,16668.25
40,oracle,1,96,14205,3,0,0,14205
40,oracle,1,96,14205,3,1,0.142857142857143,16447.5
40,oracle,1,96,14205,3,2,0.285714285714286,16745.75
40,oracle,1,96,14205,3,3,0.428571428571429,16912.5
40,oracle,1,96,14205,3,4,0.571428571428571,16961.75
40,oracle,1,96,14205,3,5,0.714285714285714,16961.75
40,oracle,1,96,14205,3,6,0.857142857142857,16961.75
40,oracle,1,96,14205,3,7,1,16961.75
40,oracle,1,96,14205,3,8,1.14285714285714,16961.75
40,oracle,1,96,14205,3,9,1.28571428571429,16961.75
40,oracle,1,96,14205,3,10,1.42857142857143,16961.75
40,oracle,1,96,14205,3,11,1.57142857142857,16961.75
40,oracle,1,96,14205,3,12,1.71428571428571,16961.75
40,oracle,1,96,14205,3,13,1.85714285714286,16961.75
40,oracle,1,96,14205,3,14,2,16961.75
40,oracle,1,96,14205,3,15,2.14285714285714,16961.75
40,oracle,1,96,14205,3,16,2.28571428571429,16961.75
40,oracle,1,96,14205,3,17,2.42857142857143,16961.75
40,oracle,1,96,14205,3,18,2.57142857142857,16961.75
40,oracle,1,96,14205,3,19,2.71428571428571,16961.75
40,oracle,1,96,14205,3,20,2.85714285714286,16961.75
40,oracle,1,96,14205,3,21,3,16961.75
41,oracle,1,96,17046,0.2,0,0,17046
41,oracle,1,96,17046,0.2,1,0.2,17046
42,oracle,1,96,17046,3,0,0,17046
42,oracle,1,96,17046,3,1,0.142857142857143,17046
42,oracle,1,96,17046,3,2,0.285714285714286,17046
42,oracle,1,96,17046,3,3,0.428571428571429,17046
42,oracle,1,96,17046,3,4,0.571428571428571,17046
42,oracle,1,96,17046,3,5,0.714285714285714,17046
42,oracle,1,96,17046,3,6,0.857142857142857,17046
42,oracle,1,96,17046,3,7,1,17046
42,oracle,1,96,17046,3,8,1.14285714285714,17046
42,oracle,1,96,17046,3,9,1.28571428571429,17046
42,oracle,1,96,17046,3,10,1.42857142857143,17046
42,oracle,1,96,17046,3,11,1.57142857142857,17046
42,oracle,1,96,17046,3,12,1.71428571428571,17046
42,oracle,1,96,17046,3,13,1.85714285714286,17046
42,oracle,1,96,17046,3,14,2,17046
42,oracle,1,96,17046,3,15,2.14285714285714,17046
42,oracle,1,96,17046,3,16,2.28571428571429,17046
42,oracle,1,96,17046,3,17,2.42857142857143,17046
42,oracle,1,96,17046,3,18,2.57142857142857,17046
42,oracle,1,96,17046,3,19,2.71428571428571,17046
42,oracle,1,96,17046,3,20,2.85714285714286,17046
42,oracle,1,96,17046,3,21,3,17046
43,oracle,1,-96,-368,0.2,0,0,-368
43,oracle,1,-96,-368,0.2,1,0.2,-368
44,oracle,1,-96,-368,3,0,0,-368
44,oracle,1,-96,-368,3,1,0.142857142857143,-368
44,oracle,1,-96,-368,3,2,0.285714285714286,-368
44,oracle,1,-96,-368,3,3,0.428571428571429,-368
44,oracle,1,-96,-368,3,4,0.571428571428571,-368
44,oracle,1,-96,-368,3,5,0.714285714285714,-368
44,oracle,1,-96,-368,3,6,0.857142857142857,-368
44,oracle,1,-96,-368,3,7,1,-368
44,oracle,1,-96,-368,3,8,1.14285714285714,-368
44,oracle,1,-96,-368,3,9,1.28571428571429,-368
44,oracle,1,-96,-368,3,10,1.42857142857143,-368
44,oracle,1,-96,-368,3,11,1.57142857142857,-368
44,oracle,1,-96,-368,3,12,1.71428571428571,-368
44,oracle,1,-96,-368,3,13,1.85714285714286,-368
44,oracle,1,-96,-368,3,14,2,-368
44,oracle,1,-96,-368,3,15,2.14285714285714,-368
44,oracle,1,-96,-368,3,16,2.28571428571429,-368
44,oracle,1,-96,-368,3,17,2.42857142857143,-368
44,oracle,1,-96,-368,3,18,2.57142857142857,-368
44,oracle,1,-96,-368,3,19,2.71428571428571,-368
44,oracle,1,-96,-368,3,20,2.85714285714286,-368
44,oracle,1,-96,-368,3,21,3,-368
45,oracle,1,-96,2534.33333333333,0.2,0,0,2534.33333333333
45,oracle,1,-96,2534.33333333333,0.2,1,0.2,-320
46,oracle,1,-96,2534.33333333333,3,0,0,2534.33333333333
46,oracle,1,-96,2534.33333333333,3,1,0.142857142857143,-320
46,oracle,1,-96,2534.33333333333,3,2,0.285714285714286,-320
46,oracle,1,-96,2534.33333333333,3,3,0.428571428571429,-320
46,oracle,1,-96,2534.33333333333,3,4,0.571428571428571,-320
46,oracle,1,-96,2534.33333333333,3,5,0.714285714285714,-320
46,oracle,1,-96,2534.33333333333,3,6,0.857142857142857,-320
46,oracle,1,-96,2534.33333333333,3,7,1,-320
46,oracle,1,-96,2534.33333333333,3,8,1.14285714285714,-320
46,oracle,1,-96,2534.33333333333,3,9,1.28571428571429,-320
46,oracle,1,-96,2534.33333333333,3,10,1.42857142857143,-320
46,oracle,1,-96,2534.33333333333,3,11,1.57142857142857,-320
46,oracle,1,-96,2534.33333333333,3,12,1.71428571428571,-320
46,oracle,1,-96,2534.33333333333,3,13,1.85714285714286,-320
46,oracle,1,-96,2534.33333333333,3,14,2,-320
46,oracle,1,-96,2534.33333333333,3,15,2.14285714285714,-320
46,oracle,1,-96,2534.33333333333,3,16,2.28571428571429,-320
46,oracle,1,-96,2534.33333333333,3,17,2.42857142857143,-320
46,oracle,1,-96,2534.33333333333,3,18,2.57142857142857,-320
46,oracle,1,-96,2534.33333333333,3,19,2.71428571428571,-320
46,oracle,1,-96,2534.33333333333,3,20,2.85714285714286,-320
46,oracle,1,-96,2534.33333333333,3,21,3,-320
47,oracle,1,-96,5436.66666666667,0.2,0,0,5436.66666666667
47,oracle,1,-96,5436.66666666667,0.2,1,0.2,-320
48,oracle,1,-96,5436.66666666667,3,0,0,5436.66666666667
48,oracle,1,-96,5436.66666666667,3,1,0.142857142857143,27
48,oracle,1,-96,5436.66666666667,3,2,0.285714285714286,-320
48,oracle,1,-96,5436.66666666667,3,3,0.428571428571429,-320
48,oracle,1,-96,5436.66666666667,3,4,0.571428571428571,-320
48,oracle,1,-96,5436.66666666667,3,5,0.714285714285714,-320
48,oracle,1,-96,5436.66666666667,3,6,0.857142857142857,-320
48,oracle,1,-96,5436.66666666667,3,7,1,-320
48,oracle,1,-96,5436.66666666667,3,8,1.14285714285714,-320
48,oracle,1,-96,5436.66666666667,3,9,1.28571428571429,-320
48,oracle,1,-96,5436.66666666667,3,10,1.42857142857143,-320
48,oracle,1,-96,5436.66666666667,3,11,1.57142857142857,-320
48,oracle,1,-96,5436.66666666667,3,12,1.71428571428571,-320
48,oracle,1,-96,5436.66666666667,3,13,1.85714285714286,-320
48,oracle,1,-96,5436.66666666667,3,14,2,-320
48,oracle,1,-96,5436.66666666667,3,15,2.14285714285714,-320
48,oracle,1,-96,5436.66666666667,3,16,2.28571428571429,-320
48,oracle,1,-96,5436.66666666667,3,17,2.42857142857143,-320
48,oracle,1,-96,5436.66666666667,3,18,2.57142857142857,-320
48,oracle,1,-96,5436.66666666667,3,19,2.71428571428571,-320
48,oracle,1,-96,5436.66666666667,3,20,2.85714285714286,-320
48,oracle,1,-96,5436.66666666667,3,21,3,-320
49,oracle,1,-96,8339,0.2,0,0,8339
49,oracle,1,-96,8339,0.2,1,0.2,395.5
50,oracle,1,-96,8339,3,0,0,8339
50,oracle,1,-96,8339,3,1,0.142857142857143,2615.75
50,oracle,1,-96,8339,3,2,0.285714285714286,-320
50,oracle,1,-96,8339,3,3,0.428571428571429,-320
50,oracle,1,-96,8339,3,4,0.571428571428571,-320
50,oracle,1,-96,8339,3,5,0.714285714285714,-320
50,oracle,1,-96,8339,3,6,0.857142857142857,-320
50,oracle,1,-96,8339,3,7,1,-320
50,oracle,1,-96,8339,3,8,1.14285714285714,-320
50,oracle,1,-96,8339,3,9,1.28571428571429,-320
50,oracle,1,-96,8339,3,10,1.42857142857143,-320
50,oracle,1,-96,8339,3,11,1.57142857142857,-320
50,oracle,1,-96,8339,3,12,1.71428571428571,-320
50,oracle,1,-96,8339,3,13,1.85714285714286,-320
50,oracle,1,-96,8339,3,14,2,-320
50,oracle,1,-96,8339,3,15,2.14285714285714,-320
50,oracle,1,-96,8339,3,16,2.28571428571429,-320
50,oracle,1,-96,8339,3,17,2.42857142857143,-320
50,oracle,1,-96,8339,3,18,2.57142857142857,-320
50,oracle,1,-96,8339,3,19,2.71428571428571,-320
50,oracle,1,-96,8339,3,20,2.85714285714286,-320
50,oracle,1,-96,8339,3,21,3,-320
51,oracle,1,-96,11241.3333333333,0.2,0,0,11241.3333333333
51,oracle,1,-96,11241.3333333333,0.2,1,0.2,3491
52,oracle,1,-96,11241.3333333333,3,0,0,11241.3333333333
52,oracle,1,-96,11241.3333333333,3,1,0.142857142857143,5750.5
52,oracle,1,-96,11241.3333333333,3,2,0.285714285714286,205.25
52,oracle,1,-96,11241.3333333333,3,3,0.428571428571429,-320
52,oracle,1,-96,11241.3333333333,3,4,0.571428571428571,-320
52,oracle,1,-96,11241.3333333333,3,5,0.714285714285714,-320
52,oracle,1,-96,11241.3333333333,3,6,0.857142857142857,-320
52,oracle,1,-96,11241.3333333333,3,7,1,-320
52,oracle,1,-96,11241.3333333333,3,8,1.14285714285714,-320
52,oracle,1,-96,11241.3333333333,3,9,1.28571428571429,-320
52,oracle,1,-96,11241.3333333333,3,10,1.42857142857143,-320
52,oracle,1,-96,11241.3333333333,3,11,1.57142857142857,-320
52,oracle,1,-96,11241.3333333333,3,12,1.71428571428571,-320
52,oracle,1,-96,11241.3333333333,3,13,1.85714285714286,-320
52,oracle,1,-96,11241.3333333333,3,14,2,-320
52,oracle,1,-96,11241.3333333333,3,15,2.14285714285714,-320
52,oracle,1,-96,11241.3333333333,3,16,2.28571428571429,-320
52,oracle,1,-96,11241.3333333333,3,17,2.42857142857143,-320
52,oracle,1,-96,11241.3333333333,3,18,2.57142857142857,-320
52,oracle,1,-96,11241.3333333333,3,19,2.71428571428571,-320
52,oracle,1,-96,11241.3333333333,3,20,2.85714285714286,-320
52,oracle,1,-96,11241.3333333333,3,21,3,-320
53,oracle,1,-96,14143.6666666667,0.2,0,0,14143.6666666667
53,oracle,1,-96,14143.6666666667,0.2,1,0.2,6660.75
54,oracle,1,-96,14143.6666666667,3,0,0,14143.6666666667
54,oracle,1,-96,14143.6666666667,3,1,0.142857142857143,8860.25
54,oracle,1,-96,14143.6666666667,3,2,0.285714285714286,3253
54,oracle,1,-96,14143.6666666667,3,3,0.428571428571429,-320
54,oracle,1,-96,14143.6666666667,3,4,0.571428571428571,-320
54,oracle,1,-96,14143.6666666667,3,5,0.714285714285714,-320
54,oracle,1,-96,14143.6666666667,3,6,0.857142857142857,-320
54,oracle,1,-96,14143.6666666667,3,7,1,-320
54,oracle,1,-96,14143.6666666667,3,8,1.14285714285714,-320
54,oracle,1,-96,14143.6666666667,3,9,1.28571428571429,-320
54,oracle,1,-96,14143.6666666667,3,10,1.42857142857143,-320
54,oracle,1,-96,14143.6666666667,3,11,1.57142857142857,-320
54,oracle,1,-96,14143.6666666667,3,12,1.71428571428571,-320
54,oracle,1,-96,14143.6666666667,3,13,1.85714285714286,-320
54,oracle,1,-96,14143.6666666667,3,14,2,-320
54,oracle,1,-96,14143.6666666667,3,15,2.14285714285714,-320
54,oracle,1,-96,14143.6666666667,3,16,2.28571428571429,-320
54,oracle,1,-96,14143.6666666667,3,17,2.42857142857143,-320
54,oracle,1,-96,14143.6666666667,3,18,2.57142857142857,-320
54,oracle,1,-96,14143.6666666667,3,19,2.71428571428571,-320
54,oracle,1,-96,14143.6666666667,3,20,2.85714285714286,-320
54,oracle,1,-96,14143.6666666667,3,21,3,-320
55,oracle,1,-96,17046,0.2,0,0,17046
55,oracle,1,-96,17046,0.2,1,0.2,9800.75
56,oracle,1,-96,17046,3,0,0,17046
56,oracle,1,-96,17046,3,1,0.142857142857143,11921
56,oracle,1,-96,17046,3,2,0.285714285714286,6512.75
56,oracle,1,-96,17046,3,3,0.428571428571429,818.25
56,oracle,1,-96,17046,3,4,0.571428571428571,-320
56,oracle,1,-96,17046,3,5,0.714285714285714,-320
56,oracle,1,-96,17046,3,6,0.857142857142857,-320
56,oracle,1,-96,17046,3,7,1,-320
56,oracle,1,-96,17046,3,8,1.14285714285714,-320
56,oracle,1,-96,17046,3,9,1.28571428571429,-320
56,oracle,1,-96,17046,3,10,1.42857142857143,-320
56,oracle,1,-96,17046,3,11,1.57142857142857,-320
56,oracle,1,-96,17046,3,12,1.71428571428571,-320
56,oracle,1,-96,17046,3,13,1.85714285714286,-320
56,oracle,1,-96,17046,3,14,2,-320
56,oracle,1,-96,17046,3,15,2.14285714285714,-320
56,oracle,1,-96,17046,3,16,2.28571428571429,-320
56,oracle,1,-96,17046,3,17,2.42857142857143,-320
56,oracle,1,-96,17046,3,18,2.57142857142857,-320
56,oracle,1,-96,17046,3,19,2.71428571428571,-320
56,oracle,1,-96,17046,3,20,2.85714285714286,-320
56,oracle,1,-96,17046,3,21,3,-320
57,oracle,1,128,0,0.2,0,0,0
57,oracle,1,128,0,0.2,1,0.2,7999.5
58,oracle,1,128,0,3,0,0,0
58,oracle,1,128,0,3,1,0.142857142857143,5684.33333333333
58,oracle,1,128,0,3,2,0.285714285714286,11356
58,oracle,1,128,0,3,3,0.428571428571429,16019.5
58,oracle,1,128,0,3,4,0.571428571428571,17101
58,oracle,1,128,0,3,5,0.714285714285714,17101
58,oracle,1,128,0,3,6,0.857142857142857,17101
58,oracle,1,128,0,3,7,1,17101
58,oracle,1,128,0,3,8,1.14285714285714,17101
58,oracle,1,128,0,3,9,1.28571428571429,17101
58,oracle,1,128,0,3,10,1.42857142857143,17101
58,oracle,1,128,0,3,11,1.57142857142857,17101
58,oracle,1,128,0,3,12,1.71428571428571,17101
58,oracle,1,128,0,3,13,1.85714285714286,17101
58,oracle,1,128,0,3,14,2,17101
58,oracle,1,128,0,3,15,2.14285714285714,17101
58,oracle,1,128,0,3,16,2.28571428571429,17101
58,oracle,1,128,0,3,17,2.42857142857143,17101
58,oracle,1,128,0,3,18,2.57142857142857,17101
58,oracle,1,128,0,3,19,2.71428571428571,17101
58,oracle,1,128,0,3,20,2.85714285714286,17101
58,oracle,1,128,0,3,21,3,17101
59,oracle,1,128,2862,0.2,0,0,2862
59,oracle,1,128,2862,0.2,1,0.2,10977.6666666667
60,oracle,1,128,2862,3,0,0,2862
60,oracle,1,128,2862,3,1,0.142857142857143,8752
60,oracle,1,128,2862,3,2,0.285714285714286,14070.3333333333
60,oracle,1,128,2862,3,3,0.428571428571429,17099.6666666667
60,oracle,1,128,2862,3,4,0.571428571428571,17101
60,oracle,1,128,2862,3,5,0.714285714285714,17101
60,oracle,1,128,2862,3,6,0.857142857142857,17101
60,oracle,1,128,2862,3,7,1,17101
60,oracle,1,128,2862,3,8,1.14285714285714,17101
60,oracle,1,128,2862,3,9,1.28571428571429,17101
60,oracle,1,128,2862,3,10,1.42857142857143,17101
60,oracle,1,128,2862,3,11,1.57142857142857,17101
60,oracle,1,128,2862,3,12,1.71428571428571,17101
60,oracle,1,128,2862,3,13,1.85714285714286,17101
60,oracle,1,128,2862,3,14,2,17101
60,oracle,1,128,2862,3,15,2.14285714285714,17101
60,oracle,1,128,2862,3,16,2.28571428571429,17101
60,oracle,1,128,2862,3,17,2.42857142857143,17101
60,oracle,1,128,2862,3,18,2.57142857142857,17101
60,oracle,1,128,2862,3,19,2.71428571428571,17101
60,oracle,1,128,2862,3,20,2.85714285714286,17101
60,oracle,1,128,2862,3,21,3,17101
61,oracle,1,128,5724,0.2,0,0,5724
61,oracle,1,128,5724,0.2,1,0.2,13445.3333333333
62,oracle,1,128,5724,3,0,0,5724
62,oracle,1,128,5724,3,1,0.142857142857143,11393.3333333333
62,oracle,1,128,5724,3,2,0.285714285714286,16044.6666666667
62,oracle,1,128,5724,3,3,0.428571428571429,17101
62,oracle,1,128,5724,3,4,0.571428571428571,17101
62,oracle,1,128,5724,3,5,0.714285714285714,17101
62,oracle,1,128,5724,3,6,0.857142857142857,17101
62,oracle,1,128,5724,3,7,1,17101
62,oracle,1,128,5724,3,8,1.14285714285714,17101
62,oracle,1,128,5724,3,9,1.28571428571429,17101
62,oracle,1,128,5724,3,10,1.42857142857143,17101
62,oracle,1,128,5724,3,11,1.57142857142857,17101
62,oracle,1,128,5724,3,12,1.71428571428571,17101
62,oracle,1,128,5724,3,13,1.85714285714286,17101
62,oracle,1,128,5724,3,14,2,17101
62,oracle,1,128,5724,3,15,2.14285714285714,17101
62,oracle,1,128,5724,3,16,2.28571428571429,17101
62,oracle,1,128,5724,3,17,2.42857142857143,17101
62,oracle,1,128,5724,3,18,2.57142857142857,17101
62,oracle,1,128,5724,3,19,2.71428571428571,17101
62,oracle,1,128,5724,3,20,2.85714285714286,17101
62,oracle,1,128,5724,3,21,3,17101
63,oracle,1,128,8586,0.2,0,0,8586
63,oracle,1,128,8586,0.2,1,0.2,15688.5
64,oracle,1,128,8586,3,0,0,8586
64,oracle,1,128,8586,3,1,0.142857142857143,13965.8333333333
64,oracle,1,128,8586,3,2,0.285714285714286,17089.6666666667
64,oracle,1,128,8586,3,3,0.428571428571429,17101
64,oracle,1,128,8586,3,4,0.571428571428571,17101
64,oracle,1,128,8586,3,5,0.714285714285714,17101
64,oracle,1,128,8586,3,6,0.857142857142857,17101
64,oracle,1,128,8586,3,7,1,17101
64,oracle,1,128,8586,3,8,1.14285714285714,17101
64,oracle,1,128,8586,3,9,1.28571428571429,17101
64,oracle,1,128,8586,3,10,1.42857142857143,17101
64,oracle,1,128,8586,3,11,1.57142857142857,17101
64,oracle,1,128,8586,3,12,1.71428571428571,17101
64,oracle,1,128,8586,3,13,1.85714285714286,17101
64,oracle,1,128,8586,3,14,2,17101
64,oracle,1,128,8586,3,15,2.14285714285714,17101
64,oracle,1,128,8586,3,16,2.28571428571429,17101
64,oracle,1,128,8586,3,17,2.42857142857143,17101
64,oracle,1,128,8586,3,18,2.57142857142857,17101
64,oracle,1,128,8586,3,19,2.71428571428571,17101
64,oracle,1,128,8586,3,20,2.85714285714286,17101
64,oracle,1,128,8586,3,21,3,17101
65,oracle,1,128,11448,0.2,0,0,11448
65,oracle,1,128,11448,0.2,1,0.2,16987
66,oracle,1,128,11448,3,0,0,11448
66,oracle,1,128,11448,3,1,0.142857142857143,16095
66,oracle,1,128,11448,3,2,0.285714285714286,17101
66,oracle,1,128,11448,3,3,0.428571428571429,17101
66,oracle,1,128,11448,3,4,0.571428571428571,17101
66,oracle,1,128,11448,3,5,0.714285714285714,17101
66,oracle,1,128,11448,3,6,0.857142857142857,17101
66,oracle,1,128,11448,3,7,1,17101
66,oracle,1,128,11448,3,8,1.14285714285714,17101
66,oracle,1,128,11448,3,9,1.28571428571429,17101
66,oracle,1,128,11448,3,10,1.42857142857143,17101
66,oracle,1,128,11448,3,11,1.57142857142857,17101
66,oracle,1,128,11448,3,12,1.71428571428571,17101
66,oracle,1,128,11448,3,13,1.85714285714286,17101
66,oracle,1,128,11448,3,14,2,17101
66,oracle,1,128,11448,3,15,2.14285714285714,17101
66,oracle,1,128,11448,3,16,2.28571428571429,17101
66,oracle,1,128,11448,3,17,2.42857142857143,17101
66,oracle,1,128,11448,3,18,2.57142857142857,17101
66,oracle,1,128,11448,3,19,2.71428571428571,17101
66,oracle,1,128,11448,3,20,2.85714285714286,17101
66,oracle,1,128,11448,3,21,3,17101
67,oracle,1,128,14310,0.2,0,0,14310
67,oracle,1,128,14310,0.2,1,0.2,17101
68,oracle,1,128,14310,3,0,0,14310
68,oracle,1,128,14310,3,1,0.142857142857143,17101
68,oracle,1,128,14310,3,2,0.285714285714286,17101
68,oracle,1,128,14310,3,3,0.428571428571429,17101
68,oracle,1,128,14310,3,4,0.571428571428571,17101
68,oracle,1,128,14310,3,5,0.714285714285714,17101
68,oracle,1,128,14310,3,6,0.857142857142857,17101
68,oracle,1,128,14310,3,7,1,17101
68,oracle,1,128,14310,3,8,1.14285714285714,17101
68,oracle,1,128,14310,3,9,1.28571428571429,17101
68,oracle,1,128,14310,3,10,1.42857142857143,17101
68,oracle,1,128,14310,3,11,1.57142857142857,17101
68,oracle,1,128,14310,3,12,1.71428571428571,17101
68,oracle,1,128,14310,3,13,1.85714285714286,17101
68,oracle,1,128,14310,3,14,2,17101
68,oracle,1,128,14310,3,15,2.14285714285714,17101
68,oracle,1,128,14310,3,16,2.28571428571429,17101
68,oracle,1,128,14310,3,17,2.42857142857143,17101
68,oracle,1,128,14310,3,18,2.57142857142857,17101
68,oracle,1,128,14310,3,19,2.71428571428571,17101
68,oracle,1,128,14310,3,20,2.85714285714286,17101
68,oracle,1,128,14310,3,21,3,17101
69,oracle,1,128,17172,0.2,0,0,17172
69,oracle,1,128,17172,0.2,1,0.2,17172
70,oracle,1,128,17172,3,0,0,17172
70,oracle,1,128,17172,3,1,0.142857142857143,17172
70,oracle,1,128,17172,3,2,0.285714285714286,17172
70,oracle,1,128,17172,3,3,0.428571428571429,17172
70,oracle,1,128,17172,3,4,0.571428571428571,17172
70,oracle,1,128,17172,3,5,0.714285714285714,17172
70,oracle,1,128,17172,3,6,0.857142857142857,17172
70,oracle,1,128,17172,3,7,1,17172
70,oracle,1,128,17172,3,8,1.14285714285714,17172
70,oracle,1,128,17172,3,9,1.28571428571429,17172
70,oracle,1,128,17172,3,10,1.42857142857143,17172
70,oracle,1,128,17172,3,11,1.57142857142857,17172
70,oracle,1,128,17172,3,12,1.71428571428571,17172
70,oracle,1,128,17172,3,13,1.85714285714286,17172
70,oracle,1,128,17172,3,14,2,17172
70,oracle,1,128,17172,3,15,2.14285714285714,17172
70,oracle,1,128,17172,3,16,2.28571428571429,17172
70,oracle,1,128,17172,3,17,2.42857142857143,17172
70,oracle,1,128,17172,3,18,2.57142857142857,17172
70,oracle,1,128,17172,3,19,2.71428571428571,17172
70,oracle,1,128,17172,3,20,2.85714285714286,17172
70,oracle,1,128,17172,3,21,3,17172
71,oracle,1,-128,-557,0.2,0,0,-557
71,oracle,1,-128,-557,0.2,1,0.2,-557
72,oracle,1,-128,-557,3,0,0,-557
72,oracle,1,-128,-557,3,1,0.142857142857143,-557
72,oracle,1,-128,-557,3,2,0.285714285714286,-557
72,oracle,1,-128,-557,3,3,0.428571428571429,-557
72,oracle,1,-128,-557,3,4,0.571428571428571,-557
72,oracle,1,-128,-557,3,5,0.714285714285714,-557
72,oracle,1,-128,-557,3,6,0.857142857142857,-557
72,oracle,1,-128,-557,3,7,1,-557
72,oracle,1,-128,-557,3,8,1.14285714285714,-557
72,oracle,1,-128,-557,3,9,1.28571428571429,-557
72,oracle,1,-128,-557,3,10,1.42857142857143,-557
72,oracle,1,-128,-557,3,11,1.57142857142857,-557
72,oracle,1,-128,-557,3,12,1.71428571428571,-557
72,oracle,1,-128,-557,3,13,1.85714285714286,-557
72,oracle,1,-128,-557,3,14,2,-557
72,oracle,1,-128,-557,3,15,2.14285714285714,-557
72,oracle,1,-128,-557,3,16,2.28571428571429,-557
72,oracle,1,-128,-557,3,17,2.42857142857143,-557
72,oracle,1,-128,-557,3,18,2.57142857142857,-557
72,oracle,1,-128,-557,3,19,2.71428571428571,-557
72,oracle,1,-128,-557,3,20,2.85714285714286,-557
72,oracle,1,-128,-557,3,21,3,-557
73,oracle,1,-128,2397.83333333333,0.2,0,0,2397.83333333333
73,oracle,1,-128,2397.83333333333,0.2,1,0.2,-493
74,oracle,1,-128,2397.83333333333,3,0,0,2397.83333333333
74,oracle,1,-128,2397.83333333333,3,1,0.142857142857143,-493
74,oracle,1,-128,2397.83333333333,3,2,0.285714285714286,-493
74,oracle,1,-128,2397.83333333333,3,3,0.428571428571429,-493
74,oracle,1,-128,2397.83333333333,3,4,0.571428571428571,-493
74,oracle,1,-128,2397.83333333333,3,5,0.714285714285714,-493
74,oracle,1,-128,2397.83333333333,3,6,0.857142857142857,-493
74,oracle,1,-128,2397.83333333333,3,7,1,-493
74,oracle,1,-128,2397.83333333333,3,8,1.14285714285714,-493
74,oracle,1,-128,2397.83333333333,3,9,1.28571428571429,-493
74,oracle,1,-128,2397.83333333333,3,10,1.42857142857143,-493
74,oracle,1,-128,2397.83333333333,3,11,1.57142857142857,-493
74,oracle,1,-128,2397.83333333333,3,12,1.71428571428571,-493
74,oracle,1,-128,2397.83333333333,3,13,1.85714285714286,-493
74,oracle,1,-128,2397.83333333333,3,14,2,-493
74,oracle,1,-128,2397.83333333333,3,15,2.14285714285714,-493
74,oracle,1,-128,2397.83333333333,3,16,2.28571428571429,-493
74,oracle,1,-128,2397.83333333333,3,17,2.42857142857143,-493
74,oracle,1,-128,2397.83333333333,3,18,2.57142857142857,-493
74,oracle,1,-128,2397.83333333333,3,19,2.71428571428571,-493
74,oracle,1,-128,2397.83333333333,3,20,2.85714285714286,-493
74,oracle,1,-128,2397.83333333333,3,21,3,-493
75,oracle,1,-128,5352.66666666667,0.2,0,0,5352.66666666667
75,oracle,1,-128,5352.66666666667,0.2,1,0.2,-493
76,oracle,1,-128,5352.66666666667,3,0,0,5352.66666666667
76,oracle,1,-128,5352.66666666667,3,1,0.142857142857143,-412.5
76,oracle,1,-128,5352.66666666667,3,2,0.285714285714286,-493
76,oracle,1,-128,5352.66666666667,3,3,0.428571428571429,-493
76,oracle,1,-128,5352.66666666667,3,4,0.571428571428571,-493
76,oracle,1,-128,5352.66666666667,3,5,0.714285714285714,-493
76,oracle,1,-128,5352.66666666667,3,6,0.857142857142857,-493
76,oracle,1,-128,5352.66666666667,3,7,1,-493
76,oracle,1,-128,5352.66666666667,3,8,1.14285714285714,-493
76,oracle,1,-128,5352.66666666667,3,9,1.28571428571429,-493
76,oracle,1,-128,5352.66666666667,3,10,1.42857142857143,-493
76,oracle,1,-128,5352.66666666667,3,11,1.57142857142857,-493
76,oracle,1,-128,5352.66666666667,3,12,1.71428571428571,-493
76,oracle,1,-128,5352.66666666667,3,13,1.85714285714286,-493
76,oracle,1,-128,5352.66666666667,3,14,2,-493
76,oracle,1,-128,5352.66666666667,3,15,2.14285714285714,-493
76,oracle,1,-128,5352.66666666667,3,16,2.28571428571429,-493
76,oracle,1,-128,5352.66666666667,3,17,2.42857142857143,-493
76,oracle,1,-128,5352.66666666667,3,18,2.57142857142857,-493
76,oracle,1,-128,5352.66666666667,3,19,2.71428571428571,-493
76,oracle,1,-128,5352.66666666667,3,20,2.85714285714286,-493
76,oracle,1,-128,5352.66666666667,3,21,3,-493
77,oracle,1,-128,8307.5,0.2,0,0,8307.5
77,oracle,1,-128,8307.5,0.2,1,0.2,-361.666666666667
78,oracle,1,-128,8307.5,3,0,0,8307.5
78,oracle,1,-128,8307.5,3,1,0.142857142857143,1355.33333333333
78,oracle,1,-128,8307.5,3,2,0.285714285714286,-493
78,oracle,1,-128,8307.5,3,3,0.428571428571429,-493
78,oracle,1,-128,8307.5,3,4,0.571428571428571,-493
78,oracle,1,-128,8307.5,3,5,0.714285714285714,-493
78,oracle,1,-128,8307.5,3,6,0.857142857142857,-493
78,oracle,1,-128,8307.5,3,7,1,-493
78,oracle,1,-128,8307.5,3,8,1.14285714285714,-493
78,oracle,1,-128,8307.5,3,9,1.28571428571429,-493
78,oracle,1,-128,8307.5,3,10,1.42857142857143,-493
78,oracle,1,-128,8307.5,3,11,1.57142857142857,-493
78,oracle,1,-128,8307.5,3,12,1.71428571428571,-493
78,oracle,1,-128,8307.5,3,13,1.85714285714286,-493
78,oracle,1,-128,8307.5,3,14,2,-493
78,oracle,1,-128,8307.5,3,15,2.14285714285714,-493
78,oracle,1,-128,8307.5,3,16,2.28571428571429,-493
78,oracle,1,-128,8307.5,3,17,2.42857142857143,-493
78,oracle,1,-128,8307.5,3,18,2.57142857142857,-493
78,oracle,1,-128,8307.5,3,19,2.71428571428571,-493
78,oracle,1,-128,8307.5,3,20,2.85714285714286,-493
78,oracle,1,-128,8307.5,3,21,3,-493
79,oracle,1,-128,11262.3333333333,0.2,0,0,11262.3333333333
79,oracle,1,-128,11262.3333333333,0.2,1,0.2,1649.66666666667
80,oracle,1,-128,11262.3333333333,3,0,0,11262.3333333333
80,oracle,1,-128,11262.3333333333,3,1,0.142857142857143,4457.16666666667
80,oracle,1,-128,11262.3333333333,3,2,0.285714285714286,-491.333333333333
80,oracle,1,-128,11262.3333333333,3,3,0.428571428571429,-493
80,oracle,1,-128,11262.3333333333,3,4,0.571428571428571,-493
80,oracle,1,-128,11262.3333333333,3,5,0.714285714285714,-493
80,oracle,1,-128,11262.3333333333,3,6,0.857142857142857,-493
80,oracle,1,-128,11262.3333333333,3,7,1,-493
80,oracle,1,-128,11262.3333333333,3,8,1.14285714285714,-493
80,oracle,1,-128,11262.3333333333,3,9,1.28571428571429,-493
80,oracle,1,-128,11262.3333333333,3,10,1.42857142857143,-493
80,oracle,1,-128,11262.3333333333,3,11,1.57142857142857,-493
80,oracle,1,-128,11262.3333333333,3,12,1.71428571428571,-493
80,oracle,1,-128,11262.3333333333,3,13,1.85714285714286,-493
80,oracle,1,-128,11262.3333333333,3,14,2,-493
80,oracle,1,-128,11262.3333333333,3,15,2.14285714285714,-493
80,oracle,1,-128,11262.3333333333,3,16,2.28571428571429,-493
80,oracle,1,-128,11262.3333333333,3,17,2.42857142857143,-493
80,oracle,1,-128,11262.3333333333,3,18,2.57142857142857,-493
80,oracle,1,-128,11262.3333333333,3,19,2.71428571428571,-493
80,oracle,1,-128,11262.3333333333,3,20,2.85714285714286,-493
80,oracle,1,-128,11262.3333333333,3,21,3,-493
81,oracle,1,-128,14217.1666666667,0.2,0,0,14217.1666666667
81,oracle,1,-128,14217.1666666667,0.2,1,0.2,4830.16666666667
82,oracle,1,-128,14217.1666666667,3,0,0,14217.1666666667
82,oracle,1,-128,14217.1666666667,3,1,0.142857142857143,7591.66666666667
82,oracle,1,-128,14217.1666666667,3,2,0.285714285714286,661.5
82,oracle,1,-128,14217.1666666667,3,3,0.428571428571429,-493
82,oracle,1,-128,14217.1666666667,3,4,0.571428571428571,-493
82,oracle,1,-128,14217.1666666667,3,5,0.714285714285714,-493
82,oracle,1,-128,14217.1666666667,3,6,0.857142857142857,-493
82,oracle,1,-128,14217.1666666667,3,7,1,-493
82,oracle,1,-128,14217.1666666667,3,8,1.14285714285714,-493
82,oracle,1,-128,14217.1666666667,3,9,1.28571428571429,-493
82,oracle,1,-128,14217.1666666667,3,10,1.42857142857143,-493
82,oracle,1,-128,14217.1666666667,3,11,1.57142857142857,-493
82,oracle,1,-128,14217.1666666667,3,12,1.71428571428571,-493
82,oracle,1,-128,14217.1666666667,3,13,1.85714285714286,-493
82,oracle,1,-128,14217.1666666667,3,14,2,-493
82,oracle,1,-128,14217.1666666667,3,15,2.14285714285714,-493
82,oracle,1,-128,14217.1666666667,3,16,2.28571428571429,-493
82,oracle,1,-128,14217.1666666667,3,17,2.42857142857143,-493
82,oracle,1,-128,14217.1666666667,3,18,2.57142857142857,-493
82,oracle,1,-128,14217.1666666667,3,19,2.71428571428571,-493
82,oracle,1,-128,14217.1666666667,3,20,2.85714285714286,-493
82,oracle,1,-128,14217.1666666667,3,21,3,-493
83,oracle,1,-128,17172,0.2,0,0,17172
83,oracle,1,-128,17172,0.2,1,0.2,8448.83333333333
84,oracle,1,-128,17172,3,0,0,17172
84,oracle,1,-128,17172,3,1,0.142857142857143,11086
84,oracle,1,-128,17172,3,2,0.285714285714286,4294.16666666667
84,oracle,1,-128,17172,3,3,0.428571428571429,-493
84,oracle,1,-128,17172,3,4,0.571428571428571,-493
84,oracle,1,-128,17172,3,5,0.714285714285714,-493
84,oracle,1,-128,17172,3,6,0.857142857142857,-493
84,oracle,1,-128,17172,3,7,1,-493
84,oracle,1,-128,17172,3,8,1.14285714285714,-493
84,oracle,1,-128,17172,3,9,1.28571428571429,-493
84,oracle,1,-128,17172,3,10,1.42857142857143,-493
84,oracle,1,-128,17172,3,11,1.57142857142857,-493
84,oracle,1,-128,17172,3,12,1.71428571428571,-493
84,oracle,1,-128,17172,3,13,1.85714285714286,-493
84,oracle,1,-128,17172,3,14,2,-493
84,oracle,1,-128,17172,3,15,2.14285714285714,-493
84,oracle,1,-128,17172,3,16,2.28571428571429,-493
84,oracle,1,-128,17172,3,17,2.42857142857143,-493
84,oracle,1,-128,17172,3,18,2.57142857142857,-493
84,oracle,1,-128,17172,3,19,2.71428571428571,-493
84,oracle,1,-128,17172,3,20,2.85714285714286,-493
84,oracle,1,-128,17172,3,21,3,-493
85,oracle,1,160,0,0.2,0,0,0
85,oracle,1,160,0,0.2,1,0.2,9023.8
86,oracle,1,160,0,3,0,0,0
86,oracle,1,160,0,3,1,0.142857142857143,6459.4
86,oracle,1,160,0,3,2,0.285714285714286,12744.6
86,oracle,1,160,0,3,3,0.428571428571429,16935.2
86,oracle,1,160,0,3,4,0.571428571428571,17116.6
86,oracle,1,160,0,3,5,0.714285714285714,17116.6
86,oracle,1,160,0,3,6,0.857142857142857,17116.6
86,oracle,1,160,0,3,7,1,17116.6
86,oracle,1,160,0,3,8,1.14285714285714,17116.6
86,oracle,1,160,0,3,9,1.28571428571429,17116.6
86,oracle,1,160,0,3,10,1.42857142857143,17116.6
86,oracle,1,160,0,3,11,1.57142857142857,17116.6
86,oracle,1,160,0,3,12,1.71428571428571,17116.6
86,oracle,1,160,0,3,13,1.85714285714286,17116.6
86,oracle,1,160,0,3,14,2,17116.6
86,oracle,1,160,0,3,15,2.14285714285714,17116.6
86,oracle,1,160,0,3,16,2.28571428571429,17116.6
86,oracle,1,160,0,3,17,2.42857142857143,17116.6
86,oracle,1,160,0,3,18,2.57142857142857,17116.6
86,oracle,1,160,0,3,19,2.71428571428571,17116.6
86,oracle,1,160,0,3,20,2.85714285714286,17116.6
86,oracle,1,160,0,3,21,3,17116.6
87,oracle,1,160,2866.83333333333,0.2,0,0,2866.83333333333
87,oracle,1,160,2866.83333333333,0.2,1,0.2,11959.4
88,oracle,1,160,2866.83333333333,3,0,0,2866.83333333333
88,oracle,1,160,2866.83333333333,3,1,0.142857142857143,9473.2
88,oracle,1,160,2866.83333333333,3,2,0.285714285714286,15381
88,oracle,1,160,2866.83333333333,3,3,0.428571428571429,17116.6
88,oracle,1,160,2866.83333333333,3,4,0.571428571428571,17116.6
88,oracle,1,160,2866.83333333333,3,5,0.714285714285714,17116.6
88,oracle,1,160,2866.83333333333,3,6,0.857142857142857,17116.6
88,oracle,1,160,2866.83333333333,3,7,1,17116.6
88,oracle,1,160,2866.83333333333,3,8,1.14285714285714,17116.6
88,oracle,1,160,2866.83333333333,3,9,1.28571428571429,17116.6
88,oracle,1,160,2866.83333333333,3,10,1.42857142857143,17116.6
88,oracle,1,160,2866.83333333333,3,11,1.57142857142857,17116.6
88,oracle,1,160,2866.83333333333,3,12,1.71428571428571,17116.6
88,oracle,1,160,2866.83333333333,3,13,1.85714285714286,17116.6
88,oracle,1,160,2866.83333333333,3,14,2,17116.6
88,oracle,1,160,2866.83333333333,3,15,2.14285714285714,17116.6
88,oracle,1,160,2866.83333333333,3,16,2.28571428571429,17116.6
88,oracle,1,160,2866.83333333333,3,17,2.42857142857143,17116.6
88,oracle,1,160,2866.83333333333,3,18,2.57142857142857,17116.6
88,oracle,1,160,2866.83333333333,3,19,2.71428571428571,17116.6
88,oracle,1,160,2866.83333333333,3,20,2.85714285714286,17116.6
88,oracle,1,160,2866.83333333333,3,21,3,17116.6
89,oracle,1,160,5733.66666666667,0.2,0,0,5733.66666666667
89,oracle,1,160,5733.66666666667,0.2,1,0.2,14425.2
90,oracle,1,160,5733.66666666667,3,0,0,5733.66666666667
90,oracle,1,160,5733.66666666667,3,1,0.142857142857143,12124.8
90,oracle,1,160,5733.66666666667,3,2,0.285714285714286,16863.6
90,oracle,1,160,5733.66666666667,3,3,0.428571428571429,17116.6
90,oracle,1,160,5733.66666666667,3,4,0.571428571428571,17116.6
90,oracle,1,160,5733.66666666667,3,5,0.714285714285714,17116.6
90,oracle,1,160,5733.66666666667,3,6,0.857142857142857,17116.6
90,oracle,1,160,5733.66666666667,3,7,1,17116.6
90,oracle,1,160,5733.66666666667,3,8,1.14285714285714,17116.6
90,oracle,1,160,5733.66666666667,3,9,1.28571428571429,17116.6
90,oracle,1,160,5733.66666666667,3,10,1.42857142857143,17116.6
90,oracle,1,160,5733.66666666667,3,11,1.57142857142857,17116.6
90,oracle,1,160,5733.66666666667,3,12,1.71428571428571,17116.6
90,oracle,1,160,5733.66666666667,3,13,1.85714285714286,17116.6
90,oracle,1,160,5733.66666666667,3,14,2,17116.6
90,oracle,1,160,5733.66666666667,3,15,2.14285714285714,17116.6
90,oracle,1,160,5733.66666666667,3,16,2.28571428571429,17116.6
90,oracle,1,160,5733.66666666667,3,17,2.42857142857143,17116.6
90,oracle,1,160,5733.66666666667,3,18,2.57142857142857,17116.6
90,oracle,1,160,5733.66666666667,3,19,2.71428571428571,17116.6
90,oracle,1,160,5733.66666666667,3,20,2.85714285714286,17116.6
90,oracle,1,160,5733.66666666667,3,21,3,17116.6
91,oracle,1,160,8600.5,0.2,0,0,8600.5
91,oracle,1,160,8600.5,0.2,1,0.2,16496
92,oracle,1,160,8600.5,3,0,0,8600.5
92,oracle,1,160,8600.5,3,1,0.142857142857143,14663.8
92,oracle,1,160,8600.5,3,2,0.285714285714286,17116.6
92,oracle,1,160,8600.5,3,3,0.428571428571429,17116.6
92,oracle,1,160,8600.5,3,4,0.571428571428571,17116.6
92,oracle,1,160,8600.5,3,5,0.714285714285714,17116.6
92,oracle,1,160,8600.5,3,6,0.857142857142857,17116.6
92,oracle,1,160,8600.5,3,7,1,17116.6
92,oracle,1,160,8600.5,3,8,1.14285714285714,17116.6
92,oracle,1,160,8600.5,3,9,1.28571428571429,17116.6
92,oracle,1,160,8600.5,3,10,1.42857142857143,17116.6
92,oracle,1,160,8600.5,3,11,1.57142857142857,17116.6
92,oracle,1,160,8600.5,3,12,1.71428571428571,17116.6
92,oracle,1,160,8600.5,3,13,1.85714285714286,17116.6
92,oracle,1,160,8600.5,3,14,2,17116.6
92,oracle,1,160,8600.5,3,15,2.14285714285714,17116.6
92,oracle,1,160,8600.5,3,16,2.28571428571429,17116.6
92,oracle,1,160,8600.5,3,17,2.42857142857143,17116.6
92,oracle,1,160,8600.5,3,18,2.57142857142857,17116.6
92,oracle,1,160,8600.5,3,19,2.71428571428571,17116.6
92,oracle,1,160,8600.5,3,20,2.85714285714286,17116.6
92,oracle,1,160,8600.5,3,21,3,17116.6
93,oracle,1,160,11467.3333333333,0.2,0,0,11467.3333333333
93,oracle,1,160,11467.3333333333,0.2,1,0.2,17059
94,oracle,1,160,11467.3333333333,3,0,0,11467.3333333333
94,oracle,1,160,11467.3333333333,3,1,0.142857142857143,16645.4
94,oracle,1,160,11467.3333333333,3,2,0.285714285714286,17116.6
94,oracle,1,160,11467.3333333333,3,3,0.428571428571429,17116.6
94,oracle,1,160,11467.3333333333,3,4,0.571428571428571,17116.6
94,oracle,1,160,11467.3333333333,3,5,0.714285714285714,17116.6
94,oracle,1,160,11467.3333333333,3,6,0.857142857142857,17116.6
94,oracle,1,160,11467.3333333333,3,7,1,17116.6
94,oracle,1,160,11467.3333333333,3,8,1.14285714285714,17116.6
94,oracle,1,160,11467.3333333333,3,9,1.28571428571429,17116.6
94,oracle,1,160,11467.3333333333,3,10,1.42857142857143,17116.6
94,oracle,1,160,11467.3333333333,3,11,1.57142857142857,17116.6
94,oracle,1,160,11467.3333333333,3,12,1.71428571428571,17116.6
94,oracle,1,160,11467.3333333333,3,13,1.85714285714286,17116.6
94,oracle,1,160,11467.3333333333,3,14,2,17116.6
94,oracle,1,160,11467.3333333333,3,15,2.14285714285714,17116.6
94,oracle,1,160,11467.3333333333,3,16,2.28571428571429,17116.6
94,oracle,1,160,11467.3333333333,3,17,2.42857142857143,17116.6
94,oracle,1,160,11467.3333333333,3,18,2.57142857142857,17116.6
94,oracle,1,160,11467.3333333333,3,19,2.71428571428571,17116.6
94,oracle,1,160,11467.3333333333,3,20,2.85714285714286,17116.6
94,oracle,1,160,11467.3333333333,3,21,3,17116.6
95,oracle,1,160,14334.1666666667,0.2,0,0,14334.1666666667
95,oracle,1,160,14334.1666666667,0.2,1,0.2,17116.6
96,oracle,1,160,14334.1666666667,3,0,0,14334.1666666667
96,oracle,1,160,14334.1666666667,3,1,0.142857142857143,17113.2
96,oracle,1,160,14334.1666666667,3,2,0.285714285714286,17116.6
96,oracle,1,160,14334.1666666667,3,3,0.428571428571429,17116.6
96,oracle,1,160,14334.1666666667,3,4,0.571428571428571,17116.6
96,oracle,1,160,14334.1666666667,3,5,0.714285714285714,17116.6
96,oracle,1,160,14334.1666666667,3,6,0.857142857142857,17116.6
96,oracle,1,160,14334.1666666667,3,7,1,17116.6
96,oracle,1,160,14334.1666666667,3,8,1.14285714285714,17116.6
96,oracle,1,160,14334.1666666667,3,9,1.28571428571429,17116.6
96,oracle,1,160,14334.1666666667,3,10,1.42857142857143,17116.6
96,oracle,1,160,14334.1666666667,3,11,1.57142857142857,17116.6
96,oracle,1,160,14334.1666666667,3,12,1.71428571428571,17116.6
96,oracle,1,160,14334.1666666667,3,13,1.85714285714286,17116.6
96,oracle,1,160,14334.1666666667,3,14,2,17116.6
96,oracle,1,160,14334.1666666667,3,15,2.14285714285714,17116.6
96,oracle,1,160,14334.1666666667,3,16,2.28571428571429,17116.6
96,oracle,1,160,14334.1666666667,3,17,2.42857142857143,17116.6
96,oracle,1,160,14334.1666666667,3,18,2.57142857142857,17116.6
96,oracle,1,160,14334.1666666667,3,19,2.71428571428571,17116.6
96,oracle,1,160,14334.1666666667,3,20,2.85714285714286,17116.6
96,oracle,1,160,14334.1666666667,3,21,3,17116.6
97,oracle,1,160,17201,0.2,0,0,17201
97,oracle,1,160,17201,0.2,1,0.2,17201
98,oracle,1,160,17201,3,0,0,17201
98,oracle,1,160,17201,3,1,0.142857142857143,17201
98,oracle,1,160,17201,3,2,0.285714285714286,17201
98,oracle,1,160,17201,3,3,0.428571428571429,17201
98,oracle,1,160,17201,3,4,0.571428571428571,17201
98,oracle,1,160,17201,3,5,0.714285714285714,17201
98,oracle,1,160,17201,3,6,0.857142857142857,17201
98,oracle,1,160,17201,3,7,1,17201
98,oracle,1,160,17201,3,8,1.14285714285714,17201
98,oracle,1,160,17201,3,9,1.28571428571429,17201
98,oracle,1,160,17201,3,10,1.42857142857143,17201
98,oracle,1,160,17201,3,11,1.57142857142857,17201
98,oracle,1,160,17201,3,12,1.71428571428571,17201
98,oracle,1,160,17201,3,13,1.85714285714286,17201
98,oracle,1,160,17201,3,14,2,17201
98,oracle,1,160,17201,3,15,2.14285714285714,17201
98,oracle,1,160,17201,3,16,2.28571428571429,17201
98,oracle,1,160,17201,3,17,2.42857142857143,17201
98,oracle,1,160,17201,3,18,2.57142857142857,17201
98,oracle,1,160,17201,3,19,2.71428571428571,17201
98,oracle,1,160,17201,3,20,2.85714285714286,17201
98,oracle,1,160,17201,3,21,3,17201
99,oracle,1,-160,-688,0.2,0,0,-688
99,oracle,1,-160,-688,0.2,1,0.2,-688
100,oracle,1,-160,-688,3,0,0,-688
100,oracle,1,-160,-688,3,1,0.142857142857143,-688
100,oracle,1,-160,-688,3,2,0.285714285714286,-688
100,oracle,1,-160,-688,3,3,0.428571428571429,-688
100,oracle,1,-160,-688,3,4,0.571428571428571,-688
100,oracle,1,-160,-688,3,5,0.714285714285714,-688
100,oracle,1,-160,-688,3,6,0.857142857142857,-688
100,oracle,1,-160,-688,3,7,1,-688
100,oracle,1,-160,-688,3,8,1.14285714285714,-688
100,oracle,1,-160,-688,3,9,1.28571428571429,-688
100,oracle,1,-160,-688,3,10,1.42857142857143,-688
100,oracle,1,-160,-688,3,11,1.57142857142857,-688
100,oracle,1,-160,-688,3,12,1.71428571428571,-688
100,oracle,1,-160,-688,3,13,1.85714285714286,-688
100,oracle,1,-160,-688,3,14,2,-688
100,oracle,1,-160,-688,3,15,2.14285714285714,-688
100,oracle,1,-160,-688,3,16,2.28571428571429,-688
100,oracle,1,-160,-688,3,17,2.42857142857143,-688
100,oracle,1,-160,-688,3,18,2.57142857142857,-688
100,oracle,1,-160,-688,3,19,2.71428571428571,-688
100,oracle,1,-160,-688,3,20,2.85714285714286,-688
100,oracle,1,-160,-688,3,21,3,-688
101,oracle,1,-160,2293.33333333333,0.2,0,0,2293.33333333333
101,oracle,1,-160,2293.33333333333,0.2,1,0.2,-595.8
102,oracle,1,-160,2293.33333333333,3,0,0,2293.33333333333
102,oracle,1,-160,2293.33333333333,3,1,0.142857142857143,-595.8
102,oracle,1,-160,2293.33333333333,3,2,0.285714285714286,-595.8
102,oracle,1,-160,2293.33333333333,3,3,0.428571428571429,-595.8
102,oracle,1,-160,2293.33333333333,3,4,0.571428571428571,-595.8
102,oracle,1,-160,2293.33333333333,3,5,0.714285714285714,-595.8
102,oracle,1,-160,2293.33333333333,3,6,0.857142857142857,-595.8
102,oracle,1,-160,2293.33333333333,3,7,1,-595.8
102,oracle,1,-160,2293.33333333333,3,8,1.14285714285714,-595.8
102,oracle,1,-160,2293.33333333333,3,9,1.28571428571429,-595.8
102,oracle,1,-160,2293.33333333333,3,10,1.42857142857143,-595.8
102,oracle,1,-160,2293.33333333333,3,11,1.57142857142857,-595.8
102,oracle,1,-160,2293.33333333333,3,12,1.71428571428571,-595.8
102,oracle,1,-160,2293.33333333333,3,13,1.85714285714286,-595.8
102,oracle,1,-160,2293.33333333333,3,14,2,-595.8
102,oracle,1,-160,2293.33333333333,3,15,2.14285714285714,-595.8
102,oracle,1,-160,2293.33333333333,3,16,2.28571428571429,-595.8
102,oracle,1,-160,2293.33333333333,3,17,2.42857142857143,-595.8
102,oracle,1,-160,2293.33333333333,3,18,2.57142857142857,-595.8
102,oracle,1,-160,2293.33333333333,3,19,2.71428571428571,-595.8
102,oracle,1,-160,2293.33333333333,3,20,2.85714285714286,-595.8
102,oracle,1,-160,2293.33333333333,3,21,3,-595.8
103,oracle,1,-160,5274.66666666667,0.2,0,0,5274.66666666667
103,oracle,1,-160,5274.66666666667,0.2,1,0.2,-595.8
104,oracle,1,-160,5274.66666666667,3,0,0,5274.66666666667
104,oracle,1,-160,5274.66666666667,3,1,0.142857142857143,-585.8
104,oracle,1,-160,5274.66666666667,3,2,0.285714285714286,-595.8
104,oracle,1,-160,5274.66666666667,3,3,0.428571428571429,-595.8
104,oracle,1,-160,5274.66666666667,3,4,0.571428571428571,-595.8
104,oracle,1,-160,5274.66666666667,3,5,0.714285714285714,-595.8
104,oracle,1,-160,5274.66666666667,3,6,0.857142857142857,-595.8
104,oracle,1,-160,5274.66666666667,3,7,1,-595.8
104,oracle,1,-160,5274.66666666667,3,8,1.14285714285714,-595.8
104,oracle,1,-160,5274.66666666667,3,9,1.28571428571429,-595.8
104,oracle,1,-160,5274.66666666667,3,10,1.42857142857143,-595.8
104,oracle,1,-160,5274.66666666667,3,11,1.57142857142857,-595.8
104,oracle,1,-160,5274.66666666667,3,12,1.71428571428571,-595.8
104,oracle,1,-160,5274.66666666667,3,13,1.85714285714286,-595.8
104,oracle,1,-160,5274.66666666667,3,14,2,-595.8
104,oracle,1,-160,5274.66666666667,3,15,2.14285714285714,-595.8
104,oracle,1,-160,5274.66666666667,3,16,2.28571428571429,-595.8
104,oracle,1,-160,5274.66666666667,3,17,2.42857142857143,-595.8
104,oracle,1,-160,5274.66666666667,3,18,2.57142857142857,-595.8
104,oracle,1,-160,5274.66666666667,3,19,2.71428571428571,-595.8
104,oracle,1,-160,5274.66666666667,3,20,2.85714285714286,-595.8
104,oracle,1,-160,5274.66666666667,3,21,3,-595.8
105,oracle,1,-160,8256,0.2,0,0,8256
105,oracle,1,-160,8256,0.2,1,0.2,-588.4
106,oracle,1,-160,8256,3,0,0,8256
106,oracle,1,-160,8256,3,1,0.142857142857143,557.4
106,oracle,1,-160,8256,3,2,0.285714285714286,-595.8
106,oracle,1,-160,8256,3,3,0.428571428571429,-595.8
106,oracle,1,-160,8256,3,4,0.571428571428571,-595.8
106,oracle,1,-160,8256,3,5,0.714285714285714,-595.8
106,oracle,1,-160,8256,3,6,0.857142857142857,-595.8
106,oracle,1,-160,8256,3,7,1,-595.8
106,oracle,1,-160,8256,3,8,1.14285714285714,-595.8
106,oracle,1,-160,8256,3,9,1.28571428571429,-595.8
106,oracle,1,-160,8256,3,10,1.42857142857143,-595.8
106,oracle,1,-160,8256,3,11,1.57142857142857,-595.8
106,oracle,1,-160,8256,3,12,1.71428571428571,-595.8
106,oracle,1,-160,8256,3,13,1.85714285714286,-595.8
106,oracle,1,-160,8256,3,14,2,-595.8
106,oracle,1,-160,8256,3,15,2.14285714285714,-595.8
106,oracle,1,-160,8256,3,16,2.28571428571429,-595.8
106,oracle,1,-160,8256,3,17,2.42857142857143,-595.8
106,oracle,1,-160,8256,3,18,2.57142857142857,-595.8
106,oracle,1,-160,8256,3,19,2.71428571428571,-595.8
106,oracle,1,-160,8256,3,20,2.85714285714286,-595.8
106,oracle,1,-160,8256,3,21,3,-595.8
107,oracle,1,-160,11237.3333333333,0.2,0,0,11237.3333333333
107,oracle,1,-160,11237.3333333333,0.2,1,0.2,557.4
108,oracle,1,-160,11237.3333333333,3,0,0,11237.3333333333
108,oracle,1,-160,11237.3333333333,3,1,0.142857142857143,3618.4
108,oracle,1,-160,11237.3333333333,3,2,0.285714285714286,-595.8
108,oracle,1,-160,11237.3333333333,3,3,0.428571428571429,-595.8
108,oracle,1,-160,11237.3333333333,3,4,0.571428571428571,-595.8
108,oracle,1,-160,11237.3333333333,3,5,0.714285714285714,-595.8
108,oracle,1,-160,11237.3333333333,3,6,0.857142857142857,-595.8
108,oracle,1,-160,11237.3333333333,3,7,1,-595.8
108,oracle,1,-160,11237.3333333333,3,8,1.14285714285714,-595.8
108,oracle,1,-160,11237.3333333333,3,9,1.28571428571429,-595.8
108,oracle,1,-160,11237.3333333333,3,10,1.42857142857143,-595.8
108,oracle,1,-160,11237.3333333333,3,11,1.57142857142857,-595.8
108,oracle,1,-160,11237.3333333333,3,12,1.71428571428571,-595.8
108,oracle,1,-160,11237.3333333333,3,13,1.85714285714286,-595.8
108,oracle,1,-160,11237.3333333333,3,14,2,-595.8
108,oracle,1,-160,11237.3333333333,3,15,2.14285714285714,-595.8
108,oracle,1,-160,11237.3333333333,3,16,2.28571428571429,-595.8
108,oracle,1,-160,11237.3333333333,3,17,2.42857142857143,-595.8
108,oracle,1,-160,11237.3333333333,3,18,2.57142857142857,-595.8
108,oracle,1,-160,11237.3333333333,3,19,2.71428571428571,-595.8
108,oracle,1,-160,11237.3333333333,3,20,2.85714285714286,-595.8
108,oracle,1,-160,11237.3333333333,3,21,3,-595.8
109,oracle,1,-160,14218.6666666667,0.2,0,0,14218.6666666667
109,oracle,1,-160,14218.6666666667,0.2,1,0.2,3726
110,oracle,1,-160,14218.6666666667,3,0,0,14218.6666666667
110,oracle,1,-160,14218.6666666667,3,1,0.142857142857143,6786.4
110,oracle,1,-160,14218.6666666667,3,2,0.285714285714286,-333
110,oracle,1,-160,14218.6666666667,3,3,0.428571428571429,-595.8
110,oracle,1,-160,14218.6666666667,3,4,0.571428571428571,-595.8
110,oracle,1,-160,14218.6666666667,3,5,0.714285714285714,-595.8
110,oracle,1,-160,14218.6666666667,3,6,0.857142857142857,-595.8
110,oracle,1,-160,14218.6666666667,3,7,1,-595.8
110,oracle,1,-160,14218.6666666667,3,8,1.14285714285714,-595.8
110,oracle,1,-160,14218.6666666667,3,9,1.28571428571429,-595.8
110,oracle,1,-160,14218.6666666667,3,10,1.42857142857143,-595.8
110,oracle,1,-160,14218.6666666667,3,11,1.57142857142857,-595.8
110,oracle,1,-160,14218.6666666667,3,12,1.71428571428571,-595.8
110,oracle,1,-160,14218.6666666667,3,13,1.85714285714286,-595.8
110,oracle,1,-160,14218.6666666667,3,14,2,-595.8
110,oracle,1,-160,14218.6666666667,3,15,2.14285714285714,-595.8
110,oracle,1,-160,14218.6666666667,3,16,2.28571428571429,-595.8
110,oracle,1,-160,14218.6666666667,3,17,2.42857142857143,-595.8
110,oracle,1,-160,14218.6666666667,3,18,2.57142857142857,-595.8
110,oracle,1,-160,14218.6666666667,3,19,2.71428571428571,-595.8
110,oracle,1,-160,14218.6666666667,3,20,2.85714285714286,-595.8
110,oracle,1,-160,14218.6666666667,3,21,3,-595.8
111,oracle,1,-160,17200,0.2,0,0,17200
111,oracle,1,-160,17200,0.2,1,0.2,7267.2
112,oracle,1,-160,17200,3,0,0,17200
112,oracle,1,-160,17200,3,1,0.142857142857143,10269.8
112,oracle,1,-160,17200,3,2,0.285714285714286,2616.6
112,oracle,1,-160,17200,3,3,0.428571428571429,-595.8
112,oracle,1,-160,17200,3,4,0.571428571428571,-595.8
112,oracle,1,-160,17200,3,5,0.714285714285714,-595.8
112,oracle,1,-160,17200,3,6,0.857142857142857,-595.8
112,oracle,1,-160,17200,3,7,1,-595.8
112,oracle,1,-160,17200,3,8,1.14285714285714,-595.8
112,oracle,1,-160,17200,3,9,1.28571428571429,-595.8
112,oracle,1,-160,17200,3,10,1.42857142857143,-595.8
112,oracle,1,-160,17200,3,11,1.57142857142857,-595.8
112,oracle,1,-160,17200,3,12,1.71428571428571,-595.8
112,oracle,1,-160,17200,3,13,1.85714285714286,-595.8
112,oracle,1,-160,17200,3,14,2,-595.8
112,oracle,1,-160,17200,3,15,2.14285714285714,-595.8
112,oracle,1,-160,17200,3,16,2.28571428571429,-595.8
112,oracle,1,-160,17200,3,17,2.42857142857143,-595.8
112,oracle,1,-160,17200,3,18,2.57142857142857,-595.8
112,oracle,1,-160,17200,3,19,2.71428571428571,-595.8
112,oracle,1,-160,17200,3,20,2.85714285714286,-595.8
112,oracle,1,-160,17200,3,21,3,-595.8
113,oracle,1,192,0,0.2,0,0,0
113,oracle,1,192,0,0.2,1,0.2,9863.66666666667
114,oracle,1,192,0,3,0,0,0
114,oracle,1,192,0,3,1,0.142857142857143,7040.66666666667
114,oracle,1,192,0,3,2,0.285714285714286,14092.6666666667
114,oracle,1,192,0,3,3,0.428571428571429,17209
114,oracle,1,192,0,3,4,0.571428571428571,17209
114,oracle,1,192,0,3,5,0.714285714285714,17209
114,oracle,1,192,0,3,6,0.857142857142857,17209
114,oracle,1,192,0,3,7,1,17209
114,oracle,1,192,0,3,8,1.14285714285714,17209
114,oracle,1,192,0,3,9,1.28571428571429,17209
114,oracle,1,192,0,3,10,1.42857142857143,17209
114,oracle,1,192,0,3,11,1.57142857142857,17209
114,oracle,1,192,0,3,12,1.71428571428571,17209
114,oracle,1,192,0,3,13,1.85714285714286,17209
114,oracle,1,192,0,3,14,2,17209
114,oracle,1,192,0,3,15,2.14285714285714,17209
114,oracle,1,192,0,3,16,2.28571428571429,17209
114,oracle,1,192,0,3,17,2.42857142857143,17209
114,oracle,1,192,0,3,18,2.57142857142857,17209
114,oracle,1,192,0,3,19,2.71428571428571,17209
114,oracle,1,192,0,3,20,2.85714285714286,17209
114,oracle,1,192,0,3,21,3,17209
115,oracle,1,192,2881.33333333333,0.2,0,0,2881.33333333333
115,oracle,1,192,2881.33333333333,0.2,1,0.2,12923.6666666667
116,oracle,1,192,2881.33333333333,3,0,0,2881.33333333333
116,oracle,1,192,2881.33333333333,3,1,0.142857142857143,10093
116,oracle,1,192,2881.33333333333,3,2,0.285714285714286,16769.6666666667
116,oracle,1,192,2881.33333333333,3,3,0.428571428571429,17209
116,oracle,1,192,2881.33333333333,3,4,0.571428571428571,17209
116,oracle,1,192,2881.33333333333,3,5,0.714285714285714,17209
116,oracle,1,192,2881.33333333333,3,6,0.857142857142857,17209
116,oracle,1,192,2881.33333333333,3,7,1,17209
116,oracle,1,192,2881.33333333333,3,8,1.14285714285714,17209
116,oracle,1,192,2881.33333333333,3,9,1.28571428571429,17209
116,oracle,1,192,2881.33333333333,3,10,1.42857142857143,17209
116,oracle,1,192,2881.33333333333,3,11,1.57142857142857,17209
116,oracle,1,192,2881.33333333333,3,12,1.71428571428571,17209
116,oracle,1,192,2881.33333333333,3,13,1.85714285714286,17209
116,oracle,1,192,2881.33333333333,3,14,2,17209
116,oracle,1,192,2881.33333333333,3,15,2.14285714285714,17209
116,oracle,1,192,2881.33333333333,3,16,2.28571428571429,17209
116,oracle,1,192,2881.33333333333,3,17,2.42857142857143,17209
116,oracle,1,192,2881.33333333333,3,18,2.57142857142857,17209
116,oracle,1,192,2881.33333333333,3,19,2.71428571428571,17209
116,oracle,1,192,2881.33333333333,3,20,2.85714285714286,17209
116,oracle,1,192,2881.33333333333,3,21,3,17209
117,oracle,1,192,5762.66666666667,0.2,0,0,5762.66666666667
117,oracle,1,192,5762.66666666667,0.2,1,0.2,15621
118,oracle,1,192,5762.66666666667,3,0,0,5762.66666666667
118,oracle,1,192,5762.66666666667,3,1,0.142857142857143,12874.3333333333
118,oracle,1,192,5762.66666666667,3,2,0.285714285714286,17209
118,oracle,1,192,5762.66666666667,3,3,0.428571428571429,17209
118,oracle,1,192,5762.66666666667,3,4,0.571428571428571,17209
118,oracle,1,192,5762.66666666667,3,5,0.714285714285714,17209
118,oracle,1,192,5762.66666666667,3,6,0.857142857142857,17209
118,oracle,1,192,5762.66666666667,3,7,1,17209
118,oracle,1,192,5762.66666666667,3,8,1.14285714285714,17209
118,oracle,1,192,5762.66666666667,3,9,1.28571428571429,17209
118,oracle,1,192,5762.66666666667,3,10,1.42857142857143,17209
118,oracle,1,192,5762.66666666667,3,11,1.57142857142857,17209
118,oracle,1,192,5762.66666666667,3,12,1.71428571428571,17209
118,oracle,1,192,5762.66666666667,3,13,1.85714285714286,17209
118,oracle,1,192,5762.66666666667,3,14,2,17209
118,oracle,1,192,5762.66666666667,3,15,2.14285714285714,17209
118,oracle,1,192,5762.66666666667,3,16,2.28571428571429,17209
118,oracle,1,192,5762.66666666667,3,17,2.42857142857143,17209
118,oracle,1,192,5762.66666666667,3,18,2.57142857142857,17209
118,oracle,1,192,5762.66666666667,3,19,2.71428571428571,17209
118,oracle,1,192,5762.66666666667,3,20,2.85714285714286,17209
118,oracle,1,192,5762.66666666667,3,21,3,17209
119,oracle,1,192,8644,0.2,0,0,8644
119,oracle,1,192,8644,0.2,1,0.2,17169
120,oracle,1,192,8644,3,0,0,8644
120,oracle,1,192,8644,3,1,0.142857142857143,15667.6666666667
120,oracle,1,192,8644,3,2,0.285714285714286,17209
120,oracle,1,192,8644,3,3,0.428571428571429,17209
120,oracle,1,192,8644,3,4,0.571428571428571,17209
120,oracle,1,192,8644,3,5,0.714285714285714,17209
120,oracle,1,192,8644,3,6,0.857142857142857,17209
120,oracle,1,192,8644,3,7,1,17209
120,oracle,1,192,8644,3,8,1.14285714285714,17209
120,oracle,1,192,8644,3,9,1.28571428571429,17209
120,oracle,1,192,8644,3,10,1.42857142857143,17209
120,oracle,1,192,8644,3,11,1.57142857142857,17209
120,oracle,1,192,8644,3,12,1.71428571428571,17209
120,oracle,1,192,8644,3,13,1.85714285714286,17209
120,oracle,1,192,8644,3,14,2,17209
120,oracle,1,192,8644,3,15,2.14285714285714,17209
120,oracle,1,192,8644,3,16,2.28571428571429,17209
120,oracle,1,192,8644,3,17,2.42857142857143,17209
120,oracle,1,192,8644,3,18,2.57142857142857,17209
120,oracle,1,192,8644,3,19,2.71428571428571,17209
120,oracle,1,192,8644,3,20,2.85714285714286,17209
120,oracle,1,192,8644,3,21,3,17209
121,oracle,1,192,11525.3333333333,0.2,0,0,11525.3333333333
121,oracle,1,192,11525.3333333333,0.2,1,0.2,17209
122,oracle,1,192,11525.3333333333,3,0,0,11525.3333333333
122,oracle,1,192,11525.3333333333,3,1,0.142857142857143,17180
122,oracle,1,192,11525.3333333333,3,2,0.285714285714286,17209
122,oracle,1,192,11525.3333333333,3,3,0.428571428571429,17209
122,oracle,1,192,11525.3333333333,3,4,0.571428571428571,17209
122,oracle,1,192,11525.3333333333,3,5,0.714285714285714,17209
122,oracle,1,192,11525.3333333333,3,6,0.857142857142857,17209
122,oracle,1,192,11525.3333333333,3,7,1,17209
122,oracle,1,192,11525.3333333333,3,8,1.14285714285714,17209
122,oracle,1,192,11525.3333333333,3,9,1.28571428571429,17209
122,oracle,1,192,11525.3333333333,3,10,1.42857142857143,17209
122,oracle,1,192,11525.3333333333,3,11,1.57142857142857,17209
122,oracle,1,192,11525.3333333333,3,12,1.71428571428571,17209
122,oracle,1,192,11525.3333333333,3,13,1.85714285714286,17209
122,oracle,1,192,11525.3333333333,3,14,2,17209
122,oracle,1,192,11525.3333333333,3,15,2.14285714285714,17209
122,oracle,1,192,11525.3333333333,3,16,2.28571428571429,17209
122,oracle,1,192,11525.3333333333,3,17,2.42857142857143,17209
122,oracle,1,192,11525.3333333333,3,18,2.57142857142857,17209
122,oracle,1,192,11525.3333333333,3,19,2.71428571428571,17209
122,oracle,1,192,11525.3333333333,3,20,2.85714285714286,17209
122,oracle,1,192,11525.3333333333,3,21,3,17209
123,oracle,1,192,14406.6666666667,0.2,0,0,14406.6666666667
123,oracle,1,192,14406.6666666667,0.2,1,0.2,17209
124,oracle,1,192,14406.6666666667,3,0,0,14406.6666666667
124,oracle,1,192,14406.6666666667,3,1,0.142857142857143,17209
124,oracle,1,192,14406.6666666667,3,2,0.285714285714286,17209
124,oracle,1,192,14406.6666666667,3,3,0.428571428571429,17209
124,oracle,1,192,14406.6666666667,3,4,0.571428571428571,17209
124,oracle,1,192,14406.6666666667,3,5,0.714285714285714,17209
124,oracle,1,192,14406.6666666667,3,6,0.857142857142857,17209
124,oracle,1,192,14406.6666666667,3,7,1,17209
124,oracle,1,192,14406.6666666667,3,8,1.14285714285714,17209
124,oracle,1,192,14406.6666666667,3,9,1.28571428571429,17209
124,oracle,1,192,14406.6666666667,3,10,1.42857142857143,17209
124,oracle,1,192,14406.6666666667,3,11,1.57142857142857,17209
124,oracle,1,192,14406.6666666667,3,12,1.71428571428571,17209
124,oracle,1,192,14406.6666666667,3,13,1.85714285714286,17209
124,oracle,1,192,14406.6666666667,3,14,2,17209
124,oracle,1,192,14406.6666666667,3,15,2.14285714285714,17209
124,oracle,1,192,14406.6666666667,3,16,2.28571428571429,17209
124,oracle,1,192,14406.6666666667,3,17,2.42857142857143,17209
124,oracle,1,192,14406.6666666667,3,18,2.57142857142857,17209
124,oracle,1,192,14406.6666666667,3,19,2.71428571428571,17209
124,oracle,1,192,14406.6666666667,3,20,2.85714285714286,17209
124,oracle,1,192,14406.6666666667,3,21,3,17209
125,oracle,1,192,17288,0.2,0,0,17288
125,oracle,1,192,17288,0.2,1,0.2,17288
126,oracle,1,192,17288,3,0,0,17288
126,oracle,1,192,17288,3,1,0.142857142857143,17288
126,oracle,1,192,17288,3,2,0.285714285714286,17288
126,oracle,1,192,17288,3,3,0.428571428571429,17288
126,oracle,1,192,17288,3,4,0.571428571428571,17288
126,oracle,1,192,17288,3,5,0.714285714285714,17288
126,oracle,1,192,17288,3,6,0.857142857142857,17288
126,oracle,1,192,17288,3,7,1,17288
126,oracle,1,192,17288,3,8,1.14285714285714,17288
126,oracle,1,192,17288,3,9,1.28571428571429,17288
126,oracle,1,192,17288,3,10,1.42857142857143,17288
126,oracle,1,192,17288,3,11,1.57142857142857,17288
126,oracle,1,192,17288,3,12,1.71428571428571,17288
126,oracle,1,192,17288,3,13,1.85714285714286,17288
126,oracle,1,192,17288,3,14,2,17288
126,oracle,1,192,17288,3,15,2.14285714285714,17288
126,oracle,1,192,17288,3,16,2.28571428571429,17288
126,oracle,1,192,17288,3,17,2.42857142857143,17288
126,oracle,1,192,17288,3,18,2.57142857142857,17288
126,oracle,1,192,17288,3,19,2.71428571428571,17288
126,oracle,1,192,17288,3,20,2.85714285714286,17288
126,oracle,1,192,17288,3,21,3,17288
127,oracle,1,-192,-707,0.2,0,0,-707
127,oracle,1,-192,-707,0.2,1,0.2,-707
128,oracle,1,-192,-707,3,0,0,-707
128,oracle,1,-192,-707,3,1,0.142857142857143,-707
128,oracle,1,-192,-707,3,2,0.285714285714286,-707
128,oracle,1,-192,-707,3,3,0.428571428571429,-707
128,oracle,1,-192,-707,3,4,0.571428571428571,-707
128,oracle,1,-192,-707,3,5,0.714285714285714,-707
128,oracle,1,-192,-707,3,6,0.857142857142857,-707
128,oracle,1,-192,-707,3,7,1,-707
128,oracle,1,-192,-707,3,8,1.14285714285714,-707
128,oracle,1,-192,-707,3,9,1.28571428571429,-707
128,oracle,1,-192,-707,3,10,1.42857142857143,-707
128,oracle,1,-192,-707,3,11,1.57142857142857,-707
128,oracle,1,-192,-707,3,12,1.71428571428571,-707
128,oracle,1,-192,-707,3,13,1.85714285714286,-707
128,oracle,1,-192,-707,3,14,2,-707
128,oracle,1,-192,-707,3,15,2.14285714285714,-707
128,oracle,1,-192,-707,3,16,2.28571428571429,-707
128,oracle,1,-192,-707,3,17,2.42857142857143,-707
128,oracle,1,-192,-707,3,18,2.57142857142857,-707
128,oracle,1,-192,-707,3,19,2.71428571428571,-707
128,oracle,1,-192,-707,3,20,2.85714285714286,-707
128,oracle,1,-192,-707,3,21,3,-707
129,oracle,1,-192,2292.16666666667,0.2,0,0,2292.16666666667
129,oracle,1,-192,2292.16666666667,0.2,1,0.2,-659.25
130,oracle,1,-192,2292.16666666667,3,0,0,2292.16666666667
130,oracle,1,-192,2292.16666666667,3,1,0.142857142857143,-659.25
130,oracle,1,-192,2292.16666666667,3,2,0.285714285714286,-659.25
130,oracle,1,-192,2292.16666666667,3,3,0.428571428571429,-659.25
130,oracle,1,-192,2292.16666666667,3,4,0.571428571428571,-659.25
130,oracle,1,-192,2292.16666666667,3,5,0.714285714285714,-659.25
130,oracle,1,-192,2292.16666666667,3,6,0.857142857142857,-659.25
130,oracle,1,-192,2292.16666666667,3,7,1,-659.25
130,oracle,1,-192,2292.16666666667,3,8,1.14285714285714,-659.25
130,oracle,1,-192,2292.16666666667,3,9,1.28571428571429,-659.25
130,oracle,1,-192,2292.16666666667,3,10,1.42857142857143,-659.25
130,oracle,1,-192,2292.16666666667,3,11,1.57142857142857,-659.25
130,oracle,1,-192,2292.16666666667,3,12,1.71428571428571,-659.25
130,oracle,1,-192,2292.16666666667,3,13,1.85714285714286,-659.25
130,oracle,1,-192,2292.16666666667,3,14,2,-659.25
130,oracle,1,-192,2292.16666666667,3,15,2.14285714285714,-659.25
130,oracle,1,-192,2292.16666666667,3,16,2.28571428571429,-659.25
130,oracle,1,-192,2292.16666666667,3,17,2.42857142857143,-659.25
130,oracle,1,-192,2292.16666666667,3,18,2.57142857142857,-659.25
130,oracle,1,-192,2292.16666666667,3,19,2.71428571428571,-659.25
130,oracle,1,-192,2292.16666666667,3,20,2.85714285714286,-659.25
130,oracle,1,-192,2292.16666666667,3,21,3,-659.25
131,oracle,1,-192,5291.33333333333,0.2,0,0,5291.33333333333
131,oracle,1,-192,5291.33333333333,0.2,1,0.2,-659.25
132,oracle,1,-192,5291.33333333333,3,0,0,5291.33333333333
132,oracle,1,-192,5291.33333333333,3,1,0.142857142857143,-659.25
132,oracle,1,-192,5291.33333333333,3,2,0.285714285714286,-659.25
132,oracle,1,-192,5291.33333333333,3,3,0.428571428571429,-659.25
132,oracle,1,-192,5291.33333333333,3,4,0.571428571428571,-659.25
132,oracle,1,-192,5291.33333333333,3,5,0.714285714285714,-659.25
132,oracle,1,-192,5291.33333333333,3,6,0.857142857142857,-659.25
132,oracle,1,-192,5291.33333333333,3,7,1,-659.25
132,oracle,1,-192,5291.33333333333,3,8,1.14285714285714,-659.25
132,oracle,1,-192,5291.33333333333,3,9,1.28571428571429,-659.25
132,oracle,1,-192,5291.33333333333,3,10,1.42857142857143,-659.25
132,oracle,1,-192,5291.33333333333,3,11,1.57142857142857,-659.25
132,oracle,1,-192,5291.33333333333,3,12,1.71428571428571,-659.25
132,oracle,1,-192,5291.33333333333,3,13,1.85714285714286,-659.25
132,oracle,1,-192,5291.33333333333,3,14,2,-659.25
132,oracle,1,-192,5291.33333333333,3,15,2.14285714285714,-659.25
132,oracle,1,-192,5291.33333333333,3,16,2.28571428571429,-659.25
132,oracle,1,-192,5291.33333333333,3,17,2.42857142857143,-659.25
132,oracle,1,-192,5291.33333333333,3,18,2.57142857142857,-659.25
132,oracle,1,-192,5291.33333333333,3,19,2.71428571428571,-659.25
132,oracle,1,-192,5291.33333333333,3,20,2.85714285714286,-659.25
132,oracle,1,-192,5291.33333333333,3,21,3,-659.25
133,oracle,1,-192,8290.5,0.2,0,0,8290.5
133,oracle,1,-192,8290.5,0.2,1,0.2,-659.25
134,oracle,1,-192,8290.5,3,0,0,8290.5
134,oracle,1,-192,8290.5,3,1,0.142857142857143,-142.5
134,oracle,1,-192,8290.5,3,2,0.285714285714286,-659.25
134,oracle,1,-192,8290.5,3,3,0.428571428571429,-659.25
134,oracle,1,-192,8290.5,3,4,0.571428571428571,-659.25
134,oracle,1,-192,8290.5,3,5,0.714285714285714,-659.25
134,oracle,1,-192,8290.5,3,6,0.857142857142857,-659.25
134,oracle,1,-192,8290.5,3,7,1,-659.25
134,oracle,1,-192,8290.5,3,8,1.14285714285714,-659.25
134,oracle,1,-192,8290.5,3,9,1.28571428571429,-659.25
134,oracle,1,-192,8290.5,3,10,1.42857142857143,-659.25
134,oracle,1,-192,8290.5,3,11,1.57142857142857,-659.25
134,oracle,1,-192,8290.5,3,12,1.71428571428571,-659.25
134,oracle,1,-192,8290.5,3,13,1.85714285714286,-659.25
134,oracle,1,-192,8290.5,3,14,2,-659.25
134,oracle,1,-192,8290.5,3,15,2.14285714285714,-659.25
134,oracle,1,-192,8290.5,3,16,2.28571428571429,-659.25
134,oracle,1,-192,8290.5,3,17,2.42857142857143,-659.25
134,oracle,1,-192,8290.5,3,18,2.57142857142857,-659.25
134,oracle,1,-192,8290.5,3,19,2.71428571428571,-659.25
134,oracle,1,-192,8290.5,3,20,2.85714285714286,-659.25
134,oracle,1,-192,8290.5,3,21,3,-659.25
135,oracle,1,-192,11289.6666666667,0.2,0,0,11289.6666666667
135,oracle,1,-192,11289.6666666667,0.2,1,0.2,-314.5
136,oracle,1,-192,11289.6666666667,3,0,0,11289.6666666667
136,oracle,1,-192,11289.6666666667,3,1,0.142857142857143,2947.25
136,oracle,1,-192,11289.6666666667,3,2,0.285714285714286,-659.25
136,oracle,1,-192,11289.6666666667,3,3,0.428571428571429,-659.25
136,oracle,1,-192,11289.6666666667,3,4,0.571428571428571,-659.25
136,oracle,1,-192,11289.6666666667,3,5,0.714285714285714,-659.25
136,oracle,1,-192,11289.6666666667,3,6,0.857142857142857,-659.25
136,oracle,1,-192,11289.6666666667,3,7,1,-659.25
136,oracle,1,-192,11289.6666666667,3,8,1.14285714285714,-659.25
136,oracle,1,-192,11289.6666666667,3,9,1.28571428571429,-659.25
136,oracle,1,-192,11289.6666666667,3,10,1.42857142857143,-659.25
136,oracle,1,-192,11289.6666666667,3,11,1.57142857142857,-659.25
136,oracle,1,-192,11289.6666666667,3,12,1.71428571428571,-659.25
136,oracle,1,-192,11289.6666666667,3,13,1.85714285714286,-659.25
136,oracle,1,-192,11289.6666666667,3,14,2,-659.25
136,oracle,1,-192,11289.6666666667,3,15,2.14285714285714,-659.25
136,oracle,1,-192,11289.6666666667,3,16,2.28571428571429,-659.25
136,oracle,1,-192,11289.6666666667,3,17,2.42857142857143,-659.25
136,oracle,1,-192,11289.6666666667,3,18,2.57142857142857,-659.25
136,oracle,1,-192,11289.6666666667,3,19,2.71428571428571,-659.25
136,oracle,1,-192,11289.6666666667,3,20,2.85714285714286,-659.25
136,oracle,1,-192,11289.6666666667,3,21,3,-659.25
137,oracle,1,-192,14288.8333333333,0.2,0,0,14288.8333333333
137,oracle,1,-192,14288.8333333333,0.2,1,0.2,2768.25
138,oracle,1,-192,14288.8333333333,3,0,0,14288.8333333333
138,oracle,1,-192,14288.8333333333,3,1,0.142857142857143,6169.25
138,oracle,1,-192,14288.8333333333,3,2,0.285714285714286,-659.25
138,oracle,1,-192,14288.8333333333,3,3,0.428571428571429,-659.25
138,oracle,1,-192,14288.8333333333,3,4,0.571428571428571,-659.25
138,oracle,1,-192,14288.8333333333,3,5,0.714285714285714,-659.25
138,oracle,1,-192,14288.8333333333,3,6,0.857142857142857,-659.25
138,oracle,1,-192,14288.8333333333,3,7,1,-659.25
138,oracle,1,-192,14288.8333333333,3,8,1.14285714285714,-659.25
138,oracle,1,-192,14288.8333333333,3,9,1.28571428571429,-659.25
138,oracle,1,-192,14288.8333333333,3,10,1.42857142857143,-659.25
138,oracle,1,-192,14288.8333333333,3,11,1.57142857142857,-659.25
138,oracle,1,-192,14288.8333333333,3,12,1.71428571428571,-659.25
138,oracle,1,-192,14288.8333333333,3,13,1.85714285714286,-659.25
138,oracle,1,-192,14288.8333333333,3,14,2,-659.25
138,oracle,1,-192,14288.8333333333,3,15,2.14285714285714,-659.25
138,oracle,1,-192,14288.8333333333,3,16,2.28571428571429,-659.25
138,oracle,1,-192,14288.8333333333,3,17,2.42857142857143,-659.25
138,oracle,1,-192,14288.8333333333,3,18,2.57142857142857,-659.25
138,oracle,1,-192,14288.8333333333,3,19,2.71428571428571,-659.25
138,oracle,1,-192,14288.8333333333,3,20,2.85714285714286,-659.25
138,oracle,1,-192,14288.8333333333,3,21,3,-659.25
139,oracle,1,-192,17288,0.2,0,0,17288
139,oracle,1,-192,17288,0.2,1,0.2,6347.75
140,oracle,1,-192,17288,3,0,0,17288
140,oracle,1,-192,17288,3,1,0.142857142857143,9658.75
140,oracle,1,-192,17288,3,2,0.285714285714286,1220.25
140,oracle,1,-192,17288,3,3,0.428571428571429,-659.25
140,oracle,1,-192,17288,3,4,0.571428571428571,-659.25
140,oracle,1,-192,17288,3,5,0.714285714285714,-659.25
140,oracle,1,-192,17288,3,6,0.857142857142857,-659.25
140,oracle,1,-192,17288,3,7,1,-659.25
140,oracle,1,-192,17288,3,8,1.14285714285714,-659.25
140,oracle,1,-192,17288,3,9,1.28571428571429,-659.25
140,oracle,1,-192,17288,3,10,1.42857142857143,-659.25
140,oracle,1,-192,17288,3,11,1.57142857142857,-659.25
140,oracle,1,-192,17288,3,12,1.71428571428571,-659.25
140,oracle,1,-192,17288,3,13,1.85714285714286,-659.25
140,oracle,1,-192,17288,3,14,2,-659.25
140,oracle,1,-192,17288,3,15,2.14285714285714,-659.25
140,oracle,1,-192,17288,3,16,2.28571428571429,-659.25
140,oracle,1,-192,17288,3,17,2.42857142857143,-659.25
140,oracle,1,-192,17288,3,18,2.57142857142857,-659.25
140,oracle,1,-192,17288,3,19,2.71428571428571,-659.25
140,oracle,1,-192,17288,3,20,2.85714285714286,-659.25
140,oracle,1,-192,17288,3,21,3,-659.25
141,oracle,1,224,0,0.2,0,0,0
141,oracle,1,224,0,0.2,1,0.2,10436.8333333333
142,oracle,1,224,0,3,0,0,0
142,oracle,1,224,0,3,1,0.142857142857143,7429.66666666667
142,oracle,1,224,0,3,2,0.285714285714286,14912.5
142,oracle,1,224,0,3,3,0.428571428571429,17213.8333333333
142,oracle,1,224,0,3,4,0.571428571428571,17213.8333333333
142,oracle,1,224,0,3,5,0.714285714285714,17213.8333333333
142,oracle,1,224,0,3,6,0.857142857142857,17213.8333333333
142,oracle,1,224,0,3,7,1,17213.8333333333
142,oracle,1,224,0,3,8,1.14285714285714,17213.8333333333
142,oracle,1,224,0,3,9,1.28571428571429,17213.8333333333
142,oracle,1,224,0,3,10,1.42857142857143,17213.8333333333
142,oracle,1,224,0,3,11,1.57142857142857,17213.8333333333
142,oracle,1,224,0,3,12,1.71428571428571,17213.8333333333
142,oracle,1,224,0,3,13,1.85714285714286,17213.8333333333
142,oracle,1,224,0,3,14,2,17213.8333333333
142,oracle,1,224,0,3,15,2.14285714285714,17213.8333333333
142,oracle,1,224,0,3,16,2.28571428571429,17213.8333333333
142,oracle,1,224,0,3,17,2.42857142857143,17213.8333333333
142,oracle,1,224,0,3,18,2.57142857142857,17213.8333333333
142,oracle,1,224,0,3,19,2.71428571428571,17213.8333333333
142,oracle,1,224,0,3,20,2.85714285714286,17213.8333333333
142,oracle,1,224,0,3,21,3,17213.8333333333
143,oracle,1,224,2880.33333333333,0.2,0,0,2880.33333333333
143,oracle,1,224,2880.33333333333,0.2,1,0.2,13539
144,oracle,1,224,2880.33333333333,3,0,0,2880.33333333333
144,oracle,1,224,2880.33333333333,3,1,0.142857142857143,10551.5
144,oracle,1,224,2880.33333333333,3,2,0.285714285714286,17056.5
144,oracle,1,224,2880.33333333333,3,3,0.428571428571429,17213.8333333333
144,oracle,1,224,2880.33333333333,3,4,0.571428571428571,17213.8333333333
144,oracle,1,224,2880.33333333333,3,5,0.714285714285714,17213.8333333333
144,oracle,1,224,2880.33333333333,3,6,0.857142857142857,17213.8333333333
144,oracle,1,224,2880.33333333333,3,7,1,17213.8333333333
144,oracle,1,224,2880.33333333333,3,8,1.14285714285714,17213.8333333333
144,oracle,1,224,2880.33333333333,3,9,1.28571428571429,17213.8333333333
144,oracle,1,224,2880.33333333333,3,10,1.42857142857143,17213.8333333333
144,oracle,1,224,2880.33333333333,3,11,1.57142857142857,17213.8333333333
144,oracle,1,224,2880.33333333333,3,12,1.71428571428571,17213.8333333333
144,oracle,1,224,2880.33333333333,3,13,1.85714285714286,17213.8333333333
144,oracle,1,224,2880.33333333333,3,14,2,17213.8333333333
144,oracle,1,224,2880.33333333333,3,15,2.14285714285714,17213.8333333333
144,oracle,1,224,2880.33333333333,3,16,2.28571428571429,17213.8333333333
144,oracle,1,224,2880.33333333333,3,17,2.42857142857143,17213.8333333333
144,oracle,1,224,2880.33333333333,3,18,2.57142857142857,17213.8333333333
144,oracle,1,224,2880.33333333333,3,19,2.71428571428571,17213.8333333333
144,oracle,1,224,2880.33333333333,3,20,2.85714285714286,17213.8333333333
144,oracle,1,224,2880.33333333333,3,21,3,17213.8333333333
145,oracle,1,224,5760.66666666667,0.2,0,0,5760.66666666667
145,oracle,1,224,5760.66666666667,0.2,1,0.2,16192.3333333333
146,oracle,1,224,5760.66666666667,3,0,0,5760.66666666667
146,oracle,1,224,5760.66666666667,3,1,0.142857142857143,13330
146,oracle,1,224,5760.66666666667,3,2,0.285714285714286,17213.8333333333
146,oracle,1,224,5760.66666666667,3,3,0.428571428571429,17213.8333333333
146,oracle,1,224,5760.66666666667,3,4,0.571428571428571,17213.8333333333
146,oracle,1,224,5760.66666666667,3,5,0.714285714285714,17213.8333333333
146,oracle,1,224,5760.66666666667,3,6,0.857142857142857,17213.8333333333
146,oracle,1,224,5760.66666666667,3,7,1,17213.8333333333
146,oracle,1,224,5760.66666666667,3,8,1.14285714285714,17213.8333333333
146,oracle,1,224,5760.66666666667,3,9,1.28571428571429,17213.8333333333
146,oracle,1,224,5760.66666666667,3,10,1.42857142857143,17213.8333333333
146,oracle,1,224,5760.66666666667,3,11,1.57142857142857,17213.8333333333
146,oracle,1,224,5760.66666666667,3,12,1.71428571428571,17213.8333333333
146,oracle,1,224,5760.66666666667,3,13,1.85714285714286,17213.8333333333
146,oracle,1,224,5760.66666666667,3,14,2,17213.8333333333
146,oracle,1,224,5760.66666666667,3,15,2.14285714285714,17213.8333333333
146,oracle,1,224,5760.66666666667,3,16,2.28571428571429,17213.8333333333
146,oracle,1,224,5760.66666666667,3,17,2.42857142857143,17213.8333333333
146,oracle,1,224,5760.66666666667,3,18,2.57142857142857,17213.8333333333
146,oracle,1,224,5760.66666666667,3,19,2.71428571428571,17213.8333333333
146,oracle,1,224,5760.66666666667,3,20,2.85714285714286,17213.8333333333
146,oracle,1,224,5760.66666666667,3,21,3,17213.8333333333
147,oracle,1,224,8641,0.2,0,0,8641
147,oracle,1,224,8641,0.2,1,0.2,17210.5
148,oracle,1,224,8641,3,0,0,8641
148,oracle,1,224,8641,3,1,0.142857142857143,16094.6666666667
148,oracle,1,224,8641,3,2,0.285714285714286,17213.8333333333
148,oracle,1,224,8641,3,3,0.428571428571429,17213.8333333333
148,oracle,1,224,8641,3,4,0.571428571428571,17213.8333333333
148,oracle,1,224,8641,3,5,0.714285714285714,17213.8333333333
148,oracle,1,224,8641,3,6,0.857142857142857,17213.8333333333
148,oracle,1,224,8641,3,7,1,17213.8333333333
148,oracle,1,224,8641,3,8,1.14285714285714,17213.8333333333
148,oracle,1,224,8641,3,9,1.28571428571429,17213.8333333333
148,oracle,1,224,8641,3,10,1.42857142857143,17213.8333333333
148,oracle,1,224,8641,3,11,1.57142857142857,17213.8333333333
148,oracle,1,224,8641,3,12,1.71428571428571,17213.8333333333
148,oracle,1,224,8641,3,13,1.85714285714286,17213.8333333333
148,oracle,1,224,8641,3,14,2,17213.8333333333
148,oracle,1,224,8641,3,15,2.14285714285714,17213.8333333333
148,oracle,1,224,8641,3,16,2.28571428571429,17213.8333333333
148,oracle,1,224,8641,3,17,2.42857142857143,17213.8333333333
148,oracle,1,224,8641,3,18,2.57142857142857,17213.8333333333
148,oracle,1,224,8641,3,19,2.71428571428571,17213.8333333333
148,oracle,1,224,8641,3,20,2.85714285714286,17213.8333333333
148,oracle,1,224,8641,3,21,3,17213.8333333333
149,oracle,1,224,11521.3333333333,0.2,0,0,11521.3333333333
149,oracle,1,224,11521.3333333333,0.2,1,0.2,17213.8333333333
150,oracle,1,224,11521.3333333333,3,0,0,11521.3333333333
150,oracle,1,224,11521.3333333333,3,1,0.142857142857143,17198
150,oracle,1,224,11521.3333333333,3,2,0.285714285714286,17213.8333333333
150,oracle,1,224,11521.3333333333,3,3,0.428571428571429,17213.8333333333
150,oracle,1,224,11521.3333333333,3,4,0.571428571428571,17213.8333333333
150,oracle,1,224,11521.3333333333,3,5,0.714285714285714,17213.8333333333
150,oracle,1,224,11521.3333333333,3,6,0.857142857142857,17213.8333333333
150,oracle,1,224,11521.3333333333,3,7,1,17213.8333333333
150,oracle,1,224,11521.3333333333,3,8,1.14285714285714,17213.8333333333
150,oracle,1,224,11521.3333333333,3,9,1.28571428571429,17213.8333333333
150,oracle,1,224,11521.3333333333,3,10,1.42857142857143,17213.8333333333
150,oracle,1,224,11521.3333333333,3,11,1.57142857142857,17213.8333333333
150,oracle,1,224,11521.3333333333,3,12,1.71428571428571,17213.8333333333
150,oracle,1,224,11521.3333333333,3,13,1.85714285714286,17213.8333333333
150,oracle,1,224,11521.3333333333,3,14,2,17213.8333333333
150,oracle,1,224,11521.3333333333,3,15,2.14285714285714,17213.8333333333
150,oracle,1,224,11521.3333333333,3,16,2.28571428571429,17213.8333333333
150,oracle,1,224,11521.3333333333,3,17,2.42857142857143,17213.8333333333
150,oracle,1,224,11521.3333333333,3,18,2.57142857142857,17213.8333333333
150,oracle,1,224,11521.3333333333,3,19,2.71428571428571,17213.8333333333
150,oracle,1,224,11521.3333333333,3,20,2.85714285714286,17213.8333333333
150,oracle,1,224,11521.3333333333,3,21,3,17213.8333333333
151,oracle,1,224,14401.6666666667,0.2,0,0,14401.6666666667
151,oracle,1,224,14401.6666666667,0.2,1,0.2,17213.8333333333
152,oracle,1,224,14401.6666666667,3,0,0,14401.6666666667
152,oracle,1,224,14401.6666666667,3,1,0.142857142857143,17213.8333333333
152,oracle,1,224,14401.6666666667,3,2,0.285714285714286,17213.8333333333
152,oracle,1,224,14401.6666666667,3,3,0.428571428571429,17213.8333333333
152,oracle,1,224,14401.6666666667,3,4,0.571428571428571,17213.8333333333
152,oracle,1,224,14401.6666666667,3,5,0.714285714285714,17213.8333333333
152,oracle,1,224,14401.6666666667,3,6,0.857142857142857,17213.8333333333
152,oracle,1,224,14401.6666666667,3,7,1,17213.8333333333
152,oracle,1,224,14401.6666666667,3,8,1.14285714285714,17213.8333333333
152,oracle,1,224,14401.6666666667,3,9,1.28571428571429,17213.8333333333
152,oracle,1,224,14401.6666666667,3,10,1.42857142857143,17213.8333333333
152,oracle,1,224,14401.6666666667,3,11,1.57142857142857,17213.8333333333
152,oracle,1,224,14401.6666666667,3,12,1.71428571428571,17213.8333333333
152,oracle,1,224,14401.6666666667,3,13,1.85714285714286,17213.8333333333
152,oracle,1,224,14401.6666666667,3,14,2,17213.8333333333
152,oracle,1,224,14401.6666666667,3,15,2.14285714285714,17213.8333333333
152,oracle,1,224,14401.6666666667,3,16,2.28571428571429,17213.8333333333
152,oracle,1,224,14401.6666666667,3,17,2.42857142857143,17213.8333333333
152,oracle,1,224,14401.6666666667,3,18,2.57142857142857,17213.8333333333
152,oracle,1,224,14401.6666666667,3,19,2.71428571428571,17213.8333333333
152,oracle,1,224,14401.6666666667,3,20,2.85714285714286,17213.8333333333
152,oracle,1,224,14401.6666666667,3,21,3,17213.8333333333
153,oracle,1,224,17282,0.2,0,0,17282
153,oracle,1,224,17282,0.2,1,0.2,17282
154,oracle,1,224,17282,3,0,0,17282
154,oracle,1,224,17282,3,1,0.142857142857143,17282
154,oracle,1,224,17282,3,2,0.285714285714286,17282
154,oracle,1,224,17282,3,3,0.428571428571429,17282
154,oracle,1,224,17282,3,4,0.571428571428571,17282
154,oracle,1,224,17282,3,5,0.714285714285714,17282
154,oracle,1,224,17282,3,6,0.857142857142857,17282
154,oracle,1,224,17282,3,7,1,17282
154,oracle,1,224,17282,3,8,1.14285714285714,17282
154,oracle,1,224,17282,3,9,1.28571428571429,17282
154,oracle,1,224,17282,3,10,1.42857142857143,17282
154,oracle,1,224,17282,3,11,1.57142857142857,17282
154,oracle,1,224,17282,3,12,1.71428571428571,17282
154,oracle,1,224,17282,3,13,1.85714285714286,17282
154,oracle,1,224,17282,3,14,2,17282
154,oracle,1,224,17282,3,15,2.14285714285714,17282
154,oracle,1,224,17282,3,16,2.28571428571429,17282
154,oracle,1,224,17282,3,17,2.42857142857143,17282
154,oracle,1,224,17282,3,18,2.57142857142857,17282
154,oracle,1,224,17282,3,19,2.71428571428571,17282
154,oracle,1,224,17282,3,20,2.85714285714286,17282
154,oracle,1,224,17282,3,21,3,17282
155,oracle,1,-224,-788,0.2,0,0,-788
155,oracle,1,-224,-788,0.2,1,0.2,-788
156,oracle,1,-224,-788,3,0,0,-788
156,oracle,1,-224,-788,3,1,0.142857142857143,-788
156,oracle,1,-224,-788,3,2,0.285714285714286,-788
156,oracle,1,-224,-788,3,3,0.428571428571429,-788
156,oracle,1,-224,-788,3,4,0.571428571428571,-788
156,oracle,1,-224,-788,3,5,0.714285714285714,-788
156,oracle,1,-224,-788,3,6,0.857142857142857,-788
156,oracle,1,-224,-788,3,7,1,-788
156,oracle,1,-224,-788,3,8,1.14285714285714,-788
156,oracle,1,-224,-788,3,9,1.28571428571429,-788
156,oracle,1,-224,-788,3,10,1.42857142857143,-788
156,oracle,1,-224,-788,3,11,1.57142857142857,-788
156,oracle,1,-224,-788,3,12,1.71428571428571,-788
156,oracle,1,-224,-788,3,13,1.85714285714286,-788
156,oracle,1,-224,-788,3,14,2,-788
156,oracle,1,-224,-788,3,15,2.14285714285714,-788
156,oracle,1,-224,-788,3,16,2.28571428571429,-788
156,oracle,1,-224,-788,3,17,2.42857142857143,-788
156,oracle,1,-224,-788,3,18,2.57142857142857,-788
156,oracle,1,-224,-788,3,19,2.71428571428571,-788
156,oracle,1,-224,-788,3,20,2.85714285714286,-788
156,oracle,1,-224,-788,3,21,3,-788
157,oracle,1,-224,2223.5,0.2,0,0,2223.5
157,oracle,1,-224,2223.5,0.2,1,0.2,-706.333333333333
158,oracle,1,-224,2223.5,3,0,0,2223.5
158,oracle,1,-224,2223.5,3,1,0.142857142857143,-706.333333333333
158,oracle,1,-224,2223.5,3,2,0.285714285714286,-706.333333333333
158,oracle,1,-224,2223.5,3,3,0.428571428571429,-706.333333333333
158,oracle,1,-224,2223.5,3,4,0.571428571428571,-706.333333333333
158,oracle,1,-224,2223.5,3,5,0.714285714285714,-706.333333333333
158,oracle,1,-224,2223.5,3,6,0.857142857142857,-706.333333333333
158,oracle,1,-224,2223.5,3,7,1,-706.333333333333
158,oracle,1,-224,2223.5,3,8,1.14285714285714,-706.333333333333
158,oracle,1,-224,2223.5,3,9,1.28571428571429,-706.333333333333
158,oracle,1,-224,2223.5,3,10,1.42857142857143,-706.333333333333
158,oracle,1,-224,2223.5,3,11,1.57142857142857,-706.333333333333
158,oracle,1,-224,2223.5,3,12,1.71428571428571,-706.333333333333
158,oracle,1,-224,2223.5,3,13,1.85714285714286,-706.333333333333
158,oracle,1,-224,2223.5,3,14,2,-706.333333333333
158,oracle,1,-224,2223.5,3,15,2.14285714285714,-706.333333333333
158,oracle,1,-224,2223.5,3,16,2.28571428571429,-706.333333333333
158,oracle,1,-224,2223.5,3,17,2.42857142857143,-706.333333333333
158,oracle,1,-224,2223.5,3,18,2.57142857142857,-706.333333333333
158,oracle,1,-224,2223.5,3,19,2.71428571428571,-706.333333333333
158,oracle,1,-224,2223.5,3,20,2.85714285714286,-706.333333333333
158,oracle,1,-224,2223.5,3,21,3,-706.333333333333
159,oracle,1,-224,5235,0.2,0,0,5235
159,oracle,1,-224,5235,0.2,1,0.2,-706.333333333333
160,oracle,1,-224,5235,3,0,0,5235
160,oracle,1,-224,5235,3,1,0.142857142857143,-706.333333333333
160,oracle,1,-224,5235,3,2,0.285714285714286,-706.333333333333
160,oracle,1,-224,5235,3,3,0.428571428571429,-706.333333333333
160,oracle,1,-224,5235,3,4,0.571428571428571,-706.333333333333
160,oracle,1,-224,5235,3,5,0.714285714285714,-706.333333333333
160,oracle,1,-224,5235,3,6,0.857142857142857,-706.333333333333
160,oracle,1,-224,5235,3,7,1,-706.333333333333
160,oracle,1,-224,5235,3,8,1.14285714285714,-706.333333333333
160,oracle,1,-224,5235,3,9,1.28571428571429,-706.333333333333
160,oracle,1,-224,5235,3,10,1.42857142857143,-706.333333333333
160,oracle,1,-224,5235,3,11,1.57142857142857,-706.333333333333
160,oracle,1,-224,5235,3,12,1.71428571428571,-706.333333333333
160,oracle,1,-224,5235,3,13,1.85714285714286,-706.333333333333
160,oracle,1,-224,5235,3,14,2,-706.333333333333
160,oracle,1,-224,5235,3,15,2.14285714285714,-706.333333333333
160,oracle,1,-224,5235,3,16,2.28571428571429,-706.333333333333
160,oracle,1,-224,5235,3,17,2.42857142857143,-706.333333333333
160,oracle,1,-224,5235,3,18,2.57142857142857,-706.333333333333
160,oracle,1,-224,5235,3,19,2.71428571428571,-706.333333333333
160,oracle,1,-224,5235,3,20,2.85714285714286,-706.333333333333
160,oracle,1,-224,5235,3,21,3,-706.333333333333
161,oracle,1,-224,8246.5,0.2,0,0,8246.5
161,oracle,1,-224,8246.5,0.2,1,0.2,-706.333333333333
162,oracle,1,-224,8246.5,3,0,0,8246.5
162,oracle,1,-224,8246.5,3,1,0.142857142857143,-390.666666666667
162,oracle,1,-224,8246.5,3,2,0.285714285714286,-706.333333333333
162,oracle,1,-224,8246.5,3,3,0.428571428571429,-706.333333333333
162,oracle,1,-224,8246.5,3,4,0.571428571428571,-706.333333333333
162,oracle,1,-224,8246.5,3,5,0.714285714285714,-706.333333333333
162,oracle,1,-224,8246.5,3,6,0.857142857142857,-706.333333333333
162,oracle,1,-224,8246.5,3,7,1,-706.333333333333
162,oracle,1,-224,8246.5,3,8,1.14285714285714,-706.333333333333
162,oracle,1,-224,8246.5,3,9,1.28571428571429,-706.333333333333
162,oracle,1,-224,8246.5,3,10,1.42857142857143,-706.333333333333
162,oracle,1,-224,8246.5,3,11,1.57142857142857,-706.333333333333
162,oracle,1,-224,8246.5,3,12,1.71428571428571,-706.333333333333
162,oracle,1,-224,8246.5,3,13,1.85714285714286,-706.333333333333
162,oracle,1,-224,8246.5,3,14,2,-706.333333333333
162,oracle,1,-224,8246.5,3,15,2.14285714285714,-706.333333333333
162,oracle,1,-224,8246.5,3,16,2.28571428571429,-706.333333333333
162,oracle,1,-224,8246.5,3,17,2.42857142857143,-706.333333333333
162,oracle,1,-224,8246.5,3,18,2.57142857142857,-706.333333333333
162,oracle,1,-224,8246.5,3,19,2.71428571428571,-706.333333333333
162,oracle,1,-224,8246.5,3,20,2.85714285714286,-706.333333333333
162,oracle,1,-224,8246.5,3,21,3,-706.333333333333
163,oracle,1,-224,11258,0.2,0,0,11258
163,oracle,1,-224,11258,0.2,1,0.2,-578.333333333333
164,oracle,1,-224,11258,3,0,0,11258
164,oracle,1,-224,11258,3,1,0.142857142857143,2494
164,oracle,1,-224,11258,3,2,0.285714285714286,-706.333333333333
164,oracle,1,-224,11258,3,3,0.428571428571429,-706.333333333333
164,oracle,1,-224,11258,3,4,0.571428571428571,-706.333333333333
164,oracle,1,-224,11258,3,5,0.714285714285714,-706.333333333333
164,oracle,1,-224,11258,3,6,0.857142857142857,-706.333333333333
164,oracle,1,-224,11258,3,7,1,-706.333333333333
164,oracle,1,-224,11258,3,8,1.14285714285714,-706.333333333333
164,oracle,1,-224,11258,3,9,1.28571428571429,-706.333333333333
164,oracle,1,-224,11258,3,10,1.42857142857143,-706.333333333333
164,oracle,1,-224,11258,3,11,1.57142857142857,-706.333333333333
164,oracle,1,-224,11258,3,12,1.71428571428571,-706.333333333333
164,oracle,1,-224,11258,3,13,1.85714285714286,-706.333333333333
164,oracle,1,-224,11258,3,14,2,-706.333333333333
164,oracle,1,-224,11258,3,15,2.14285714285714,-706.333333333333
164,oracle,1,-224,11258,3,16,2.28571428571429,-706.333333333333
164,oracle,1,-224,11258,3,17,2.42857142857143,-706.333333333333
164,oracle,1,-224,11258,3,18,2.57142857142857,-706.333333333333
164,oracle,1,-224,11258,3,19,2.71428571428571,-706.333333333333
164,oracle,1,-224,11258,3,20,2.85714285714286,-706.333333333333
164,oracle,1,-224,11258,3,21,3,-706.333333333333
165,oracle,1,-224,14269.5,0.2,0,0,14269.5
165,oracle,1,-224,14269.5,0.2,1,0.2,2235.83333333333
166,oracle,1,-224,14269.5,3,0,0,14269.5
166,oracle,1,-224,14269.5,3,1,0.142857142857143,5771.83333333333
166,oracle,1,-224,14269.5,3,2,0.285714285714286,-706.333333333333
166,oracle,1,-224,14269.5,3,3,0.428571428571429,-706.333333333333
166,oracle,1,-224,14269.5,3,4,0.571428571428571,-706.333333333333
166,oracle,1,-224,14269.5,3,5,0.714285714285714,-706.333333333333
166,oracle,1,-224,14269.5,3,6,0.857142857142857,-706.333333333333
166,oracle,1,-224,14269.5,3,7,1,-706.333333333333
166,oracle,1,-224,14269.5,3,8,1.14285714285714,-706.333333333333
166,oracle,1,-224,14269.5,3,9,1.28571428571429,-706.333333333333
166,oracle,1,-224,14269.5,3,10,1.42857142857143,-706.333333333333
166,oracle,1,-224,14269.5,3,11,1.57142857142857,-706.333333333333
166,oracle,1,-224,14269.5,3,12,1.71428571428571,-706.333333333333
166,oracle,1,-224,14269.5,3,13,1.85714285714286,-706.333333333333
166,oracle,1,-224,14269.5,3,14,2,-706.333333333333
166,oracle,1,-224,14269.5,3,15,2.14285714285714,-706.333333333333
166,oracle,1,-224,14269.5,3,16,2.28571428571429,-706.333333333333
166,oracle,1,-224,14269.5,3,17,2.42857142857143,-706.333333333333
166,oracle,1,-224,14269.5,3,18,2.57142857142857,-706.333333333333
166,oracle,1,-224,14269.5,3,19,2.71428571428571,-706.333333333333
166,oracle,1,-224,14269.5,3,20,2.85714285714286,-706.333333333333
166,oracle,1,-224,14269.5,3,21,3,-706.333333333333
167,oracle,1,-224,17281,0.2,0,0,17281
167,oracle,1,-224,17281,0.2,1,0.2,5833.66666666667
168,oracle,1,-224,17281,3,0,0,17281
168,oracle,1,-224,17281,3,1,0.142857142857143,9312.66666666667
168,oracle,1,-224,17281,3,2,0.285714285714286,512.5
168,oracle,1,-224,17281,3,3,0.428571428571429,-706.333333333333
168,oracle,1,-224,17281,3,4,0.571428571428571,-706.333333333333
168,oracle,1,-224,17281,3,5,0.714285714285714,-706.333333333333
168,oracle,1,-224,17281,3,6,0.857142857142857,-706.333333333333
168,oracle,1,-224,17281,3,7,1,-706.333333333333
168,oracle,1,-224,17281,3,8,1.14285714285714,-706.333333333333
168,oracle,1,-224,17281,3,9,1.28571428571429,-706.333333333333
168,oracle,1,-224,17281,3,10,1.42857142857143,-706.333333333333
168,oracle,1,-224,17281,3,11,1.57142857142857,-706.333333333333
168,oracle,1,-224,17281,3,12,1.71428571428571,-706.333333333333
168,oracle,1,-224,17281,3,13,1.85714285714286,-706.333333333333
168,oracle,1,-224,17281,3,14,2,-706.333333333333
168,oracle,1,-224,17281,3,15,2.14285714285714,-706.333333333333
168,oracle,1,-224,17281,3,16,2.28571428571429,-706.333333333333
168,oracle,1,-224,17281,3,17,2.42857142857143,-706.333333333333
168,oracle,1,-224,17281,3,18,2.57142857142857,-706.333333333333
168,oracle,1,-224,17281,3,19,2.71428571428571,-706.333333333333
168,oracle,1,-224,17281,3,20,2.85714285714286,-706.333333333333
168,oracle,1,-224,17281,3,21,3,-706.333333333333
169,oracle,1,255,0,0.2,0,0,0
169,oracle,1,255,0,0.2,1,0.2,11176.6666666667
170,oracle,1,255,0,3,0,0,0
170,oracle,1,255,0,3,1,0.142857142857143,7924.66666666667
170,oracle,1,255,0,3,2,0.285714285714286,15893.8333333333
170,oracle,1,255,0,3,3,0.428571428571429,17246.5
170,oracle,1,255,0,3,4,0.571428571428571,17246.5
170,oracle,1,255,0,3,5,0.714285714285714,17246.5
170,oracle,1,255,0,3,6,0.857142857142857,17246.5
170,oracle,1,255,0,3,7,1,17246.5
170,oracle,1,255,0,3,8,1.14285714285714,17246.5
170,oracle,1,255,0,3,9,1.28571428571429,17246.5
170,oracle,1,255,0,3,10,1.42857142857143,17246.5
170,oracle,1,255,0,3,11,1.57142857142857,17246.5
170,oracle,1,255,0,3,12,1.71428571428571,17246.5
170,oracle,1,255,0,3,13,1.85714285714286,17246.5
170,oracle,1,255,0,3,14,2,17246.5
170,oracle,1,255,0,3,15,2.14285714285714,17246.5
170,oracle,1,255,0,3,16,2.28571428571429,17246.5
170,oracle,1,255,0,3,17,2.42857142857143,17246.5
170,oracle,1,255,0,3,18,2.57142857142857,17246.5
170,oracle,1,255,0,3,19,2.71428571428571,17246.5
170,oracle,1,255,0,3,20,2.85714285714286,17246.5
170,oracle,1,255,0,3,21,3,17246.5
171,oracle,1,255,2895.83333333333,0.2,0,0,2895.83333333333
171,oracle,1,255,2895.83333333333,0.2,1,0.2,14281.1666666667
172,oracle,1,255,2895.83333333333,3,0,0,2895.83333333333
172,oracle,1,255,2895.83333333333,3,1,0.142857142857143,11120
172,oracle,1,255,2895.83333333333,3,2,0.285714285714286,17246.5
172,oracle,1,255,2895.83333333333,3,3,0.428571428571429,17246.5
172,oracle,1,255,2895.83333333333,3,4,0.571428571428571,17246.5
172,oracle,1,255,2895.83333333333,3,5,0.714285714285714,17246.5
172,oracle,1,255,2895.83333333333,3,6,0.857142857142857,17246.5
172,oracle,1,255,2895.83333333333,3,7,1,17246.5
172,oracle,1,255,2895.83333333333,3,8,1.14285714285714,17246.5
172,oracle,1,255,2895.83333333333,3,9,1.28571428571429,17246.5
172,oracle,1,255,2895.83333333333,3,10,1.42857142857143,17246.5
172,oracle,1,255,2895.83333333333,3,11,1.57142857142857,17246.5
172,oracle,1,255,2895.83333333333,3,12,1.71428571428571,17246.5
172,oracle,1,255,2895.83333333333,3,13,1.85714285714286,17246.5
172,oracle,1,255,2895.83333333333,3,14,2,17246.5
172,oracle,1,255,2895.83333333333,3,15,2.14285714285714,17246.5
172,oracle,1,255,2895.83333333333,3,16,2.28571428571429,17246.5
172,oracle,1,255,2895.83333333333,3,17,2.42857142857143,17246.5
172,oracle,1,255,2895.83333333333,3,18,2.57142857142857,17246.5
172,oracle,1,255,2895.83333333333,3,19,2.71428571428571,17246.5
172,oracle,1,255,2895.83333333333,3,20,2.85714285714286,17246.5
172,oracle,1,255,2895.83333333333,3,21,3,17246.5
173,oracle,1,255,5791.66666666667,0.2,0,0,5791.66666666667
173,oracle,1,255,5791.66666666667,0.2,1,0.2,16810.5
174,oracle,1,255,5791.66666666667,3,0,0,5791.66666666667
174,oracle,1,255,5791.66666666667,3,1,0.142857142857143,13899.6666666667
174,oracle,1,255,5791.66666666667,3,2,0.285714285714286,17246.5
174,oracle,1,255,5791.66666666667,3,3,0.428571428571429,17246.5
174,oracle,1,255,5791.66666666667,3,4,0.571428571428571,17246.5
174,oracle,1,255,5791.66666666667,3,5,0.714285714285714,17246.5
174,oracle,1,255,5791.66666666667,3,6,0.857142857142857,17246.5
174,oracle,1,255,5791.66666666667,3,7,1,17246.5
174,oracle,1,255,5791.66666666667,3,8,1.14285714285714,17246.5
174,oracle,1,255,5791.66666666667,3,9,1.28571428571429,17246.5
174,oracle,1,255,5791.66666666667,3,10,1.42857142857143,17246.5
174,oracle,1,255,5791.66666666667,3,11,1.57142857142857,17246.5
174,oracle,1,255,5791.66666666667,3,12,1.71428571428571,17246.5
174,oracle,1,255,5791.66666666667,3,13,1.85714285714286,17246.5
174,oracle,1,255,5791.66666666667,3,14,2,17246.5
174,oracle,1,255,5791.66666666667,3,15,2.14285714285714,17246.5
174,oracle,1,255,5791.66666666667,3,16,2.28571428571429,17246.5
174,oracle,1,255,5791.66666666667,3,17,2.42857142857143,17246.5
174,oracle,1,255,5791.66666666667,3,18,2.57142857142857,17246.5
174,oracle,1,255,5791.66666666667,3,19,2.71428571428571,17246.5
174,oracle,1,255,5791.66666666667,3,20,2.85714285714286,17246.5
174,oracle,1,255,5791.66666666667,3,21,3,17246.5
175,oracle,1,255,8687.5,0.2,0,0,8687.5
175,oracle,1,255,8687.5,0.2,1,0.2,17246.5
176,oracle,1,255,8687.5,3,0,0,8687.5
176,oracle,1,255,8687.5,3,1,0.142857142857143,16582.8333333333
176,oracle,1,255,8687.5,3,2,0.285714285714286,17246.5
176,oracle,1,255,8687.5,3,3,0.428571428571429,17246.5
176,oracle,1,255,8687.5,3,4,0.571428571428571,17246.5
176,oracle,1,255,8687.5,3,5,0.714285714285714,17246.5
176,oracle,1,255,8687.5,3,6,0.857142857142857,17246.5
176,oracle,1,255,8687.5,3,7,1,17246.5
176,oracle,1,255,8687.5,3,8,1.14285714285714,17246.5
176,oracle,1,255,8687.5,3,9,1.28571428571429,17246.5
176,oracle,1,255,8687.5,3,10,1.42857142857143,17246.5
176,oracle,1,255,8687.5,3,11,1.57142857142857,17246.5
176,oracle,1,255,8687.5,3,12,1.71428571428571,17246.5
176,oracle,1,255,8687.5,3,13,1.85714285714286,17246.5
176,oracle,1,255,8687.5,3,14,2,17246.5
176,oracle,1,255,8687.5,3,15,2.14285714285714,17246.5
176,oracle,1,255,8687.5,3,16,2.28571428571429,17246.5
176,oracle,1,255,8687.5,3,17,2.42857142857143,17246.5
176,oracle,1,255,8687.5,3,18,2.57142857142857,17246.5
176,oracle,1,255,8687.5,3,19,2.71428571428571,17246.5
176,oracle,1,255,8687.5,3,20,2.85714285714286,17246.5
176,oracle,1,255,8687.5,3,21,3,17246.5
177,oracle,1,255,11583.3333333333,0.2,0,0,11583.3333333333
177,oracle,1,255,11583.3333333333,0.2,1,0.2,17246.5
178,oracle,1,255,11583.3333333333,3,0,0,11583.3333333333
178,oracle,1,255,11583.3333333333,3,1,0.142857142857143,17246.5
178,oracle,1,255,11583.3333333333,3,2,0.285714285714286,17246.5
178,oracle,1,255,11583.3333333333,3,3,0.428571428571429,17246.5
178,oracle,1,255,11583.3333333333,3,4,0.571428571428571,17246.5
178,oracle,1,255,11583.3333333333,3,5,0.714285714285714,17246.5
178,oracle,1,255,11583.3333333333,3,6,0.857142857142857,17246.5
178,oracle,1,255,11583.3333333333,3,7,1,17246.5
178,oracle,1,255,11583.3333333333,3,8,1.14285714285714,17246.5
178,oracle,1,255,11583.3333333333,3,9,1.28571428571429,17246.5
178,oracle,1,255,11583.3333333333,3,10,1.42857142857143,17246.5
178,oracle,1,255,11583.3333333333,3,11,1.57142857142857,17246.5
178,oracle,1,255,11583.3333333333,3,12,1.71428571428571,17246.5
178,oracle,1,255,11583.3333333333,3,13,1.85714285714286,17246.5
178,oracle,1,255,11583.3333333333,3,14,2,17246.5
178,oracle,1,255,11583.3333333333,3,15,2.14285714285714,17246.5
178,oracle,1,255,11583.3333333333,3,16,2.28571428571429,17246.5
178,oracle,1,255,11583.3333333333,3,17,2.42857142857143,17246.5
178,oracle,1,255,11583.3333333333,3,18,2.57142857142857,17246.5
178,oracle,1,255,11583.3333333333,3,19,2.71428571428571,17246.5
178,oracle,1,255,11583.3333333333,3,20,2.85714285714286,17246.5
178,oracle,1,255,11583.3333333333,3,21,3,17246.5
179,oracle,1,255,14479.1666666667,0.2,0,0,14479.1666666667
179,oracle,1,255,14479.1666666667,0.2,1,0.2,17246.5
180,oracle,1,255,14479.1666666667,3,0,0,14479.1666666667
180,oracle,1,255,14479.1666666667,3,1,0.142857142857143,17246.5
180,oracle,1,255,14479.1666666667,3,2,0.285714285714286,17246.5
180,oracle,1,255,14479.1666666667,3,3,0.428571428571429,17246.5
180,oracle,1,255,14479.1666666667,3,4,0.571428571428571,17246.5
180,oracle,1,255,14479.1666666667,3,5,0.714285714285714,17246.5
180,oracle,1,255,14479.1666666667,3,6,0.857142857142857,17246.5
180,oracle,1,255,14479.1666666667,3,7,1,17246.5
180,oracle,1,255,14479.1666666667,3,8,1.14285714285714,17246.5
180,oracle,1,255,14479.1666666667,3,9,1.28571428571429,17246.5
180,oracle,1,255,14479.1666666667,3,10,1.42857142857143,17246.5
180,oracle,1,255,14479.1666666667,3,11,1.57142857142857,17246.5
180,oracle,1,255,14479.1666666667,3,12,1.71428571428571,17246.5
180,oracle,1,255,14479.1666666667,3,13,1.85714285714286,17246.5
180,oracle,1,255,14479.1666666667,3,14,2,17246.5
180,oracle,1,255,14479.1666666667,3,15,2.14285714285714,17246.5
180,oracle,1,255,14479.1666666667,3,16,2.28571428571429,17246.5
180,oracle,1,255,14479.1666666667,3,17,2.42857142857143,17246.5
180,oracle,1,255,14479.1666666667,3,18,2.57142857142857,17246.5
180,oracle,1,255,14479.1666666667,3,19,2.71428571428571,17246.5
180,oracle,1,255,14479.1666666667,3,20,2.85714285714286,17246.5
180,oracle,1,255,14479.1666666667,3,21,3,17246.5
181,oracle,1,255,17375,0.2,0,0,17375
181,oracle,1,255,17375,0.2,1,0.2,17375
182,oracle,1,255,17375,3,0,0,17375
182,oracle,1,255,17375,3,1,0.142857142857143,17375
182,oracle,1,255,17375,3,2,0.285714285714286,17375
182,oracle,1,255,17375,3,3,0.428571428571429,17375
182,oracle,1,255,17375,3,4,0.571428571428571,17375
182,oracle,1,255,17375,3,5,0.714285714285714,17375
182,oracle,1,255,17375,3,6,0.857142857142857,17375
182,oracle,1,255,17375,3,7,1,17375
182,oracle,1,255,17375,3,8,1.14285714285714,17375
182,oracle,1,255,17375,3,9,1.28571428571429,17375
182,oracle,1,255,17375,3,10,1.42857142857143,17375
182,oracle,1,255,17375,3,11,1.57142857142857,17375
182,oracle,1,255,17375,3,12,1.71428571428571,17375
182,oracle,1,255,17375,3,13,1.85714285714286,17375
182,oracle,1,255,17375,3,14,2,17375
182,oracle,1,255,17375,3,15,2.14285714285714,17375
182,oracle,1,255,17375,3,16,2.28571428571429,17375
182,oracle,1,255,17375,3,17,2.42857142857143,17375
182,oracle,1,255,17375,3,18,2.57142857142857,17375
182,oracle,1,255,17375,3,19,2.71428571428571,17375
182,oracle,1,255,17375,3,20,2.85714285714286,17375
182,oracle,1,255,17375,3,21,3,17375
183,oracle,1,-255,-871,0.2,0,0,-871
183,oracle,1,-255,-871,0.2,1,0.2,-871
184,oracle,1,-255,-871,3,0,0,-871
184,oracle,1,-255,-871,3,1,0.142857142857143,-871
184,oracle,1,-255,-871,3,2,0.285714285714286,-871
184,oracle,1,-255,-871,3,3,0.428571428571429,-871
184,oracle,1,-255,-871,3,4,0.571428571428571,-871
184,oracle,1,-255,-871,3,5,0.714285714285714,-871
184,oracle,1,-255,-871,3,6,0.857142857142857,-871
184,oracle,1,-255,-871,3,7,1,-871
184,oracle,1,-255,-871,3,8,1.14285714285714,-871
184,oracle,1,-255,-871,3,9,1.28571428571429,-871
184,oracle,1,-255,-871,3,10,1.42857142857143,-871
184,oracle,1,-255,-871,3,11,1.57142857142857,-871
184,oracle,1,-255,-871,3,12,1.71428571428571,-871
184,oracle,1,-255,-871,3,13,1.85714285714286,-871
184,oracle,1,-255,-871,3,14,2,-871
184,oracle,1,-255,-871,3,15,2.14285714285714,-871
184,oracle,1,-255,-871,3,16,2.28571428571429,-871
184,oracle,1,-255,-871,3,17,2.42857142857143,-871
184,oracle,1,-255,-871,3,18,2.57142857142857,-871
184,oracle,1,-255,-871,3,19,2.71428571428571,-871
184,oracle,1,-255,-871,3,20,2.85714285714286,-871
184,oracle,1,-255,-871,3,21,3,-871
185,oracle,1,-255,2170,0.2,0,0,2170
185,oracle,1,-255,2170,0.2,1,0.2,-788.666666666667
186,oracle,1,-255,2170,3,0,0,2170
186,oracle,1,-255,2170,3,1,0.142857142857143,-788.666666666667
186,oracle,1,-255,2170,3,2,0.285714285714286,-788.666666666667
186,oracle,1,-255,2170,3,3,0.428571428571429,-788.666666666667
186,oracle,1,-255,2170,3,4,0.571428571428571,-788.666666666667
186,oracle,1,-255,2170,3,5,0.714285714285714,-788.666666666667
186,oracle,1,-255,2170,3,6,0.857142857142857,-788.666666666667
186,oracle,1,-255,2170,3,7,1,-788.666666666667
186,oracle,1,-255,2170,3,8,1.14285714285714,-788.666666666667
186,oracle,1,-255,2170,3,9,1.28571428571429,-788.666666666667
186,oracle,1,-255,2170,3,10,1.42857142857143,-788.666666666667
186,oracle,1,-255,2170,3,11,1.57142857142857,-788.666666666667
186,oracle,1,-255,2170,3,12,1.71428571428571,-788.666666666667
186,oracle,1,-255,2170,3,13,1.85714285714286,-788.666666666667
186,oracle,1,-255,2170,3,14,2,-788.666666666667
186,oracle,1,-255,2170,3,15,2.14285714285714,-788.666666666667
186,oracle,1,-255,2170,3,16,2.28571428571429,-788.666666666667
186,oracle,1,-255,2170,3,17,2.42857142857143,-788.666666666667
186,oracle,1,-255,2170,3,18,2.57142857142857,-788.666666666667
186,oracle,1,-255,2170,3,19,2.71428571428571,-788.666666666667
186,oracle,1,-255,2170,3,20,2.85714285714286,-788.666666666667
186,oracle,1,-255,2170,3,21,3,-788.666666666667
187,oracle,1,-255,5211,0.2,0,0,5211
187,oracle,1,-255,5211,0.2,1,0.2,-788.666666666667
188,oracle,1,-255,5211,3,0,0,5211
188,oracle,1,-255,5211,3,1,0.142857142857143,-788.666666666667
188,oracle,1,-255,5211,3,2,0.285714285714286,-788.666666666667
188,oracle,1,-255,5211,3,3,0.428571428571429,-788.666666666667
188,oracle,1,-255,5211,3,4,0.571428571428571,-788.666666666667
188,oracle,1,-255,5211,3,5,0.714285714285714,-788.666666666667
188,oracle,1,-255,5211,3,6,0.857142857142857,-788.666666666667
188,oracle,1,-255,5211,3,7,1,-788.666666666667
188,oracle,1,-255,5211,3,8,1.14285714285714,-788.666666666667
188,oracle,1,-255,5211,3,9,1.28571428571429,-788.666666666667
188,oracle,1,-255,5211,3,10,1.42857142857143,-788.666666666667
188,oracle,1,-255,5211,3,11,1.57142857142857,-788.666666666667
188,oracle,1,-255,5211,3,12,1.71428571428571,-788.666666666667
188,oracle,1,-255,5211,3,13,1.85714285714286,-788.666666666667
188,oracle,1,-255,5211,3,14,2,-788.666666666667
188,oracle,1,-255,5211,3,15,2.14285714285714,-788.666666666667
188,oracle,1,-255,5211,3,16,2.28571428571429,-788.666666666667
188,oracle,1,-255,5211,3,17,2.42857142857143,-788.666666666667
188,oracle,1,-255,5211,3,18,2.57142857142857,-788.666666666667
188,oracle,1,-255,5211,3,19,2.71428571428571,-788.666666666667
188,oracle,1,-255,5211,3,20,2.85714285714286,-788.666666666667
188,oracle,1,-255,5211,3,21,3,-788.666666666667
189,oracle,1,-255,8252,0.2,0,0,8252
189,oracle,1,-255,8252,0.2,1,0.2,-788.666666666667
190,oracle,1,-255,8252,3,0,0,8252
190,oracle,1,-255,8252,3,1,0.142857142857143,-664.833333333333
190,oracle,1,-255,8252,3,2,0.285714285714286,-788.666666666667
190,oracle,1,-255,8252,3,3,0.428571428571429,-788.666666666667
190,oracle,1,-255,8252,3,4,0.571428571428571,-788.666666666667
190,oracle,1,-255,8252,3,5,0.714285714285714,-788.666666666667
190,oracle,1,-255,8252,3,6,0.857142857142857,-788.666666666667
190,oracle,1,-255,8252,3,7,1,-788.666666666667
190,oracle,1,-255,8252,3,8,1.14285714285714,-788.666666666667
190,oracle,1,-255,8252,3,9,1.28571428571429,-788.666666666667
190,oracle,1,-255,8252,3,10,1.42857142857143,-788.666666666667
190,oracle,1,-255,8252,3,11,1.57142857142857,-788.666666666667
190,oracle,1,-255,8252,3,12,1.71428571428571,-788.666666666667
190,oracle,1,-255,8252,3,13,1.85714285714286,-788.666666666667
190,oracle,1,-255,8252,3,14,2,-788.666666666667
190,oracle,1,-255,8252,3,15,2.14285714285714,-788.666666666667
190,oracle,1,-255,8252,3,16,2.28571428571429,-788.666666666667
190,oracle,1,-255,8252,3,17,2.42857142857143,-788.666666666667
190,oracle,1,-255,8252,3,18,2.57142857142857,-788.666666666667
190,oracle,1,-255,8252,3,19,2.71428571428571,-788.666666666667
190,oracle,1,-255,8252,3,20,2.85714285714286,-788.666666666667
190,oracle,1,-255,8252,3,21,3,-788.666666666667
191,oracle,1,-255,11293,0.2,0,0,11293
191,oracle,1,-255,11293,0.2,1,0.2,-774
192,oracle,1,-255,11293,3,0,0,11293
192,oracle,1,-255,11293,3,1,0.142857142857143,2046
192,oracle,1,-255,11293,3,2,0.285714285714286,-788.666666666667
192,oracle,1,-255,11293,3,3,0.428571428571429,-788.666666666667
192,oracle,1,-255,11293,3,4,0.571428571428571,-788.666666666667
192,oracle,1,-255,11293,3,5,0.714285714285714,-788.666666666667
192,oracle,1,-255,11293,3,6,0.857142857142857,-788.666666666667
192,oracle,1,-255,11293,3,7,1,-788.666666666667
192,oracle,1,-255,11293,3,8,1.14285714285714,-788.666666666667
192,oracle,1,-255,11293,3,9,1.28571428571429,-788.666666666667
192,oracle,1,-255,11293,3,10,1.42857142857143,-788.666666666667
192,oracle,1,-255,11293,3,11,1.57142857142857,-788.666666666667
192,oracle,1,-255,11293,3,12,1.71428571428571,-788.666666666667
192,oracle,1,-255,11293,3,13,1.85714285714286,-788.666666666667
192,oracle,1,-255,11293,3,14,2,-788.666666666667
192,oracle,1,-255,11293,3,15,2.14285714285714,-788.666666666667
192,oracle,1,-255,11293,3,16,2.28571428571429,-788.666666666667
192,oracle,1,-255,11293,3,17,2.42857142857143,-788.666666666667
192,oracle,1,-255,11293,3,18,2.57142857142857,-788.666666666667
192,oracle,1,-255,11293,3,19,2.71428571428571,-788.666666666667
192,oracle,1,-255,11293,3,20,2.85714285714286,-788.666666666667
192,oracle,1,-255,11293,3,21,3,-788.666666666667
193,oracle,1,-255,14334,0.2,0,0,14334
193,oracle,1,-255,14334,0.2,1,0.2,1526.66666666667
194,oracle,1,-255,14334,3,0,0,14334
194,oracle,1,-255,14334,3,1,0.142857142857143,5228.33333333333
194,oracle,1,-255,14334,3,2,0.285714285714286,-788.666666666667
194,oracle,1,-255,14334,3,3,0.428571428571429,-788.666666666667
194,oracle,1,-255,14334,3,4,0.571428571428571,-788.666666666667
194,oracle,1,-255,14334,3,5,0.714285714285714,-788.666666666667
194,oracle,1,-255,14334,3,6,0.857142857142857,-788.666666666667
194,oracle,1,-255,14334,3,7,1,-788.666666666667
194,oracle,1,-255,14334,3,8,1.14285714285714,-788.666666666667
194,oracle,1,-255,14334,3,9,1.28571428571429,-788.666666666667
194,oracle,1,-255,14334,3,10,1.42857142857143,-788.666666666667
194,oracle,1,-255,14334,3,11,1.57142857142857,-788.666666666667
194,oracle,1,-255,14334,3,12,1.71428571428571,-788.666666666667
194,oracle,1,-255,14334,3,13,1.85714285714286,-788.666666666667
194,oracle,1,-255,14334,3,14,2,-788.666666666667
194,oracle,1,-255,14334,3,15,2.14285714285714,-788.666666666667
194,oracle,1,-255,14334,3,16,2.28571428571429,-788.666666666667
194,oracle,1,-255,14334,3,17,2.42857142857143,-788.666666666667
194,oracle,1,-255,14334,3,18,2.57142857142857,-788.666666666667
194,oracle,1,-255,14334,3,19,2.71428571428571,-788.666666666667
194,oracle,1,-255,14334,3,20,2.85714285714286,-788.666666666667
194,oracle,1,-255,14334,3,21,3,-788.666666666667
195,oracle,1,-255,17375,0.2,0,0,17375
195,oracle,1,-255,17375,0.2,1,0.2,5034.33333333333
196,oracle,1,-255,17375,3,0,0,17375
196,oracle,1,-255,17375,3,1,0.142857142857143,8714.66666666667
196,oracle,1,-255,17375,3,2,0.285714285714286,-416.5
196,oracle,1,-255,17375,3,3,0.428571428571429,-788.666666666667
196,oracle,1,-255,17375,3,4,0.571428571428571,-788.666666666667
196,oracle,1,-255,17375,3,5,0.714285714285714,-788.666666666667
196,oracle,1,-255,17375,3,6,0.857142857142857,-788.666666666667
196,oracle,1,-255,17375,3,7,1,-788.666666666667
196,oracle,1,-255,17375,3,8,1.14285714285714,-788.666666666667
196,oracle,1,-255,17375,3,9,1.28571428571429,-788.666666666667
196,oracle,1,-255,17375,3,10,1.42857142857143,-788.666666666667
196,oracle,1,-255,17375,3,11,1.57142857142857,-788.666666666667
196,oracle,1,-255,17375,3,12,1.71428571428571,-788.666666666667
196,oracle,1,-255,17375,3,13,1.85714285714286,-788.666666666667
196,oracle,1,-255,17375,3,14,2,-788.666666666667
196,oracle,1,-255,17375,3,15,2.14285714285714,-788.666666666667
196,oracle,1,-255,17375,3,16,2.28571428571429,-788.666666666667
196,oracle,1,-255,17375,3,17,2.42857142857143,-788.666666666667
196,oracle,1,-255,17375,3,18,2.57142857142857,-788.666666666667
196,oracle,1,-255,17375,3,19,2.71428571428571,-788.666666666667
196,oracle,1,-255,17375,3,20,2.85714285714286,-788.666666666667
196,oracle,1,-255,17375,3,21,3,-788.666666666667
197,oracle,2,64,0,0.2,0,0,0
197,oracle,2,64,0,0.2,1,0.2,1868.33333333333
198,oracle,2,64,0,3,0,0,0
198,oracle,2,64,0,3,1,0.142857142857143,1414.66666666667
198,oracle,2,64,0,3,2,0.285714285714286,2266.33333333333
198,oracle,2,64,0,3,3,0.428571428571429,2434.33333333333
198,oracle,2,64,0,3,4,0.571428571428571,2475.66666666667
198,oracle,2,64,0,3,5,0.714285714285714,2477
198,oracle,2,64,0,3,6,0.857142857142857,2578
198,oracle,2,64,0,3,7,1,2702.33333333333
198,oracle,2,64,0,3,8,1.14285714285714,2804.66666666667
198,oracle,2,64,0,3,9,1.28571428571429,3136.33333333333
198,oracle,2,64,0,3,10,1.42857142857143,3249.33333333333
198,oracle,2,64,0,3,11,1.57142857142857,3598
198,oracle,2,64,0,3,12,1.71428571428571,3598
198,oracle,2,64,0,3,13,1.85714285714286,3598
198,oracle,2,64,0,3,14,2,3598
198,oracle,2,64,0,3,15,2.14285714285714,3598
198,oracle,2,64,0,3,16,2.28571428571429,3598
198,oracle,2,64,0,3,17,2.42857142857143,3598
198,oracle,2,64,0,3,18,2.57142857142857,3598
198,oracle,2,64,0,3,19,2.71428571428571,3598
198,oracle,2,64,0,3,20,2.85714285714286,3598
198,oracle,2,64,0,3,21,3,3598
199,oracle,2,64,877.5,0.2,0,0,877.5
199,oracle,2,64,877.5,0.2,1,0.2,2274
200,oracle,2,64,877.5,3,0,0,877.5
200,oracle,2,64,877.5,3,1,0.142857142857143,2066
200,oracle,2,64,877.5,3,2,0.285714285714286,2414.33333333333
200,oracle,2,64,877.5,3,3,0.428571428571429,2470.66666666667
200,oracle,2,64,877.5,3,4,0.571428571428571,2477
200,oracle,2,64,877.5,3,5,0.714285714285714,2477
200,oracle,2,64,877.5,3,6,0.857142857142857,2702.33333333333
200,oracle,2,64,877.5,3,7,1,2703.66666666667
200,oracle,2,64,877.5,3,8,1.14285714285714,3052
200,oracle,2,64,877.5,3,9,1.28571428571429,3238
200,oracle,2,64,877.5,3,10,1.42857142857143,3544.33333333333
200,oracle,2,64,877.5,3,11,1.57142857142857,3598
200,oracle,2,64,877.5,3,12,1.71428571428571,3598
200,oracle,2,64,877.5,3,13,1.85714285714286,3598
200,oracle,2,64,877.5,3,14,2,3598
200,oracle,2,64,877.5,3,15,2.14285714285714,3598
200,oracle,2,64,877.5,3,16,2.28571428571429,3598
200,oracle,2,64,877.5,3,17,2.42857142857143,3598
200,oracle,2,64,877.5,3,18,2.57142857142857,3598
200,oracle,2,64,877.5,3,19,2.71428571428571,3598
200,oracle,2,64,877.5,3,20,2.85714285714286,3598
200,oracle,2,64,877.5,3,21,3,3598
201,oracle,2,64,1755,0.2,0,0,1755
201,oracle,2,64,1755,0.2,1,0.2,2421
202,oracle,2,64,1755,3,0,0,1755
202,oracle,2,64,1755,3,1,0.142857142857143,2354
202,oracle,2,64,1755,3,2,0.285714285714286,2438.66666666667
202,oracle,2,64,1755,3,3,0.428571428571429,2477
202,oracle,2,64,1755,3,4,0.571428571428571,2477
202,oracle,2,64,1755,3,5,0.714285714285714,2694.66666666667
202,oracle,2,64,1755,3,6,0.857142857142857,2703.66666666667
202,oracle,2,64,1755,3,7,1,2939.33333333333
202,oracle,2,64,1755,3,8,1.14285714285714,3191.66666666667
202,oracle,2,64,1755,3,9,1.28571428571429,3411
202,oracle,2,64,1755,3,10,1.42857142857143,3598
202,oracle,2,64,1755,3,11,1.57142857142857,3598
202,oracle,2,64,1755,3,12,1.71428571428571,3598
202,oracle,2,64,1755,3,13,1.85714285714286,3598
202,oracle,2,64,1755,3,14,2,3598
202,oracle,2,64,1755,3,15,2.14285714285714,3598
202,oracle,2,64,1755,3,16,2.28571428571429,3598
202,oracle,2,64,1755,3,17,2.42857142857143,3598
202,oracle,2,64,1755,3,18,2.57142857142857,3598
202,oracle,2,64,1755,3,19,2.71428571428571,3598
202,oracle,2,64,1755,3,20,2.85714285714286,3598
202,oracle,2,64,1755,3,21,3,3598
203,oracle,2,64,2632.5,0.2,0,0,2632.5
203,oracle,2,64,2632.5,0.2,1,0.2,2703.66666666667
204,oracle,2,64,2632.5,3,0,0,2632.5
204,oracle,2,64,2632.5,3,1,0.142857142857143,2702.33333333333
204,oracle,2,64,2632.5,3,2,0.285714285714286,2862.66666666667
204,oracle,2,64,2632.5,3,3,0.428571428571429,3156
204,oracle,2,64,2632.5,3,4,0.571428571428571,3302.33333333333
204,oracle,2,64,2632.5,3,5,0.714285714285714,3598
204,oracle,2,64,2632.5,3,6,0.857142857142857,3598
204,oracle,2,64,2632.5,3,7,1,3598
204,oracle,2,64,2632.5,3,8,1.14285714285714,3598
204,oracle,2,64,2632.5,3,9,1.28571428571429,3598
204,oracle,2,64,2632.5,3,10,1.42857142857143,3598
204,oracle,2,64,2632.5,3,11,1.57142857142857,3598
204,oracle,2,64,2632.5,3,12,1.71428571428571,3598
204,oracle,2,64,2632.5,3,13,1.85714285714286,3598
204,oracle,2,64,2632.5,3,14,2,3598
204,oracle,2,64,2632.5,3,15,2.14285714285714,3598
204,oracle,2,64,2632.5,3,16,2.28571428571429,3598
204,oracle,2,64,2632.5,3,17,2.42857142857143,3598
204,oracle,2,64,2632.5,3,18,2.57142857142857,3598
204,oracle,2,64,2632.5,3,19,2.71428571428571,3598
204,oracle,2,64,2632.5,3,20,2.85714285714286,3598
204,oracle,2,64,2632.5,3,21,3,3598
205,oracle,2,64,3510,0.2,0,0,3510
205,oracle,2,64,3510,0.2,1,0.2,3598
206,oracle,2,64,3510,3,0,0,3510
206,oracle,2,64,3510,3,1,0.142857142857143,3598
206,oracle,2,64,3510,3,2,0.285714285714286,3598
206,oracle,2,64,3510,3,3,0.428571428571429,3598
206,oracle,2,64,3510,3,4,0.571428571428571,3598
206,oracle,2,64,3510,3,5,0.714285714285714,3598
206,oracle,2,64,3510,3,6,0.857142857142857,3598
206,oracle,2,64,3510,3,7,1,3598
206,oracle,2,64,3510,3,8,1.14285714285714,3598
206,oracle,2,64,3510,3,9,1.28571428571429,3598
206,oracle,2,64,3510,3,10,1.42857142857143,3598
206,oracle,2,64,3510,3,11,1.57142857142857,3598
206,oracle,2,64,3510,3,12,1.71428571428571,3598
206,oracle,2,64,3510,3,13,1.85714285714286,3598
206,oracle,2,64,3510,3,14,2,3598
206,oracle,2,64,3510,3,15,2.14285714285714,3598
206,oracle,2,64,3510,3,16,2.28571428571429,3598
206,oracle,2,64,3510,3,17,2.42857142857143,3598
206,oracle,2,64,3510,3,18,2.57142857142857,3598
206,oracle,2,64,3510,3,19,2.71428571428571,3598
206,oracle,2,64,3510,3,20,2.85714285714286,3598
206,oracle,2,64,3510,3,21,3,3598
207,oracle,2,64,4387.5,0.2,0,0,4387.5
207,oracle,2,64,4387.5,0.2,1,0.2,4387.5
208,oracle,2,64,4387.5,3,0,0,4387.5
208,oracle,2,64,4387.5,3,1,0.142857142857143,4387.5
208,oracle,2,64,4387.5,3,2,0.285714285714286,4387.5
208,oracle,2,64,4387.5,3,3,0.428571428571429,4387.5
208,oracle,2,64,4387.5,3,4,0.571428571428571,4387.5
208,oracle,2,64,4387.5,3,5,0.714285714285714,4387.5
208,oracle,2,64,4387.5,3,6,0.857142857142857,4387.5
208,oracle,2,64,4387.5,3,7,1,4387.5
208,oracle,2,64,4387.5,3,8,1.14285714285714,4387.5
208,oracle,2,64,4387.5,3,9,1.28571428571429,4387.5
208,oracle,2,64,4387.5,3,10,1.42857142857143,4387.5
208,oracle,2,64,4387.5,3,11,1.57142857142857,4387.5
208,oracle,2,64,4387.5,3,12,1.71428571428571,4387.5
208,oracle,2,64,4387.5,3,13,1.85714285714286,4387.5
208,oracle,2,64,4387.5,3,14,2,4387.5
208,oracle,2,64,4387.5,3,15,2.14285714285714,4387.5
208,oracle,2,64,4387.5,3,16,2.28571428571429,4387.5
208,oracle,2,64,4387.5,3,17,2.42857142857143,4387.5
208,oracle,2,64,4387.5,3,18,2.57142857142857,4387.5
208,oracle,2,64,4387.5,3,19,2.71428571428571,4387.5
208,oracle,2,64,4387.5,3,20,2.85714285714286,4387.5
208,oracle,2,64,4387.5,3,21,3,4387.5
209,oracle,2,64,5265,0.2,0,0,5265
209,oracle,2,64,5265,0.2,1,0.2,5265
210,oracle,2,64,5265,3,0,0,5265
210,oracle,2,64,5265,3,1,0.142857142857143,5265
210,oracle,2,64,5265,3,2,0.285714285714286,5265
210,oracle,2,64,5265,3,3,0.428571428571429,5265
210,oracle,2,64,5265,3,4,0.571428571428571,5265
210,oracle,2,64,5265,3,5,0.714285714285714,5265
210,oracle,2,64,5265,3,6,0.857142857142857,5265
210,oracle,2,64,5265,3,7,1,5265
210,oracle,2,64,5265,3,8,1.14285714285714,5265
210,oracle,2,64,5265,3,9,1.28571428571429,5265
210,oracle,2,64,5265,3,10,1.42857142857143,5265
210,oracle,2,64,5265,3,11,1.57142857142857,5265
210,oracle,2,64,5265,3,12,1.71428571428571,5265
210,oracle,2,64,5265,3,13,1.85714285714286,5265
210,oracle,2,64,5265,3,14,2,5265
210,oracle,2,64,5265,3,15,2.14285714285714,5265
210,oracle,2,64,5265,3,16,2.28571428571429,5265
210,oracle,2,64,5265,3,17,2.42857142857143,5265
210,oracle,2,64,5265,3,18,2.57142857142857,5265
210,oracle,2,64,5265,3,19,2.71428571428571,5265
210,oracle,2,64,5265,3,20,2.85714285714286,5265
210,oracle,2,64,5265,3,21,3,5265
211,oracle,2,-64,-24,0.2,0,0,-24
211,oracle,2,-64,-24,0.2,1,0.2,-24
212,oracle,2,-64,-24,3,0,0,-24
212,oracle,2,-64,-24,3,1,0.142857142857143,-24
212,oracle,2,-64,-24,3,2,0.285714285714286,-24
212,oracle,2,-64,-24,3,3,0.428571428571429,-24
212,oracle,2,-64,-24,3,4,0.571428571428571,-24
212,oracle,2,-64,-24,3,5,0.714285714285714,-24
212,oracle,2,-64,-24,3,6,0.857142857142857,-24
212,oracle,2,-64,-24,3,7,1,-24
212,oracle,2,-64,-24,3,8,1.14285714285714,-24
212,oracle,2,-64,-24,3,9,1.28571428571429,-24
212,oracle,2,-64,-24,3,10,1.42857142857143,-24
212,oracle,2,-64,-24,3,11,1.57142857142857,-24
212,oracle,2,-64,-24,3,12,1.71428571428571,-24
212,oracle,2,-64,-24,3,13,1.85714285714286,-24
212,oracle,2,-64,-24,3,14,2,-24
212,oracle,2,-64,-24,3,15,2.14285714285714,-24
212,oracle,2,-64,-24,3,16,2.28571428571429,-24
212,oracle,2,-64,-24,3,17,2.42857142857143,-24
212,oracle,2,-64,-24,3,18,2.57142857142857,-24
212,oracle,2,-64,-24,3,19,2.71428571428571,-24
212,oracle,2,-64,-24,3,20,2.85714285714286,-24
212,oracle,2,-64,-24,3,21,3,-24
213,oracle,2,-64,905,0.2,0,0,905
213,oracle,2,-64,905,0.2,1,0.2,102.666666666667
214,oracle,2,-64,905,3,0,0,905
214,oracle,2,-64,905,3,1,0.142857142857143,233.333333333333
214,oracle,2,-64,905,3,2,0.285714285714286,-15
214,oracle,2,-64,905,3,3,0.428571428571429,-15
214,oracle,2,-64,905,3,4,0.571428571428571,-15
214,oracle,2,-64,905,3,5,0.714285714285714,-15
214,oracle,2,-64,905,3,6,0.857142857142857,-15
214,oracle,2,-64,905,3,7,1,-15
214,oracle,2,-64,905,3,8,1.14285714285714,-15
214,oracle,2,-64,905,3,9,1.28571428571429,-15
214,oracle,2,-64,905,3,10,1.42857142857143,-15
214,oracle,2,-64,905,3,11,1.57142857142857,-15
214,oracle,2,-64,905,3,12,1.71428571428571,-15
214,oracle,2,-64,905,3,13,1.85714285714286,-15
214,oracle,2,-64,905,3,14,2,-15
214,oracle,2,-64,905,3,15,2.14285714285714,-15
214,oracle,2,-64,905,3,16,2.28571428571429,-15
214,oracle,2,-64,905,3,17,2.42857142857143,-15
214,oracle,2,-64,905,3,18,2.57142857142857,-15
214,oracle,2,-64,905,3,19,2.71428571428571,-15
214,oracle,2,-64,905,3,20,2.85714285714286,-15
214,oracle,2,-64,905,3,21,3,-15
215,oracle,2,-64,1834,0.2,0,0,1834
215,oracle,2,-64,1834,0.2,1,0.2,578
216,oracle,2,-64,1834,3,0,0,1834
216,oracle,2,-64,1834,3,1,0.142857142857143,948.333333333333
216,oracle,2,-64,1834,3,2,0.285714285714286,250.333333333333
216,oracle,2,-64,1834,3,3,0.428571428571429,-15
216,oracle,2,-64,1834,3,4,0.571428571428571,-15
216,oracle,2,-64,1834,3,5,0.714285714285714,-15
216,oracle,2,-64,1834,3,6,0.857142857142857,-15
216,oracle,2,-64,1834,3,7,1,-15
216,oracle,2,-64,1834,3,8,1.14285714285714,-15
216,oracle,2,-64,1834,3,9,1.28571428571429,-15
216,oracle,2,-64,1834,3,10,1.42857142857143,-15
216,oracle,2,-64,1834,3,11,1.57142857142857,-15
216,oracle,2,-64,1834,3,12,1.71428571428571,-15
216,oracle,2,-64,1834,3,13,1.85714285714286,-15
216,oracle,2,-64,1834,3,14,2,-15
216,oracle,2,-64,1834,3,15,2.14285714285714,-15
216,oracle,2,-64,1834,3,16,2.28571428571429,-15
216,oracle,2,-64,1834,3,17,2.42857142857143,-15
216,oracle,2,-64,1834,3,18,2.57142857142857,-15
216,oracle,2,-64,1834,3,19,2.71428571428571,-15
216,oracle,2,-64,1834,3,20,2.85714285714286,-15
216,oracle,2,-64,1834,3,21,3,-15
217,oracle,2,-64,2763,0.2,0,0,2763
217,oracle,2,-64,2763,0.2,1,0.2,1329
218,oracle,2,-64,2763,3,0,0,2763
218,oracle,2,-64,2763,3,1,0.142857142857143,1678
218,oracle,2,-64,2763,3,2,0.285714285714286,788.333333333333
218,oracle,2,-64,2763,3,3,0.428571428571429,190
218,oracle,2,-64,2763,3,4,0.571428571428571,-15
218,oracle,2,-64,2763,3,5,0.714285714285714,-15
218,oracle,2,-64,2763,3,6,0.857142857142857,-15
218,oracle,2,-64,2763,3,7,1,-15
218,oracle,2,-64,2763,3,8,1.14285714285714,-15
218,oracle,2,-64,2763,3,9,1.28571428571429,-15
218,oracle,2,-64,2763,3,10,1.42857142857143,-15
218,oracle,2,-64,2763,3,11,1.57142857142857,-15
218,oracle,2,-64,2763,3,12,1.71428571428571,-15
218,oracle,2,-64,2763,3,13,1.85714285714286,-15
218,oracle,2,-64,2763,3,14,2,-15
218,oracle,2,-64,2763,3,15,2.14285714285714,-15
218,oracle,2,-64,2763,3,16,2.28571428571429,-15
218,oracle,2,-64,2763,3,17,2.42857142857143,-15
218,oracle,2,-64,2763,3,18,2.57142857142857,-15
218,oracle,2,-64,2763,3,19,2.71428571428571,-15
218,oracle,2,-64,2763,3,20,2.85714285714286,-15
218,oracle,2,-64,2763,3,21,3,-15
219,oracle,2,-64,3692,0.2,0,0,3692
219,oracle,2,-64,3692,0.2,1,0.2,1969.33333333333
220,oracle,2,-64,3692,3,0,0,3692
220,oracle,2,-64,3692,3,1,0.142857142857143,2410
220,oracle,2,-64,3692,3,2,0.285714285714286,1438
220,oracle,2,-64,3692,3,3,0.428571428571429,531.333333333333
220,oracle,2,-64,3692,3,4,0.571428571428571,104.666666666667
220,oracle,2,-64,3692,3,5,0.714285714285714,-15
220,oracle,2,-64,3692,3,6,0.857142857142857,-15
220,oracle,2,-64,3692,3,7,1,-15
220,oracle,2,-64,3692,3,8,1.14285714285714,-15
220,oracle,2,-64,3692,3,9,1.28571428571429,-15
220,oracle,2,-64,3692,3,10,1.42857142857143,-15
220,oracle,2,-64,3692,3,11,1.57142857142857,-15
220,oracle,2,-64,3692,3,12,1.71428571428571,-15
220,oracle,2,-64,3692,3,13,1.85714285714286,-15
220,oracle,2,-64,3692,3,14,2,-15
220,oracle,2,-64,3692,3,15,2.14285714285714,-15
220,oracle,2,-64,3692,3,16,2.28571428571429,-15
220,oracle,2,-64,3692,3,17,2.42857142857143,-15
220,oracle,2,-64,3692,3,18,2.57142857142857,-15
220,oracle,2,-64,3692,3,19,2.71428571428571,-15
220,oracle,2,-64,3692,3,20,2.85714285714286,-15
220,oracle,2,-64,3692,3,21,3,-15
221,oracle,2,-64,4621,0.2,0,0,4621
221,oracle,2,-64,4621,0.2,1,0.2,2410
222,oracle,2,-64,4621,3,0,0,4621
222,oracle,2,-64,4621,3,1,0.142857142857143,2925
222,oracle,2,-64,4621,3,2,0.285714285714286,1789.33333333333
222,oracle,2,-64,4621,3,3,0.428571428571429,904
222,oracle,2,-64,4621,3,4,0.571428571428571,236
222,oracle,2,-64,4621,3,5,0.714285714285714,-15
222,oracle,2,-64,4621,3,6,0.857142857142857,-15
222,oracle,2,-64,4621,3,7,1,-15
222,oracle,2,-64,4621,3,8,1.14285714285714,-15
222,oracle,2,-64,4621,3,9,1.28571428571429,-15
222,oracle,2,-64,4621,3,10,1.42857142857143,-15
222,oracle,2,-64,4621,3,11,1.57142857142857,-15
222,oracle,2,-64,4621,3,12,1.71428571428571,-15
222,oracle,2,-64,4621,3,13,1.85714285714286,-15
222,oracle,2,-64,4621,3,14,2,-15
222,oracle,2,-64,4621,3,15,2.14285714285714,-15
222,oracle,2,-64,4621,3,16,2.28571428571429,-15
222,oracle,2,-64,4621,3,17,2.42857142857143,-15
222,oracle,2,-64,4621,3,18,2.57142857142857,-15
222,oracle,2,-64,4621,3,19,2.71428571428571,-15
222,oracle,2,-64,4621,3,20,2.85714285714286,-15
222,oracle,2,-64,4621,3,21,3,-15
223,oracle,2,-64,5550,0.2,0,0,5550
223,oracle,2,-64,5550,0.2,1,0.2,2410
224,oracle,2,-64,5550,3,0,0,5550
224,oracle,2,-64,5550,3,1,0.142857142857143,2925
224,oracle,2,-64,5550,3,2,0.285714285714286,1789.33333333333
224,oracle,2,-64,5550,3,3,0.428571428571429,904
224,oracle,2,-64,5550,3,4,0.571428571428571,236
224,oracle,2,-64,5550,3,5,0.714285714285714,-15
224,oracle,2,-64,5550,3,6,0.857142857142857,-15
224,oracle,2,-64,5550,3,7,1,-15
224,oracle,2,-64,5550,3,8,1.14285714285714,-15
224,oracle,2,-64,5550,3,9,1.28571428571429,-15
224,oracle,2,-64,5550,3,10,1.42857142857143,-15
224,oracle,2,-64,5550,3,11,1.57142857142857,-15
224,oracle,2,-64,5550,3,12,1.71428571428571,-15
224,oracle,2,-64,5550,3,13,1.85714285714286,-15
224,oracle,2,-64,5550,3,14,2,-15
224,oracle,2,-64,5550,3,15,2.14285714285714,-15
224,oracle,2,-64,5550,3,16,2.28571428571429,-15
224,oracle,2,-64,5550,3,17,2.42857142857143,-15
224,oracle,2,-64,5550,3,18,2.57142857142857,-15
224,oracle,2,-64,5550,3,19,2.71428571428571,-15
224,oracle,2,-64,5550,3,20,2.85714285714286,-15
224,oracle,2,-64,5550,3,21,3,-15
225,oracle,2,96,0,0.2,0,0,0
225,oracle,2,96,0,0.2,1,0.2,3618.75
226,oracle,2,96,0,3,0,0,0
226,oracle,2,96,0,3,1,0.142857142857143,3059.5
226,oracle,2,96,0,3,2,0.285714285714286,4163.75
226,oracle,2,96,0,3,3,0.428571428571429,4335.25
226,oracle,2,96,0,3,4,0.571428571428571,4500
226,oracle,2,96,0,3,5,0.714285714285714,4773.5
226,oracle,2,96,0,3,6,0.857142857142857,5414.75
226,oracle,2,96,0,3,7,1,5434.75
226,oracle,2,96,0,3,8,1.14285714285714,5435.75
226,oracle,2,96,0,3,9,1.28571428571429,5435.75
226,oracle,2,96,0,3,10,1.42857142857143,5435.75
226,oracle,2,96,0,3,11,1.57142857142857,5435.75
226,oracle,2,96,0,3,12,1.71428571428571,5435.75
226,oracle,2,96,0,3,13,1.85714285714286,5435.75
226,oracle,2,96,0,3,14,2,5435.75
226,oracle,2,96,0,3,15,2.14285714285714,5435.75
226,oracle,2,96,0,3,16,2.28571428571429,5435.75
226,oracle,2,96,0,3,17,2.42857142857143,5435.75
226,oracle,2,96,0,3,18,2.57142857142857,5435.75
226,oracle,2,96,0,3,19,2.71428571428571,5435.75
226,oracle,2,96,0,3,20,2.85714285714286,5435.75
226,oracle,2,96,0,3,21,3,5435.75
227,oracle,2,96,1084.16666666667,0.2,0,0,1084.16666666667
227,oracle,2,96,1084.16666666667,0.2,1,0.2,3969.25
228,oracle,2,96,1084.16666666667,3,0,0,1084.16666666667
228,oracle,2,96,1084.16666666667,3,1,0.142857142857143,3552
228,oracle,2,96,1084.16666666667,3,2,0.285714285714286,4303.5
228,oracle,2,96,1084.16666666667,3,3,0.428571428571429,4335.25
228,oracle,2,96,1084.16666666667,3,4,0.571428571428571,4637.5
228,oracle,2,96,1084.16666666667,3,5,0.714285714285714,5048.25
228,oracle,2,96,1084.16666666667,3,6,0.857142857142857,5419.75
228,oracle,2,96,1084.16666666667,3,7,1,5435.75
228,oracle,2,96,1084.16666666667,3,8,1.14285714285714,5435.75
228,oracle,2,96,1084.16666666667,3,9,1.28571428571429,5435.75
228,oracle,2,96,1084.16666666667,3,10,1.42857142857143,5435.75
228,oracle,2,96,1084.16666666667,3,11,1.57142857142857,5435.75
228,oracle,2,96,1084.16666666667,3,12,1.71428571428571,5435.75
228,oracle,2,96,1084.16666666667,3,13,1.85714285714286,5435.75
228,oracle,2,96,1084.16666666667,3,14,2,5435.75
228,oracle,2,96,1084.16666666667,3,15,2.14285714285714,5435.75
228,oracle,2,96,1084.16666666667,3,16,2.28571428571429,5435.75
228,oracle,2,96,1084.16666666667,3,17,2.42857142857143,5435.75
228,oracle,2,96,1084.16666666667,3,18,2.57142857142857,5435.75
228,oracle,2,96,1084.16666666667,3,19,2.71428571428571,5435.75
228,oracle,2,96,1084.16666666667,3,20,2.85714285714286,5435.75
228,oracle,2,96,1084.16666666667,3,21,3,5435.75
229,oracle,2,96,2168.33333333333,0.2,0,0,2168.33333333333
229,oracle,2,96,2168.33333333333,0.2,1,0.2,4190.75
230,oracle,2,96,2168.33333333333,3,0,0,2168.33333333333
230,oracle,2,96,2168.33333333333,3,1,0.142857142857143,3879.25
230,oracle,2,96,2168.33333333333,3,2,0.285714285714286,4321.75
230,oracle,2,96,2168.33333333333,3,3,0.428571428571429,4342.25
230,oracle,2,96,2168.33333333333,3,4,0.571428571428571,4698.5
230,oracle,2,96,2168.33333333333,3,5,0.714285714285714,5253.75
230,oracle,2,96,2168.33333333333,3,6,0.857142857142857,5427.75
230,oracle,2,96,2168.33333333333,3,7,1,5435.75
230,oracle,2,96,2168.33333333333,3,8,1.14285714285714,5435.75
230,oracle,2,96,2168.33333333333,3,9,1.28571428571429,5435.75
230,oracle,2,96,2168.33333333333,3,10,1.42857142857143,5435.75
230,oracle,2,96,2168.33333333333,3,11,1.57142857142857,5435.75
230,oracle,2,96,2168.33333333333,3,12,1.71428571428571,5435.75
230,oracle,2,96,2168.33333333333,3,13,1.85714285714286,5435.75
230,oracle,2,96,2168.33333333333,3,14,2,5435.75
230,oracle,2,96,2168.33333333333,3,15,2.14285714285714,5435.75
230,oracle,2,96,2168.33333333333,3,16,2.28571428571429,5435.75
230,oracle,2,96,2168.33333333333,3,17,2.42857142857143,5435.75
230,oracle,2,96,2168.33333333333,3,18,2.57142857142857,5435.75
230,oracle,2,96,2168.33333333333,3,19,2.71428571428571,5435.75
230,oracle,2,96,2168.33333333333,3,20,2.85714285714286,5435.75
230,oracle,2,96,2168.33333333333,3,21,3,5435.75
231,oracle,2,96,3252.5,0.2,0,0,3252.5
231,oracle,2,96,3252.5,0.2,1,0.2,4314.25
232,oracle,2,96,3252.5,3,0,0,3252.5
232,oracle,2,96,3252.5,3,1,0.142857142857143,4240.25
232,oracle,2,96,3252.5,3,2,0.285714285714286,4335.25
232,oracle,2,96,3252.5,3,3,0.428571428571429,4545.25
232,oracle,2,96,3252.5,3,4,0.571428571428571,4857.5
232,oracle,2,96,3252.5,3,5,0.714285714285714,5416.5
232,oracle,2,96,3252.5,3,6,0.857142857142857,5435.75
232,oracle,2,96,3252.5,3,7,1,5435.75
232,oracle,2,96,3252.5,3,8,1.14285714285714,5435.75
232,oracle,2,96,3252.5,3,9,1.28571428571429,5435.75
232,oracle,2,96,3252.5,3,10,1.42857142857143,5435.75
232,oracle,2,96,3252.5,3,11,1.57142857142857,5435.75
232,oracle,2,96,3252.5,3,12,1.71428571428571,5435.75
232,oracle,2,96,3252.5,3,13,1.85714285714286,5435.75
232,oracle,2,96,3252.5,3,14,2,5435.75
232,oracle,2,96,3252.5,3,15,2.14285714285714,5435.75
232,oracle,2,96,3252.5,3,16,2.28571428571429,5435.75
232,oracle,2,96,3252.5,3,17,2.42857142857143,5435.75
232,oracle,2,96,3252.5,3,18,2.57142857142857,5435.75
232,oracle,2,96,3252.5,3,19,2.71428571428571,5435.75
232,oracle,2,96,3252.5,3,20,2.85714285714286,5435.75
232,oracle,2,96,3252.5,3,21,3,5435.75
233,oracle,2,96,4336.66666666667,0.2,0,0,4336.66666666667
233,oracle,2,96,4336.66666666667,0.2,1,0.2,4725.25
234,oracle,2,96,4336.66666666667,3,0,0,4336.66666666667
234,oracle,2,96,4336.66666666667,3,1,0.142857142857143,4676.25
234,oracle,2,96,4336.66666666667,3,2,0.285714285714286,5132.5
234,oracle,2,96,4336.66666666667,3,3,0.428571428571429,5421.75
234,oracle,2,96,4336.66666666667,3,4,0.571428571428571,5435.75
234,oracle,2,96,4336.66666666667,3,5,0.714285714285714,5435.75
234,oracle,2,96,4336.66666666667,3,6,0.857142857142857,5435.75
234,oracle,2,96,4336.66666666667,3,7,1,5435.75
234,oracle,2,96,4336.66666666667,3,8,1.14285714285714,5435.75
234,oracle,2,96,4336.66666666667,3,9,1.28571428571429,5435.75
234,oracle,2,96,4336.66666666667,3,10,1.42857142857143,5435.75
234,oracle,2,96,4336.66666666667,3,11,1.57142857142857,5435.75
234,oracle,2,96,4336.66666666667,3,12,1.71428571428571,5435.75
234,oracle,2,96,4336.66666666667,3,13,1.85714285714286,5435.75
234,oracle,2,96,4336.66666666667,3,14,2,5435.75
234,oracle,2,96,4336.66666666667,3,15,2.14285714285714,5435.75
234,oracle,2,96,4336.66666666667,3,16,2.28571428571429,5435.75
234,oracle,2,96,4336.66666666667,3,17,2.42857142857143,5435.75
234,oracle,2,96,4336.66666666667,3,18,2.57142857142857,5435.75
234,oracle,2,96,4336.66666666667,3,19,2.71428571428571,5435.75
234,oracle,2,96,4336.66666666667,3,20,2.85714285714286,5435.75
234,oracle,2,96,4336.66666666667,3,21,3,5435.75
235,oracle,2,96,5420.83333333333,0.2,0,0,5420.83333333333
235,oracle,2,96,5420.83333333333,0.2,1,0.2,5435.75
236,oracle,2,96,5420.83333333333,3,0,0,5420.83333333333
236,oracle,2,96,5420.83333333333,3,1,0.142857142857143,5435.75
236,oracle,2,96,5420.83333333333,3,2,0.285714285714286,5435.75
236,oracle,2,96,5420.83333333333,3,3,0.428571428571429,5435.75
236,oracle,2,96,5420.83333333333,3,4,0.571428571428571,5435.75
236,oracle,2,96,5420.83333333333,3,5,0.714285714285714,5435.75
236,oracle,2,96,5420.83333333333,3,6,0.857142857142857,5435.75
236,oracle,2,96,5420.83333333333,3,7,1,5435.75
236,oracle,2,96,5420.83333333333,3,8,1.14285714285714,5435.75
236,oracle,2,96,5420.83333333333,3,9,1.28571428571429,5435.75
236,oracle,2,96,5420.83333333333,3,10,1.42857142857143,5435.75
236,oracle,2,96,5420.83333333333,3,11,1.57142857142857,5435.75
236,oracle,2,96,5420.83333333333,3,12,1.71428571428571,5435.75
236,oracle,2,96,5420.83333333333,3,13,1.85714285714286,5435.75
236,oracle,2,96,5420.83333333333,3,14,2,5435.75
236,oracle,2,96,5420.83333333333,3,15,2.14285714285714,5435.75
236,oracle,2,96,5420.83333333333,3,16,2.28571428571429,5435.75
236,oracle,2,96,5420.83333333333,3,17,2.42857142857143,5435.75
236,oracle,2,96,5420.83333333333,3,18,2.57142857142857,5435.75
236,oracle,2,96,5420.83333333333,3,19,2.71428571428571,5435.75
236,oracle,2,96,5420.83333333333,3,20,2.85714285714286,5435.75
236,oracle,2,96,5420.83333333333,3,21,3,5435.75
237,oracle,2,96,6505,0.2,0,0,6505
237,oracle,2,96,6505,0.2,1,0.2,6505
238,oracle,2,96,6505,3,0,0,6505
238,oracle,2,96,6505,3,1,0.142857142857143,6505
238,oracle,2,96,6505,3,2,0.285714285714286,6505
238,oracle,2,96,6505,3,3,0.428571428571429,6505
238,oracle,2,96,6505,3,4,0.571428571428571,6505
238,oracle,2,96,6505,3,5,0.714285714285714,6505
238,oracle,2,96,6505,3,6,0.857142857142857,6505
238,oracle,2,96,6505,3,7,1,6505
238,oracle,2,96,6505,3,8,1.14285714285714,6505
238,oracle,2,96,6505,3,9,1.28571428571429,6505
238,oracle,2,96,6505,3,10,1.42857142857143,6505
238,oracle,2,96,6505,3,11,1.57142857142857,6505
238,oracle,2,96,6505,3,12,1.71428571428571,6505
238,oracle,2,96,6505,3,13,1.85714285714286,6505
238,oracle,2,96,6505,3,14,2,6505
238,oracle,2,96,6505,3,15,2.14285714285714,6505
238,oracle,2,96,6505,3,16,2.28571428571429,6505
238,oracle,2,96,6505,3,17,2.42857142857143,6505
238,oracle,2,96,6505,3,18,2.57142857142857,6505
238,oracle,2,96,6505,3,19,2.71428571428571,6505
238,oracle,2,96,6505,3,20,2.85714285714286,6505
238,oracle,2,96,6505,3,21,3,6505
239,oracle,2,-96,-178,0.2,0,0,-178
239,oracle,2,-96,-178,0.2,1,0.2,-178
240,oracle,2,-96,-178,3,0,0,-178
240,oracle,2,-96,-178,3,1,0.142857142857143,-178
240,oracle,2,-96,-178,3,2,0.285714285714286,-178
240,oracle,2,-96,-178,3,3,0.428571428571429,-178
240,oracle,2,-96,-178,3,4,0.571428571428571,-178
240,oracle,2,-96,-178,3,5,0.714285714285714,-178
240,oracle,2,-96,-178,3,6,0.857142857142857,-178
240,oracle,2,-96,-178,3,7,1,-178
240,oracle,2,-96,-178,3,8,1.14285714285714,-178
240,oracle,2,-96,-178,3,9,1.28571428571429,-178
240,oracle,2,-96,-178,3,10,1.42857142857143,-178
240,oracle,2,-96,-178,3,11,1.57142857142857,-178
240,oracle,2,-96,-178,3,12,1.71428571428571,-178
240,oracle,2,-96,-178,3,13,1.85714285714286,-178
240,oracle,2,-96,-178,3,14,2,-178
240,oracle,2,-96,-178,3,15,2.14285714285714,-178
240,oracle,2,-96,-178,3,16,2.28571428571429,-178
240,oracle,2,-96,-178,3,17,2.42857142857143,-178
240,oracle,2,-96,-178,3,18,2.57142857142857,-178
240,oracle,2,-96,-178,3,19,2.71428571428571,-178
240,oracle,2,-96,-178,3,20,2.85714285714286,-178
240,oracle,2,-96,-178,3,21,3,-178
241,oracle,2,-96,935.833333333333,0.2,0,0,935.833333333333
241,oracle,2,-96,935.833333333333,0.2,1,0.2,-123.5
242,oracle,2,-96,935.833333333333,3,0,0,935.833333333333
242,oracle,2,-96,935.833333333333,3,1,0.142857142857143,-123.5
242,oracle,2,-96,935.833333333333,3,2,0.285714285714286,-123.5
242,oracle,2,-96,935.833333333333,3,3,0.428571428571429,-123.5
242,oracle,2,-96,935.833333333333,3,4,0.571428571428571,-123.5
242,oracle,2,-96,935.833333333333,3,5,0.714285714285714,-123.5
242,oracle,2,-96,935.833333333333,3,6,0.857142857142857,-123.5
242,oracle,2,-96,935.833333333333,3,7,1,-123.5
242,oracle,2,-96,935.833333333333,3,8,1.14285714285714,-123.5
242,oracle,2,-96,935.833333333333,3,9,1.28571428571429,-123.5
242,oracle,2,-96,935.833333333333,3,10,1.42857142857143,-123.5
242,oracle,2,-96,935.833333333333,3,11,1.57142857142857,-123.5
242,oracle,2,-96,935.833333333333,3,12,1.71428571428571,-123.5
242,oracle,2,-96,935.833333333333,3,13,1.85714285714286,-123.5
242,oracle,2,-96,935.833333333333,3,14,2,-123.5
242,oracle,2,-96,935.833333333333,3,15,2.14285714285714,-123.5
242,oracle,2,-96,935.833333333333,3,16,2.28571428571429,-123.5
242,oracle,2,-96,935.833333333333,3,17,2.42857142857143,-123.5
242,oracle,2,-96,935.833333333333,3,18,2.57142857142857,-123.5
242,oracle,2,-96,935.833333333333,3,19,2.71428571428571,-123.5
242,oracle,2,-96,935.833333333333,3,20,2.85714285714286,-123.5
242,oracle,2,-96,935.833333333333,3,21,3,-123.5
243,oracle,2,-96,2049.66666666667,0.2,0,0,2049.66666666667
243,oracle,2,-96,2049.66666666667,0.2,1,0.2,-123.5
244,oracle,2,-96,2049.66666666667,3,0,0,2049.66666666667
244,oracle,2,-96,2049.66666666667,3,1,0.142857142857143,-123.5
244,oracle,2,-96,2049.66666666667,3,2,0.285714285714286,-123.5
244,oracle,2,-96,2049.66666666667,3,3,0.428571428571429,-123.5
244,oracle,2,-96,2049.66666666667,3,4,0.571428571428571,-123.5
244,oracle,2,-96,2049.66666666667,3,5,0.714285714285714,-123.5
244,oracle,2,-96,2049.66666666667,3,6,0.857142857142857,-123.5
244,oracle,2,-96,2049.66666666667,3,7,1,-123.5
244,oracle,2,-96,2049.66666666667,3,8,1.14285714285714,-123.5
244,oracle,2,-96,2049.66666666667,3,9,1.28571428571429,-123.5
244,oracle,2,-96,2049.66666666667,3,10,1.42857142857143,-123.5
244,oracle,2,-96,2049.66666666667,3,11,1.57142857142857,-123.5
244,oracle,2,-96,2049.66666666667,3,12,1.71428571428571,-123.5
244,oracle,2,-96,2049.66666666667,3,13,1.85714285714286,-123.5
244,oracle,2,-96,2049.66666666667,3,14,2,-123.5
244,oracle,2,-96,2049.66666666667,3,15,2.14285714285714,-123.5
244,oracle,2,-96,2049.66666666667,3,16,2.28571428571429,-123.5
244,oracle,2,-96,2049.66666666667,3,17,2.42857142857143,-123.5
244,oracle,2,-96,2049.66666666667,3,18,2.57142857142857,-123.5
244,oracle,2,-96,2049.66666666667,3,19,2.71428571428571,-123.5
244,oracle,2,-96,2049.66666666667,3,20,2.85714285714286,-123.5
244,oracle,2,-96,2049.66666666667,3,21,3,-123.5
245,oracle,2,-96,3163.5,0.2,0,0,3163.5
245,oracle,2,-96,3163.5,0.2,1,0.2,-123.5
246,oracle,2,-96,3163.5,3,0,0,3163.5
246,oracle,2,-96,3163.5,3,1,0.142857142857143,-82.25
246,oracle,2,-96,3163.5,3,2,0.285714285714286,-123.5
246,oracle,2,-96,3163.5,3,3,0.428571428571429,-123.5
246,oracle,2,-96,3163.5,3,4,0.571428571428571,-123.5
246,oracle,2,-96,3163.5,3,5,0.714285714285714,-123.5
246,oracle,2,-96,3163.5,3,6,0.857142857142857,-123.5
246,oracle,2,-96,3163.5,3,7,1,-123.5
246,oracle,2,-96,3163.5,3,8,1.14285714285714,-123.5
246,oracle,2,-96,3163.5,3,9,1.28571428571429,-123.5
246,oracle,2,-96,3163.5,3,10,1.42857142857143,-123.5
246,oracle,2,-96,3163.5,3,11,1.57142857142857,-123.5
246,oracle,2,-96,3163.5,3,12,1.71428571428571,-123.5
246,oracle,2,-96,3163.5,3,13,1.85714285714286,-123.5
246,oracle,2,-96,3163.5,3,14,2,-123.5
246,oracle,2,-96,3163.5,3,15,2.14285714285714,-123.5
246,oracle,2,-96,3163.5,3,16,2.28571428571429,-123.5
246,oracle,2,-96,3163.5,3,17,2.42857142857143,-123.5
246,oracle,2,-96,3163.5,3,18,2.57142857142857,-123.5
246,oracle,2,-96,3163.5,3,19,2.71428571428571,-123.5
246,oracle,2,-96,3163.5,3,20,2.85714285714286,-123.5
246,oracle,2,-96,3163.5,3,21,3,-123.5
247,oracle,2,-96,4277.33333333333,0.2,0,0,4277.33333333333
247,oracle,2,-96,4277.33333333333,0.2,1,0.2,-123.5
248,oracle,2,-96,4277.33333333333,3,0,0,4277.33333333333
248,oracle,2,-96,4277.33333333333,3,1,0.142857142857143,520.25
248,oracle,2,-96,4277.33333333333,3,2,0.285714285714286,-123.5
248,oracle,2,-96,4277.33333333333,3,3,0.428571428571429,-123.5
248,oracle,2,-96,4277.33333333333,3,4,0.571428571428571,-123.5
248,oracle,2,-96,4277.33333333333,3,5,0.714285714285714,-123.5
248,oracle,2,-96,4277.33333333333,3,6,0.857142857142857,-123.5
248,oracle,2,-96,4277.33333333333,3,7,1,-123.5
248,oracle,2,-96,4277.33333333333,3,8,1.14285714285714,-123.5
248,oracle,2,-96,4277.33333333333,3,9,1.28571428571429,-123.5
248,oracle,2,-96,4277.33333333333,3,10,1.42857142857143,-123.5
248,oracle,2,-96,4277.33333333333,3,11,1.57142857142857,-123.5
248,oracle,2,-96,4277.33333333333,3,12,1.71428571428571,-123.5
248,oracle,2,-96,4277.33333333333,3,13,1.85714285714286,-123.5
248,oracle,2,-96,4277.33333333333,3,14,2,-123.5
248,oracle,2,-96,4277.33333333333,3,15,2.14285714285714,-123.5
248,oracle,2,-96,4277.33333333333,3,16,2.28571428571429,-123.5
248,oracle,2,-96,4277.33333333333,3,17,2.42857142857143,-123.5
248,oracle,2,-96,4277.33333333333,3,18,2.57142857142857,-123.5
248,oracle,2,-96,4277.33333333333,3,19,2.71428571428571,-123.5
248,oracle,2,-96,4277.33333333333,3,20,2.85714285714286,-123.5
248,oracle,2,-96,4277.33333333333,3,21,3,-123.5
249,oracle,2,-96,5391.16666666667,0.2,0,0,5391.16666666667
249,oracle,2,-96,5391.16666666667,0.2,1,0.2,339
250,oracle,2,-96,5391.16666666667,3,0,0,5391.16666666667
250,oracle,2,-96,5391.16666666667,3,1,0.142857142857143,1482.25
250,oracle,2,-96,5391.16666666667,3,2,0.285714285714286,-123.5
250,oracle,2,-96,5391.16666666667,3,3,0.428571428571429,-123.5
250,oracle,2,-96,5391.16666666667,3,4,0.571428571428571,-123.5
250,oracle,2,-96,5391.16666666667,3,5,0.714285714285714,-123.5
250,oracle,2,-96,5391.16666666667,3,6,0.857142857142857,-123.5
250,oracle,2,-96,5391.16666666667,3,7,1,-123.5
250,oracle,2,-96,5391.16666666667,3,8,1.14285714285714,-123.5
250,oracle,2,-96,5391.16666666667,3,9,1.28571428571429,-123.5
250,oracle,2,-96,5391.16666666667,3,10,1.42857142857143,-123.5
250,oracle,2,-96,5391.16666666667,3,11,1.57142857142857,-123.5
250,oracle,2,-96,5391.16666666667,3,12,1.71428571428571,-123.5
250,oracle,2,-96,5391.16666666667,3,13,1.85714285714286,-123.5
250,oracle,2,-96,5391.16666666667,3,14,2,-123.5
250,oracle,2,-96,5391.16666666667,3,15,2.14285714285714,-123.5
250,oracle,2,-96,5391.16666666667,3,16,2.28571428571429,-123.5
250,oracle,2,-96,5391.16666666667,3,17,2.42857142857143,-123.5
250,oracle,2,-96,5391.16666666667,3,18,2.57142857142857,-123.5
250,oracle,2,-96,5391.16666666667,3,19,2.71428571428571,-123.5
250,oracle,2,-96,5391.16666666667,3,20,2.85714285714286,-123.5
250,oracle,2,-96,5391.16666666667,3,21,3,-123.5
251,oracle,2,-96,6505,0.2,0,0,6505
251,oracle,2,-96,6505,0.2,1,0.2,459.5
252,oracle,2,-96,6505,3,0,0,6505
252,oracle,2,-96,6505,3,1,0.142857142857143,1712.25
252,oracle,2,-96,6505,3,2,0.285714285714286,-123.5
252,oracle,2,-96,6505,3,3,0.428571428571429,-123.5
252,oracle,2,-96,6505,3,4,0.571428571428571,-123.5
252,oracle,2,-96,6505,3,5,0.714285714285714,-123.5
252,oracle,2,-96,6505,3,6,0.857142857142857,-123.5
252,oracle,2,-96,6505,3,7,1,-123.5
252,oracle,2,-96,6505,3,8,1.14285714285714,-123.5
252,oracle,2,-96,6505,3,9,1.28571428571429,-123.5
252,oracle,2,-96,6505,3,10,1.42857142857143,-123.5
252,oracle,2,-96,6505,3,11,1.57142857142857,-123.5
252,oracle,2,-96,6505,3,12,1.71428571428571,-123.5
252,oracle,2,-96,6505,3,13,1.85714285714286,-123.5
252,oracle,2,-96,6505,3,14,2,-123.5
252,oracle,2,-96,6505,3,15,2.14285714285714,-123.5
252,oracle,2,-96,6505,3,16,2.28571428571429,-123.5
252,oracle,2,-96,6505,3,17,2.42857142857143,-123.5
252,oracle,2,-96,6505,3,18,2.57142857142857,-123.5
252,oracle,2,-96,6505,3,19,2.71428571428571,-123.5
252,oracle,2,-96,6505,3,20,2.85714285714286,-123.5
252,oracle,2,-96,6505,3,21,3,-123.5
253,oracle,2,128,0,0.2,0,0,0
253,oracle,2,128,0,0.2,1,0.2,5522.66666666667
254,oracle,2,128,0,3,0,0,0
254,oracle,2,128,0,3,1,0.142857142857143,4300.66666666667
254,oracle,2,128,0,3,2,0.285714285714286,6021.16666666667
254,oracle,2,128,0,3,3,0.428571428571429,6084.16666666667
254,oracle,2,128,0,3,4,0.571428571428571,6112
254,oracle,2,128,0,3,5,0.714285714285714,6113.83333333333
254,oracle,2,128,0,3,6,0.857142857142857,6113.83333333333
254,oracle,2,128,0,3,7,1,6113.83333333333
254,oracle,2,128,0,3,8,1.14285714285714,6113.83333333333
254,oracle,2,128,0,3,9,1.28571428571429,6113.83333333333
254,oracle,2,128,0,3,10,1.42857142857143,6113.83333333333
254,oracle,2,128,0,3,11,1.57142857142857,6113.83333333333
254,oracle,2,128,0,3,12,1.71428571428571,6113.83333333333
254,oracle,2,128,0,3,13,1.85714285714286,6113.83333333333
254,oracle,2,128,0,3,14,2,6113.83333333333
254,oracle,2,128,0,3,15,2.14285714285714,6113.83333333333
254,oracle,2,128,0,3,16,2.28571428571429,6113.83333333333
254,oracle,2,128,0,3,17,2.42857142857143,6113.83333333333
254,oracle,2,128,0,3,18,2.57142857142857,6113.83333333333
254,oracle,2,128,0,3,19,2.71428571428571,6113.83333333333
254,oracle,2,128,0,3,20,2.85714285714286,6113.83333333333
254,oracle,2,128,0,3,21,3,6113.83333333333
255,oracle,2,128,1106.33333333333,0.2,0,0,1106.33333333333
255,oracle,2,128,1106.33333333333,0.2,1,0.2,5900
256,oracle,2,128,1106.33333333333,3,0,0,1106.33333333333
256,oracle,2,128,1106.33333333333,3,1,0.142857142857143,5161.83333333333
256,oracle,2,128,1106.33333333333,3,2,0.285714285714286,6036
256,oracle,2,128,1106.33333333333,3,3,0.428571428571429,6099.66666666667
256,oracle,2,128,1106.33333333333,3,4,0.571428571428571,6113.83333333333
256,oracle,2,128,1106.33333333333,3,5,0.714285714285714,6113.83333333333
256,oracle,2,128,1106.33333333333,3,6,0.857142857142857,6113.83333333333
256,oracle,2,128,1106.33333333333,3,7,1,6113.83333333333
256,oracle,2,128,1106.33333333333,3,8,1.14285714285714,6113.83333333333
256,oracle,2,128,1106.33333333333,3,9,1.28571428571429,6113.83333333333
256,oracle,2,128,1106.33333333333,3,10,1.42857142857143,6113.83333333333
256,oracle,2,128,1106.33333333333,3,11,1.57142857142857,6113.83333333333
256,oracle,2,128,1106.33333333333,3,12,1.71428571428571,6113.83333333333
256,oracle,2,128,1106.33333333333,3,13,1.85714285714286,6113.83333333333
256,oracle,2,128,1106.33333333333,3,14,2,6113.83333333333
256,oracle,2,128,1106.33333333333,3,15,2.14285714285714,6113.83333333333
256,oracle,2,128,1106.33333333333,3,16,2.28571428571429,6113.83333333333
256,oracle,2,128,1106.33333333333,3,17,2.42857142857143,6113.83333333333
256,oracle,2,128,1106.33333333333,3,18,2.57142857142857,6113.83333333333
256,oracle,2,128,1106.33333333333,3,19,2.71428571428571,6113.83333333333
256,oracle,2,128,1106.33333333333,3,20,2.85714285714286,6113.83333333333
256,oracle,2,128,1106.33333333333,3,21,3,6113.83333333333
257,oracle,2,128,2212.66666666667,0.2,0,0,2212.66666666667
257,oracle,2,128,2212.66666666667,0.2,1,0.2,5995.33333333333
258,oracle,2,128,2212.66666666667,3,0,0,2212.66666666667
258,oracle,2,128,2212.66666666667,3,1,0.142857142857143,5708.83333333333
258,oracle,2,128,2212.66666666667,3,2,0.285714285714286,6047
258,oracle,2,128,2212.66666666667,3,3,0.428571428571429,6105.83333333333
258,oracle,2,128,2212.66666666667,3,4,0.571428571428571,6113.83333333333
258,oracle,2,128,2212.66666666667,3,5,0.714285714285714,6113.83333333333
258,oracle,2,128,2212.66666666667,3,6,0.857142857142857,6113.83333333333
258,oracle,2,128,2212.66666666667,3,7,1,6113.83333333333
258,oracle,2,128,2212.66666666667,3,8,1.14285714285714,6113.83333333333
258,oracle,2,128,2212.66666666667,3,9,1.28571428571429,6113.83333333333
258,oracle,2,128,2212.66666666667,3,10,1.42857142857143,6113.83333333333
258,oracle,2,128,2212.66666666667,3,11,1.57142857142857,6113.83333333333
258,oracle,2,128,2212.66666666667,3,12,1.71428571428571,6113.83333333333
258,oracle,2,128,2212.66666666667,3,13,1.85714285714286,6113.83333333333
258,oracle,2,128,2212.66666666667,3,14,2,6113.83333333333
258,oracle,2,128,2212.66666666667,3,15,2.14285714285714,6113.83333333333
258,oracle,2,128,2212.66666666667,3,16,2.28571428571429,6113.83333333333
258,oracle,2,128,2212.66666666667,3,17,2.42857142857143,6113.83333333333
258,oracle,2,128,2212.66666666667,3,18,2.57142857142857,6113.83333333333
258,oracle,2,128,2212.66666666667,3,19,2.71428571428571,6113.83333333333
258,oracle,2,128,2212.66666666667,3,20,2.85714285714286,6113.83333333333
258,oracle,2,128,2212.66666666667,3,21,3,6113.83333333333
259,oracle,2,128,3319,0.2,0,0,3319
259,oracle,2,128,3319,0.2,1,0.2,6034.66666666667
260,oracle,2,128,3319,3,0,0,3319
260,oracle,2,128,3319,3,1,0.142857142857143,5934.5
260,oracle,2,128,3319,3,2,0.285714285714286,6078.33333333333
260,oracle,2,128,3319,3,3,0.428571428571429,6109.83333333333
260,oracle,2,128,3319,3,4,0.571428571428571,6113.83333333333
260,oracle,2,128,3319,3,5,0.714285714285714,6113.83333333333
260,oracle,2,128,3319,3,6,0.857142857142857,6113.83333333333
260,oracle,2,128,3319,3,7,1,6113.83333333333
260,oracle,2,128,3319,3,8,1.14285714285714,6113.83333333333
260,oracle,2,128,3319,3,9,1.28571428571429,6113.83333333333
260,oracle,2,128,3319,3,10,1.42857142857143,6113.83333333333
260,oracle,2,128,3319,3,11,1.57142857142857,6113.83333333333
260,oracle,2,128,3319,3,12,1.71428571428571,6113.83333333333
260,oracle,2,128,3319,3,13,1.85714285714286,6113.83333333333
260,oracle,2,128,3319,3,14,2,6113.83333333333
260,oracle,2,128,3319,3,15,2.14285714285714,6113.83333333333
260,oracle,2,128,3319,3,16,2.28571428571429,6113.83333333333
260,oracle,2,128,3319,3,17,2.42857142857143,6113.83333333333
260,oracle,2,128,3319,3,18,2.57142857142857,6113.83333333333
260,oracle,2,128,3319,3,19,2.71428571428571,6113.83333333333
260,oracle,2,128,3319,3,20,2.85714285714286,6113.83333333333
260,oracle,2,128,3319,3,21,3,6113.83333333333
261,oracle,2,128,4425.33333333333,0.2,0,0,4425.33333333333
261,oracle,2,128,4425.33333333333,0.2,1,0.2,6041
262,oracle,2,128,4425.33333333333,3,0,0,4425.33333333333
262,oracle,2,128,4425.33333333333,3,1,0.142857142857143,6030.5
262,oracle,2,128,4425.33333333333,3,2,0.285714285714286,6085.5
262,oracle,2,128,4425.33333333333,3,3,0.428571428571429,6112.5
262,oracle,2,128,4425.33333333333,3,4,0.571428571428571,6113.83333333333
262,oracle,2,128,4425.33333333333,3,5,0.714285714285714,6113.83333333333
262,oracle,2,128,4425.33333333333,3,6,0.857142857142857,6113.83333333333
262,oracle,2,128,4425.33333333333,3,7,1,6113.83333333333
262,oracle,2,128,4425.33333333333,3,8,1.14285714285714,6113.83333333333
262,oracle,2,128,4425.33333333333,3,9,1.28571428571429,6113.83333333333
262,oracle,2,128,4425.33333333333,3,10,1.42857142857143,6113.83333333333
262,oracle,2,128,4425.33333333333,3,11,1.57142857142857,6113.83333333333
262,oracle,2,128,4425.33333333333,3,12,1.71428571428571,6113.83333333333
262,oracle,2,128,4425.33333333333,3,13,1.85714285714286,6113.83333333333
262,oracle,2,128,4425.33333333333,3,14,2,6113.83333333333
262,oracle,2,128,4425.33333333333,3,15,2.14285714285714,6113.83333333333
262,oracle,2,128,4425.33333333333,3,16,2.28571428571429,6113.83333333333
262,oracle,2,128,4425.33333333333,3,17,2.42857142857143,6113.83333333333
262,oracle,2,128,4425.33333333333,3,18,2.57142857142857,6113.83333333333
262,oracle,2,128,4425.33333333333,3,19,2.71428571428571,6113.83333333333
262,oracle,2,128,4425.33333333333,3,20,2.85714285714286,6113.83333333333
262,oracle,2,128,4425.33333333333,3,21,3,6113.83333333333
263,oracle,2,128,5531.66666666667,0.2,0,0,5531.66666666667
263,oracle,2,128,5531.66666666667,0.2,1,0.2,6082.5
264,oracle,2,128,5531.66666666667,3,0,0,5531.66666666667
264,oracle,2,128,5531.66666666667,3,1,0.142857142857143,6038.16666666667
264,oracle,2,128,5531.66666666667,3,2,0.285714285714286,6104.66666666667
264,oracle,2,128,5531.66666666667,3,3,0.428571428571429,6113.83333333333
264,oracle,2,128,5531.66666666667,3,4,0.571428571428571,6113.83333333333
264,oracle,2,128,5531.66666666667,3,5,0.714285714285714,6113.83333333333
264,oracle,2,128,5531.66666666667,3,6,0.857142857142857,6113.83333333333
264,oracle,2,128,5531.66666666667,3,7,1,6113.83333333333
264,oracle,2,128,5531.66666666667,3,8,1.14285714285714,6113.83333333333
264,oracle,2,128,5531.66666666667,3,9,1.28571428571429,6113.83333333333
264,oracle,2,128,5531.66666666667,3,10,1.42857142857143,6113.83333333333
264,oracle,2,128,5531.66666666667,3,11,1.57142857142857,6113.83333333333
264,oracle,2,128,5531.66666666667,3,12,1.71428571428571,6113.83333333333
264,oracle,2,128,5531.66666666667,3,13,1.85714285714286,6113.83333333333
264,oracle,2,128,5531.66666666667,3,14,2,6113.83333333333
264,oracle,2,128,5531.66666666667,3,15,2.14285714285714,6113.83333333333
264,oracle,2,128,5531.66666666667,3,16,2.28571428571429,6113.83333333333
264,oracle,2,128,5531.66666666667,3,17,2.42857142857143,6113.83333333333
264,oracle,2,128,5531.66666666667,3,18,2.57142857142857,6113.83333333333
264,oracle,2,128,5531.66666666667,3,19,2.71428571428571,6113.83333333333
264,oracle,2,128,5531.66666666667,3,20,2.85714285714286,6113.83333333333
264,oracle,2,128,5531.66666666667,3,21,3,6113.83333333333
265,oracle,2,128,6638,0.2,0,0,6638
265,oracle,2,128,6638,0.2,1,0.2,6638
266,oracle,2,128,6638,3,0,0,6638
266,oracle,2,128,6638,3,1,0.142857142857143,6638
266,oracle,2,128,6638,3,2,0.285714285714286,6638
266,oracle,2,128,6638,3,3,0.428571428571429,6638
266,oracle,2,128,6638,3,4,0.571428571428571,6638
266,oracle,2,128,6638,3,5,0.714285714285714,6638
266,oracle,2,128,6638,3,6,0.857142857142857,6638
266,oracle,2,128,6638,3,7,1,6638
266,oracle,2,128,6638,3,8,1.14285714285714,6638
266,oracle,2,128,6638,3,9,1.28571428571429,6638
266,oracle,2,128,6638,3,10,1.42857142857143,6638
266,oracle,2,128,6638,3,11,1.57142857142857,6638
266,oracle,2,128,6638,3,12,1.71428571428571,6638
266,oracle,2,128,6638,3,13,1.85714285714286,6638
266,oracle,2,128,6638,3,14,2,6638
266,oracle,2,128,6638,3,15,2.14285714285714,6638
266,oracle,2,128,6638,3,16,2.28571428571429,6638
266,oracle,2,128,6638,3,17,2.42857142857143,6638
266,oracle,2,128,6638,3,18,2.57142857142857,6638
266,oracle,2,128,6638,3,19,2.71428571428571,6638
266,oracle,2,128,6638,3,20,2.85714285714286,6638
266,oracle,2,128,6638,3,21,3,6638
267,oracle,2,-128,-278,0.2,0,0,-278
267,oracle,2,-128,-278,0.2,1,0.2,-278
268,oracle,2,-128,-278,3,0,0,-278
268,oracle,2,-128,-278,3,1,0.142857142857143,-278
268,oracle,2,-128,-278,3,2,0.285714285714286,-278
268,oracle,2,-128,-278,3,3,0.428571428571429,-278
268,oracle,2,-128,-278,3,4,0.571428571428571,-278
268,oracle,2,-128,-278,3,5,0.714285714285714,-278
268,oracle,2,-128,-278,3,6,0.857142857142857,-278
268,oracle,2,-128,-278,3,7,1,-278
268,oracle,2,-128,-278,3,8,1.14285714285714,-278
268,oracle,2,-128,-278,3,9,1.28571428571429,-278
268,oracle,2,-128,-278,3,10,1.42857142857143,-278
268,oracle,2,-128,-278,3,11,1.57142857142857,-278
268,oracle,2,-128,-278,3,12,1.71428571428571,-278
268,oracle,2,-128,-278,3,13,1.85714285714286,-278
268,oracle,2,-128,-278,3,14,2,-278
268,oracle,2,-128,-278,3,15,2.14285714285714,-278
268,oracle,2,-128,-278,3,16,2.28571428571429,-278
268,oracle,2,-128,-278,3,17,2.42857142857143,-278
268,oracle,2,-128,-278,3,18,2.57142857142857,-278
268,oracle,2,-128,-278,3,19,2.71428571428571,-278
268,oracle,2,-128,-278,3,20,2.85714285714286,-278
268,oracle,2,-128,-278,3,21,3,-278
269,oracle,2,-128,874.666666666667,0.2,0,0,874.666666666667
269,oracle,2,-128,874.666666666667,0.2,1,0.2,-223.5
270,oracle,2,-128,874.666666666667,3,0,0,874.666666666667
270,oracle,2,-128,874.666666666667,3,1,0.142857142857143,-223.5
270,oracle,2,-128,874.666666666667,3,2,0.285714285714286,-223.5
270,oracle,2,-128,874.666666666667,3,3,0.428571428571429,-223.5
270,oracle,2,-128,874.666666666667,3,4,0.571428571428571,-223.5
270,oracle,2,-128,874.666666666667,3,5,0.714285714285714,-223.5
270,oracle,2,-128,874.666666666667,3,6,0.857142857142857,-223.5
270,oracle,2,-128,874.666666666667,3,7,1,-223.5
270,oracle,2,-128,874.666666666667,3,8,1.14285714285714,-223.5
270,oracle,2,-128,874.666666666667,3,9,1.28571428571429,-223.5
270,oracle,2,-128,874.666666666667,3,10,1.42857142857143,-223.5
270,oracle,2,-128,874.666666666667,3,11,1.57142857142857,-223.5
270,oracle,2,-128,874.666666666667,3,12,1.71428571428571,-223.5
270,oracle,2,-128,874.666666666667,3,13,1.85714285714286,-223.5
270,oracle,2,-128,874.666666666667,3,14,2,-223.5
270,oracle,2,-128,874.666666666667,3,15,2.14285714285714,-223.5
270,oracle,2,-128,874.666666666667,3,16,2.28571428571429,-223.5
270,oracle,2,-128,874.666666666667,3,17,2.42857142857143,-223.5
270,oracle,2,-128,874.666666666667,3,18,2.57142857142857,-223.5
270,oracle,2,-128,874.666666666667,3,19,2.71428571428571,-223.5
270,oracle,2,-128,874.666666666667,3,20,2.85714285714286,-223.5
270,oracle,2,-128,874.666666666667,3,21,3,-223.5
271,oracle,2,-128,2027.33333333333,0.2,0,0,2027.33333333333
271,oracle,2,-128,2027.33333333333,0.2,1,0.2,-223.5
272,oracle,2,-128,2027.33333333333,3,0,0,2027.33333333333
272,oracle,2,-128,2027.33333333333,3,1,0.142857142857143,-223.5
272,oracle,2,-128,2027.33333333333,3,2,0.285714285714286,-223.5
272,oracle,2,-128,2027.33333333333,3,3,0.428571428571429,-223.5
272,oracle,2,-128,2027.33333333333,3,4,0.571428571428571,-223.5
272,oracle,2,-128,2027.33333333333,3,5,0.714285714285714,-223.5
272,oracle,2,-128,2027.33333333333,3,6,0.857142857142857,-223.5
272,oracle,2,-128,2027.33333333333,3,7,1,-223.5
272,oracle,2,-128,2027.33333333333,3,8,1.14285714285714,-223.5
272,oracle,2,-128,2027.33333333333,3,9,1.28571428571429,-223.5
272,oracle,2,-128,2027.33333333333,3,10,1.42857142857143,-223.5
272,oracle,2,-128,2027.33333333333,3,11,1.57142857142857,-223.5
272,oracle,2,-128,2027.33333333333,3,12,1.71428571428571,-223.5
272,oracle,2,-128,2027.33333333333,3,13,1.85714285714286,-223.5
272,oracle,2,-128,2027.33333333333,3,14,2,-223.5
272,oracle,2,-128,2027.33333333333,3,15,2.14285714285714,-223.5
272,oracle,2,-128,2027.33333333333,3,16,2.28571428571429,-223.5
272,oracle,2,-128,2027.33333333333,3,17,2.42857142857143,-223.5
272,oracle,2,-128,2027.33333333333,3,18,2.57142857142857,-223.5
272,oracle,2,-128,2027.33333333333,3,19,2.71428571428571,-223.5
272,oracle,2,-128,2027.33333333333,3,20,2.85714285714286,-223.5
272,oracle,2,-128,2027.33333333333,3,21,3,-223.5
273,oracle,2,-128,3180,0.2,0,0,3180
273,oracle,2,-128,3180,0.2,1,0.2,-223.5
274,oracle,2,-128,3180,3,0,0,3180
274,oracle,2,-128,3180,3,1,0.142857142857143,-223.5
274,oracle,2,-128,3180,3,2,0.285714285714286,-223.5
274,oracle,2,-128,3180,3,3,0.428571428571429,-223.5
274,oracle,2,-128,3180,3,4,0.571428571428571,-223.5
274,oracle,2,-128,3180,3,5,0.714285714285714,-223.5
274,oracle,2,-128,3180,3,6,0.857142857142857,-223.5
274,oracle,2,-128,3180,3,7,1,-223.5
274,oracle,2,-128,3180,3,8,1.14285714285714,-223.5
274,oracle,2,-128,3180,3,9,1.28571428571429,-223.5
274,oracle,2,-128,3180,3,10,1.42857142857143,-223.5
274,oracle,2,-128,3180,3,11,1.57142857142857,-223.5
274,oracle,2,-128,3180,3,12,1.71428571428571,-223.5
274,oracle,2,-128,3180,3,13,1.85714285714286,-223.5
274,oracle,2,-128,3180,3,14,2,-223.5
274,oracle,2,-128,3180,3,15,2.14285714285714,-223.5
274,oracle,2,-128,3180,3,16,2.28571428571429,-223.5
274,oracle,2,-128,3180,3,17,2.42857142857143,-223.5
274,oracle,2,-128,3180,3,18,2.57142857142857,-223.5
274,oracle,2,-128,3180,3,19,2.71428571428571,-223.5
274,oracle,2,-128,3180,3,20,2.85714285714286,-223.5
274,oracle,2,-128,3180,3,21,3,-223.5
275,oracle,2,-128,4332.66666666667,0.2,0,0,4332.66666666667
275,oracle,2,-128,4332.66666666667,0.2,1,0.2,-223.5
276,oracle,2,-128,4332.66666666667,3,0,0,4332.66666666667
276,oracle,2,-128,4332.66666666667,3,1,0.142857142857143,-150.5
276,oracle,2,-128,4332.66666666667,3,2,0.285714285714286,-223.5
276,oracle,2,-128,4332.66666666667,3,3,0.428571428571429,-223.5
276,oracle,2,-128,4332.66666666667,3,4,0.571428571428571,-223.5
276,oracle,2,-128,4332.66666666667,3,5,0.714285714285714,-223.5
276,oracle,2,-128,4332.66666666667,3,6,0.857142857142857,-223.5
276,oracle,2,-128,4332.66666666667,3,7,1,-223.5
276,oracle,2,-128,4332.66666666667,3,8,1.14285714285714,-223.5
276,oracle,2,-128,4332.66666666667,3,9,1.28571428571429,-223.5
276,oracle,2,-128,4332.66666666667,3,10,1.42857142857143,-223.5
276,oracle,2,-128,4332.66666666667,3,11,1.57142857142857,-223.5
276,oracle,2,-128,4332.66666666667,3,12,1.71428571428571,-223.5
276,oracle,2,-128,4332.66666666667,3,13,1.85714285714286,-223.5
276,oracle,2,-128,4332.66666666667,3,14,2,-223.5
276,oracle,2,-128,4332.66666666667,3,15,2.14285714285714,-223.5
276,oracle,2,-128,4332.66666666667,3,16,2.28571428571429,-223.5
276,oracle,2,-128,4332.66666666667,3,17,2.42857142857143,-223.5
276,oracle,2,-128,4332.66666666667,3,18,2.57142857142857,-223.5
276,oracle,2,-128,4332.66666666667,3,19,2.71428571428571,-223.5
276,oracle,2,-128,4332.66666666667,3,20,2.85714285714286,-223.5
276,oracle,2,-128,4332.66666666667,3,21,3,-223.5
277,oracle,2,-128,5485.33333333333,0.2,0,0,5485.33333333333
277,oracle,2,-128,5485.33333333333,0.2,1,0.2,-223.5
278,oracle,2,-128,5485.33333333333,3,0,0,5485.33333333333
278,oracle,2,-128,5485.33333333333,3,1,0.142857142857143,556.666666666667
278,oracle,2,-128,5485.33333333333,3,2,0.285714285714286,-223.5
278,oracle,2,-128,5485.33333333333,3,3,0.428571428571429,-223.5
278,oracle,2,-128,5485.33333333333,3,4,0.571428571428571,-223.5
278,oracle,2,-128,5485.33333333333,3,5,0.714285714285714,-223.5
278,oracle,2,-128,5485.33333333333,3,6,0.857142857142857,-223.5
278,oracle,2,-128,5485.33333333333,3,7,1,-223.5
278,oracle,2,-128,5485.33333333333,3,8,1.14285714285714,-223.5
278,oracle,2,-128,5485.33333333333,3,9,1.28571428571429,-223.5
278,oracle,2,-128,5485.33333333333,3,10,1.42857142857143,-223.5
278,oracle,2,-128,5485.33333333333,3,11,1.57142857142857,-223.5
278,oracle,2,-128,5485.33333333333,3,12,1.71428571428571,-223.5
278,oracle,2,-128,5485.33333333333,3,13,1.85714285714286,-223.5
278,oracle,2,-128,5485.33333333333,3,14,2,-223.5
278,oracle,2,-128,5485.33333333333,3,15,2.14285714285714,-223.5
278,oracle,2,-128,5485.33333333333,3,16,2.28571428571429,-223.5
278,oracle,2,-128,5485.33333333333,3,17,2.42857142857143,-223.5
278,oracle,2,-128,5485.33333333333,3,18,2.57142857142857,-223.5
278,oracle,2,-128,5485.33333333333,3,19,2.71428571428571,-223.5
278,oracle,2,-128,5485.33333333333,3,20,2.85714285714286,-223.5
278,oracle,2,-128,5485.33333333333,3,21,3,-223.5
279,oracle,2,-128,6638,0.2,0,0,6638
279,oracle,2,-128,6638,0.2,1,0.2,-104
280,oracle,2,-128,6638,3,0,0,6638
280,oracle,2,-128,6638,3,1,0.142857142857143,1363.16666666667
280,oracle,2,-128,6638,3,2,0.285714285714286,-223.5
280,oracle,2,-128,6638,3,3,0.428571428571429,-223.5
280,oracle,2,-128,6638,3,4,0.571428571428571,-223.5
280,oracle,2,-128,6638,3,5,0.714285714285714,-223.5
280,oracle,2,-128,6638,3,6,0.857142857142857,-223.5
280,oracle,2,-128,6638,3,7,1,-223.5
280,oracle,2,-128,6638,3,8,1.14285714285714,-223.5
280,oracle,2,-128,6638,3,9,1.28571428571429,-223.5
280,oracle,2,-128,6638,3,10,1.42857142857143,-223.5
280,oracle,2,-128,6638,3,11,1.57142857142857,-223.5
280,oracle,2,-128,6638,3,12,1.71428571428571,-223.5
280,oracle,2,-128,6638,3,13,1.85714285714286,-223.5
280,oracle,2,-128,6638,3,14,2,-223.5
280,oracle,2,-128,6638,3,15,2.14285714285714,-223.5
280,oracle,2,-128,6638,3,16,2.28571428571429,-223.5
280,oracle,2,-128,6638,3,17,2.42857142857143,-223.5
280,oracle,2,-128,6638,3,18,2.57142857142857,-223.5
280,oracle,2,-128,6638,3,19,2.71428571428571,-223.5
280,oracle,2,-128,6638,3,20,2.85714285714286,-223.5
280,oracle,2,-128,6638,3,21,3,-223.5
281,oracle,2,160,0,0.2,0,0,0
281,oracle,2,160,0,0.2,1,0.2,6205.6
282,oracle,2,160,0,3,0,0,0
282,oracle,2,160,0,3,1,0.142857142857143,5226.4
282,oracle,2,160,0,3,2,0.285714285714286,6443
282,oracle,2,160,0,3,3,0.428571428571429,6482.8
282,oracle,2,160,0,3,4,0.571428571428571,6482.8
282,oracle,2,160,0,3,5,0.714285714285714,6482.8
282,oracle,2,160,0,3,6,0.857142857142857,6482.8
282,oracle,2,160,0,3,7,1,6482.8
282,oracle,2,160,0,3,8,1.14285714285714,6482.8
282,oracle,2,160,0,3,9,1.28571428571429,6482.8
282,oracle,2,160,0,3,10,1.42857142857143,6482.8
282,oracle,2,160,0,3,11,1.57142857142857,6482.8
282,oracle,2,160,0,3,12,1.71428571428571,6482.8
282,oracle,2,160,0,3,13,1.85714285714286,6482.8
282,oracle,2,160,0,3,14,2,6482.8
282,oracle,2,160,0,3,15,2.14285714285714,6482.8
282,oracle,2,160,0,3,16,2.28571428571429,6482.8
282,oracle,2,160,0,3,17,2.42857142857143,6482.8
282,oracle,2,160,0,3,18,2.57142857142857,6482.8
282,oracle,2,160,0,3,19,2.71428571428571,6482.8
282,oracle,2,160,0,3,20,2.85714285714286,6482.8
282,oracle,2,160,0,3,21,3,6482.8
283,oracle,2,160,1109.66666666667,0.2,0,0,1109.66666666667
283,oracle,2,160,1109.66666666667,0.2,1,0.2,6329.8
284,oracle,2,160,1109.66666666667,3,0,0,1109.66666666667
284,oracle,2,160,1109.66666666667,3,1,0.142857142857143,5975.6
284,oracle,2,160,1109.66666666667,3,2,0.285714285714286,6449
284,oracle,2,160,1109.66666666667,3,3,0.428571428571429,6482.8
284,oracle,2,160,1109.66666666667,3,4,0.571428571428571,6482.8
284,oracle,2,160,1109.66666666667,3,5,0.714285714285714,6482.8
284,oracle,2,160,1109.66666666667,3,6,0.857142857142857,6482.8
284,oracle,2,160,1109.66666666667,3,7,1,6482.8
284,oracle,2,160,1109.66666666667,3,8,1.14285714285714,6482.8
284,oracle,2,160,1109.66666666667,3,9,1.28571428571429,6482.8
284,oracle,2,160,1109.66666666667,3,10,1.42857142857143,6482.8
284,oracle,2,160,1109.66666666667,3,11,1.57142857142857,6482.8
284,oracle,2,160,1109.66666666667,3,12,1.71428571428571,6482.8
284,oracle,2,160,1109.66666666667,3,13,1.85714285714286,6482.8
284,oracle,2,160,1109.66666666667,3,14,2,6482.8
284,oracle,2,160,1109.66666666667,3,15,2.14285714285714,6482.8
284,oracle,2,160,1109.66666666667,3,16,2.28571428571429,6482.8
284,oracle,2,160,1109.66666666667,3,17,2.42857142857143,6482.8
284,oracle,2,160,1109.66666666667,3,18,2.57142857142857,6482.8
284,oracle,2,160,1109.66666666667,3,19,2.71428571428571,6482.8
284,oracle,2,160,1109.66666666667,3,20,2.85714285714286,6482.8
284,oracle,2,160,1109.66666666667,3,21,3,6482.8
285,oracle,2,160,2219.33333333333,0.2,0,0,2219.33333333333
285,oracle,2,160,2219.33333333333,0.2,1,0.2,6401.6
286,oracle,2,160,2219.33333333333,3,0,0,2219.33333333333
286,oracle,2,160,2219.33333333333,3,1,0.142857142857143,6217.4
286,oracle,2,160,2219.33333333333,3,2,0.285714285714286,6465.4
286,oracle,2,160,2219.33333333333,3,3,0.428571428571429,6482.8
286,oracle,2,160,2219.33333333333,3,4,0.571428571428571,6482.8
286,oracle,2,160,2219.33333333333,3,5,0.714285714285714,6482.8
286,oracle,2,160,2219.33333333333,3,6,0.857142857142857,6482.8
286,oracle,2,160,2219.33333333333,3,7,1,6482.8
286,oracle,2,160,2219.33333333333,3,8,1.14285714285714,6482.8
286,oracle,2,160,2219.33333333333,3,9,1.28571428571429,6482.8
286,oracle,2,160,2219.33333333333,3,10,1.42857142857143,6482.8
286,oracle,2,160,2219.33333333333,3,11,1.57142857142857,6482.8
286,oracle,2,160,2219.33333333333,3,12,1.71428571428571,6482.8
286,oracle,2,160,2219.33333333333,3,13,1.85714285714286,6482.8
286,oracle,2,160,2219.33333333333,3,14,2,6482.8
286,oracle,2,160,2219.33333333333,3,15,2.14285714285714,6482.8
286,oracle,2,160,2219.33333333333,3,16,2.28571428571429,6482.8
286,oracle,2,160,2219.33333333333,3,17,2.42857142857143,6482.8
286,oracle,2,160,2219.33333333333,3,18,2.57142857142857,6482.8
286,oracle,2,160,2219.33333333333,3,19,2.71428571428571,6482.8
286,oracle,2,160,2219.33333333333,3,20,2.85714285714286,6482.8
286,oracle,2,160,2219.33333333333,3,21,3,6482.8
287,oracle,2,160,3329,0.2,0,0,3329
287,oracle,2,160,3329,0.2,1,0.2,6443.6
288,oracle,2,160,3329,3,0,0,3329
288,oracle,2,160,3329,3,1,0.142857142857143,6320.6
288,oracle,2,160,3329,3,2,0.285714285714286,6476.6
288,oracle,2,160,3329,3,3,0.428571428571429,6482.8
288,oracle,2,160,3329,3,4,0.571428571428571,6482.8
288,oracle,2,160,3329,3,5,0.714285714285714,6482.8
288,oracle,2,160,3329,3,6,0.857142857142857,6482.8
288,oracle,2,160,3329,3,7,1,6482.8
288,oracle,2,160,3329,3,8,1.14285714285714,6482.8
288,oracle,2,160,3329,3,9,1.28571428571429,6482.8
288,oracle,2,160,3329,3,10,1.42857142857143,6482.8
288,oracle,2,160,3329,3,11,1.57142857142857,6482.8
288,oracle,2,160,3329,3,12,1.71428571428571,6482.8
288,oracle,2,160,3329,3,13,1.85714285714286,6482.8
288,oracle,2,160,3329,3,14,2,6482.8
288,oracle,2,160,3329,3,15,2.14285714285714,6482.8
288,oracle,2,160,3329,3,16,2.28571428571429,6482.8
288,oracle,2,160,3329,3,17,2.42857142857143,6482.8
288,oracle,2,160,3329,3,18,2.57142857142857,6482.8
288,oracle,2,160,3329,3,19,2.71428571428571,6482.8
288,oracle,2,160,3329,3,20,2.85714285714286,6482.8
288,oracle,2,160,3329,3,21,3,6482.8
289,oracle,2,160,4438.66666666667,0.2,0,0,4438.66666666667
289,oracle,2,160,4438.66666666667,0.2,1,0.2,6448.2
290,oracle,2,160,4438.66666666667,3,0,0,4438.66666666667
290,oracle,2,160,4438.66666666667,3,1,0.142857142857143,6405.8
290,oracle,2,160,4438.66666666667,3,2,0.285714285714286,6482.6
290,oracle,2,160,4438.66666666667,3,3,0.428571428571429,6482.8
290,oracle,2,160,4438.66666666667,3,4,0.571428571428571,6482.8
290,oracle,2,160,4438.66666666667,3,5,0.714285714285714,6482.8
290,oracle,2,160,4438.66666666667,3,6,0.857142857142857,6482.8
290,oracle,2,160,4438.66666666667,3,7,1,6482.8
290,oracle,2,160,4438.66666666667,3,8,1.14285714285714,6482.8
290,oracle,2,160,4438.66666666667,3,9,1.28571428571429,6482.8
290,oracle,2,160,4438.66666666667,3,10,1.42857142857143,6482.8
290,oracle,2,160,4438.66666666667,3,11,1.57142857142857,6482.8
290,oracle,2,160,4438.66666666667,3,12,1.71428571428571,6482.8
290,oracle,2,160,4438.66666666667,3,13,1.85714285714286,6482.8
290,oracle,2,160,4438.66666666667,3,14,2,6482.8
290,oracle,2,160,4438.66666666667,3,15,2.14285714285714,6482.8
290,oracle,2,160,4438.66666666667,3,16,2.28571428571429,6482.8
290,oracle,2,160,4438.66666666667,3,17,2.42857142857143,6482.8
290,oracle,2,160,4438.66666666667,3,18,2.57142857142857,6482.8
290,oracle,2,160,4438.66666666667,3,19,2.71428571428571,6482.8
290,oracle,2,160,4438.66666666667,3,20,2.85714285714286,6482.8
290,oracle,2,160,4438.66666666667,3,21,3,6482.8
291,oracle,2,160,5548.33333333333,0.2,0,0,5548.33333333333
291,oracle,2,160,5548.33333333333,0.2,1,0.2,6466.2
292,oracle,2,160,5548.33333333333,3,0,0,5548.33333333333
292,oracle,2,160,5548.33333333333,3,1,0.142857142857143,6444.4
292,oracle,2,160,5548.33333333333,3,2,0.285714285714286,6482.8
292,oracle,2,160,5548.33333333333,3,3,0.428571428571429,6482.8
292,oracle,2,160,5548.33333333333,3,4,0.571428571428571,6482.8
292,oracle,2,160,5548.33333333333,3,5,0.714285714285714,6482.8
292,oracle,2,160,5548.33333333333,3,6,0.857142857142857,6482.8
292,oracle,2,160,5548.33333333333,3,7,1,6482.8
292,oracle,2,160,5548.33333333333,3,8,1.14285714285714,6482.8
292,oracle,2,160,5548.33333333333,3,9,1.28571428571429,6482.8
292,oracle,2,160,5548.33333333333,3,10,1.42857142857143,6482.8
292,oracle,2,160,5548.33333333333,3,11,1.57142857142857,6482.8
292,oracle,2,160,5548.33333333333,3,12,1.71428571428571,6482.8
292,oracle,2,160,5548.33333333333,3,13,1.85714285714286,6482.8
292,oracle,2,160,5548.33333333333,3,14,2,6482.8
292,oracle,2,160,5548.33333333333,3,15,2.14285714285714,6482.8
292,oracle,2,160,5548.33333333333,3,16,2.28571428571429,6482.8
292,oracle,2,160,5548.33333333333,3,17,2.42857142857143,6482.8
292,oracle,2,160,5548.33333333333,3,18,2.57142857142857,6482.8
292,oracle,2,160,5548.33333333333,3,19,2.71428571428571,6482.8
292,oracle,2,160,5548.33333333333,3,20,2.85714285714286,6482.8
292,oracle,2,160,5548.33333333333,3,21,3,6482.8
293,oracle,2,160,6658,0.2,0,0,6658
293,oracle,2,160,6658,0.2,1,0.2,6658
294,oracle,2,160,6658,3,0,0,6658
294,oracle,2,160,6658,3,1,0.142857142857143,6658
294,oracle,2,160,6658,3,2,0.285714285714286,6658
294,oracle,2,160,6658,3,3,0.428571428571429,6658
294,oracle,2,160,6658,3,4,0.571428571428571,6658
294,oracle,2,160,6658,3,5,0.714285714285714,6658
294,oracle,2,160,6658,3,6,0.857142857142857,6658
294,oracle,2,160,6658,3,7,1,6658
294,oracle,2,160,6658,3,8,1.14285714285714,6658
294,oracle,2,160,6658,3,9,1.28571428571429,6658
294,oracle,2,160,6658,3,10,1.42857142857143,6658
294,oracle,2,160,6658,3,11,1.57142857142857,6658
294,oracle,2,160,6658,3,12,1.71428571428571,6658
294,oracle,2,160,6658,3,13,1.85714285714286,6658
294,oracle,2,160,6658,3,14,2,6658
294,oracle,2,160,6658,3,15,2.14285714285714,6658
294,oracle,2,160,6658,3,16,2.28571428571429,6658
294,oracle,2,160,6658,3,17,2.42857142857143,6658
294,oracle,2,160,6658,3,18,2.57142857142857,6658
294,oracle,2,160,6658,3,19,2.71428571428571,6658
294,oracle,2,160,6658,3,20,2.85714285714286,6658
294,oracle,2,160,6658,3,21,3,6658
295,oracle,2,-160,-420,0.2,0,0,-420
295,oracle,2,-160,-420,0.2,1,0.2,-420
296,oracle,2,-160,-420,3,0,0,-420
296,oracle,2,-160,-420,3,1,0.142857142857143,-420
296,oracle,2,-160,-420,3,2,0.285714285714286,-420
296,oracle,2,-160,-420,3,3,0.428571428571429,-420
296,oracle,2,-160,-420,3,4,0.571428571428571,-420
296,oracle,2,-160,-420,3,5,0.714285714285714,-420
296,oracle,2,-160,-420,3,6,0.857142857142857,-420
296,oracle,2,-160,-420,3,7,1,-420
296,oracle,2,-160,-420,3,8,1.14285714285714,-420
296,oracle,2,-160,-420,3,9,1.28571428571429,-420
296,oracle,2,-160,-420,3,10,1.42857142857143,-420
296,oracle,2,-160,-420,3,11,1.57142857142857,-420
296,oracle,2,-160,-420,3,12,1.71428571428571,-420
296,oracle,2,-160,-420,3,13,1.85714285714286,-420
296,oracle,2,-160,-420,3,14,2,-420
296,oracle,2,-160,-420,3,15,2.14285714285714,-420
296,oracle,2,-160,-420,3,16,2.28571428571429,-420
296,oracle,2,-160,-420,3,17,2.42857142857143,-420
296,oracle,2,-160,-420,3,18,2.57142857142857,-420
296,oracle,2,-160,-420,3,19,2.71428571428571,-420
296,oracle,2,-160,-420,3,20,2.85714285714286,-420
296,oracle,2,-160,-420,3,21,3,-420
297,oracle,2,-160,759.666666666667,0.2,0,0,759.666666666667
297,oracle,2,-160,759.666666666667,0.2,1,0.2,-300.4
298,oracle,2,-160,759.666666666667,3,0,0,759.666666666667
298,oracle,2,-160,759.666666666667,3,1,0.142857142857143,-300.4
298,oracle,2,-160,759.666666666667,3,2,0.285714285714286,-300.4
298,oracle,2,-160,759.666666666667,3,3,0.428571428571429,-300.4
298,oracle,2,-160,759.666666666667,3,4,0.571428571428571,-300.4
298,oracle,2,-160,759.666666666667,3,5,0.714285714285714,-300.4
298,oracle,2,-160,759.666666666667,3,6,0.857142857142857,-300.4
298,oracle,2,-160,759.666666666667,3,7,1,-300.4
298,oracle,2,-160,759.666666666667,3,8,1.14285714285714,-300.4
298,oracle,2,-160,759.666666666667,3,9,1.28571428571429,-300.4
298,oracle,2,-160,759.666666666667,3,10,1.42857142857143,-300.4
298,oracle,2,-160,759.666666666667,3,11,1.57142857142857,-300.4
298,oracle,2,-160,759.666666666667,3,12,1.71428571428571,-300.4
298,oracle,2,-160,759.666666666667,3,13,1.85714285714286,-300.4
298,oracle,2,-160,759.666666666667,3,14,2,-300.4
298,oracle,2,-160,759.666666666667,3,15,2.14285714285714,-300.4
298,oracle,2,-160,759.666666666667,3,16,2.28571428571429,-300.4
298,oracle,2,-160,759.666666666667,3,17,2.42857142857143,-300.4
298,oracle,2,-160,759.666666666667,3,18,2.57142857142857,-300.4
298,oracle,2,-160,759.666666666667,3,19,2.71428571428571,-300.4
298,oracle,2,-160,759.666666666667,3,20,2.85714285714286,-300.4
298,oracle,2,-160,759.666666666667,3,21,3,-300.4
299,oracle,2,-160,1939.33333333333,0.2,0,0,1939.33333333333
299,oracle,2,-160,1939.33333333333,0.2,1,0.2,-300.4
300,oracle,2,-160,1939.33333333333,3,0,0,1939.33333333333
300,oracle,2,-160,1939.33333333333,3,1,0.142857142857143,-300.4
300,oracle,2,-160,1939.33333333333,3,2,0.285714285714286,-300.4
300,oracle,2,-160,1939.33333333333,3,3,0.428571428571429,-300.4
300,oracle,2,-160,1939.33333333333,3,4,0.571428571428571,-300.4
300,oracle,2,-160,1939.33333333333,3,5,0.714285714285714,-300.4
300,oracle,2,-160,1939.33333333333,3,6,0.857142857142857,-300.4
300,oracle,2,-160,1939.33333333333,3,7,1,-300.4
300,oracle,2,-160,1939.33333333333,3,8,1.14285714285714,-300.4
300,oracle,2,-160,1939.33333333333,3,9,1.28571428571429,-300.4
300,oracle,2,-160,1939.33333333333,3,10,1.42857142857143,-300.4
300,oracle,2,-160,1939.33333333333,3,11,1.57142857142857,-300.4
300,oracle,2,-160,1939.33333333333,3,12,1.71428571428571,-300.4
300,oracle,2,-160,1939.33333333333,3,13,1.85714285714286,-300.4
300,oracle,2,-160,1939.33333333333,3,14,2,-300.4
300,oracle,2,-160,1939.33333333333,3,15,2.14285714285714,-300.4
300,oracle,2,-160,1939.33333333333,3,16,2.28571428571429,-300.4
300,oracle,2,-160,1939.33333333333,3,17,2.42857142857143,-300.4
300,oracle,2,-160,1939.33333333333,3,18,2.57142857142857,-300.4
300,oracle,2,-160,1939.33333333333,3,19,2.71428571428571,-300.4
300,oracle,2,-160,1939.33333333333,3,20,2.85714285714286,-300.4
300,oracle,2,-160,1939.33333333333,3,21,3,-300.4
301,oracle,2,-160,3119,0.2,0,0,3119
301,oracle,2,-160,3119,0.2,1,0.2,-300.4
302,oracle,2,-160,3119,3,0,0,3119
302,oracle,2,-160,3119,3,1,0.142857142857143,-300.4
302,oracle,2,-160,3119,3,2,0.285714285714286,-300.4
302,oracle,2,-160,3119,3,3,0.428571428571429,-300.4
302,oracle,2,-160,3119,3,4,0.571428571428571,-300.4
302,oracle,2,-160,3119,3,5,0.714285714285714,-300.4
302,oracle,2,-160,3119,3,6,0.857142857142857,-300.4
302,oracle,2,-160,3119,3,7,1,-300.4
302,oracle,2,-160,3119,3,8,1.14285714285714,-300.4
302,oracle,2,-160,3119,3,9,1.28571428571429,-300.4
302,oracle,2,-160,3119,3,10,1.42857142857143,-300.4
302,oracle,2,-160,3119,3,11,1.57142857142857,-300.4
302,oracle,2,-160,3119,3,12,1.71428571428571,-300.4
302,oracle,2,-160,3119,3,13,1.85714285714286,-300.4
302,oracle,2,-160,3119,3,14,2,-300.4
302,oracle,2,-160,3119,3,15,2.14285714285714,-300.4
302,oracle,2,-160,3119,3,16,2.28571428571429,-300.4
302,oracle,2,-160,3119,3,17,2.42857142857143,-300.4
302,oracle,2,-160,3119,3,18,2.57142857142857,-300.4
302,oracle,2,-160,3119,3,19,2.71428571428571,-300.4
302,oracle,2,-160,3119,3,20,2.85714285714286,-300.4
302,oracle,2,-160,3119,3,21,3,-300.4
303,oracle,2,-160,4298.66666666667,0.2,0,0,4298.66666666667
303,oracle,2,-160,4298.66666666667,0.2,1,0.2,-300.4
304,oracle,2,-160,4298.66666666667,3,0,0,4298.66666666667
304,oracle,2,-160,4298.66666666667,3,1,0.142857142857143,-300.4
304,oracle,2,-160,4298.66666666667,3,2,0.285714285714286,-300.4
304,oracle,2,-160,4298.66666666667,3,3,0.428571428571429,-300.4
304,oracle,2,-160,4298.66666666667,3,4,0.571428571428571,-300.4
304,oracle,2,-160,4298.66666666667,3,5,0.714285714285714,-300.4
304,oracle,2,-160,4298.66666666667,3,6,0.857142857142857,-300.4
304,oracle,2,-160,4298.66666666667,3,7,1,-300.4
304,oracle,2,-160,4298.66666666667,3,8,1.14285714285714,-300.4
304,oracle,2,-160,4298.66666666667,3,9,1.28571428571429,-300.4
304,oracle,2,-160,4298.66666666667,3,10,1.42857142857143,-300.4
304,oracle,2,-160,4298.66666666667,3,11,1.57142857142857,-300.4
304,oracle,2,-160,4298.66666666667,3,12,1.71428571428571,-300.4
304,oracle,2,-160,4298.66666666667,3,13,1.85714285714286,-300.4
304,oracle,2,-160,4298.66666666667,3,14,2,-300.4
304,oracle,2,-160,4298.66666666667,3,15,2.14285714285714,-300.4
304,oracle,2,-160,4298.66666666667,3,16,2.28571428571429,-300.4
304,oracle,2,-160,4298.66666666667,3,17,2.42857142857143,-300.4
304,oracle,2,-160,4298.66666666667,3,18,2.57142857142857,-300.4
304,oracle,2,-160,4298.66666666667,3,19,2.71428571428571,-300.4
304,oracle,2,-160,4298.66666666667,3,20,2.85714285714286,-300.4
304,oracle,2,-160,4298.66666666667,3,21,3,-300.4
305,oracle,2,-160,5478.33333333333,0.2,0,0,5478.33333333333
305,oracle,2,-160,5478.33333333333,0.2,1,0.2,-300.4
306,oracle,2,-160,5478.33333333333,3,0,0,5478.33333333333
306,oracle,2,-160,5478.33333333333,3,1,0.142857142857143,-201
306,oracle,2,-160,5478.33333333333,3,2,0.285714285714286,-300.4
306,oracle,2,-160,5478.33333333333,3,3,0.428571428571429,-300.4
306,oracle,2,-160,5478.33333333333,3,4,0.571428571428571,-300.4
306,oracle,2,-160,5478.33333333333,3,5,0.714285714285714,-300.4
306,oracle,2,-160,5478.33333333333,3,6,0.857142857142857,-300.4
306,oracle,2,-160,5478.33333333333,3,7,1,-300.4
306,oracle,2,-160,5478.33333333333,3,8,1.14285714285714,-300.4
306,oracle,2,-160,5478.33333333333,3,9,1.28571428571429,-300.4
306,oracle,2,-160,5478.33333333333,3,10,1.42857142857143,-300.4
306,oracle,2,-160,5478.33333333333,3,11,1.57142857142857,-300.4
306,oracle,2,-160,5478.33333333333,3,12,1.71428571428571,-300.4
306,oracle,2,-160,5478.33333333333,3,13,1.85714285714286,-300.4
306,oracle,2,-160,5478.33333333333,3,14,2,-300.4
306,oracle,2,-160,5478.33333333333,3,15,2.14285714285714,-300.4
306,oracle,2,-160,5478.33333333333,3,16,2.28571428571429,-300.4
306,oracle,2,-160,5478.33333333333,3,17,2.42857142857143,-300.4
306,oracle,2,-160,5478.33333333333,3,18,2.57142857142857,-300.4
306,oracle,2,-160,5478.33333333333,3,19,2.71428571428571,-300.4
306,oracle,2,-160,5478.33333333333,3,20,2.85714285714286,-300.4
306,oracle,2,-160,5478.33333333333,3,21,3,-300.4
307,oracle,2,-160,6658,0.2,0,0,6658
307,oracle,2,-160,6658,0.2,1,0.2,-300.4
308,oracle,2,-160,6658,3,0,0,6658
308,oracle,2,-160,6658,3,1,0.142857142857143,754.4
308,oracle,2,-160,6658,3,2,0.285714285714286,-300.4
308,oracle,2,-160,6658,3,3,0.428571428571429,-300.4
308,oracle,2,-160,6658,3,4,0.571428571428571,-300.4
308,oracle,2,-160,6658,3,5,0.714285714285714,-300.4
308,oracle,2,-160,6658,3,6,0.857142857142857,-300.4
308,oracle,2,-160,6658,3,7,1,-300.4
308,oracle,2,-160,6658,3,8,1.14285714285714,-300.4
308,oracle,2,-160,6658,3,9,1.28571428571429,-300.4
308,oracle,2,-160,6658,3,10,1.42857142857143,-300.4
308,oracle,2,-160,6658,3,11,1.57142857142857,-300.4
308,oracle,2,-160,6658,3,12,1.71428571428571,-300.4
308,oracle,2,-160,6658,3,13,1.85714285714286,-300.4
308,oracle,2,-160,6658,3,14,2,-300.4
308,oracle,2,-160,6658,3,15,2.14285714285714,-300.4
308,oracle,2,-160,6658,3,16,2.28571428571429,-300.4
308,oracle,2,-160,6658,3,17,2.42857142857143,-300.4
308,oracle,2,-160,6658,3,18,2.57142857142857,-300.4
308,oracle,2,-160,6658,3,19,2.71428571428571,-300.4
308,oracle,2,-160,6658,3,20,2.85714285714286,-300.4
308,oracle,2,-160,6658,3,21,3,-300.4
309,oracle,2,192,0,0.2,0,0,0
309,oracle,2,192,0,0.2,1,0.2,6521
310,oracle,2,192,0,3,0,0,0
310,oracle,2,192,0,3,1,0.142857142857143,5618.66666666667
310,oracle,2,192,0,3,2,0.285714285714286,6521
310,oracle,2,192,0,3,3,0.428571428571429,6521
310,oracle,2,192,0,3,4,0.571428571428571,6521
310,oracle,2,192,0,3,5,0.714285714285714,6521
310,oracle,2,192,0,3,6,0.857142857142857,6521
310,oracle,2,192,0,3,7,1,6521
310,oracle,2,192,0,3,8,1.14285714285714,6521
310,oracle,2,192,0,3,9,1.28571428571429,6521
310,oracle,2,192,0,3,10,1.42857142857143,6521
310,oracle,2,192,0,3,11,1.57142857142857,6521
310,oracle,2,192,0,3,12,1.71428571428571,6521
310,oracle,2,192,0,3,13,1.85714285714286,6521
310,oracle,2,192,0,3,14,2,6521
310,oracle,2,192,0,3,15,2.14285714285714,6521
310,oracle,2,192,0,3,16,2.28571428571429,6521
310,oracle,2,192,0,3,17,2.42857142857143,6521
310,oracle,2,192,0,3,18,2.57142857142857,6521
310,oracle,2,192,0,3,19,2.71428571428571,6521
310,oracle,2,192,0,3,20,2.85714285714286,6521
310,oracle,2,192,0,3,21,3,6521
311,oracle,2,192,1087.5,0.2,0,0,1087.5
311,oracle,2,192,1087.5,0.2,1,0.2,6521
312,oracle,2,192,1087.5,3,0,0,1087.5
312,oracle,2,192,1087.5,3,1,0.142857142857143,6358.33333333333
312,oracle,2,192,1087.5,3,2,0.285714285714286,6521
312,oracle,2,192,1087.5,3,3,0.428571428571429,6521
312,oracle,2,192,1087.5,3,4,0.571428571428571,6521
312,oracle,2,192,1087.5,3,5,0.714285714285714,6521
312,oracle,2,192,1087.5,3,6,0.857142857142857,6521
312,oracle,2,192,1087.5,3,7,1,6521
312,oracle,2,192,1087.5,3,8,1.14285714285714,6521
312,oracle,2,192,1087.5,3,9,1.28571428571429,6521
312,oracle,2,192,1087.5,3,10,1.42857142857143,6521
312,oracle,2,192,1087.5,3,11,1.57142857142857,6521
312,oracle,2,192,1087.5,3,12,1.71428571428571,6521
312,oracle,2,192,1087.5,3,13,1.85714285714286,6521
312,oracle,2,192,1087.5,3,14,2,6521
312,oracle,2,192,1087.5,3,15,2.14285714285714,6521
312,oracle,2,192,1087.5,3,16,2.28571428571429,6521
312,oracle,2,192,1087.5,3,17,2.42857142857143,6521
312,oracle,2,192,1087.5,3,18,2.57142857142857,6521
312,oracle,2,192,1087.5,3,19,2.71428571428571,6521
312,oracle,2,192,1087.5,3,20,2.85714285714286,6521
312,oracle,2,192,1087.5,3,21,3,6521
313,oracle,2,192,2175,0.2,0,0,2175
313,oracle,2,192,2175,0.2,1,0.2,6521
314,oracle,2,192,2175,3,0,0,2175
314,oracle,2,192,2175,3,1,0.142857142857143,6521
314,oracle,2,192,2175,3,2,0.285714285714286,6521
314,oracle,2,192,2175,3,3,0.428571428571429,6521
314,oracle,2,192,2175,3,4,0.571428571428571,6521
314,oracle,2,192,2175,3,5,0.714285714285714,6521
314,oracle,2,192,2175,3,6,0.857142857142857,6521
314,oracle,2,192,2175,3,7,1,6521
314,oracle,2,192,2175,3,8,1.14285714285714,6521
314,oracle,2,192,2175,3,9,1.28571428571429,6521
314,oracle,2,192,2175,3,10,1.42857142857143,6521
314,oracle,2,192,2175,3,11,1.57142857142857,6521
314,oracle,2,192,2175,3,12,1.71428571428571,6521
314,oracle,2,192,2175,3,13,1.85714285714286,6521
314,oracle,2,192,2175,3,14,2,6521
314,oracle,2,192,2175,3,15,2.14285714285714,6521
314,oracle,2,192,2175,3,16,2.28571428571429,6521
314,oracle,2,192,2175,3,17,2.42857142857143,6521
314,oracle,2,192,2175,3,18,2.57142857142857,6521
314,oracle,2,192,2175,3,19,2.71428571428571,6521
314,oracle,2,192,2175,3,20,2.85714285714286,6521
314,oracle,2,192,2175,3,21,3,6521
315,oracle,2,192,3262.5,0.2,0,0,3262.5
315,oracle,2,192,3262.5,0.2,1,0.2,6521
316,oracle,2,192,3262.5,3,0,0,3262.5
316,oracle,2,192,3262.5,3,1,0.142857142857143,6521
316,oracle,2,192,3262.5,3,2,0.285714285714286,6521
316,oracle,2,192,3262.5,3,3,0.428571428571429,6521
316,oracle,2,192,3262.5,3,4,0.571428571428571,6521
316,oracle,2,192,3262.5,3,5,0.714285714285714,6521
316,oracle,2,192,3262.5,3,6,0.857142857142857,6521
316,oracle,2,192,3262.5,3,7,1,6521
316,oracle,2,192,3262.5,3,8,1.14285714285714,6521
316,oracle,2,192,3262.5,3,9,1.28571428571429,6521
316,oracle,2,192,3262.5,3,10,1.42857142857143,6521
316,oracle,2,192,3262.5,3,11,1.57142857142857,6521
316,oracle,2,192,3262.5,3,12,1.71428571428571,6521
316,oracle,2,192,3262.5,3,13,1.85714285714286,6521
316,oracle,2,192,3262.5,3,14,2,6521
316,oracle,2,192,3262.5,3,15,2.14285714285714,6521
316,oracle,2,192,3262.5,3,16,2.28571428571429,6521
316,oracle,2,192,3262.5,3,17,2.42857142857143,6521
316,oracle,2,192,3262.5,3,18,2.57142857142857,6521
316,oracle,2,192,3262.5,3,19,2.71428571428571,6521
316,oracle,2,192,3262.5,3,20,2.85714285714286,6521
316,oracle,2,192,3262.5,3,21,3,6521
317,oracle,2,192,4350,0.2,0,0,4350
317,oracle,2,192,4350,0.2,1,0.2,6521
318,oracle,2,192,4350,3,0,0,4350
318,oracle,2,192,4350,3,1,0.142857142857143,6521
318,oracle,2,192,4350,3,2,0.285714285714286,6521
318,oracle,2,192,4350,3,3,0.428571428571429,6521
318,oracle,2,192,4350,3,4,0.571428571428571,6521
318,oracle,2,192,4350,3,5,0.714285714285714,6521
318,oracle,2,192,4350,3,6,0.857142857142857,6521
318,oracle,2,192,4350,3,7,1,6521
318,oracle,2,192,4350,3,8,1.14285714285714,6521
318,oracle,2,192,4350,3,9,1.28571428571429,6521
318,oracle,2,192,4350,3,10,1.42857142857143,6521
318,oracle,2,192,4350,3,11,1.57142857142857,6521
318,oracle,2,192,4350,3,12,1.71428571428571,6521
318,oracle,2,192,4350,3,13,1.85714285714286,6521
318,oracle,2,192,4350,3,14,2,6521
318,oracle,2,192,4350,3,15,2.14285714285714,6521
318,oracle,2,192,4350,3,16,2.28571428571429,6521
318,oracle,2,192,4350,3,17,2.42857142857143,6521
318,oracle,2,192,4350,3,18,2.57142857142857,6521
318,oracle,2,192,4350,3,19,2.71428571428571,6521
318,oracle,2,192,4350,3,20,2.85714285714286,6521
318,oracle,2,192,4350,3,21,3,6521
319,oracle,2,192,5437.5,0.2,0,0,5437.5
319,oracle,2,192,5437.5,0.2,1,0.2,6521
320,oracle,2,192,5437.5,3,0,0,5437.5
320,oracle,2,192,5437.5,3,1,0.142857142857143,6521
320,oracle,2,192,5437.5,3,2,0.285714285714286,6521
320,oracle,2,192,5437.5,3,3,0.428571428571429,6521
320,oracle,2,192,5437.5,3,4,0.571428571428571,6521
320,oracle,2,192,5437.5,3,5,0.714285714285714,6521
320,oracle,2,192,5437.5,3,6,0.857142857142857,6521
320,oracle,2,192,5437.5,3,7,1,6521
320,oracle,2,192,5437.5,3,8,1.14285714285714,6521
320,oracle,2,192,5437.5,3,9,1.28571428571429,6521
320,oracle,2,192,5437.5,3,10,1.42857142857143,6521
320,oracle,2,192,5437.5,3,11,1.57142857142857,6521
320,oracle,2,192,5437.5,3,12,1.71428571428571,6521
320,oracle,2,192,5437.5,3,13,1.85714285714286,6521
320,oracle,2,192,5437.5,3,14,2,6521
320,oracle,2,192,5437.5,3,15,2.14285714285714,6521
320,oracle,2,192,5437.5,3,16,2.28571428571429,6521
320,oracle,2,192,5437.5,3,17,2.42857142857143,6521
320,oracle,2,192,5437.5,3,18,2.57142857142857,6521
320,oracle,2,192,5437.5,3,19,2.71428571428571,6521
320,oracle,2,192,5437.5,3,20,2.85714285714286,6521
320,oracle,2,192,5437.5,3,21,3,6521
321,oracle,2,192,6525,0.2,0,0,6525
321,oracle,2,192,6525,0.2,1,0.2,6525
322,oracle,2,192,6525,3,0,0,6525
322,oracle,2,192,6525,3,1,0.142857142857143,6525
322,oracle,2,192,6525,3,2,0.285714285714286,6525
322,oracle,2,192,6525,3,3,0.428571428571429,6525
322,oracle,2,192,6525,3,4,0.571428571428571,6525
322,oracle,2,192,6525,3,5,0.714285714285714,6525
322,oracle,2,192,6525,3,6,0.857142857142857,6525
322,oracle,2,192,6525,3,7,1,6525
322,oracle,2,192,6525,3,8,1.14285714285714,6525
322,oracle,2,192,6525,3,9,1.28571428571429,6525
322,oracle,2,192,6525,3,10,1.42857142857143,6525
322,oracle,2,192,6525,3,11,1.57142857142857,6525
322,oracle,2,192,6525,3,12,1.71428571428571,6525
322,oracle,2,192,6525,3,13,1.85714285714286,6525
322,oracle,2,192,6525,3,14,2,6525
322,oracle,2,192,6525,3,15,2.14285714285714,6525
322,oracle,2,192,6525,3,16,2.28571428571429,6525
322,oracle,2,192,6525,3,17,2.42857142857143,6525
322,oracle,2,192,6525,3,18,2.57142857142857,6525
322,oracle,2,192,6525,3,19,2.71428571428571,6525
322,oracle,2,192,6525,3,20,2.85714285714286,6525
322,oracle,2,192,6525,3,21,3,6525
323,oracle,2,-192,-427,0.2,0,0,-427
323,oracle,2,-192,-427,0.2,1,0.2,-427
324,oracle,2,-192,-427,3,0,0,-427
324,oracle,2,-192,-427,3,1,0.142857142857143,-427
324,oracle,2,-192,-427,3,2,0.285714285714286,-427
324,oracle,2,-192,-427,3,3,0.428571428571429,-427
324,oracle,2,-192,-427,3,4,0.571428571428571,-427
324,oracle,2,-192,-427,3,5,0.714285714285714,-427
324,oracle,2,-192,-427,3,6,0.857142857142857,-427
324,oracle,2,-192,-427,3,7,1,-427
324,oracle,2,-192,-427,3,8,1.14285714285714,-427
324,oracle,2,-192,-427,3,9,1.28571428571429,-427
324,oracle,2,-192,-427,3,10,1.42857142857143,-427
324,oracle,2,-192,-427,3,11,1.57142857142857,-427
324,oracle,2,-192,-427,3,12,1.71428571428571,-427
324,oracle,2,-192,-427,3,13,1.85714285714286,-427
324,oracle,2,-192,-427,3,14,2,-427
324,oracle,2,-192,-427,3,15,2.14285714285714,-427
324,oracle,2,-192,-427,3,16,2.28571428571429,-427
324,oracle,2,-192,-427,3,17,2.42857142857143,-427
324,oracle,2,-192,-427,3,18,2.57142857142857,-427
324,oracle,2,-192,-427,3,19,2.71428571428571,-427
324,oracle,2,-192,-427,3,20,2.85714285714286,-427
324,oracle,2,-192,-427,3,21,3,-427
325,oracle,2,-192,731.5,0.2,0,0,731.5
325,oracle,2,-192,731.5,0.2,1,0.2,-363.75
326,oracle,2,-192,731.5,3,0,0,731.5
326,oracle,2,-192,731.5,3,1,0.142857142857143,-363.75
326,oracle,2,-192,731.5,3,2,0.285714285714286,-363.75
326,oracle,2,-192,731.5,3,3,0.428571428571429,-363.75
326,oracle,2,-192,731.5,3,4,0.571428571428571,-363.75
326,oracle,2,-192,731.5,3,5,0.714285714285714,-363.75
326,oracle,2,-192,731.5,3,6,0.857142857142857,-363.75
326,oracle,2,-192,731.5,3,7,1,-363.75
326,oracle,2,-192,731.5,3,8,1.14285714285714,-363.75
326,oracle,2,-192,731.5,3,9,1.28571428571429,-363.75
326,oracle,2,-192,731.5,3,10,1.42857142857143,-363.75
326,oracle,2,-192,731.5,3,11,1.57142857142857,-363.75
326,oracle,2,-192,731.5,3,12,1.71428571428571,-363.75
326,oracle,2,-192,731.5,3,13,1.85714285714286,-363.75
326,oracle,2,-192,731.5,3,14,2,-363.75
326,oracle,2,-192,731.5,3,15,2.14285714285714,-363.75
326,oracle,2,-192,731.5,3,16,2.28571428571429,-363.75
326,oracle,2,-192,731.5,3,17,2.42857142857143,-363.75
326,oracle,2,-192,731.5,3,18,2.57142857142857,-363.75
326,oracle,2,-192,731.5,3,19,2.71428571428571,-363.75
326,oracle,2,-192,731.5,3,20,2.85714285714286,-363.75
326,oracle,2,-192,731.5,3,21,3,-363.75
327,oracle,2,-192,1890,0.2,0,0,1890
327,oracle,2,-192,1890,0.2,1,0.2,-363.75
328,oracle,2,-192,1890,3,0,0,1890
328,oracle,2,-192,1890,3,1,0.142857142857143,-363.75
328,oracle,2,-192,1890,3,2,0.285714285714286,-363.75
328,oracle,2,-192,1890,3,3,0.428571428571429,-363.75
328,oracle,2,-192,1890,3,4,0.571428571428571,-363.75
328,oracle,2,-192,1890,3,5,0.714285714285714,-363.75
328,oracle,2,-192,1890,3,6,0.857142857142857,-363.75
328,oracle,2,-192,1890,3,7,1,-363.75
328,oracle,2,-192,1890,3,8,1.14285714285714,-363.75
328,oracle,2,-192,1890,3,9,1.28571428571429,-363.75
328,oracle,2,-192,1890,3,10,1.42857142857143,-363.75
328,oracle,2,-192,1890,3,11,1.57142857142857,-363.75
328,oracle,2,-192,1890,3,12,1.71428571428571,-363.75
328,oracle,2,-192,1890,3,13,1.85714285714286,-363.75
328,oracle,2,-192,1890,3,14,2,-363.75
328,oracle,2,-192,1890,3,15,2.14285714285714,-363.75
328,oracle,2,-192,1890,3,16,2.28571428571429,-363.75
328,oracle,2,-192,1890,3,17,2.42857142857143,-363.75
328,oracle,2,-192,1890,3,18,2.57142857142857,-363.75
328,oracle,2,-192,1890,3,19,2.71428571428571,-363.75
328,oracle,2,-192,1890,3,20,2.85714285714286,-363.75
328,oracle,2,-192,1890,3,21,3,-363.75
329,oracle,2,-192,3048.5,0.2,0,0,3048.5
329,oracle,2,-192,3048.5,0.2,1,0.2,-363.75
330,oracle,2,-192,3048.5,3,0,0,3048.5
330,oracle,2,-192,3048.5,3,1,0.142857142857143,-363.75
330,oracle,2,-192,3048.5,3,2,0.285714285714286,-363.75
330,oracle,2,-192,3048.5,3,3,0.428571428571429,-363.75
330,oracle,2,-192,3048.5,3,4,0.571428571428571,-363.75
330,oracle,2,-192,3048.5,3,5,0.714285714285714,-363.75
330,oracle,2,-192,3048.5,3,6,0.857142857142857,-363.75
330,oracle,2,-192,3048.5,3,7,1,-363.75
330,oracle,2,-192,3048.5,3,8,1.14285714285714,-363.75
330,oracle,2,-192,3048.5,3,9,1.28571428571429,-363.75
330,oracle,2,-192,3048.5,3,10,1.42857142857143,-363.75
330,oracle,2,-192,3048.5,3,11,1.57142857142857,-363.75
330,oracle,2,-192,3048.5,3,12,1.71428571428571,-363.75
330,oracle,2,-192,3048.5,3,13,1.85714285714286,-363.75
330,oracle,2,-192,3048.5,3,14,2,-363.75
330,oracle,2,-192,3048.5,3,15,2.14285714285714,-363.75
330,oracle,2,-192,3048.5,3,16,2.28571428571429,-363.75
330,oracle,2,-192,3048.5,3,17,2.42857142857143,-363.75
330,oracle,2,-192,3048.5,3,18,2.57142857142857,-363.75
330,oracle,2,-192,3048.5,3,19,2.71428571428571,-363.75
330,oracle,2,-192,3048.5,3,20,2.85714285714286,-363.75
330,oracle,2,-192,3048.5,3,21,3,-363.75
331,oracle,2,-192,4207,0.2,0,0,4207
331,oracle,2,-192,4207,0.2,1,0.2,-363.75
332,oracle,2,-192,4207,3,0,0,4207
332,oracle,2,-192,4207,3,1,0.142857142857143,-363.75
332,oracle,2,-192,4207,3,2,0.285714285714286,-363.75
332,oracle,2,-192,4207,3,3,0.428571428571429,-363.75
332,oracle,2,-192,4207,3,4,0.571428571428571,-363.75
332,oracle,2,-192,4207,3,5,0.714285714285714,-363.75
332,oracle,2,-192,4207,3,6,0.857142857142857,-363.75
332,oracle,2,-192,4207,3,7,1,-363.75
332,oracle,2,-192,4207,3,8,1.14285714285714,-363.75
332,oracle,2,-192,4207,3,9,1.28571428571429,-363.75
332,oracle,2,-192,4207,3,10,1.42857142857143,-363.75
332,oracle,2,-192,4207,3,11,1.57142857142857,-363.75
332,oracle,2,-192,4207,3,12,1.71428571428571,-363.75
332,oracle,2,-192,4207,3,13,1.85714285714286,-363.75
332,oracle,2,-192,4207,3,14,2,-363.75
332,oracle,2,-192,4207,3,15,2.14285714285714,-363.75
332,oracle,2,-192,4207,3,16,2.28571428571429,-363.75
332,oracle,2,-192,4207,3,17,2.42857142857143,-363.75
332,oracle,2,-192,4207,3,18,2.57142857142857,-363.75
332,oracle,2,-192,4207,3,19,2.71428571428571,-363.75
332,oracle,2,-192,4207,3,20,2.85714285714286,-363.75
332,oracle,2,-192,4207,3,21,3,-363.75
333,oracle,2,-192,5365.5,0.2,0,0,5365.5
333,oracle,2,-192,5365.5,0.2,1,0.2,-363.75
334,oracle,2,-192,5365.5,3,0,0,5365.5
334,oracle,2,-192,5365.5,3,1,0.142857142857143,-363.75
334,oracle,2,-192,5365.5,3,2,0.285714285714286,-363.75
334,oracle,2,-192,5365.5,3,3,0.428571428571429,-363.75
334,oracle,2,-192,5365.5,3,4,0.571428571428571,-363.75
334,oracle,2,-192,5365.5,3,5,0.714285714285714,-363.75
334,oracle,2,-192,5365.5,3,6,0.857142857142857,-363.75
334,oracle,2,-192,5365.5,3,7,1,-363.75
334,oracle,2,-192,5365.5,3,8,1.14285714285714,-363.75
334,oracle,2,-192,5365.5,3,9,1.28571428571429,-363.75
334,oracle,2,-192,5365.5,3,10,1.42857142857143,-363.75
334,oracle,2,-192,5365.5,3,11,1.57142857142857,-363.75
334,oracle,2,-192,5365.5,3,12,1.71428571428571,-363.75
334,oracle,2,-192,5365.5,3,13,1.85714285714286,-363.75
334,oracle,2,-192,5365.5,3,14,2,-363.75
334,oracle,2,-192,5365.5,3,15,2.14285714285714,-363.75
334,oracle,2,-192,5365.5,3,16,2.28571428571429,-363.75
334,oracle,2,-192,5365.5,3,17,2.42857142857143,-363.75
334,oracle,2,-192,5365.5,3,18,2.57142857142857,-363.75
334,oracle,2,-192,5365.5,3,19,2.71428571428571,-363.75
334,oracle,2,-192,5365.5,3,20,2.85714285714286,-363.75
334,oracle,2,-192,5365.5,3,21,3,-363.75
335,oracle,2,-192,6524,0.2,0,0,6524
335,oracle,2,-192,6524,0.2,1,0.2,-363.75
336,oracle,2,-192,6524,3,0,0,6524
336,oracle,2,-192,6524,3,1,0.142857142857143,-85.25
336,oracle,2,-192,6524,3,2,0.285714285714286,-363.75
336,oracle,2,-192,6524,3,3,0.428571428571429,-363.75
336,oracle,2,-192,6524,3,4,0.571428571428571,-363.75
336,oracle,2,-192,6524,3,5,0.714285714285714,-363.75
336,oracle,2,-192,6524,3,6,0.857142857142857,-363.75
336,oracle,2,-192,6524,3,7,1,-363.75
336,oracle,2,-192,6524,3,8,1.14285714285714,-363.75
336,oracle,2,-192,6524,3,9,1.28571428571429,-363.75
336,oracle,2,-192,6524,3,10,1.42857142857143,-363.75
336,oracle,2,-192,6524,3,11,1.57142857142857,-363.75
336,oracle,2,-192,6524,3,12,1.71428571428571,-363.75
336,oracle,2,-192,6524,3,13,1.85714285714286,-363.75
336,oracle,2,-192,6524,3,14,2,-363.75
336,oracle,2,-192,6524,3,15,2.14285714285714,-363.75
336,oracle,2,-192,6524,3,16,2.28571428571429,-363.75
336,oracle,2,-192,6524,3,17,2.42857142857143,-363.75
336,oracle,2,-192,6524,3,18,2.57142857142857,-363.75
336,oracle,2,-192,6524,3,19,2.71428571428571,-363.75
336,oracle,2,-192,6524,3,20,2.85714285714286,-363.75
336,oracle,2,-192,6524,3,21,3,-363.75
337,oracle,2,224,0,0.2,0,0,0
337,oracle,2,224,0,0.2,1,0.2,6596.83333333333
338,oracle,2,224,0,3,0,0,0
338,oracle,2,224,0,3,1,0.142857142857143,6126.5
338,oracle,2,224,0,3,2,0.285714285714286,6596.83333333333
338,oracle,2,224,0,3,3,0.428571428571429,6596.83333333333
338,oracle,2,224,0,3,4,0.571428571428571,6596.83333333333
338,oracle,2,224,0,3,5,0.714285714285714,6596.83333333333
338,oracle,2,224,0,3,6,0.857142857142857,6596.83333333333
338,oracle,2,224,0,3,7,1,6596.83333333333
338,oracle,2,224,0,3,8,1.14285714285714,6596.83333333333
338,oracle,2,224,0,3,9,1.28571428571429,6596.83333333333
338,oracle,2,224,0,3,10,1.42857142857143,6596.83333333333
338,oracle,2,224,0,3,11,1.57142857142857,6596.83333333333
338,oracle,2,224,0,3,12,1.71428571428571,6596.83333333333
338,oracle,2,224,0,3,13,1.85714285714286,6596.83333333333
338,oracle,2,224,0,3,14,2,6596.83333333333
338,oracle,2,224,0,3,15,2.14285714285714,6596.83333333333
338,oracle,2,224,0,3,16,2.28571428571429,6596.83333333333
338,oracle,2,224,0,3,17,2.42857142857143,6596.83333333333
338,oracle,2,224,0,3,18,2.57142857142857,6596.83333333333
338,oracle,2,224,0,3,19,2.71428571428571,6596.83333333333
338,oracle,2,224,0,3,20,2.85714285714286,6596.83333333333
338,oracle,2,224,0,3,21,3,6596.83333333333
339,oracle,2,224,1123.33333333333,0.2,0,0,1123.33333333333
339,oracle,2,224,1123.33333333333,0.2,1,0.2,6596.83333333333
340,oracle,2,224,1123.33333333333,3,0,0,1123.33333333333
340,oracle,2,224,1123.33333333333,3,1,0.142857142857143,6595.5
340,oracle,2,224,1123.33333333333,3,2,0.285714285714286,6596.83333333333
340,oracle,2,224,1123.33333333333,3,3,0.428571428571429,6596.83333333333
340,oracle,2,224,1123.33333333333,3,4,0.571428571428571,6596.83333333333
340,oracle,2,224,1123.33333333333,3,5,0.714285714285714,6596.83333333333
340,oracle,2,224,1123.33333333333,3,6,0.857142857142857,6596.83333333333
340,oracle,2,224,1123.33333333333,3,7,1,6596.83333333333
340,oracle,2,224,1123.33333333333,3,8,1.14285714285714,6596.83333333333
340,oracle,2,224,1123.33333333333,3,9,1.28571428571429,6596.83333333333
340,oracle,2,224,1123.33333333333,3,10,1.42857142857143,6596.83333333333
340,oracle,2,224,1123.33333333333,3,11,1.57142857142857,6596.83333333333
340,oracle,2,224,1123.33333333333,3,12,1.71428571428571,6596.83333333333
340,oracle,2,224,1123.33333333333,3,13,1.85714285714286,6596.83333333333
340,oracle,2,224,1123.33333333333,3,14,2,6596.83333333333
340,oracle,2,224,1123.33333333333,3,15,2.14285714285714,6596.83333333333
340,oracle,2,224,1123.33333333333,3,16,2.28571428571429,6596.83333333333
340,oracle,2,224,1123.33333333333,3,17,2.42857142857143,6596.83333333333
340,oracle,2,224,1123.33333333333,3,18,2.57142857142857,6596.83333333333
340,oracle,2,224,1123.33333333333,3,19,2.71428571428571,6596.83333333333
340,oracle,2,224,1123.33333333333,3,20,2.85714285714286,6596.83333333333
340,oracle,2,224,1123.33333333333,3,21,3,6596.83333333333
341,oracle,2,224,2246.66666666667,0.2,0,0,2246.66666666667
341,oracle,2,224,2246.66666666667,0.2,1,0.2,6596.83333333333
342,oracle,2,224,2246.66666666667,3,0,0,2246.66666666667
342,oracle,2,224,2246.66666666667,3,1,0.142857142857143,6596.83333333333
342,oracle,2,224,2246.66666666667,3,2,0.285714285714286,6596.83333333333
342,oracle,2,224,2246.66666666667,3,3,0.428571428571429,6596.83333333333
342,oracle,2,224,2246.66666666667,3,4,0.571428571428571,6596.83333333333
342,oracle,2,224,2246.66666666667,3,5,0.714285714285714,6596.83333333333
342,oracle,2,224,2246.66666666667,3,6,0.857142857142857,6596.83333333333
342,oracle,2,224,2246.66666666667,3,7,1,6596.83333333333
342,oracle,2,224,2246.66666666667,3,8,1.14285714285714,6596.83333333333
342,oracle,2,224,2246.66666666667,3,9,1.28571428571429,6596.83333333333
342,oracle,2,224,2246.66666666667,3,10,1.42857142857143,6596.83333333333
342,oracle,2,224,2246.66666666667,3,11,1.57142857142857,6596.83333333333
342,oracle,2,224,2246.66666666667,3,12,1.71428571428571,6596.83333333333
342,oracle,2,224,2246.66666666667,3,13,1.85714285714286,6596.83333333333
342,oracle,2,224,2246.66666666667,3,14,2,6596.83333333333
342,oracle,2,224,2246.66666666667,3,15,2.14285714285714,6596.83333333333
342,oracle,2,224,2246.66666666667,3,16,2.28571428571429,6596.83333333333
342,oracle,2,224,2246.66666666667,3,17,2.42857142857143,6596.83333333333
342,oracle,2,224,2246.66666666667,3,18,2.57142857142857,6596.83333333333
342,oracle,2,224,2246.66666666667,3,19,2.71428571428571,6596.83333333333
342,oracle,2,224,2246.66666666667,3,20,2.85714285714286,6596.83333333333
342,oracle,2,224,2246.66666666667,3,21,3,6596.83333333333
343,oracle,2,224,3370,0.2,0,0,3370
343,oracle,2,224,3370,0.2,1,0.2,6596.83333333333
344,oracle,2,224,3370,3,0,0,3370
344,oracle,2,224,3370,3,1,0.142857142857143,6596.83333333333
344,oracle,2,224,3370,3,2,0.285714285714286,6596.83333333333
344,oracle,2,224,3370,3,3,0.428571428571429,6596.83333333333
344,oracle,2,224,3370,3,4,0.571428571428571,6596.83333333333
344,oracle,2,224,3370,3,5,0.714285714285714,6596.83333333333
344,oracle,2,224,3370,3,6,0.857142857142857,6596.83333333333
344,oracle,2,224,3370,3,7,1,6596.83333333333
344,oracle,2,224,3370,3,8,1.14285714285714,6596.83333333333
344,oracle,2,224,3370,3,9,1.28571428571429,6596.83333333333
344,oracle,2,224,3370,3,10,1.42857142857143,6596.83333333333
344,oracle,2,224,3370,3,11,1.57142857142857,6596.83333333333
344,oracle,2,224,3370,3,12,1.71428571428571,6596.83333333333
344,oracle,2,224,3370,3,13,1.85714285714286,6596.83333333333
344,oracle,2,224,3370,3,14,2,6596.83333333333
344,oracle,2,224,3370,3,15,2.14285714285714,6596.83333333333
344,oracle,2,224,3370,3,16,2.28571428571429,6596.83333333333
344,oracle,2,224,3370,3,17,2.42857142857143,6596.83333333333
344,oracle,2,224,3370,3,18,2.57142857142857,6596.83333333333
344,oracle,2,224,3370,3,19,2.71428571428571,6596.83333333333
344,oracle,2,224,3370,3,20,2.85714285714286,6596.83333333333
344,oracle,2,224,3370,3,21,3,6596.83333333333
345,oracle,2,224,4493.33333333333,0.2,0,0,4493.33333333333
345,oracle,2,224,4493.33333333333,0.2,1,0.2,6596.83333333333
346,oracle,2,224,4493.33333333333,3,0,0,4493.33333333333
346,oracle,2,224,4493.33333333333,3,1,0.142857142857143,6596.83333333333
346,oracle,2,224,4493.33333333333,3,2,0.285714285714286,6596.83333333333
346,oracle,2,224,4493.33333333333,3,3,0.428571428571429,6596.83333333333
346,oracle,2,224,4493.33333333333,3,4,0.571428571428571,6596.83333333333
346,oracle,2,224,4493.33333333333,3,5,0.714285714285714,6596.83333333333
346,oracle,2,224,4493.33333333333,3,6,0.857142857142857,6596.83333333333
346,oracle,2,224,4493.33333333333,3,7,1,6596.83333333333
346,oracle,2,224,4493.33333333333,3,8,1.14285714285714,6596.83333333333
346,oracle,2,224,4493.33333333333,3,9,1.28571428571429,6596.83333333333
346,oracle,2,224,4493.33333333333,3,10,1.42857142857143,6596.83333333333
346,oracle,2,224,4493.33333333333,3,11,1.57142857142857,6596.83333333333
346,oracle,2,224,4493.33333333333,3,12,1.71428571428571,6596.83333333333
346,oracle,2,224,4493.33333333333,3,13,1.85714285714286,6596.83333333333
346,oracle,2,224,4493.33333333333,3,14,2,6596.83333333333
346,oracle,2,224,4493.33333333333,3,15,2.14285714285714,6596.83333333333
346,oracle,2,224,4493.33333333333,3,16,2.28571428571429,6596.83333333333
346,oracle,2,224,4493.33333333333,3,17,2.42857142857143,6596.83333333333
346,oracle,2,224,4493.33333333333,3,18,2.57142857142857,6596.83333333333
346,oracle,2,224,4493.33333333333,3,19,2.71428571428571,6596.83333333333
346,oracle,2,224,4493.33333333333,3,20,2.85714285714286,6596.83333333333
346,oracle,2,224,4493.33333333333,3,21,3,6596.83333333333
347,oracle,2,224,5616.66666666667,0.2,0,0,5616.66666666667
347,oracle,2,224,5616.66666666667,0.2,1,0.2,6596.83333333333
348,oracle,2,224,5616.66666666667,3,0,0,5616.66666666667
348,oracle,2,224,5616.66666666667,3,1,0.142857142857143,6596.83333333333
348,oracle,2,224,5616.66666666667,3,2,0.285714285714286,6596.83333333333
348,oracle,2,224,5616.66666666667,3,3,0.428571428571429,6596.83333333333
348,oracle,2,224,5616.66666666667,3,4,0.571428571428571,6596.83333333333
348,oracle,2,224,5616.66666666667,3,5,0.714285714285714,6596.83333333333
348,oracle,2,224,5616.66666666667,3,6,0.857142857142857,6596.83333333333
348,oracle,2,224,5616.66666666667,3,7,1,6596.83333333333
348,oracle,2,224,5616.66666666667,3,8,1.14285714285714,6596.83333333333
348,oracle,2,224,5616.66666666667,3,9,1.28571428571429,6596.83333333333
348,oracle,2,224,5616.66666666667,3,10,1.42857142857143,6596.83333333333
348,oracle,2,224,5616.66666666667,3,11,1.57142857142857,6596.83333333333
348,oracle,2,224,5616.66666666667,3,12,1.71428571428571,6596.83333333333
348,oracle,2,224,5616.66666666667,3,13,1.85714285714286,6596.83333333333
348,oracle,2,224,5616.66666666667,3,14,2,6596.83333333333
348,oracle,2,224,5616.66666666667,3,15,2.14285714285714,6596.83333333333
348,oracle,2,224,5616.66666666667,3,16,2.28571428571429,6596.83333333333
348,oracle,2,224,5616.66666666667,3,17,2.42857142857143,6596.83333333333
348,oracle,2,224,5616.66666666667,3,18,2.57142857142857,6596.83333333333
348,oracle,2,224,5616.66666666667,3,19,2.71428571428571,6596.83333333333
348,oracle,2,224,5616.66666666667,3,20,2.85714285714286,6596.83333333333
348,oracle,2,224,5616.66666666667,3,21,3,6596.83333333333
349,oracle,2,224,6740,0.2,0,0,6740
349,oracle,2,224,6740,0.2,1,0.2,6740
350,oracle,2,224,6740,3,0,0,6740
350,oracle,2,224,6740,3,1,0.142857142857143,6740
350,oracle,2,224,6740,3,2,0.285714285714286,6740
350,oracle,2,224,6740,3,3,0.428571428571429,6740
350,oracle,2,224,6740,3,4,0.571428571428571,6740
350,oracle,2,224,6740,3,5,0.714285714285714,6740
350,oracle,2,224,6740,3,6,0.857142857142857,6740
350,oracle,2,224,6740,3,7,1,6740
350,oracle,2,224,6740,3,8,1.14285714285714,6740
350,oracle,2,224,6740,3,9,1.28571428571429,6740
350,oracle,2,224,6740,3,10,1.42857142857143,6740
350,oracle,2,224,6740,3,11,1.57142857142857,6740
350,oracle,2,224,6740,3,12,1.71428571428571,6740
350,oracle,2,224,6740,3,13,1.85714285714286,6740
350,oracle,2,224,6740,3,14,2,6740
350,oracle,2,224,6740,3,15,2.14285714285714,6740
350,oracle,2,224,6740,3,16,2.28571428571429,6740
350,oracle,2,224,6740,3,17,2.42857142857143,6740
350,oracle,2,224,6740,3,18,2.57142857142857,6740
350,oracle,2,224,6740,3,19,2.71428571428571,6740
350,oracle,2,224,6740,3,20,2.85714285714286,6740
350,oracle,2,224,6740,3,21,3,6740
351,oracle,2,-224,-438,0.2,0,0,-438
351,oracle,2,-224,-438,0.2,1,0.2,-438
352,oracle,2,-224,-438,3,0,0,-438
352,oracle,2,-224,-438,3,1,0.142857142857143,-438
352,oracle,2,-224,-438,3,2,0.285714285714286,-438
352,oracle,2,-224,-438,3,3,0.428571428571429,-438
352,oracle,2,-224,-438,3,4,0.571428571428571,-438
352,oracle,2,-224,-438,3,5,0.714285714285714,-438
352,oracle,2,-224,-438,3,6,0.857142857142857,-438
352,oracle,2,-224,-438,3,7,1,-438
352,oracle,2,-224,-438,3,8,1.14285714285714,-438
352,oracle,2,-224,-438,3,9,1.28571428571429,-438
352,oracle,2,-224,-438,3,10,1.42857142857143,-438
352,oracle,2,-224,-438,3,11,1.57142857142857,-438
352,oracle,2,-224,-438,3,12,1.71428571428571,-438
352,oracle,2,-224,-438,3,13,1.85714285714286,-438
352,oracle,2,-224,-438,3,14,2,-438
352,oracle,2,-224,-438,3,15,2.14285714285714,-438
352,oracle,2,-224,-438,3,16,2.28571428571429,-438
352,oracle,2,-224,-438,3,17,2.42857142857143,-438
352,oracle,2,-224,-438,3,18,2.57142857142857,-438
352,oracle,2,-224,-438,3,19,2.71428571428571,-438
352,oracle,2,-224,-438,3,20,2.85714285714286,-438
352,oracle,2,-224,-438,3,21,3,-438
353,oracle,2,-224,758.333333333333,0.2,0,0,758.333333333333
353,oracle,2,-224,758.333333333333,0.2,1,0.2,-394
354,oracle,2,-224,758.333333333333,3,0,0,758.333333333333
354,oracle,2,-224,758.333333333333,3,1,0.142857142857143,-394
354,oracle,2,-224,758.333333333333,3,2,0.285714285714286,-394
354,oracle,2,-224,758.333333333333,3,3,0.428571428571429,-394
354,oracle,2,-224,758.333333333333,3,4,0.571428571428571,-394
354,oracle,2,-224,758.333333333333,3,5,0.714285714285714,-394
354,oracle,2,-224,758.333333333333,3,6,0.857142857142857,-394
354,oracle,2,-224,758.333333333333,3,7,1,-394
354,oracle,2,-224,758.333333333333,3,8,1.14285714285714,-394
354,oracle,2,-224,758.333333333333,3,9,1.28571428571429,-394
354,oracle,2,-224,758.333333333333,3,10,1.42857142857143,-394
354,oracle,2,-224,758.333333333333,3,11,1.57142857142857,-394
354,oracle,2,-224,758.333333333333,3,12,1.71428571428571,-394
354,oracle,2,-224,758.333333333333,3,13,1.85714285714286,-394
354,oracle,2,-224,758.333333333333,3,14,2,-394
354,oracle,2,-224,758.333333333333,3,15,2.14285714285714,-394
354,oracle,2,-224,758.333333333333,3,16,2.28571428571429,-394
354,oracle,2,-224,758.333333333333,3,17,2.42857142857143,-394
354,oracle,2,-224,758.333333333333,3,18,2.57142857142857,-394
354,oracle,2,-224,758.333333333333,3,19,2.71428571428571,-394
354,oracle,2,-224,758.333333333333,3,20,2.85714285714286,-394
354,oracle,2,-224,758.333333333333,3,21,3,-394
355,oracle,2,-224,1954.66666666667,0.2,0,0,1954.66666666667
355,oracle,2,-224,1954.66666666667,0.2,1,0.2,-394
356,oracle,2,-224,1954.66666666667,3,0,0,1954.66666666667
356,oracle,2,-224,1954.66666666667,3,1,0.142857142857143,-394
356,oracle,2,-224,1954.66666666667,3,2,0.285714285714286,-394
356,oracle,2,-224,1954.66666666667,3,3,0.428571428571429,-394
356,oracle,2,-224,1954.66666666667,3,4,0.571428571428571,-394
356,oracle,2,-224,1954.66666666667,3,5,0.714285714285714,-394
356,oracle,2,-224,1954.66666666667,3,6,0.857142857142857,-394
356,oracle,2,-224,1954.66666666667,3,7,1,-394
356,oracle,2,-224,1954.66666666667,3,8,1.14285714285714,-394
356,oracle,2,-224,1954.66666666667,3,9,1.28571428571429,-394
356,oracle,2,-224,1954.66666666667,3,10,1.42857142857143,-394
356,oracle,2,-224,1954.66666666667,3,11,1.57142857142857,-394
356,oracle,2,-224,1954.66666666667,3,12,1.71428571428571,-394
356,oracle,2,-224,1954.66666666667,3,13,1.85714285714286,-394
356,oracle,2,-224,1954.66666666667,3,14,2,-394
356,oracle,2,-224,1954.66666666667,3,15,2.14285714285714,-394
356,oracle,2,-224,1954.66666666667,3,16,2.28571428571429,-394
356,oracle,2,-224,1954.66666666667,3,17,2.42857142857143,-394
356,oracle,2,-224,1954.66666666667,3,18,2.57142857142857,-394
356,oracle,2,-224,1954.66666666667,3,19,2.71428571428571,-394
356,oracle,2,-224,1954.66666666667,3,20,2.85714285714286,-394
356,oracle,2,-224,1954.66666666667,3,21,3,-394
357,oracle,2,-224,3151,0.2,0,0,3151
357,oracle,2,-224,3151,0.2,1,0.2,-394
358,oracle,2,-224,3151,3,0,0,3151
358,oracle,2,-224,3151,3,1,0.142857142857143,-394
358,oracle,2,-224,3151,3,2,0.285714285714286,-394
358,oracle,2,-224,3151,3,3,0.428571428571429,-394
358,oracle,2,-224,3151,3,4,0.571428571428571,-394
358,oracle,2,-224,3151,3,5,0.714285714285714,-394
358,oracle,2,-224,3151,3,6,0.857142857142857,-394
358,oracle,2,-224,3151,3,7,1,-394
358,oracle,2,-224,3151,3,8,1.14285714285714,-394
358,oracle,2,-224,3151,3,9,1.28571428571429,-394
358,oracle,2,-224,3151,3,10,1.42857142857143,-394
358,oracle,2,-224,3151,3,11,1.57142857142857,-394
358,oracle,2,-224,3151,3,12,1.71428571428571,-394
358,oracle,2,-224,3151,3,13,1.85714285714286,-394
358,oracle,2,-224,3151,3,14,2,-394
358,oracle,2,-224,3151,3,15,2.14285714285714,-394
358,oracle,2,-224,3151,3,16,2.28571428571429,-394
358,oracle,2,-224,3151,3,17,2.42857142857143,-394
358,oracle,2,-224,3151,3,18,2.57142857142857,-394
358,oracle,2,-224,3151,3,19,2.71428571428571,-394
358,oracle,2,-224,3151,3,20,2.85714285714286,-394
358,oracle,2,-224,3151,3,21,3,-394
359,oracle,2,-224,4347.33333333333,0.2,0,0,4347.33333333333
359,oracle,2,-224,4347.33333333333,0.2,1,0.2,-394
360,oracle,2,-224,4347.33333333333,3,0,0,4347.33333333333
360,oracle,2,-224,4347.33333333333,3,1,0.142857142857143,-394
360,oracle,2,-224,4347.33333333333,3,2,0.285714285714286,-394
360,oracle,2,-224,4347.33333333333,3,3,0.428571428571429,-394
360,oracle,2,-224,4347.33333333333,3,4,0.571428571428571,-394
360,oracle,2,-224,4347.33333333333,3,5,0.714285714285714,-394
360,oracle,2,-224,4347.33333333333,3,6,0.857142857142857,-394
360,oracle,2,-224,4347.33333333333,3,7,1,-394
360,oracle,2,-224,4347.33333333333,3,8,1.14285714285714,-394
360,oracle,2,-224,4347.33333333333,3,9,1.28571428571429,-394
360,oracle,2,-224,4347.33333333333,3,10,1.42857142857143,-394
360,oracle,2,-224,4347.33333333333,3,11,1.57142857142857,-394
360,oracle,2,-224,4347.33333333333,3,12,1.71428571428571,-394
360,oracle,2,-224,4347.33333333333,3,13,1.85714285714286,-394
360,oracle,2,-224,4347.33333333333,3,14,2,-394
360,oracle,2,-224,4347.33333333333,3,15,2.14285714285714,-394
360,oracle,2,-224,4347.33333333333,3,16,2.28571428571429,-394
360,oracle,2,-224,4347.33333333333,3,17,2.42857142857143,-394
360,oracle,2,-224,4347.33333333333,3,18,2.57142857142857,-394
360,oracle,2,-224,4347.33333333333,3,19,2.71428571428571,-394
360,oracle,2,-224,4347.33333333333,3,20,2.85714285714286,-394
360,oracle,2,-224,4347.33333333333,3,21,3,-394
361,oracle,2,-224,5543.66666666667,0.2,0,0,5543.66666666667
361,oracle,2,-224,5543.66666666667,0.2,1,0.2,-394
362,oracle,2,-224,5543.66666666667,3,0,0,5543.66666666667
362,oracle,2,-224,5543.66666666667,3,1,0.142857142857143,-394
362,oracle,2,-224,5543.66666666667,3,2,0.285714285714286,-394
362,oracle,2,-224,5543.66666666667,3,3,0.428571428571429,-394
362,oracle,2,-224,5543.66666666667,3,4,0.571428571428571,-394
362,oracle,2,-224,5543.66666666667,3,5,0.714285714285714,-394
362,oracle,2,-224,5543.66666666667,3,6,0.857142857142857,-394
362,oracle,2,-224,5543.66666666667,3,7,1,-394
362,oracle,2,-224,5543.66666666667,3,8,1.14285714285714,-394
362,oracle,2,-224,5543.66666666667,3,9,1.28571428571429,-394
362,oracle,2,-224,5543.66666666667,3,10,1.42857142857143,-394
362,oracle,2,-224,5543.66666666667,3,11,1.57142857142857,-394
362,oracle,2,-224,5543.66666666667,3,12,1.71428571428571,-394
362,oracle,2,-224,5543.66666666667,3,13,1.85714285714286,-394
362,oracle,2,-224,5543.66666666667,3,14,2,-394
362,oracle,2,-224,5543.66666666667,3,15,2.14285714285714,-394
362,oracle,2,-224,5543.66666666667,3,16,2.28571428571429,-394
362,oracle,2,-224,5543.66666666667,3,17,2.42857142857143,-394
362,oracle,2,-224,5543.66666666667,3,18,2.57142857142857,-394
362,oracle,2,-224,5543.66666666667,3,19,2.71428571428571,-394
362,oracle,2,-224,5543.66666666667,3,20,2.85714285714286,-394
362,oracle,2,-224,5543.66666666667,3,21,3,-394
363,oracle,2,-224,6740,0.2,0,0,6740
363,oracle,2,-224,6740,0.2,1,0.2,-394
364,oracle,2,-224,6740,3,0,0,6740
364,oracle,2,-224,6740,3,1,0.142857142857143,-313.333333333333
364,oracle,2,-224,6740,3,2,0.285714285714286,-394
364,oracle,2,-224,6740,3,3,0.428571428571429,-394
364,oracle,2,-224,6740,3,4,0.571428571428571,-394
364,oracle,2,-224,6740,3,5,0.714285714285714,-394
364,oracle,2,-224,6740,3,6,0.857142857142857,-394
364,oracle,2,-224,6740,3,7,1,-394
364,oracle,2,-224,6740,3,8,1.14285714285714,-394
364,oracle,2,-224,6740,3,9,1.28571428571429,-394
364,oracle,2,-224,6740,3,10,1.42857142857143,-394
364,oracle,2,-224,6740,3,11,1.57142857142857,-394
364,oracle,2,-224,6740,3,12,1.71428571428571,-394
364,oracle,2,-224,6740,3,13,1.85714285714286,-394
364,oracle,2,-224,6740,3,14,2,-394
364,oracle,2,-224,6740,3,15,2.14285714285714,-394
364,oracle,2,-224,6740,3,16,2.28571428571429,-394
364,oracle,2,-224,6740,3,17,2.42857142857143,-394
364,oracle,2,-224,6740,3,18,2.57142857142857,-394
364,oracle,2,-224,6740,3,19,2.71428571428571,-394
364,oracle,2,-224,6740,3,20,2.85714285714286,-394
364,oracle,2,-224,6740,3,21,3,-394
365,oracle,2,255,0,0.2,0,0,0
365,oracle,2,255,0,0.2,1,0.2,6665.16666666667
366,oracle,2,255,0,3,0,0,0
366,oracle,2,255,0,3,1,0.142857142857143,6538
366,oracle,2,255,0,3,2,0.285714285714286,6665.16666666667
366,oracle,2,255,0,3,3,0.428571428571429,6665.16666666667
366,oracle,2,255,0,3,4,0.571428571428571,6665.16666666667
366,oracle,2,255,0,3,5,0.714285714285714,6665.16666666667
366,oracle,2,255,0,3,6,0.857142857142857,6665.16666666667
366,oracle,2,255,0,3,7,1,6665.16666666667
366,oracle,2,255,0,3,8,1.14285714285714,6665.16666666667
366,oracle,2,255,0,3,9,1.28571428571429,6665.16666666667
366,oracle,2,255,0,3,10,1.42857142857143,6665.16666666667
366,oracle,2,255,0,3,11,1.57142857142857,6665.16666666667
366,oracle,2,255,0,3,12,1.71428571428571,6665.16666666667
366,oracle,2,255,0,3,13,1.85714285714286,6665.16666666667
366,oracle,2,255,0,3,14,2,6665.16666666667
366,oracle,2,255,0,3,15,2.14285714285714,6665.16666666667
366,oracle,2,255,0,3,16,2.28571428571429,6665.16666666667
366,oracle,2,255,0,3,17,2.42857142857143,6665.16666666667
366,oracle,2,255,0,3,18,2.57142857142857,6665.16666666667
366,oracle,2,255,0,3,19,2.71428571428571,6665.16666666667
366,oracle,2,255,0,3,20,2.85714285714286,6665.16666666667
366,oracle,2,255,0,3,21,3,6665.16666666667
367,oracle,2,255,1136.83333333333,0.2,0,0,1136.83333333333
367,oracle,2,255,1136.83333333333,0.2,1,0.2,6665.16666666667
368,oracle,2,255,1136.83333333333,3,0,0,1136.83333333333
368,oracle,2,255,1136.83333333333,3,1,0.142857142857143,6665.16666666667
368,oracle,2,255,1136.83333333333,3,2,0.285714285714286,6665.16666666667
368,oracle,2,255,1136.83333333333,3,3,0.428571428571429,6665.16666666667
368,oracle,2,255,1136.83333333333,3,4,0.571428571428571,6665.16666666667
368,oracle,2,255,1136.83333333333,3,5,0.714285714285714,6665.16666666667
368,oracle,2,255,1136.83333333333,3,6,0.857142857142857,6665.16666666667
368,oracle,2,255,1136.83333333333,3,7,1,6665.16666666667
368,oracle,2,255,1136.83333333333,3,8,1.14285714285714,6665.16666666667
368,oracle,2,255,1136.83333333333,3,9,1.28571428571429,6665.16666666667
368,oracle,2,255,1136.83333333333,3,10,1.42857142857143,6665.16666666667
368,oracle,2,255,1136.83333333333,3,11,1.57142857142857,6665.16666666667
368,oracle,2,255,1136.83333333333,3,12,1.71428571428571,6665.16666666667
368,oracle,2,255,1136.83333333333,3,13,1.85714285714286,6665.16666666667
368,oracle,2,255,1136.83333333333,3,14,2,6665.16666666667
368,oracle,2,255,1136.83333333333,3,15,2.14285714285714,6665.16666666667
368,oracle,2,255,1136.83333333333,3,16,2.28571428571429,6665.16666666667
368,oracle,2,255,1136.83333333333,3,17,2.42857142857143,6665.16666666667
368,oracle,2,255,1136.83333333333,3,18,2.57142857142857,6665.16666666667
368,oracle,2,255,1136.83333333333,3,19,2.71428571428571,6665.16666666667
368,oracle,2,255,1136.83333333333,3,20,2.85714285714286,6665.16666666667
368,oracle,2,255,1136.83333333333,3,21,3,6665.16666666667
369,oracle,2,255,2273.66666666667,0.2,0,0,2273.66666666667
369,oracle,2,255,2273.66666666667,0.2,1,0.2,6665.16666666667
370,oracle,2,255,2273.66666666667,3,0,0,2273.66666666667
370,oracle,2,255,2273.66666666667,3,1,0.142857142857143,6665.16666666667
370,oracle,2,255,2273.66666666667,3,2,0.285714285714286,6665.16666666667
370,oracle,2,255,2273.66666666667,3,3,0.428571428571429,6665.16666666667
370,oracle,2,255,2273.66666666667,3,4,0.571428571428571,6665.16666666667
370,oracle,2,255,2273.66666666667,3,5,0.714285714285714,6665.16666666667
370,oracle,2,255,2273.66666666667,3,6,0.857142857142857,6665.16666666667
370,oracle,2,255,2273.66666666667,3,7,1,6665.16666666667
370,oracle,2,255,2273.66666666667,3,8,1.14285714285714,6665.16666666667
370,oracle,2,255,2273.66666666667,3,9,1.28571428571429,6665.16666666667
370,oracle,2,255,2273.66666666667,3,10,1.42857142857143,6665.16666666667
370,oracle,2,255,2273.66666666667,3,11,1.57142857142857,6665.16666666667
370,oracle,2,255,2273.66666666667,3,12,1.71428571428571,6665.16666666667
370,oracle,2,255,2273.66666666667,3,13,1.85714285714286,6665.16666666667
370,oracle,2,255,2273.66666666667,3,14,2,6665.16666666667
370,oracle,2,255,2273.66666666667,3,15,2.14285714285714,6665.16666666667
370,oracle,2,255,2273.66666666667,3,16,2.28571428571429,6665.16666666667
370,oracle,2,255,2273.66666666667,3,17,2.42857142857143,6665.16666666667
370,oracle,2,255,2273.66666666667,3,18,2.57142857142857,6665.16666666667
370,oracle,2,255,2273.66666666667,3,19,2.71428571428571,6665.16666666667
370,oracle,2,255,2273.66666666667,3,20,2.85714285714286,6665.16666666667
370,oracle,2,255,2273.66666666667,3,21,3,6665.16666666667
371,oracle,2,255,3410.5,0.2,0,0,3410.5
371,oracle,2,255,3410.5,0.2,1,0.2,6665.16666666667
372,oracle,2,255,3410.5,3,0,0,3410.5
372,oracle,2,255,3410.5,3,1,0.142857142857143,6665.16666666667
372,oracle,2,255,3410.5,3,2,0.285714285714286,6665.16666666667
372,oracle,2,255,3410.5,3,3,0.428571428571429,6665.16666666667
372,oracle,2,255,3410.5,3,4,0.571428571428571,6665.16666666667
372,oracle,2,255,3410.5,3,5,0.714285714285714,6665.16666666667
372,oracle,2,255,3410.5,3,6,0.857142857142857,6665.16666666667
372,oracle,2,255,3410.5,3,7,1,6665.16666666667
372,oracle,2,255,3410.5,3,8,1.14285714285714,6665.16666666667
372,oracle,2,255,3410.5,3,9,1.28571428571429,6665.16666666667
372,oracle,2,255,3410.5,3,10,1.42857142857143,6665.16666666667
372,oracle,2,255,3410.5,3,11,1.57142857142857,6665.16666666667
372,oracle,2,255,3410.5,3,12,1.71428571428571,6665.16666666667
372,oracle,2,255,3410.5,3,13,1.85714285714286,6665.16666666667
372,oracle,2,255,3410.5,3,14,2,6665.16666666667
372,oracle,2,255,3410.5,3,15,2.14285714285714,6665.16666666667
372,oracle,2,255,3410.5,3,16,2.28571428571429,6665.16666666667
372,oracle,2,255,3410.5,3,17,2.42857142857143,6665.16666666667
372,oracle,2,255,3410.5,3,18,2.57142857142857,6665.16666666667
372,oracle,2,255,3410.5,3,19,2.71428571428571,6665.16666666667
372,oracle,2,255,3410.5,3,20,2.85714285714286,6665.16666666667
372,oracle,2,255,3410.5,3,21,3,6665.16666666667
373,oracle,2,255,4547.33333333333,0.2,0,0,4547.33333333333
373,oracle,2,255,4547.33333333333,0.2,1,0.2,6665.16666666667
374,oracle,2,255,4547.33333333333,3,0,0,4547.33333333333
374,oracle,2,255,4547.33333333333,3,1,0.142857142857143,6665.16666666667
374,oracle,2,255,4547.33333333333,3,2,0.285714285714286,6665.16666666667
374,oracle,2,255,4547.33333333333,3,3,0.428571428571429,6665.16666666667
374,oracle,2,255,4547.33333333333,3,4,0.571428571428571,6665.16666666667
374,oracle,2,255,4547.33333333333,3,5,0.714285714285714,6665.16666666667
374,oracle,2,255,4547.33333333333,3,6,0.857142857142857,6665.16666666667
374,oracle,2,255,4547.33333333333,3,7,1,6665.16666666667
374,oracle,2,255,4547.33333333333,3,8,1.14285714285714,6665.16666666667
374,oracle,2,255,4547.33333333333,3,9,1.28571428571429,6665.16666666667
374,oracle,2,255,4547.33333333333,3,10,1.42857142857143,6665.16666666667
374,oracle,2,255,4547.33333333333,3,11,1.57142857142857,6665.16666666667
374,oracle,2,255,4547.33333333333,3,12,1.71428571428571,6665.16666666667
374,oracle,2,255,4547.33333333333,3,13,1.85714285714286,6665.16666666667
374,oracle,2,255,4547.33333333333,3,14,2,6665.16666666667
374,oracle,2,255,4547.33333333333,3,15,2.14285714285714,6665.16666666667
374,oracle,2,255,4547.33333333333,3,16,2.28571428571429,6665.16666666667
374,oracle,2,255,4547.33333333333,3,17,2.42857142857143,6665.16666666667
374,oracle,2,255,4547.33333333333,3,18,2.57142857142857,6665.16666666667
374,oracle,2,255,4547.33333333333,3,19,2.71428571428571,6665.16666666667
374,oracle,2,255,4547.33333333333,3,20,2.85714285714286,6665.16666666667
374,oracle,2,255,4547.33333333333,3,21,3,6665.16666666667
375,oracle,2,255,5684.16666666667,0.2,0,0,5684.16666666667
375,oracle,2,255,5684.16666666667,0.2,1,0.2,6665.16666666667
376,oracle,2,255,5684.16666666667,3,0,0,5684.16666666667
376,oracle,2,255,5684.16666666667,3,1,0.142857142857143,6665.16666666667
376,oracle,2,255,5684.16666666667,3,2,0.285714285714286,6665.16666666667
376,oracle,2,255,5684.16666666667,3,3,0.428571428571429,6665.16666666667
376,oracle,2,255,5684.16666666667,3,4,0.571428571428571,6665.16666666667
376,oracle,2,255,5684.16666666667,3,5,0.714285714285714,6665.16666666667
376,oracle,2,255,5684.16666666667,3,6,0.857142857142857,6665.16666666667
376,oracle,2,255,5684.16666666667,3,7,1,6665.16666666667
376,oracle,2,255,5684.16666666667,3,8,1.14285714285714,6665.16666666667
376,oracle,2,255,5684.16666666667,3,9,1.28571428571429,6665.16666666667
376,oracle,2,255,5684.16666666667,3,10,1.42857142857143,6665.16666666667
376,oracle,2,255,5684.16666666667,3,11,1.57142857142857,6665.16666666667
376,oracle,2,255,5684.16666666667,3,12,1.71428571428571,6665.16666666667
376,oracle,2,255,5684.16666666667,3,13,1.85714285714286,6665.16666666667
376,oracle,2,255,5684.16666666667,3,14,2,6665.16666666667
376,oracle,2,255,5684.16666666667,3,15,2.14285714285714,6665.16666666667
376,oracle,2,255,5684.16666666667,3,16,2.28571428571429,6665.16666666667
376,oracle,2,255,5684.16666666667,3,17,2.42857142857143,6665.16666666667
376,oracle,2,255,5684.16666666667,3,18,2.57142857142857,6665.16666666667
376,oracle,2,255,5684.16666666667,3,19,2.71428571428571,6665.16666666667
376,oracle,2,255,5684.16666666667,3,20,2.85714285714286,6665.16666666667
376,oracle,2,255,5684.16666666667,3,21,3,6665.16666666667
377,oracle,2,255,6821,0.2,0,0,6821
377,oracle,2,255,6821,0.2,1,0.2,6821
378,oracle,2,255,6821,3,0,0,6821
378,oracle,2,255,6821,3,1,0.142857142857143,6821
378,oracle,2,255,6821,3,2,0.285714285714286,6821
378,oracle,2,255,6821,3,3,0.428571428571429,6821
378,oracle,2,255,6821,3,4,0.571428571428571,6821
378,oracle,2,255,6821,3,5,0.714285714285714,6821
378,oracle,2,255,6821,3,6,0.857142857142857,6821
378,oracle,2,255,6821,3,7,1,6821
378,oracle,2,255,6821,3,8,1.14285714285714,6821
378,oracle,2,255,6821,3,9,1.28571428571429,6821
378,oracle,2,255,6821,3,10,1.42857142857143,6821
378,oracle,2,255,6821,3,11,1.57142857142857,6821
378,oracle,2,255,6821,3,12,1.71428571428571,6821
378,oracle,2,255,6821,3,13,1.85714285714286,6821
378,oracle,2,255,6821,3,14,2,6821
378,oracle,2,255,6821,3,15,2.14285714285714,6821
378,oracle,2,255,6821,3,16,2.28571428571429,6821
378,oracle,2,255,6821,3,17,2.42857142857143,6821
378,oracle,2,255,6821,3,18,2.57142857142857,6821
378,oracle,2,255,6821,3,19,2.71428571428571,6821
378,oracle,2,255,6821,3,20,2.85714285714286,6821
378,oracle,2,255,6821,3,21,3,6821
379,oracle,2,-255,-477,0.2,0,0,-477
379,oracle,2,-255,-477,0.2,1,0.2,-477
380,oracle,2,-255,-477,3,0,0,-477
380,oracle,2,-255,-477,3,1,0.142857142857143,-477
380,oracle,2,-255,-477,3,2,0.285714285714286,-477
380,oracle,2,-255,-477,3,3,0.428571428571429,-477
380,oracle,2,-255,-477,3,4,0.571428571428571,-477
380,oracle,2,-255,-477,3,5,0.714285714285714,-477
380,oracle,2,-255,-477,3,6,0.857142857142857,-477
380,oracle,2,-255,-477,3,7,1,-477
380,oracle,2,-255,-477,3,8,1.14285714285714,-477
380,oracle,2,-255,-477,3,9,1.28571428571429,-477
380,oracle,2,-255,-477,3,10,1.42857142857143,-477
380,oracle,2,-255,-477,3,11,1.57142857142857,-477
380,oracle,2,-255,-477,3,12,1.71428571428571,-477
380,oracle,2,-255,-477,3,13,1.85714285714286,-477
380,oracle,2,-255,-477,3,14,2,-477
380,oracle,2,-255,-477,3,15,2.14285714285714,-477
380,oracle,2,-255,-477,3,16,2.28571428571429,-477
380,oracle,2,-255,-477,3,17,2.42857142857143,-477
380,oracle,2,-255,-477,3,18,2.57142857142857,-477
380,oracle,2,-255,-477,3,19,2.71428571428571,-477
380,oracle,2,-255,-477,3,20,2.85714285714286,-477
380,oracle,2,-255,-477,3,21,3,-477
381,oracle,2,-255,739.333333333333,0.2,0,0,739.333333333333
381,oracle,2,-255,739.333333333333,0.2,1,0.2,-437.333333333333
382,oracle,2,-255,739.333333333333,3,0,0,739.333333333333
382,oracle,2,-255,739.333333333333,3,1,0.142857142857143,-437.333333333333
382,oracle,2,-255,739.333333333333,3,2,0.285714285714286,-437.333333333333
382,oracle,2,-255,739.333333333333,3,3,0.428571428571429,-437.333333333333
382,oracle,2,-255,739.333333333333,3,4,0.571428571428571,-437.333333333333
382,oracle,2,-255,739.333333333333,3,5,0.714285714285714,-437.333333333333
382,oracle,2,-255,739.333333333333,3,6,0.857142857142857,-437.333333333333
382,oracle,2,-255,739.333333333333,3,7,1,-437.333333333333
382,oracle,2,-255,739.333333333333,3,8,1.14285714285714,-437.333333333333
382,oracle,2,-255,739.333333333333,3,9,1.28571428571429,-437.333333333333
382,oracle,2,-255,739.333333333333,3,10,1.42857142857143,-437.333333333333
382,oracle,2,-255,739.333333333333,3,11,1.57142857142857,-437.333333333333
382,oracle,2,-255,739.333333333333,3,12,1.71428571428571,-437.333333333333
382,oracle,2,-255,739.333333333333,3,13,1.85714285714286,-437.333333333333
382,oracle,2,-255,739.333333333333,3,14,2,-437.333333333333
382,oracle,2,-255,739.333333333333,3,15,2.14285714285714,-437.333333333333
382,oracle,2,-255,739.333333333333,3,16,2.28571428571429,-437.333333333333
382,oracle,2,-255,739.333333333333,3,17,2.42857142857143,-437.333333333333
382,oracle,2,-255,739.333333333333,3,18,2.57142857142857,-437.333333333333
382,oracle,2,-255,739.333333333333,3,19,2.71428571428571,-437.333333333333
382,oracle,2,-255,739.333333333333,3,20,2.85714285714286,-437.333333333333
382,oracle,2,-255,739.333333333333,3,21,3,-437.333333333333
383,oracle,2,-255,1955.66666666667,0.2,0,0,1955.66666666667
383,oracle,2,-255,1955.66666666667,0.2,1,0.2,-437.333333333333
384,oracle,2,-255,1955.66666666667,3,0,0,1955.66666666667
384,oracle,2,-255,1955.66666666667,3,1,0.142857142857143,-437.333333333333
384,oracle,2,-255,1955.66666666667,3,2,0.285714285714286,-437.333333333333
384,oracle,2,-255,1955.66666666667,3,3,0.428571428571429,-437.333333333333
384,oracle,2,-255,1955.66666666667,3,4,0.571428571428571,-437.333333333333
384,oracle,2,-255,1955.66666666667,3,5,0.714285714285714,-437.333333333333
384,oracle,2,-255,1955.66666666667,3,6,0.857142857142857,-437.333333333333
384,oracle,2,-255,1955.66666666667,3,7,1,-437.333333333333
384,oracle,2,-255,1955.66666666667,3,8,1.14285714285714,-437.333333333333
384,oracle,2,-255,1955.66666666667,3,9,1.28571428571429,-437.333333333333
384,oracle,2,-255,1955.66666666667,3,10,1.42857142857143,-437.333333333333
384,oracle,2,-255,1955.66666666667,3,11,1.57142857142857,-437.333333333333
384,oracle,2,-255,1955.66666666667,3,12,1.71428571428571,-437.333333333333
384,oracle,2,-255,1955.66666666667,3,13,1.85714285714286,-437.333333333333
384,oracle,2,-255,1955.66666666667,3,14,2,-437.333333333333
384,oracle,2,-255,1955.66666666667,3,15,2.14285714285714,-437.333333333333
384,oracle,2,-255,1955.66666666667,3,16,2.28571428571429,-437.333333333333
384,oracle,2,-255,1955.66666666667,3,17,2.42857142857143,-437.333333333333
384,oracle,2,-255,1955.66666666667,3,18,2.57142857142857,-437.333333333333
384,oracle,2,-255,1955.66666666667,3,19,2.71428571428571,-437.333333333333
384,oracle,2,-255,1955.66666666667,3,20,2.85714285714286,-437.333333333333
384,oracle,2,-255,1955.66666666667,3,21,3,-437.333333333333
385,oracle,2,-255,3172,0.2,0,0,3172
385,oracle,2,-255,3172,0.2,1,0.2,-437.333333333333
386,oracle,2,-255,3172,3,0,0,3172
386,oracle,2,-255,3172,3,1,0.142857142857143,-437.333333333333
386,oracle,2,-255,3172,3,2,0.285714285714286,-437.333333333333
386,oracle,2,-255,3172,3,3,0.428571428571429,-437.333333333333
386,oracle,2,-255,3172,3,4,0.571428571428571,-437.333333333333
386,oracle,2,-255,3172,3,5,0.714285714285714,-437.333333333333
386,oracle,2,-255,3172,3,6,0.857142857142857,-437.333333333333
386,oracle,2,-255,3172,3,7,1,-437.333333333333
386,oracle,2,-255,3172,3,8,1.14285714285714,-437.333333333333
386,oracle,2,-255,3172,3,9,1.28571428571429,-437.333333333333
386,oracle,2,-255,3172,3,10,1.42857142857143,-437.333333333333
386,oracle,2,-255,3172,3,11,1.57142857142857,-437.333333333333
386,oracle,2,-255,3172,3,12,1.71428571428571,-437.333333333333
386,oracle,2,-255,3172,3,13,1.85714285714286,-437.333333333333
386,oracle,2,-255,3172,3,14,2,-437.333333333333
386,oracle,2,-255,3172,3,15,2.14285714285714,-437.333333333333
386,oracle,2,-255,3172,3,16,2.28571428571429,-437.333333333333
386,oracle,2,-255,3172,3,17,2.42857142857143,-437.333333333333
386,oracle,2,-255,3172,3,18,2.57142857142857,-437.333333333333
386,oracle,2,-255,3172,3,19,2.71428571428571,-437.333333333333
386,oracle,2,-255,3172,3,20,2.85714285714286,-437.333333333333
386,oracle,2,-255,3172,3,21,3,-437.333333333333
387,oracle,2,-255,4388.33333333333,0.2,0,0,4388.33333333333
387,oracle,2,-255,4388.33333333333,0.2,1,0.2,-437.333333333333
388,oracle,2,-255,4388.33333333333,3,0,0,4388.33333333333
388,oracle,2,-255,4388.33333333333,3,1,0.142857142857143,-437.333333333333
388,oracle,2,-255,4388.33333333333,3,2,0.285714285714286,-437.333333333333
388,oracle,2,-255,4388.33333333333,3,3,0.428571428571429,-437.333333333333
388,oracle,2,-255,4388.33333333333,3,4,0.571428571428571,-437.333333333333
388,oracle,2,-255,4388.33333333333,3,5,0.714285714285714,-437.333333333333
388,oracle,2,-255,4388.33333333333,3,6,0.857142857142857,-437.333333333333
388,oracle,2,-255,4388.33333333333,3,7,1,-437.333333333333
388,oracle,2,-255,4388.33333333333,3,8,1.14285714285714,-437.333333333333
388,oracle,2,-255,4388.33333333333,3,9,1.28571428571429,-437.333333333333
388,oracle,2,-255,4388.33333333333,3,10,1.42857142857143,-437.333333333333
388,oracle,2,-255,4388.33333333333,3,11,1.57142857142857,-437.333333333333
388,oracle,2,-255,4388.33333333333,3,12,1.71428571428571,-437.333333333333
388,oracle,2,-255,4388.33333333333,3,13,1.85714285714286,-437.333333333333
388,oracle,2,-255,4388.33333333333,3,14,2,-437.333333333333
388,oracle,2,-255,4388.33333333333,3,15,2.14285714285714,-437.333333333333
388,oracle,2,-255,4388.33333333333,3,16,2.28571428571429,-437.333333333333
388,oracle,2,-255,4388.33333333333,3,17,2.42857142857143,-437.333333333333
388,oracle,2,-255,4388.33333333333,3,18,2.57142857142857,-437.333333333333
388,oracle,2,-255,4388.33333333333,3,19,2.71428571428571,-437.333333333333
388,oracle,2,-255,4388.33333333333,3,20,2.85714285714286,-437.333333333333
388,oracle,2,-255,4388.33333333333,3,21,3,-437.333333333333
389,oracle,2,-255,5604.66666666667,0.2,0,0,5604.66666666667
389,oracle,2,-255,5604.66666666667,0.2,1,0.2,-437.333333333333
390,oracle,2,-255,5604.66666666667,3,0,0,5604.66666666667
390,oracle,2,-255,5604.66666666667,3,1,0.142857142857143,-437.333333333333
390,oracle,2,-255,5604.66666666667,3,2,0.285714285714286,-437.333333333333
390,oracle,2,-255,5604.66666666667,3,3,0.428571428571429,-437.333333333333
390,oracle,2,-255,5604.66666666667,3,4,0.571428571428571,-437.333333333333
390,oracle,2,-255,5604.66666666667,3,5,0.714285714285714,-437.333333333333
390,oracle,2,-255,5604.66666666667,3,6,0.857142857142857,-437.333333333333
390,oracle,2,-255,5604.66666666667,3,7,1,-437.333333333333
390,oracle,2,-255,5604.66666666667,3,8,1.14285714285714,-437.333333333333
390,oracle,2,-255,5604.66666666667,3,9,1.28571428571429,-437.333333333333
390,oracle,2,-255,5604.66666666667,3,10,1.42857142857143,-437.333333333333
390,oracle,2,-255,5604.66666666667,3,11,1.57142857142857,-437.333333333333
390,oracle,2,-255,5604.66666666667,3,12,1.71428571428571,-437.333333333333
390,oracle,2,-255,5604.66666666667,3,13,1.85714285714286,-437.333333333333
390,oracle,2,-255,5604.66666666667,3,14,2,-437.333333333333
390,oracle,2,-255,5604.66666666667,3,15,2.14285714285714,-437.333333333333
390,oracle,2,-255,5604.66666666667,3,16,2.28571428571429,-437.333333333333
390,oracle,2,-255,5604.66666666667,3,17,2.42857142857143,-437.333333333333
390,oracle,2,-255,5604.66666666667,3,18,2.57142857142857,-437.333333333333
390,oracle,2,-255,5604.66666666667,3,19,2.71428571428571,-437.333333333333
390,oracle,2,-255,5604.66666666667,3,20,2.85714285714286,-437.333333333333
390,oracle,2,-255,5604.66666666667,3,21,3,-437.333333333333
391,oracle,2,-255,6821,0.2,0,0,6821
391,oracle,2,-255,6821,0.2,1,0.2,-437.333333333333
392,oracle,2,-255,6821,3,0,0,6821
392,oracle,2,-255,6821,3,1,0.142857142857143,-433.5
392,oracle,2,-255,6821,3,2,0.285714285714286,-437.333333333333
392,oracle,2,-255,6821,3,3,0.428571428571429,-437.333333333333
392,oracle,2,-255,6821,3,4,0.571428571428571,-437.333333333333
392,oracle,2,-255,6821,3,5,0.714285714285714,-437.333333333333
392,oracle,2,-255,6821,3,6,0.857142857142857,-437.333333333333
392,oracle,2,-255,6821,3,7,1,-437.333333333333
392,oracle,2,-255,6821,3,8,1.14285714285714,-437.333333333333
392,oracle,2,-255,6821,3,9,1.28571428571429,-437.333333333333
392,oracle,2,-255,6821,3,10,1.42857142857143,-437.333333333333
392,oracle,2,-255,6821,3,11,1.57142857142857,-437.333333333333
392,oracle,2,-255,6821,3,12,1.71428571428571,-437.333333333333
392,oracle,2,-255,6821,3,13,1.85714285714286,-437.333333333333
392,oracle,2,-255,6821,3,14,2,-437.333333333333
392,oracle,2,-255,6821,3,15,2.14285714285714,-437.333333333333
392,oracle,2,-255,6821,3,16,2.28571428571429,-437.333333333333
392,oracle,2,-255,6821,3,17,2.42857142857143,-437.333333333333
392,oracle,2,-255,6821,3,18,2.57142857142857,-437.333333333333
392,oracle,2,-255,6821,3,19,2.71428571428571,-437.333333333333
392,oracle,2,-255,6821,3,20,2.85714285714286,-437.333333333333
392,oracle,2,-255,6821,3,21,3,-437.333333333333
393,oracle,3,64,0,0.2,0,0,0
393,oracle,3,64,0,0.2,1,0.2,3181.66666666667
394,oracle,3,64,0,3,0,0,0
394,oracle,3,64,0,3,1,0.142857142857143,2222.33333333333
394,oracle,3,64,0,3,2,0.285714285714286,3952.66666666667
394,oracle,3,64,0,3,3,0.428571428571429,4160.33333333333
394,oracle,3,64,0,3,4,0.571428571428571,4205
394,oracle,3,64,0,3,5,0.714285714285714,4218.66666666667
394,oracle,3,64,0,3,6,0.857142857142857,4223.66666666667
394,oracle,3,64,0,3,7,1,4229.66666666667
394,oracle,3,64,0,3,8,1.14285714285714,4235.66666666667
394,oracle,3,64,0,3,9,1.28571428571429,4252
394,oracle,3,64,0,3,10,1.42857142857143,4272.33333333333
394,oracle,3,64,0,3,11,1.57142857142857,4510.33333333333
394,oracle,3,64,0,3,12,1.71428571428571,4524.33333333333
394,oracle,3,64,0,3,13,1.85714285714286,4524.33333333333
394,oracle,3,64,0,3,14,2,4524.33333333333
394,oracle,3,64,0,3,15,2.14285714285714,4524.33333333333
394,oracle,3,64,0,3,16,2.28571428571429,4524.33333333333
394,oracle,3,64,0,3,17,2.42857142857143,4524.33333333333
394,oracle,3,64,0,3,18,2.57142857142857,4524.33333333333
394,oracle,3,64,0,3,19,2.71428571428571,4524.33333333333
394,oracle,3,64,0,3,20,2.85714285714286,4524.33333333333
394,oracle,3,64,0,3,21,3,4524.33333333333
395,oracle,3,64,779.5,0.2,0,0,779.5
395,oracle,3,64,779.5,0.2,1,0.2,3807.66666666667
396,oracle,3,64,779.5,3,0,0,779.5
396,oracle,3,64,779.5,3,1,0.142857142857143,3211.66666666667
396,oracle,3,64,779.5,3,2,0.285714285714286,4146
396,oracle,3,64,779.5,3,3,0.428571428571429,4186
396,oracle,3,64,779.5,3,4,0.571428571428571,4214.33333333333
396,oracle,3,64,779.5,3,5,0.714285714285714,4223
396,oracle,3,64,779.5,3,6,0.857142857142857,4225.33333333333
396,oracle,3,64,779.5,3,7,1,4233.33333333333
396,oracle,3,64,779.5,3,8,1.14285714285714,4237
396,oracle,3,64,779.5,3,9,1.28571428571429,4261
396,oracle,3,64,779.5,3,10,1.42857142857143,4310
396,oracle,3,64,779.5,3,11,1.57142857142857,4524.33333333333
396,oracle,3,64,779.5,3,12,1.71428571428571,4524.33333333333
396,oracle,3,64,779.5,3,13,1.85714285714286,4524.33333333333
396,oracle,3,64,779.5,3,14,2,4524.33333333333
396,oracle,3,64,779.5,3,15,2.14285714285714,4524.33333333333
396,oracle,3,64,779.5,3,16,2.28571428571429,4524.33333333333
396,oracle,3,64,779.5,3,17,2.42857142857143,4524.33333333333
396,oracle,3,64,779.5,3,18,2.57142857142857,4524.33333333333
396,oracle,3,64,779.5,3,19,2.71428571428571,4524.33333333333
396,oracle,3,64,779.5,3,20,2.85714285714286,4524.33333333333
396,oracle,3,64,779.5,3,21,3,4524.33333333333
397,oracle,3,64,1559,0.2,0,0,1559
397,oracle,3,64,1559,0.2,1,0.2,4042
398,oracle,3,64,1559,3,0,0,1559
398,oracle,3,64,1559,3,1,0.142857142857143,3732.33333333333
398,oracle,3,64,1559,3,2,0.285714285714286,4157.66666666667
398,oracle,3,64,1559,3,3,0.428571428571429,4201.33333333333
398,oracle,3,64,1559,3,4,0.571428571428571,4218.33333333333
398,oracle,3,64,1559,3,5,0.714285714285714,4223.66666666667
398,oracle,3,64,1559,3,6,0.857142857142857,4227
398,oracle,3,64,1559,3,7,1,4235.66666666667
398,oracle,3,64,1559,3,8,1.14285714285714,4242.66666666667
398,oracle,3,64,1559,3,9,1.28571428571429,4268.66666666667
398,oracle,3,64,1559,3,10,1.42857142857143,4421
398,oracle,3,64,1559,3,11,1.57142857142857,4524.33333333333
398,oracle,3,64,1559,3,12,1.71428571428571,4524.33333333333
398,oracle,3,64,1559,3,13,1.85714285714286,4524.33333333333
398,oracle,3,64,1559,3,14,2,4524.33333333333
398,oracle,3,64,1559,3,15,2.14285714285714,4524.33333333333
398,oracle,3,64,1559,3,16,2.28571428571429,4524.33333333333
398,oracle,3,64,1559,3,17,2.42857142857143,4524.33333333333
398,oracle,3,64,1559,3,18,2.57142857142857,4524.33333333333
398,oracle,3,64,1559,3,19,2.71428571428571,4524.33333333333
398,oracle,3,64,1559,3,20,2.85714285714286,4524.33333333333
398,oracle,3,64,1559,3,21,3,4524.33333333333
399,oracle,3,64,2338.5,0.2,0,0,2338.5
399,oracle,3,64,2338.5,0.2,1,0.2,4150
400,oracle,3,64,2338.5,3,0,0,2338.5
400,oracle,3,64,2338.5,3,1,0.142857142857143,3986
400,oracle,3,64,2338.5,3,2,0.285714285714286,4160.33333333333
400,oracle,3,64,2338.5,3,3,0.428571428571429,4205
400,oracle,3,64,2338.5,3,4,0.571428571428571,4219
400,oracle,3,64,2338.5,3,5,0.714285714285714,4223.66666666667
400,oracle,3,64,2338.5,3,6,0.857142857142857,4229.66666666667
400,oracle,3,64,2338.5,3,7,1,4235.66666666667
400,oracle,3,64,2338.5,3,8,1.14285714285714,4252.33333333333
400,oracle,3,64,2338.5,3,9,1.28571428571429,4281.66666666667
400,oracle,3,64,2338.5,3,10,1.42857142857143,4524.33333333333
400,oracle,3,64,2338.5,3,11,1.57142857142857,4524.33333333333
400,oracle,3,64,2338.5,3,12,1.71428571428571,4524.33333333333
400,oracle,3,64,2338.5,3,13,1.85714285714286,4524.33333333333
400,oracle,3,64,2338.5,3,14,2,4524.33333333333
400,oracle,3,64,2338.5,3,15,2.14285714285714,4524.33333333333
400,oracle,3,64,2338.5,3,16,2.28571428571429,4524.33333333333
400,oracle,3,64,2338.5,3,17,2.42857142857143,4524.33333333333
400,oracle,3,64,2338.5,3,18,2.57142857142857,4524.33333333333
400,oracle,3,64,2338.5,3,19,2.71428571428571,4524.33333333333
400,oracle,3,64,2338.5,3,20,2.85714285714286,4524.33333333333
400,oracle,3,64,2338.5,3,21,3,4524.33333333333
401,oracle,3,64,3118,0.2,0,0,3118
401,oracle,3,64,3118,0.2,1,0.2,4158
402,oracle,3,64,3118,3,0,0,3118
402,oracle,3,64,3118,3,1,0.142857142857143,4139.33333333333
402,oracle,3,64,3118,3,2,0.285714285714286,4179
402,oracle,3,64,3118,3,3,0.428571428571429,4212
402,oracle,3,64,3118,3,4,0.571428571428571,4222
402,oracle,3,64,3118,3,5,0.714285714285714,4225
402,oracle,3,64,3118,3,6,0.857142857142857,4232.66666666667
402,oracle,3,64,3118,3,7,1,4237
402,oracle,3,64,3118,3,8,1.14285714285714,4257.66666666667
402,oracle,3,64,3118,3,9,1.28571428571429,4301
402,oracle,3,64,3118,3,10,1.42857142857143,4524.33333333333
402,oracle,3,64,3118,3,11,1.57142857142857,4524.33333333333
402,oracle,3,64,3118,3,12,1.71428571428571,4524.33333333333
402,oracle,3,64,3118,3,13,1.85714285714286,4524.33333333333
402,oracle,3,64,3118,3,14,2,4524.33333333333
402,oracle,3,64,3118,3,15,2.14285714285714,4524.33333333333
402,oracle,3,64,3118,3,16,2.28571428571429,4524.33333333333
402,oracle,3,64,3118,3,17,2.42857142857143,4524.33333333333
402,oracle,3,64,3118,3,18,2.57142857142857,4524.33333333333
402,oracle,3,64,3118,3,19,2.71428571428571,4524.33333333333
402,oracle,3,64,3118,3,20,2.85714285714286,4524.33333333333
402,oracle,3,64,3118,3,21,3,4524.33333333333
403,oracle,3,64,3897.5,0.2,0,0,3897.5
403,oracle,3,64,3897.5,0.2,1,0.2,4172
404,oracle,3,64,3897.5,3,0,0,3897.5
404,oracle,3,64,3897.5,3,1,0.142857142857143,4160.33333333333
404,oracle,3,64,3897.5,3,2,0.285714285714286,4204.33333333333
404,oracle,3,64,3897.5,3,3,0.428571428571429,4218.33333333333
404,oracle,3,64,3897.5,3,4,0.571428571428571,4223.66666666667
404,oracle,3,64,3897.5,3,5,0.714285714285714,4228.66666666667
404,oracle,3,64,3897.5,3,6,0.857142857142857,4235.66666666667
404,oracle,3,64,3897.5,3,7,1,4251
404,oracle,3,64,3897.5,3,8,1.14285714285714,4269
404,oracle,3,64,3897.5,3,9,1.28571428571429,4477
404,oracle,3,64,3897.5,3,10,1.42857142857143,4524.33333333333
404,oracle,3,64,3897.5,3,11,1.57142857142857,4524.33333333333
404,oracle,3,64,3897.5,3,12,1.71428571428571,4524.33333333333
404,oracle,3,64,3897.5,3,13,1.85714285714286,4524.33333333333
404,oracle,3,64,3897.5,3,14,2,4524.33333333333
404,oracle,3,64,3897.5,3,15,2.14285714285714,4524.33333333333
404,oracle,3,64,3897.5,3,16,2.28571428571429,4524.33333333333
404,oracle,3,64,3897.5,3,17,2.42857142857143,4524.33333333333
404,oracle,3,64,3897.5,3,18,2.57142857142857,4524.33333333333
404,oracle,3,64,3897.5,3,19,2.71428571428571,4524.33333333333
404,oracle,3,64,3897.5,3,20,2.85714285714286,4524.33333333333
404,oracle,3,64,3897.5,3,21,3,4524.33333333333
405,oracle,3,64,4677,0.2,0,0,4677
405,oracle,3,64,4677,0.2,1,0.2,4677
406,oracle,3,64,4677,3,0,0,4677
406,oracle,3,64,4677,3,1,0.142857142857143,4677
406,oracle,3,64,4677,3,2,0.285714285714286,4677
406,oracle,3,64,4677,3,3,0.428571428571429,4677
406,oracle,3,64,4677,3,4,0.571428571428571,4677
406,oracle,3,64,4677,3,5,0.714285714285714,4677
406,oracle,3,64,4677,3,6,0.857142857142857,4677
406,oracle,3,64,4677,3,7,1,4677
406,oracle,3,64,4677,3,8,1.14285714285714,4677
406,oracle,3,64,4677,3,9,1.28571428571429,4677
406,oracle,3,64,4677,3,10,1.42857142857143,4677
406,oracle,3,64,4677,3,11,1.57142857142857,4677
406,oracle,3,64,4677,3,12,1.71428571428571,4677
406,oracle,3,64,4677,3,13,1.85714285714286,4677
406,oracle,3,64,4677,3,14,2,4677
406,oracle,3,64,4677,3,15,2.14285714285714,4677
406,oracle,3,64,4677,3,16,2.28571428571429,4677
406,oracle,3,64,4677,3,17,2.42857142857143,4677
406,oracle,3,64,4677,3,18,2.57142857142857,4677
406,oracle,3,64,4677,3,19,2.71428571428571,4677
406,oracle,3,64,4677,3,20,2.85714285714286,4677
406,oracle,3,64,4677,3,21,3,4677
407,oracle,3,-64,-112,0.2,0,0,-112
407,oracle,3,-64,-112,0.2,1,0.2,-112
408,oracle,3,-64,-112,3,0,0,-112
408,oracle,3,-64,-112,3,1,0.142857142857143,-112
408,oracle,3,-64,-112,3,2,0.285714285714286,-112
408,oracle,3,-64,-112,3,3,0.428571428571429,-112
408,oracle,3,-64,-112,3,4,0.571428571428571,-112
408,oracle,3,-64,-112,3,5,0.714285714285714,-112
408,oracle,3,-64,-112,3,6,0.857142857142857,-112
408,oracle,3,-64,-112,3,7,1,-112
408,oracle,3,-64,-112,3,8,1.14285714285714,-112
408,oracle,3,-64,-112,3,9,1.28571428571429,-112
408,oracle,3,-64,-112,3,10,1.42857142857143,-112
408,oracle,3,-64,-112,3,11,1.57142857142857,-112
408,oracle,3,-64,-112,3,12,1.71428571428571,-112
408,oracle,3,-64,-112,3,13,1.85714285714286,-112
408,oracle,3,-64,-112,3,14,2,-112
408,oracle,3,-64,-112,3,15,2.14285714285714,-112
408,oracle,3,-64,-112,3,16,2.28571428571429,-112
408,oracle,3,-64,-112,3,17,2.42857142857143,-112
408,oracle,3,-64,-112,3,18,2.57142857142857,-112
408,oracle,3,-64,-112,3,19,2.71428571428571,-112
408,oracle,3,-64,-112,3,20,2.85714285714286,-112
408,oracle,3,-64,-112,3,21,3,-112
409,oracle,3,-64,1017.33333333333,0.2,0,0,1017.33333333333
409,oracle,3,-64,1017.33333333333,0.2,1,0.2,-15
410,oracle,3,-64,1017.33333333333,3,0,0,1017.33333333333
410,oracle,3,-64,1017.33333333333,3,1,0.142857142857143,-14.3333333333333
410,oracle,3,-64,1017.33333333333,3,2,0.285714285714286,-17.6666666666667
410,oracle,3,-64,1017.33333333333,3,3,0.428571428571429,-21.3333333333333
410,oracle,3,-64,1017.33333333333,3,4,0.571428571428571,-21.6666666666667
410,oracle,3,-64,1017.33333333333,3,5,0.714285714285714,-21.6666666666667
410,oracle,3,-64,1017.33333333333,3,6,0.857142857142857,-21.6666666666667
410,oracle,3,-64,1017.33333333333,3,7,1,-21.6666666666667
410,oracle,3,-64,1017.33333333333,3,8,1.14285714285714,-21.6666666666667
410,oracle,3,-64,1017.33333333333,3,9,1.28571428571429,-21.6666666666667
410,oracle,3,-64,1017.33333333333,3,10,1.42857142857143,-21.6666666666667
410,oracle,3,-64,1017.33333333333,3,11,1.57142857142857,-21.6666666666667
410,oracle,3,-64,1017.33333333333,3,12,1.71428571428571,-21.6666666666667
410,oracle,3,-64,1017.33333333333,3,13,1.85714285714286,-21.6666666666667
410,oracle,3,-64,1017.33333333333,3,14,2,-21.6666666666667
410,oracle,3,-64,1017.33333333333,3,15,2.14285714285714,-21.6666666666667
410,oracle,3,-64,1017.33333333333,3,16,2.28571428571429,-21.6666666666667
410,oracle,3,-64,1017.33333333333,3,17,2.42857142857143,-21.6666666666667
410,oracle,3,-64,1017.33333333333,3,18,2.57142857142857,-21.6666666666667
410,oracle,3,-64,1017.33333333333,3,19,2.71428571428571,-21.6666666666667
410,oracle,3,-64,1017.33333333333,3,20,2.85714285714286,-21.6666666666667
410,oracle,3,-64,1017.33333333333,3,21,3,-21.6666666666667
411,oracle,3,-64,2146.66666666667,0.2,0,0,2146.66666666667
411,oracle,3,-64,2146.66666666667,0.2,1,0.2,-14.3333333333333
412,oracle,3,-64,2146.66666666667,3,0,0,2146.66666666667
412,oracle,3,-64,2146.66666666667,3,1,0.142857142857143,10
412,oracle,3,-64,2146.66666666667,3,2,0.285714285714286,-15.3333333333333
412,oracle,3,-64,2146.66666666667,3,3,0.428571428571429,-19.6666666666667
412,oracle,3,-64,2146.66666666667,3,4,0.571428571428571,-21.6666666666667
412,oracle,3,-64,2146.66666666667,3,5,0.714285714285714,-21.6666666666667
412,oracle,3,-64,2146.66666666667,3,6,0.857142857142857,-21.6666666666667
412,oracle,3,-64,2146.66666666667,3,7,1,-21.6666666666667
412,oracle,3,-64,2146.66666666667,3,8,1.14285714285714,-21.6666666666667
412,oracle,3,-64,2146.66666666667,3,9,1.28571428571429,-21.6666666666667
412,oracle,3,-64,2146.66666666667,3,10,1.42857142857143,-21.6666666666667
412,oracle,3,-64,2146.66666666667,3,11,1.57142857142857,-21.6666666666667
412,oracle,3,-64,2146.66666666667,3,12,1.71428571428571,-21.6666666666667
412,oracle,3,-64,2146.66666666667,3,13,1.85714285714286,-21.6666666666667
412,oracle,3,-64,2146.66666666667,3,14,2,-21.6666666666667
412,oracle,3,-64,2146.66666666667,3,15,2.14285714285714,-21.6666666666667
412,oracle,3,-64,2146.66666666667,3,16,2.28571428571429,-21.6666666666667
412,oracle,3,-64,2146.66666666667,3,17,2.42857142857143,-21.6666666666667
412,oracle,3,-64,2146.66666666667,3,18,2.57142857142857,-21.6666666666667
412,oracle,3,-64,2146.66666666667,3,19,2.71428571428571,-21.6666666666667
412,oracle,3,-64,2146.66666666667,3,20,2.85714285714286,-21.6666666666667
412,oracle,3,-64,2146.66666666667,3,21,3,-21.6666666666667
413,oracle,3,-64,3276,0.2,0,0,3276
413,oracle,3,-64,3276,0.2,1,0.2,4.66666666666667
414,oracle,3,-64,3276,3,0,0,3276
414,oracle,3,-64,3276,3,1,0.142857142857143,721.333333333333
414,oracle,3,-64,3276,3,2,0.285714285714286,-14.3333333333333
414,oracle,3,-64,3276,3,3,0.428571428571429,-18.6666666666667
414,oracle,3,-64,3276,3,4,0.571428571428571,-21.3333333333333
414,oracle,3,-64,3276,3,5,0.714285714285714,-21.6666666666667
414,oracle,3,-64,3276,3,6,0.857142857142857,-21.6666666666667
414,oracle,3,-64,3276,3,7,1,-21.6666666666667
414,oracle,3,-64,3276,3,8,1.14285714285714,-21.6666666666667
414,oracle,3,-64,3276,3,9,1.28571428571429,-21.6666666666667
414,oracle,3,-64,3276,3,10,1.42857142857143,-21.6666666666667
414,oracle,3,-64,3276,3,11,1.57142857142857,-21.6666666666667
414,oracle,3,-64,3276,3,12,1.71428571428571,-21.6666666666667
414,oracle,3,-64,3276,3,13,1.85714285714286,-21.6666666666667
414,oracle,3,-64,3276,3,14,2,-21.6666666666667
414,oracle,3,-64,3276,3,15,2.14285714285714,-21.6666666666667
414,oracle,3,-64,3276,3,16,2.28571428571429,-21.6666666666667
414,oracle,3,-64,3276,3,17,2.42857142857143,-21.6666666666667
414,oracle,3,-64,3276,3,18,2.57142857142857,-21.6666666666667
414,oracle,3,-64,3276,3,19,2.71428571428571,-21.6666666666667
414,oracle,3,-64,3276,3,20,2.85714285714286,-21.6666666666667
414,oracle,3,-64,3276,3,21,3,-21.6666666666667
415,oracle,3,-64,4405.33333333333,0.2,0,0,4405.33333333333
415,oracle,3,-64,4405.33333333333,0.2,1,0.2,706.333333333333
416,oracle,3,-64,4405.33333333333,3,0,0,4405.33333333333
416,oracle,3,-64,4405.33333333333,3,1,0.142857142857143,1608
416,oracle,3,-64,4405.33333333333,3,2,0.285714285714286,-14.3333333333333
416,oracle,3,-64,4405.33333333333,3,3,0.428571428571429,-16.3333333333333
416,oracle,3,-64,4405.33333333333,3,4,0.571428571428571,-20.3333333333333
416,oracle,3,-64,4405.33333333333,3,5,0.714285714285714,-21.6666666666667
416,oracle,3,-64,4405.33333333333,3,6,0.857142857142857,-21.6666666666667
416,oracle,3,-64,4405.33333333333,3,7,1,-21.6666666666667
416,oracle,3,-64,4405.33333333333,3,8,1.14285714285714,-21.6666666666667
416,oracle,3,-64,4405.33333333333,3,9,1.28571428571429,-21.6666666666667
416,oracle,3,-64,4405.33333333333,3,10,1.42857142857143,-21.6666666666667
416,oracle,3,-64,4405.33333333333,3,11,1.57142857142857,-21.6666666666667
416,oracle,3,-64,4405.33333333333,3,12,1.71428571428571,-21.6666666666667
416,oracle,3,-64,4405.33333333333,3,13,1.85714285714286,-21.6666666666667
416,oracle,3,-64,4405.33333333333,3,14,2,-21.6666666666667
416,oracle,3,-64,4405.33333333333,3,15,2.14285714285714,-21.6666666666667
416,oracle,3,-64,4405.33333333333,3,16,2.28571428571429,-21.6666666666667
416,oracle,3,-64,4405.33333333333,3,17,2.42857142857143,-21.6666666666667
416,oracle,3,-64,4405.33333333333,3,18,2.57142857142857,-21.6666666666667
416,oracle,3,-64,4405.33333333333,3,19,2.71428571428571,-21.6666666666667
416,oracle,3,-64,4405.33333333333,3,20,2.85714285714286,-21.6666666666667
416,oracle,3,-64,4405.33333333333,3,21,3,-21.6666666666667
417,oracle,3,-64,5534.66666666667,0.2,0,0,5534.66666666667
417,oracle,3,-64,5534.66666666667,0.2,1,0.2,1541.66666666667
418,oracle,3,-64,5534.66666666667,3,0,0,5534.66666666667
418,oracle,3,-64,5534.66666666667,3,1,0.142857142857143,2560.33333333333
418,oracle,3,-64,5534.66666666667,3,2,0.285714285714286,229.333333333333
418,oracle,3,-64,5534.66666666667,3,3,0.428571428571429,-15
418,oracle,3,-64,5534.66666666667,3,4,0.571428571428571,-19
418,oracle,3,-64,5534.66666666667,3,5,0.714285714285714,-21.6666666666667
418,oracle,3,-64,5534.66666666667,3,6,0.857142857142857,-21.6666666666667
418,oracle,3,-64,5534.66666666667,3,7,1,-21.6666666666667
418,oracle,3,-64,5534.66666666667,3,8,1.14285714285714,-21.6666666666667
418,oracle,3,-64,5534.66666666667,3,9,1.28571428571429,-21.6666666666667
418,oracle,3,-64,5534.66666666667,3,10,1.42857142857143,-21.6666666666667
418,oracle,3,-64,5534.66666666667,3,11,1.57142857142857,-21.6666666666667
418,oracle,3,-64,5534.66666666667,3,12,1.71428571428571,-21.6666666666667
418,oracle,3,-64,5534.66666666667,3,13,1.85714285714286,-21.6666666666667
418,oracle,3,-64,5534.66666666667,3,14,2,-21.6666666666667
418,oracle,3,-64,5534.66666666667,3,15,2.14285714285714,-21.6666666666667
418,oracle,3,-64,5534.66666666667,3,16,2.28571428571429,-21.6666666666667
418,oracle,3,-64,5534.66666666667,3,17,2.42857142857143,-21.6666666666667
418,oracle,3,-64,5534.66666666667,3,18,2.57142857142857,-21.6666666666667
418,oracle,3,-64,5534.66666666667,3,19,2.71428571428571,-21.6666666666667
418,oracle,3,-64,5534.66666666667,3,20,2.85714285714286,-21.6666666666667
418,oracle,3,-64,5534.66666666667,3,21,3,-21.6666666666667
419,oracle,3,-64,6664,0.2,0,0,6664
419,oracle,3,-64,6664,0.2,1,0.2,1541.66666666667
420,oracle,3,-64,6664,3,0,0,6664
420,oracle,3,-64,6664,3,1,0.142857142857143,2560.33333333333
420,oracle,3,-64,6664,3,2,0.285714285714286,229.333333333333
420,oracle,3,-64,6664,3,3,0.428571428571429,-15
420,oracle,3,-64,6664,3,4,0.571428571428571,-19
420,oracle,3,-64,6664,3,5,0.714285714285714,-21.6666666666667
420,oracle,3,-64,6664,3,6,0.857142857142857,-21.6666666666667
420,oracle,3,-64,6664,3,7,1,-21.6666666666667
420,oracle,3,-64,6664,3,8,1.14285714285714,-21.6666666666667
420,oracle,3,-64,6664,3,9,1.28571428571429,-21.6666666666667
420,oracle,3,-64,6664,3,10,1.42857142857143,-21.6666666666667
420,oracle,3,-64,6664,3,11,1.57142857142857,-21.6666666666667
420,oracle,3,-64,6664,3,12,1.71428571428571,-21.6666666666667
420,oracle,3,-64,6664,3,13,1.85714285714286,-21.6666666666667
420,oracle,3,-64,6664,3,14,2,-21.6666666666667
420,oracle,3,-64,6664,3,15,2.14285714285714,-21.6666666666667
420,oracle,3,-64,6664,3,16,2.28571428571429,-21.6666666666667
420,oracle,3,-64,6664,3,17,2.42857142857143,-21.6666666666667
420,oracle,3,-64,6664,3,18,2.57142857142857,-21.6666666666667
420,oracle,3,-64,6664,3,19,2.71428571428571,-21.6666666666667
420,oracle,3,-64,6664,3,20,2.85714285714286,-21.6666666666667
420,oracle,3,-64,6664,3,21,3,-21.6666666666667
421,oracle,3,96,0,0.2,0,0,0
421,oracle,3,96,0,0.2,1,0.2,3427.75
422,oracle,3,96,0,3,0,0,0
422,oracle,3,96,0,3,1,0.142857142857143,3028
422,oracle,3,96,0,3,2,0.285714285714286,3612
422,oracle,3,96,0,3,3,0.428571428571429,3726.5
422,oracle,3,96,0,3,4,0.571428571428571,3841.75
422,oracle,3,96,0,3,5,0.714285714285714,3973.5
422,oracle,3,96,0,3,6,0.857142857142857,4431.25
422,oracle,3,96,0,3,7,1,4647.5
422,oracle,3,96,0,3,8,1.14285714285714,4944.5
422,oracle,3,96,0,3,9,1.28571428571429,4944.5
422,oracle,3,96,0,3,10,1.42857142857143,4944.5
422,oracle,3,96,0,3,11,1.57142857142857,4944.5
422,oracle,3,96,0,3,12,1.71428571428571,4944.5
422,oracle,3,96,0,3,13,1.85714285714286,4944.5
422,oracle,3,96,0,3,14,2,4944.5
422,oracle,3,96,0,3,15,2.14285714285714,4944.5
422,oracle,3,96,0,3,16,2.28571428571429,4944.5
422,oracle,3,96,0,3,17,2.42857142857143,4944.5
422,oracle,3,96,0,3,18,2.57142857142857,4944.5
422,oracle,3,96,0,3,19,2.71428571428571,4944.5
422,oracle,3,96,0,3,20,2.85714285714286,4944.5
422,oracle,3,96,0,3,21,3,4944.5
423,oracle,3,96,1012.83333333333,0.2,0,0,1012.83333333333
423,oracle,3,96,1012.83333333333,0.2,1,0.2,3524.25
424,oracle,3,96,1012.83333333333,3,0,0,1012.83333333333
424,oracle,3,96,1012.83333333333,3,1,0.142857142857143,3389.5
424,oracle,3,96,1012.83333333333,3,2,0.285714285714286,3700
424,oracle,3,96,1012.83333333333,3,3,0.428571428571429,3736.25
424,oracle,3,96,1012.83333333333,3,4,0.571428571428571,3889.75
424,oracle,3,96,1012.83333333333,3,5,0.714285714285714,4178.75
424,oracle,3,96,1012.83333333333,3,6,0.857142857142857,4511.75
424,oracle,3,96,1012.83333333333,3,7,1,4944.5
424,oracle,3,96,1012.83333333333,3,8,1.14285714285714,4944.5
424,oracle,3,96,1012.83333333333,3,9,1.28571428571429,4944.5
424,oracle,3,96,1012.83333333333,3,10,1.42857142857143,4944.5
424,oracle,3,96,1012.83333333333,3,11,1.57142857142857,4944.5
424,oracle,3,96,1012.83333333333,3,12,1.71428571428571,4944.5
424,oracle,3,96,1012.83333333333,3,13,1.85714285714286,4944.5
424,oracle,3,96,1012.83333333333,3,14,2,4944.5
424,oracle,3,96,1012.83333333333,3,15,2.14285714285714,4944.5
424,oracle,3,96,1012.83333333333,3,16,2.28571428571429,4944.5
424,oracle,3,96,1012.83333333333,3,17,2.42857142857143,4944.5
424,oracle,3,96,1012.83333333333,3,18,2.57142857142857,4944.5
424,oracle,3,96,1012.83333333333,3,19,2.71428571428571,4944.5
424,oracle,3,96,1012.83333333333,3,20,2.85714285714286,4944.5
424,oracle,3,96,1012.83333333333,3,21,3,4944.5
425,oracle,3,96,2025.66666666667,0.2,0,0,2025.66666666667
425,oracle,3,96,2025.66666666667,0.2,1,0.2,3599.5
426,oracle,3,96,2025.66666666667,3,0,0,2025.66666666667
426,oracle,3,96,2025.66666666667,3,1,0.142857142857143,3494.5
426,oracle,3,96,2025.66666666667,3,2,0.285714285714286,3713.25
426,oracle,3,96,2025.66666666667,3,3,0.428571428571429,3769
426,oracle,3,96,2025.66666666667,3,4,0.571428571428571,3891.5
426,oracle,3,96,2025.66666666667,3,5,0.714285714285714,4288.5
426,oracle,3,96,2025.66666666667,3,6,0.857142857142857,4555.75
426,oracle,3,96,2025.66666666667,3,7,1,4944.5
426,oracle,3,96,2025.66666666667,3,8,1.14285714285714,4944.5
426,oracle,3,96,2025.66666666667,3,9,1.28571428571429,4944.5
426,oracle,3,96,2025.66666666667,3,10,1.42857142857143,4944.5
426,oracle,3,96,2025.66666666667,3,11,1.57142857142857,4944.5
426,oracle,3,96,2025.66666666667,3,12,1.71428571428571,4944.5
426,oracle,3,96,2025.66666666667,3,13,1.85714285714286,4944.5
426,oracle,3,96,2025.66666666667,3,14,2,4944.5
426,oracle,3,96,2025.66666666667,3,15,2.14285714285714,4944.5
426,oracle,3,96,2025.66666666667,3,16,2.28571428571429,4944.5
426,oracle,3,96,2025.66666666667,3,17,2.42857142857143,4944.5
426,oracle,3,96,2025.66666666667,3,18,2.57142857142857,4944.5
426,oracle,3,96,2025.66666666667,3,19,2.71428571428571,4944.5
426,oracle,3,96,2025.66666666667,3,20,2.85714285714286,4944.5
426,oracle,3,96,2025.66666666667,3,21,3,4944.5
427,oracle,3,96,3038.5,0.2,0,0,3038.5
427,oracle,3,96,3038.5,0.2,1,0.2,3705.75
428,oracle,3,96,3038.5,3,0,0,3038.5
428,oracle,3,96,3038.5,3,1,0.142857142857143,3615.25
428,oracle,3,96,3038.5,3,2,0.285714285714286,3726.5
428,oracle,3,96,3038.5,3,3,0.428571428571429,3844.25
428,oracle,3,96,3038.5,3,4,0.571428571428571,3977
428,oracle,3,96,3038.5,3,5,0.714285714285714,4433.25
428,oracle,3,96,3038.5,3,6,0.857142857142857,4652
428,oracle,3,96,3038.5,3,7,1,4944.5
428,oracle,3,96,3038.5,3,8,1.14285714285714,4944.5
428,oracle,3,96,3038.5,3,9,1.28571428571429,4944.5
428,oracle,3,96,3038.5,3,10,1.42857142857143,4944.5
428,oracle,3,96,3038.5,3,11,1.57142857142857,4944.5
428,oracle,3,96,3038.5,3,12,1.71428571428571,4944.5
428,oracle,3,96,3038.5,3,13,1.85714285714286,4944.5
428,oracle,3,96,3038.5,3,14,2,4944.5
428,oracle,3,96,3038.5,3,15,2.14285714285714,4944.5
428,oracle,3,96,3038.5,3,16,2.28571428571429,4944.5
428,oracle,3,96,3038.5,3,17,2.42857142857143,4944.5
428,oracle,3,96,3038.5,3,18,2.57142857142857,4944.5
428,oracle,3,96,3038.5,3,19,2.71428571428571,4944.5
428,oracle,3,96,3038.5,3,20,2.85714285714286,4944.5
428,oracle,3,96,3038.5,3,21,3,4944.5
429,oracle,3,96,4051.33333333333,0.2,0,0,4051.33333333333
429,oracle,3,96,4051.33333333333,0.2,1,0.2,4553.5
430,oracle,3,96,4051.33333333333,3,0,0,4051.33333333333
430,oracle,3,96,4051.33333333333,3,1,0.142857142857143,4467.25
430,oracle,3,96,4051.33333333333,3,2,0.285714285714286,4765
430,oracle,3,96,4051.33333333333,3,3,0.428571428571429,4944.5
430,oracle,3,96,4051.33333333333,3,4,0.571428571428571,4944.5
430,oracle,3,96,4051.33333333333,3,5,0.714285714285714,4944.5
430,oracle,3,96,4051.33333333333,3,6,0.857142857142857,4944.5
430,oracle,3,96,4051.33333333333,3,7,1,4944.5
430,oracle,3,96,4051.33333333333,3,8,1.14285714285714,4944.5
430,oracle,3,96,4051.33333333333,3,9,1.28571428571429,4944.5
430,oracle,3,96,4051.33333333333,3,10,1.42857142857143,4944.5
430,oracle,3,96,4051.33333333333,3,11,1.57142857142857,4944.5
430,oracle,3,96,4051.33333333333,3,12,1.71428571428571,4944.5
430,oracle,3,96,4051.33333333333,3,13,1.85714285714286,4944.5
430,oracle,3,96,4051.33333333333,3,14,2,4944.5
430,oracle,3,96,4051.33333333333,3,15,2.14285714285714,4944.5
430,oracle,3,96,4051.33333333333,3,16,2.28571428571429,4944.5
430,oracle,3,96,4051.33333333333,3,17,2.42857142857143,4944.5
430,oracle,3,96,4051.33333333333,3,18,2.57142857142857,4944.5
430,oracle,3,96,4051.33333333333,3,19,2.71428571428571,4944.5
430,oracle,3,96,4051.33333333333,3,20,2.85714285714286,4944.5
430,oracle,3,96,4051.33333333333,3,21,3,4944.5
431,oracle,3,96,5064.16666666667,0.2,0,0,5064.16666666667
431,oracle,3,96,5064.16666666667,0.2,1,0.2,5064.16666666667
432,oracle,3,96,5064.16666666667,3,0,0,5064.16666666667
432,oracle,3,96,5064.16666666667,3,1,0.142857142857143,5064.16666666667
432,oracle,3,96,5064.16666666667,3,2,0.285714285714286,5064.16666666667
432,oracle,3,96,5064.16666666667,3,3,0.428571428571429,5064.16666666667
432,oracle,3,96,5064.16666666667,3,4,0.571428571428571,5064.16666666667
432,oracle,3,96,5064.16666666667,3,5,0.714285714285714,5064.16666666667
432,oracle,3,96,5064.16666666667,3,6,0.857142857142857,5064.16666666667
432,oracle,3,96,5064.16666666667,3,7,1,5064.16666666667
432,oracle,3,96,5064.16666666667,3,8,1.14285714285714,5064.16666666667
432,oracle,3,96,5064.16666666667,3,9,1.28571428571429,5064.16666666667
432,oracle,3,96,5064.16666666667,3,10,1.42857142857143,5064.16666666667
432,oracle,3,96,5064.16666666667,3,11,1.57142857142857,5064.16666666667
432,oracle,3,96,5064.16666666667,3,12,1.71428571428571,5064.16666666667
432,oracle,3,96,5064.16666666667,3,13,1.85714285714286,5064.16666666667
432,oracle,3,96,5064.16666666667,3,14,2,5064.16666666667
432,oracle,3,96,5064.16666666667,3,15,2.14285714285714,5064.16666666667
432,oracle,3,96,5064.16666666667,3,16,2.28571428571429,5064.16666666667
432,oracle,3,96,5064.16666666667,3,17,2.42857142857143,5064.16666666667
432,oracle,3,96,5064.16666666667,3,18,2.57142857142857,5064.16666666667
432,oracle,3,96,5064.16666666667,3,19,2.71428571428571,5064.16666666667
432,oracle,3,96,5064.16666666667,3,20,2.85714285714286,5064.16666666667
432,oracle,3,96,5064.16666666667,3,21,3,5064.16666666667
433,oracle,3,96,6077,0.2,0,0,6077
433,oracle,3,96,6077,0.2,1,0.2,6077
434,oracle,3,96,6077,3,0,0,6077
434,oracle,3,96,6077,3,1,0.142857142857143,6077
434,oracle,3,96,6077,3,2,0.285714285714286,6077
434,oracle,3,96,6077,3,3,0.428571428571429,6077
434,oracle,3,96,6077,3,4,0.571428571428571,6077
434,oracle,3,96,6077,3,5,0.714285714285714,6077
434,oracle,3,96,6077,3,6,0.857142857142857,6077
434,oracle,3,96,6077,3,7,1,6077
434,oracle,3,96,6077,3,8,1.14285714285714,6077
434,oracle,3,96,6077,3,9,1.28571428571429,6077
434,oracle,3,96,6077,3,10,1.42857142857143,6077
434,oracle,3,96,6077,3,11,1.57142857142857,6077
434,oracle,3,96,6077,3,12,1.71428571428571,6077
434,oracle,3,96,6077,3,13,1.85714285714286,6077
434,oracle,3,96,6077,3,14,2,6077
434,oracle,3,96,6077,3,15,2.14285714285714,6077
434,oracle,3,96,6077,3,16,2.28571428571429,6077
434,oracle,3,96,6077,3,17,2.42857142857143,6077
434,oracle,3,96,6077,3,18,2.57142857142857,6077
434,oracle,3,96,6077,3,19,2.71428571428571,6077
434,oracle,3,96,6077,3,20,2.85714285714286,6077
434,oracle,3,96,6077,3,21,3,6077
435,oracle,3,-96,-308,0.2,0,0,-308
435,oracle,3,-96,-308,0.2,1,0.2,-308
436,oracle,3,-96,-308,3,0,0,-308
436,oracle,3,-96,-308,3,1,0.142857142857143,-308
436,oracle,3,-96,-308,3,2,0.285714285714286,-308
436,oracle,3,-96,-308,3,3,0.428571428571429,-308
436,oracle,3,-96,-308,3,4,0.571428571428571,-308
436,oracle,3,-96,-308,3,5,0.714285714285714,-308
436,oracle,3,-96,-308,3,6,0.857142857142857,-308
436,oracle,3,-96,-308,3,7,1,-308
436,oracle,3,-96,-308,3,8,1.14285714285714,-308
436,oracle,3,-96,-308,3,9,1.28571428571429,-308
436,oracle,3,-96,-308,3,10,1.42857142857143,-308
436,oracle,3,-96,-308,3,11,1.57142857142857,-308
436,oracle,3,-96,-308,3,12,1.71428571428571,-308
436,oracle,3,-96,-308,3,13,1.85714285714286,-308
436,oracle,3,-96,-308,3,14,2,-308
436,oracle,3,-96,-308,3,15,2.14285714285714,-308
436,oracle,3,-96,-308,3,16,2.28571428571429,-308
436,oracle,3,-96,-308,3,17,2.42857142857143,-308
436,oracle,3,-96,-308,3,18,2.57142857142857,-308
436,oracle,3,-96,-308,3,19,2.71428571428571,-308
436,oracle,3,-96,-308,3,20,2.85714285714286,-308
436,oracle,3,-96,-308,3,21,3,-308
437,oracle,3,-96,784.833333333333,0.2,0,0,784.833333333333
437,oracle,3,-96,784.833333333333,0.2,1,0.2,-266
438,oracle,3,-96,784.833333333333,3,0,0,784.833333333333
438,oracle,3,-96,784.833333333333,3,1,0.142857142857143,-266
438,oracle,3,-96,784.833333333333,3,2,0.285714285714286,-266
438,oracle,3,-96,784.833333333333,3,3,0.428571428571429,-266
438,oracle,3,-96,784.833333333333,3,4,0.571428571428571,-266
438,oracle,3,-96,784.833333333333,3,5,0.714285714285714,-266
438,oracle,3,-96,784.833333333333,3,6,0.857142857142857,-266
438,oracle,3,-96,784.833333333333,3,7,1,-266
438,oracle,3,-96,784.833333333333,3,8,1.14285714285714,-266
438,oracle,3,-96,784.833333333333,3,9,1.28571428571429,-266
438,oracle,3,-96,784.833333333333,3,10,1.42857142857143,-266
438,oracle,3,-96,784.833333333333,3,11,1.57142857142857,-266
438,oracle,3,-96,784.833333333333,3,12,1.71428571428571,-266
438,oracle,3,-96,784.833333333333,3,13,1.85714285714286,-266
438,oracle,3,-96,784.833333333333,3,14,2,-266
438,oracle,3,-96,784.833333333333,3,15,2.14285714285714,-266
438,oracle,3,-96,784.833333333333,3,16,2.28571428571429,-266
438,oracle,3,-96,784.833333333333,3,17,2.42857142857143,-266
438,oracle,3,-96,784.833333333333,3,18,2.57142857142857,-266
438,oracle,3,-96,784.833333333333,3,19,2.71428571428571,-266
438,oracle,3,-96,784.833333333333,3,20,2.85714285714286,-266
438,oracle,3,-96,784.833333333333,3,21,3,-266
439,oracle,3,-96,1877.66666666667,0.2,0,0,1877.66666666667
439,oracle,3,-96,1877.66666666667,0.2,1,0.2,-266
440,oracle,3,-96,1877.66666666667,3,0,0,1877.66666666667
440,oracle,3,-96,1877.66666666667,3,1,0.142857142857143,-266
440,oracle,3,-96,1877.66666666667,3,2,0.285714285714286,-266
440,oracle,3,-96,1877.66666666667,3,3,0.428571428571429,-266
440,oracle,3,-96,1877.66666666667,3,4,0.571428571428571,-266
440,oracle,3,-96,1877.66666666667,3,5,0.714285714285714,-266
440,oracle,3,-96,1877.66666666667,3,6,0.857142857142857,-266
440,oracle,3,-96,1877.66666666667,3,7,1,-266
440,oracle,3,-96,1877.66666666667,3,8,1.14285714285714,-266
440,oracle,3,-96,1877.66666666667,3,9,1.28571428571429,-266
440,oracle,3,-96,1877.66666666667,3,10,1.42857142857143,-266
440,oracle,3,-96,1877.66666666667,3,11,1.57142857142857,-266
440,oracle,3,-96,1877.66666666667,3,12,1.71428571428571,-266
440,oracle,3,-96,1877.66666666667,3,13,1.85714285714286,-266
440,oracle,3,-96,1877.66666666667,3,14,2,-266
440,oracle,3,-96,1877.66666666667,3,15,2.14285714285714,-266
440,oracle,3,-96,1877.66666666667,3,16,2.28571428571429,-266
440,oracle,3,-96,1877.66666666667,3,17,2.42857142857143,-266
440,oracle,3,-96,1877.66666666667,3,18,2.57142857142857,-266
440,oracle,3,-96,1877.66666666667,3,19,2.71428571428571,-266
440,oracle,3,-96,1877.66666666667,3,20,2.85714285714286,-266
440,oracle,3,-96,1877.66666666667,3,21,3,-266
441,oracle,3,-96,2970.5,0.2,0,0,2970.5
441,oracle,3,-96,2970.5,0.2,1,0.2,-266
442,oracle,3,-96,2970.5,3,0,0,2970.5
442,oracle,3,-96,2970.5,3,1,0.142857142857143,-266
442,oracle,3,-96,2970.5,3,2,0.285714285714286,-266
442,oracle,3,-96,2970.5,3,3,0.428571428571429,-266
442,oracle,3,-96,2970.5,3,4,0.571428571428571,-266
442,oracle,3,-96,2970.5,3,5,0.714285714285714,-266
442,oracle,3,-96,2970.5,3,6,0.857142857142857,-266
442,oracle,3,-96,2970.5,3,7,1,-266
442,oracle,3,-96,2970.5,3,8,1.14285714285714,-266
442,oracle,3,-96,2970.5,3,9,1.28571428571429,-266
442,oracle,3,-96,2970.5,3,10,1.42857142857143,-266
442,oracle,3,-96,2970.5,3,11,1.57142857142857,-266
442,oracle,3,-96,2970.5,3,12,1.71428571428571,-266
442,oracle,3,-96,2970.5,3,13,1.85714285714286,-266
442,oracle,3,-96,2970.5,3,14,2,-266
442,oracle,3,-96,2970.5,3,15,2.14285714285714,-266
442,oracle,3,-96,2970.5,3,16,2.28571428571429,-266
442,oracle,3,-96,2970.5,3,17,2.42857142857143,-266
442,oracle,3,-96,2970.5,3,18,2.57142857142857,-266
442,oracle,3,-96,2970.5,3,19,2.71428571428571,-266
442,oracle,3,-96,2970.5,3,20,2.85714285714286,-266
442,oracle,3,-96,2970.5,3,21,3,-266
443,oracle,3,-96,4063.33333333333,0.2,0,0,4063.33333333333
443,oracle,3,-96,4063.33333333333,0.2,1,0.2,-266
444,oracle,3,-96,4063.33333333333,3,0,0,4063.33333333333
444,oracle,3,-96,4063.33333333333,3,1,0.142857142857143,-250.5
444,oracle,3,-96,4063.33333333333,3,2,0.285714285714286,-266
444,oracle,3,-96,4063.33333333333,3,3,0.428571428571429,-266
444,oracle,3,-96,4063.33333333333,3,4,0.571428571428571,-266
444,oracle,3,-96,4063.33333333333,3,5,0.714285714285714,-266
444,oracle,3,-96,4063.33333333333,3,6,0.857142857142857,-266
444,oracle,3,-96,4063.33333333333,3,7,1,-266
444,oracle,3,-96,4063.33333333333,3,8,1.14285714285714,-266
444,oracle,3,-96,4063.33333333333,3,9,1.28571428571429,-266
444,oracle,3,-96,4063.33333333333,3,10,1.42857142857143,-266
444,oracle,3,-96,4063.33333333333,3,11,1.57142857142857,-266
444,oracle,3,-96,4063.33333333333,3,12,1.71428571428571,-266
444,oracle,3,-96,4063.33333333333,3,13,1.85714285714286,-266
444,oracle,3,-96,4063.33333333333,3,14,2,-266
444,oracle,3,-96,4063.33333333333,3,15,2.14285714285714,-266
444,oracle,3,-96,4063.33333333333,3,16,2.28571428571429,-266
444,oracle,3,-96,4063.33333333333,3,17,2.42857142857143,-266
444,oracle,3,-96,4063.33333333333,3,18,2.57142857142857,-266
444,oracle,3,-96,4063.33333333333,3,19,2.71428571428571,-266
444,oracle,3,-96,4063.33333333333,3,20,2.85714285714286,-266
444,oracle,3,-96,4063.33333333333,3,21,3,-266
445,oracle,3,-96,5156.16666666667,0.2,0,0,5156.16666666667
445,oracle,3,-96,5156.16666666667,0.2,1,0.2,-266
446,oracle,3,-96,5156.16666666667,3,0,0,5156.16666666667
446,oracle,3,-96,5156.16666666667,3,1,0.142857142857143,402.75
446,oracle,3,-96,5156.16666666667,3,2,0.285714285714286,-266
446,oracle,3,-96,5156.16666666667,3,3,0.428571428571429,-266
446,oracle,3,-96,5156.16666666667,3,4,0.571428571428571,-266
446,oracle,3,-96,5156.16666666667,3,5,0.714285714285714,-266
446,oracle,3,-96,5156.16666666667,3,6,0.857142857142857,-266
446,oracle,3,-96,5156.16666666667,3,7,1,-266
446,oracle,3,-96,5156.16666666667,3,8,1.14285714285714,-266
446,oracle,3,-96,5156.16666666667,3,9,1.28571428571429,-266
446,oracle,3,-96,5156.16666666667,3,10,1.42857142857143,-266
446,oracle,3,-96,5156.16666666667,3,11,1.57142857142857,-266
446,oracle,3,-96,5156.16666666667,3,12,1.71428571428571,-266
446,oracle,3,-96,5156.16666666667,3,13,1.85714285714286,-266
446,oracle,3,-96,5156.16666666667,3,14,2,-266
446,oracle,3,-96,5156.16666666667,3,15,2.14285714285714,-266
446,oracle,3,-96,5156.16666666667,3,16,2.28571428571429,-266
446,oracle,3,-96,5156.16666666667,3,17,2.42857142857143,-266
446,oracle,3,-96,5156.16666666667,3,18,2.57142857142857,-266
446,oracle,3,-96,5156.16666666667,3,19,2.71428571428571,-266
446,oracle,3,-96,5156.16666666667,3,20,2.85714285714286,-266
446,oracle,3,-96,5156.16666666667,3,21,3,-266
447,oracle,3,-96,6249,0.2,0,0,6249
447,oracle,3,-96,6249,0.2,1,0.2,-238.25
448,oracle,3,-96,6249,3,0,0,6249
448,oracle,3,-96,6249,3,1,0.142857142857143,1286.5
448,oracle,3,-96,6249,3,2,0.285714285714286,-266
448,oracle,3,-96,6249,3,3,0.428571428571429,-266
448,oracle,3,-96,6249,3,4,0.571428571428571,-266
448,oracle,3,-96,6249,3,5,0.714285714285714,-266
448,oracle,3,-96,6249,3,6,0.857142857142857,-266
448,oracle,3,-96,6249,3,7,1,-266
448,oracle,3,-96,6249,3,8,1.14285714285714,-266
448,oracle,3,-96,6249,3,9,1.28571428571429,-266
448,oracle,3,-96,6249,3,10,1.42857142857143,-266
448,oracle,3,-96,6249,3,11,1.57142857142857,-266
448,oracle,3,-96,6249,3,12,1.71428571428571,-266
448,oracle,3,-96,6249,3,13,1.85714285714286,-266
448,oracle,3,-96,6249,3,14,2,-266
448,oracle,3,-96,6249,3,15,2.14285714285714,-266
448,oracle,3,-96,6249,3,16,2.28571428571429,-266
448,oracle,3,-96,6249,3,17,2.42857142857143,-266
448,oracle,3,-96,6249,3,18,2.57142857142857,-266
448,oracle,3,-96,6249,3,19,2.71428571428571,-266
448,oracle,3,-96,6249,3,20,2.85714285714286,-266
448,oracle,3,-96,6249,3,21,3,-266
449,oracle,3,128,0,0.2,0,0,0
449,oracle,3,128,0,0.2,1,0.2,6414.83333333333
450,oracle,3,128,0,3,0,0,0
450,oracle,3,128,0,3,1,0.142857142857143,4805.16666666667
450,oracle,3,128,0,3,2,0.285714285714286,7233
450,oracle,3,128,0,3,3,0.428571428571429,7334.16666666667
450,oracle,3,128,0,3,4,0.571428571428571,7347.83333333333
450,oracle,3,128,0,3,5,0.714285714285714,7347.83333333333
450,oracle,3,128,0,3,6,0.857142857142857,7347.83333333333
450,oracle,3,128,0,3,7,1,7347.83333333333
450,oracle,3,128,0,3,8,1.14285714285714,7347.83333333333
450,oracle,3,128,0,3,9,1.28571428571429,7347.83333333333
450,oracle,3,128,0,3,10,1.42857142857143,7347.83333333333
450,oracle,3,128,0,3,11,1.57142857142857,7347.83333333333
450,oracle,3,128,0,3,12,1.71428571428571,7347.83333333333
450,oracle,3,128,0,3,13,1.85714285714286,7347.83333333333
450,oracle,3,128,0,3,14,2,7347.83333333333
450,oracle,3,128,0,3,15,2.14285714285714,7347.83333333333
450,oracle,3,128,0,3,16,2.28571428571429,7347.83333333333
450,oracle,3,128,0,3,17,2.42857142857143,7347.83333333333
450,oracle,3,128,0,3,18,2.57142857142857,7347.83333333333
450,oracle,3,128,0,3,19,2.71428571428571,7347.83333333333
450,oracle,3,128,0,3,20,2.85714285714286,7347.83333333333
450,oracle,3,128,0,3,21,3,7347.83333333333
451,oracle,3,128,1306.33333333333,0.2,0,0,1306.33333333333
451,oracle,3,128,1306.33333333333,0.2,1,0.2,7062.5
452,oracle,3,128,1306.33333333333,3,0,0,1306.33333333333
452,oracle,3,128,1306.33333333333,3,1,0.142857142857143,6056.83333333333
452,oracle,3,128,1306.33333333333,3,2,0.285714285714286,7296.33333333333
452,oracle,3,128,1306.33333333333,3,3,0.428571428571429,7335.16666666667
452,oracle,3,128,1306.33333333333,3,4,0.571428571428571,7347.83333333333
452,oracle,3,128,1306.33333333333,3,5,0.714285714285714,7347.83333333333
452,oracle,3,128,1306.33333333333,3,6,0.857142857142857,7347.83333333333
452,oracle,3,128,1306.33333333333,3,7,1,7347.83333333333
452,oracle,3,128,1306.33333333333,3,8,1.14285714285714,7347.83333333333
452,oracle,3,128,1306.33333333333,3,9,1.28571428571429,7347.83333333333
452,oracle,3,128,1306.33333333333,3,10,1.42857142857143,7347.83333333333
452,oracle,3,128,1306.33333333333,3,11,1.57142857142857,7347.83333333333
452,oracle,3,128,1306.33333333333,3,12,1.71428571428571,7347.83333333333
452,oracle,3,128,1306.33333333333,3,13,1.85714285714286,7347.83333333333
452,oracle,3,128,1306.33333333333,3,14,2,7347.83333333333
452,oracle,3,128,1306.33333333333,3,15,2.14285714285714,7347.83333333333
452,oracle,3,128,1306.33333333333,3,16,2.28571428571429,7347.83333333333
452,oracle,3,128,1306.33333333333,3,17,2.42857142857143,7347.83333333333
452,oracle,3,128,1306.33333333333,3,18,2.57142857142857,7347.83333333333
452,oracle,3,128,1306.33333333333,3,19,2.71428571428571,7347.83333333333
452,oracle,3,128,1306.33333333333,3,20,2.85714285714286,7347.83333333333
452,oracle,3,128,1306.33333333333,3,21,3,7347.83333333333
453,oracle,3,128,2612.66666666667,0.2,0,0,2612.66666666667
453,oracle,3,128,2612.66666666667,0.2,1,0.2,7220
454,oracle,3,128,2612.66666666667,3,0,0,2612.66666666667
454,oracle,3,128,2612.66666666667,3,1,0.142857142857143,6850.33333333333
454,oracle,3,128,2612.66666666667,3,2,0.285714285714286,7321.16666666667
454,oracle,3,128,2612.66666666667,3,3,0.428571428571429,7341.5
454,oracle,3,128,2612.66666666667,3,4,0.571428571428571,7347.83333333333
454,oracle,3,128,2612.66666666667,3,5,0.714285714285714,7347.83333333333
454,oracle,3,128,2612.66666666667,3,6,0.857142857142857,7347.83333333333
454,oracle,3,128,2612.66666666667,3,7,1,7347.83333333333
454,oracle,3,128,2612.66666666667,3,8,1.14285714285714,7347.83333333333
454,oracle,3,128,2612.66666666667,3,9,1.28571428571429,7347.83333333333
454,oracle,3,128,2612.66666666667,3,10,1.42857142857143,7347.83333333333
454,oracle,3,128,2612.66666666667,3,11,1.57142857142857,7347.83333333333
454,oracle,3,128,2612.66666666667,3,12,1.71428571428571,7347.83333333333
454,oracle,3,128,2612.66666666667,3,13,1.85714285714286,7347.83333333333
454,oracle,3,128,2612.66666666667,3,14,2,7347.83333333333
454,oracle,3,128,2612.66666666667,3,15,2.14285714285714,7347.83333333333
454,oracle,3,128,2612.66666666667,3,16,2.28571428571429,7347.83333333333
454,oracle,3,128,2612.66666666667,3,17,2.42857142857143,7347.83333333333
454,oracle,3,128,2612.66666666667,3,18,2.57142857142857,7347.83333333333
454,oracle,3,128,2612.66666666667,3,19,2.71428571428571,7347.83333333333
454,oracle,3,128,2612.66666666667,3,20,2.85714285714286,7347.83333333333
454,oracle,3,128,2612.66666666667,3,21,3,7347.83333333333
455,oracle,3,128,3919,0.2,0,0,3919
455,oracle,3,128,3919,0.2,1,0.2,7274.33333333333
456,oracle,3,128,3919,3,0,0,3919
456,oracle,3,128,3919,3,1,0.142857142857143,7158
456,oracle,3,128,3919,3,2,0.285714285714286,7326.83333333333
456,oracle,3,128,3919,3,3,0.428571428571429,7347.83333333333
456,oracle,3,128,3919,3,4,0.571428571428571,7347.83333333333
456,oracle,3,128,3919,3,5,0.714285714285714,7347.83333333333
456,oracle,3,128,3919,3,6,0.857142857142857,7347.83333333333
456,oracle,3,128,3919,3,7,1,7347.83333333333
456,oracle,3,128,3919,3,8,1.14285714285714,7347.83333333333
456,oracle,3,128,3919,3,9,1.28571428571429,7347.83333333333
456,oracle,3,128,3919,3,10,1.42857142857143,7347.83333333333
456,oracle,3,128,3919,3,11,1.57142857142857,7347.83333333333
456,oracle,3,128,3919,3,12,1.71428571428571,7347.83333333333
456,oracle,3,128,3919,3,13,1.85714285714286,7347.83333333333
456,oracle,3,128,3919,3,14,2,7347.83333333333
456,oracle,3,128,3919,3,15,2.14285714285714,7347.83333333333
456,oracle,3,128,3919,3,16,2.28571428571429,7347.83333333333
456,oracle,3,128,3919,3,17,2.42857142857143,7347.83333333333
456,oracle,3,128,3919,3,18,2.57142857142857,7347.83333333333
456,oracle,3,128,3919,3,19,2.71428571428571,7347.83333333333
456,oracle,3,128,3919,3,20,2.85714285714286,7347.83333333333
456,oracle,3,128,3919,3,21,3,7347.83333333333
457,oracle,3,128,5225.33333333333,0.2,0,0,5225.33333333333
457,oracle,3,128,5225.33333333333,0.2,1,0.2,7320.83333333333
458,oracle,3,128,5225.33333333333,3,0,0,5225.33333333333
458,oracle,3,128,5225.33333333333,3,1,0.142857142857143,7253.83333333333
458,oracle,3,128,5225.33333333333,3,2,0.285714285714286,7334.5
458,oracle,3,128,5225.33333333333,3,3,0.428571428571429,7347.83333333333
458,oracle,3,128,5225.33333333333,3,4,0.571428571428571,7347.83333333333
458,oracle,3,128,5225.33333333333,3,5,0.714285714285714,7347.83333333333
458,oracle,3,128,5225.33333333333,3,6,0.857142857142857,7347.83333333333
458,oracle,3,128,5225.33333333333,3,7,1,7347.83333333333
458,oracle,3,128,5225.33333333333,3,8,1.14285714285714,7347.83333333333
458,oracle,3,128,5225.33333333333,3,9,1.28571428571429,7347.83333333333
458,oracle,3,128,5225.33333333333,3,10,1.42857142857143,7347.83333333333
458,oracle,3,128,5225.33333333333,3,11,1.57142857142857,7347.83333333333
458,oracle,3,128,5225.33333333333,3,12,1.71428571428571,7347.83333333333
458,oracle,3,128,5225.33333333333,3,13,1.85714285714286,7347.83333333333
458,oracle,3,128,5225.33333333333,3,14,2,7347.83333333333
458,oracle,3,128,5225.33333333333,3,15,2.14285714285714,7347.83333333333
458,oracle,3,128,5225.33333333333,3,16,2.28571428571429,7347.83333333333
458,oracle,3,128,5225.33333333333,3,17,2.42857142857143,7347.83333333333
458,oracle,3,128,5225.33333333333,3,18,2.57142857142857,7347.83333333333
458,oracle,3,128,5225.33333333333,3,19,2.71428571428571,7347.83333333333
458,oracle,3,128,5225.33333333333,3,20,2.85714285714286,7347.83333333333
458,oracle,3,128,5225.33333333333,3,21,3,7347.83333333333
459,oracle,3,128,6531.66666666667,0.2,0,0,6531.66666666667
459,oracle,3,128,6531.66666666667,0.2,1,0.2,7328.16666666667
460,oracle,3,128,6531.66666666667,3,0,0,6531.66666666667
460,oracle,3,128,6531.66666666667,3,1,0.142857142857143,7319.5
460,oracle,3,128,6531.66666666667,3,2,0.285714285714286,7335.83333333333
460,oracle,3,128,6531.66666666667,3,3,0.428571428571429,7347.83333333333
460,oracle,3,128,6531.66666666667,3,4,0.571428571428571,7347.83333333333
460,oracle,3,128,6531.66666666667,3,5,0.714285714285714,7347.83333333333
460,oracle,3,128,6531.66666666667,3,6,0.857142857142857,7347.83333333333
460,oracle,3,128,6531.66666666667,3,7,1,7347.83333333333
460,oracle,3,128,6531.66666666667,3,8,1.14285714285714,7347.83333333333
460,oracle,3,128,6531.66666666667,3,9,1.28571428571429,7347.83333333333
460,oracle,3,128,6531.66666666667,3,10,1.42857142857143,7347.83333333333
460,oracle,3,128,6531.66666666667,3,11,1.57142857142857,7347.83333333333
460,oracle,3,128,6531.66666666667,3,12,1.71428571428571,7347.83333333333
460,oracle,3,128,6531.66666666667,3,13,1.85714285714286,7347.83333333333
460,oracle,3,128,6531.66666666667,3,14,2,7347.83333333333
460,oracle,3,128,6531.66666666667,3,15,2.14285714285714,7347.83333333333
460,oracle,3,128,6531.66666666667,3,16,2.28571428571429,7347.83333333333
460,oracle,3,128,6531.66666666667,3,17,2.42857142857143,7347.83333333333
460,oracle,3,128,6531.66666666667,3,18,2.57142857142857,7347.83333333333
460,oracle,3,128,6531.66666666667,3,19,2.71428571428571,7347.83333333333
460,oracle,3,128,6531.66666666667,3,20,2.85714285714286,7347.83333333333
460,oracle,3,128,6531.66666666667,3,21,3,7347.83333333333
461,oracle,3,128,7838,0.2,0,0,7838
461,oracle,3,128,7838,0.2,1,0.2,7838
462,oracle,3,128,7838,3,0,0,7838
462,oracle,3,128,7838,3,1,0.142857142857143,7838
462,oracle,3,128,7838,3,2,0.285714285714286,7838
462,oracle,3,128,7838,3,3,0.428571428571429,7838
462,oracle,3,128,7838,3,4,0.571428571428571,7838
462,oracle,3,128,7838,3,5,0.714285714285714,7838
462,oracle,3,128,7838,3,6,0.857142857142857,7838
462,oracle,3,128,7838,3,7,1,7838
462,oracle,3,128,7838,3,8,1.14285714285714,7838
462,oracle,3,128,7838,3,9,1.28571428571429,7838
462,oracle,3,128,7838,3,10,1.42857142857143,7838
462,oracle,3,128,7838,3,11,1.57142857142857,7838
462,oracle,3,128,7838,3,12,1.71428571428571,7838
462,oracle,3,128,7838,3,13,1.85714285714286,7838
462,oracle,3,128,7838,3,14,2,7838
462,oracle,3,128,7838,3,15,2.14285714285714,7838
462,oracle,3,128,7838,3,16,2.28571428571429,7838
462,oracle,3,128,7838,3,17,2.42857142857143,7838
462,oracle,3,128,7838,3,18,2.57142857142857,7838
462,oracle,3,128,7838,3,19,2.71428571428571,7838
462,oracle,3,128,7838,3,20,2.85714285714286,7838
462,oracle,3,128,7838,3,21,3,7838
463,oracle,3,-128,-532,0.2,0,0,-532
463,oracle,3,-128,-532,0.2,1,0.2,-532
464,oracle,3,-128,-532,3,0,0,-532
464,oracle,3,-128,-532,3,1,0.142857142857143,-532
464,oracle,3,-128,-532,3,2,0.285714285714286,-532
464,oracle,3,-128,-532,3,3,0.428571428571429,-532
464,oracle,3,-128,-532,3,4,0.571428571428571,-532
464,oracle,3,-128,-532,3,5,0.714285714285714,-532
464,oracle,3,-128,-532,3,6,0.857142857142857,-532
464,oracle,3,-128,-532,3,7,1,-532
464,oracle,3,-128,-532,3,8,1.14285714285714,-532
464,oracle,3,-128,-532,3,9,1.28571428571429,-532
464,oracle,3,-128,-532,3,10,1.42857142857143,-532
464,oracle,3,-128,-532,3,11,1.57142857142857,-532
464,oracle,3,-128,-532,3,12,1.71428571428571,-532
464,oracle,3,-128,-532,3,13,1.85714285714286,-532
464,oracle,3,-128,-532,3,14,2,-532
464,oracle,3,-128,-532,3,15,2.14285714285714,-532
464,oracle,3,-128,-532,3,16,2.28571428571429,-532
464,oracle,3,-128,-532,3,17,2.42857142857143,-532
464,oracle,3,-128,-532,3,18,2.57142857142857,-532
464,oracle,3,-128,-532,3,19,2.71428571428571,-532
464,oracle,3,-128,-532,3,20,2.85714285714286,-532
464,oracle,3,-128,-532,3,21,3,-532
465,oracle,3,-128,863,0.2,0,0,863
465,oracle,3,-128,863,0.2,1,0.2,-453.5
466,oracle,3,-128,863,3,0,0,863
466,oracle,3,-128,863,3,1,0.142857142857143,-453.5
466,oracle,3,-128,863,3,2,0.285714285714286,-453.5
466,oracle,3,-128,863,3,3,0.428571428571429,-453.5
466,oracle,3,-128,863,3,4,0.571428571428571,-453.5
466,oracle,3,-128,863,3,5,0.714285714285714,-453.5
466,oracle,3,-128,863,3,6,0.857142857142857,-453.5
466,oracle,3,-128,863,3,7,1,-453.5
466,oracle,3,-128,863,3,8,1.14285714285714,-453.5
466,oracle,3,-128,863,3,9,1.28571428571429,-453.5
466,oracle,3,-128,863,3,10,1.42857142857143,-453.5
466,oracle,3,-128,863,3,11,1.57142857142857,-453.5
466,oracle,3,-128,863,3,12,1.71428571428571,-453.5
466,oracle,3,-128,863,3,13,1.85714285714286,-453.5
466,oracle,3,-128,863,3,14,2,-453.5
466,oracle,3,-128,863,3,15,2.14285714285714,-453.5
466,oracle,3,-128,863,3,16,2.28571428571429,-453.5
466,oracle,3,-128,863,3,17,2.42857142857143,-453.5
466,oracle,3,-128,863,3,18,2.57142857142857,-453.5
466,oracle,3,-128,863,3,19,2.71428571428571,-453.5
466,oracle,3,-128,863,3,20,2.85714285714286,-453.5
466,oracle,3,-128,863,3,21,3,-453.5
467,oracle,3,-128,2258,0.2,0,0,2258
467,oracle,3,-128,2258,0.2,1,0.2,-453.5
468,oracle,3,-128,2258,3,0,0,2258
468,oracle,3,-128,2258,3,1,0.142857142857143,-453.5
468,oracle,3,-128,2258,3,2,0.285714285714286,-453.5
468,oracle,3,-128,2258,3,3,0.428571428571429,-453.5
468,oracle,3,-128,2258,3,4,0.571428571428571,-453.5
468,oracle,3,-128,2258,3,5,0.714285714285714,-453.5
468,oracle,3,-128,2258,3,6,0.857142857142857,-453.5
468,oracle,3,-128,2258,3,7,1,-453.5
468,oracle,3,-128,2258,3,8,1.14285714285714,-453.5
468,oracle,3,-128,2258,3,9,1.28571428571429,-453.5
468,oracle,3,-128,2258,3,10,1.42857142857143,-453.5
468,oracle,3,-128,2258,3,11,1.57142857142857,-453.5
468,oracle,3,-128,2258,3,12,1.71428571428571,-453.5
468,oracle,3,-128,2258,3,13,1.85714285714286,-453.5
468,oracle,3,-128,2258,3,14,2,-453.5
468,oracle,3,-128,2258,3,15,2.14285714285714,-453.5
468,oracle,3,-128,2258,3,16,2.28571428571429,-453.5
468,oracle,3,-128,2258,3,17,2.42857142857143,-453.5
468,oracle,3,-128,2258,3,18,2.57142857142857,-453.5
468,oracle,3,-128,2258,3,19,2.71428571428571,-453.5
468,oracle,3,-128,2258,3,20,2.85714285714286,-453.5
468,oracle,3,-128,2258,3,21,3,-453.5
469,oracle,3,-128,3653,0.2,0,0,3653
469,oracle,3,-128,3653,0.2,1,0.2,-453.5
470,oracle,3,-128,3653,3,0,0,3653
470,oracle,3,-128,3653,3,1,0.142857142857143,-453.5
470,oracle,3,-128,3653,3,2,0.285714285714286,-453.5
470,oracle,3,-128,3653,3,3,0.428571428571429,-453.5
470,oracle,3,-128,3653,3,4,0.571428571428571,-453.5
470,oracle,3,-128,3653,3,5,0.714285714285714,-453.5
470,oracle,3,-128,3653,3,6,0.857142857142857,-453.5
470,oracle,3,-128,3653,3,7,1,-453.5
470,oracle,3,-128,3653,3,8,1.14285714285714,-453.5
470,oracle,3,-128,3653,3,9,1.28571428571429,-453.5
470,oracle,3,-128,3653,3,10,1.42857142857143,-453.5
470,oracle,3,-128,3653,3,11,1.57142857142857,-453.5
470,oracle,3,-128,3653,3,12,1.71428571428571,-453.5
470,oracle,3,-128,3653,3,13,1.85714285714286,-453.5
470,oracle,3,-128,3653,3,14,2,-453.5
470,oracle,3,-128,3653,3,15,2.14285714285714,-453.5
470,oracle,3,-128,3653,3,16,2.28571428571429,-453.5
470,oracle,3,-128,3653,3,17,2.42857142857143,-453.5
470,oracle,3,-128,3653,3,18,2.57142857142857,-453.5
470,oracle,3,-128,3653,3,19,2.71428571428571,-453.5
470,oracle,3,-128,3653,3,20,2.85714285714286,-453.5
470,oracle,3,-128,3653,3,21,3,-453.5
471,oracle,3,-128,5048,0.2,0,0,5048
471,oracle,3,-128,5048,0.2,1,0.2,-453.5
472,oracle,3,-128,5048,3,0,0,5048
472,oracle,3,-128,5048,3,1,0.142857142857143,-259.5
472,oracle,3,-128,5048,3,2,0.285714285714286,-453.5
472,oracle,3,-128,5048,3,3,0.428571428571429,-453.5
472,oracle,3,-128,5048,3,4,0.571428571428571,-453.5
472,oracle,3,-128,5048,3,5,0.714285714285714,-453.5
472,oracle,3,-128,5048,3,6,0.857142857142857,-453.5
472,oracle,3,-128,5048,3,7,1,-453.5
472,oracle,3,-128,5048,3,8,1.14285714285714,-453.5
472,oracle,3,-128,5048,3,9,1.28571428571429,-453.5
472,oracle,3,-128,5048,3,10,1.42857142857143,-453.5
472,oracle,3,-128,5048,3,11,1.57142857142857,-453.5
472,oracle,3,-128,5048,3,12,1.71428571428571,-453.5
472,oracle,3,-128,5048,3,13,1.85714285714286,-453.5
472,oracle,3,-128,5048,3,14,2,-453.5
472,oracle,3,-128,5048,3,15,2.14285714285714,-453.5
472,oracle,3,-128,5048,3,16,2.28571428571429,-453.5
472,oracle,3,-128,5048,3,17,2.42857142857143,-453.5
472,oracle,3,-128,5048,3,18,2.57142857142857,-453.5
472,oracle,3,-128,5048,3,19,2.71428571428571,-453.5
472,oracle,3,-128,5048,3,20,2.85714285714286,-453.5
472,oracle,3,-128,5048,3,21,3,-453.5
473,oracle,3,-128,6443,0.2,0,0,6443
473,oracle,3,-128,6443,0.2,1,0.2,-450.5
474,oracle,3,-128,6443,3,0,0,6443
474,oracle,3,-128,6443,3,1,0.142857142857143,688.333333333333
474,oracle,3,-128,6443,3,2,0.285714285714286,-453.5
474,oracle,3,-128,6443,3,3,0.428571428571429,-453.5
474,oracle,3,-128,6443,3,4,0.571428571428571,-453.5
474,oracle,3,-128,6443,3,5,0.714285714285714,-453.5
474,oracle,3,-128,6443,3,6,0.857142857142857,-453.5
474,oracle,3,-128,6443,3,7,1,-453.5
474,oracle,3,-128,6443,3,8,1.14285714285714,-453.5
474,oracle,3,-128,6443,3,9,1.28571428571429,-453.5
474,oracle,3,-128,6443,3,10,1.42857142857143,-453.5
474,oracle,3,-128,6443,3,11,1.57142857142857,-453.5
474,oracle,3,-128,6443,3,12,1.71428571428571,-453.5
474,oracle,3,-128,6443,3,13,1.85714285714286,-453.5
474,oracle,3,-128,6443,3,14,2,-453.5
474,oracle,3,-128,6443,3,15,2.14285714285714,-453.5
474,oracle,3,-128,6443,3,16,2.28571428571429,-453.5
474,oracle,3,-128,6443,3,17,2.42857142857143,-453.5
474,oracle,3,-128,6443,3,18,2.57142857142857,-453.5
474,oracle,3,-128,6443,3,19,2.71428571428571,-453.5
474,oracle,3,-128,6443,3,20,2.85714285714286,-453.5
474,oracle,3,-128,6443,3,21,3,-453.5
475,oracle,3,-128,7838,0.2,0,0,7838
475,oracle,3,-128,7838,0.2,1,0.2,-73.5
476,oracle,3,-128,7838,3,0,0,7838
476,oracle,3,-128,7838,3,1,0.142857142857143,1810.33333333333
476,oracle,3,-128,7838,3,2,0.285714285714286,-453.5
476,oracle,3,-128,7838,3,3,0.428571428571429,-453.5
476,oracle,3,-128,7838,3,4,0.571428571428571,-453.5
476,oracle,3,-128,7838,3,5,0.714285714285714,-453.5
476,oracle,3,-128,7838,3,6,0.857142857142857,-453.5
476,oracle,3,-128,7838,3,7,1,-453.5
476,oracle,3,-128,7838,3,8,1.14285714285714,-453.5
476,oracle,3,-128,7838,3,9,1.28571428571429,-453.5
476,oracle,3,-128,7838,3,10,1.42857142857143,-453.5
476,oracle,3,-128,7838,3,11,1.57142857142857,-453.5
476,oracle,3,-128,7838,3,12,1.71428571428571,-453.5
476,oracle,3,-128,7838,3,13,1.85714285714286,-453.5
476,oracle,3,-128,7838,3,14,2,-453.5
476,oracle,3,-128,7838,3,15,2.14285714285714,-453.5
476,oracle,3,-128,7838,3,16,2.28571428571429,-453.5
476,oracle,3,-128,7838,3,17,2.42857142857143,-453.5
476,oracle,3,-128,7838,3,18,2.57142857142857,-453.5
476,oracle,3,-128,7838,3,19,2.71428571428571,-453.5
476,oracle,3,-128,7838,3,20,2.85714285714286,-453.5
476,oracle,3,-128,7838,3,21,3,-453.5
477,oracle,3,160,0,0.2,0,0,0
477,oracle,3,160,0,0.2,1,0.2,7464.4
478,oracle,3,160,0,3,0,0,0
478,oracle,3,160,0,3,1,0.142857142857143,5759.4
478,oracle,3,160,0,3,2,0.285714285714286,7616.8
478,oracle,3,160,0,3,3,0.428571428571429,7654.4
478,oracle,3,160,0,3,4,0.571428571428571,7661.2
478,oracle,3,160,0,3,5,0.714285714285714,7661.2
478,oracle,3,160,0,3,6,0.857142857142857,7661.2
478,oracle,3,160,0,3,7,1,7661.2
478,oracle,3,160,0,3,8,1.14285714285714,7661.2
478,oracle,3,160,0,3,9,1.28571428571429,7661.2
478,oracle,3,160,0,3,10,1.42857142857143,7661.2
478,oracle,3,160,0,3,11,1.57142857142857,7661.2
478,oracle,3,160,0,3,12,1.71428571428571,7661.2
478,oracle,3,160,0,3,13,1.85714285714286,7661.2
478,oracle,3,160,0,3,14,2,7661.2
478,oracle,3,160,0,3,15,2.14285714285714,7661.2
478,oracle,3,160,0,3,16,2.28571428571429,7661.2
478,oracle,3,160,0,3,17,2.42857142857143,7661.2
478,oracle,3,160,0,3,18,2.57142857142857,7661.2
478,oracle,3,160,0,3,19,2.71428571428571,7661.2
478,oracle,3,160,0,3,20,2.85714285714286,7661.2
478,oracle,3,160,0,3,21,3,7661.2
479,oracle,3,160,1317.16666666667,0.2,0,0,1317.16666666667
479,oracle,3,160,1317.16666666667,0.2,1,0.2,7556.2
480,oracle,3,160,1317.16666666667,3,0,0,1317.16666666667
480,oracle,3,160,1317.16666666667,3,1,0.142857142857143,7209.2
480,oracle,3,160,1317.16666666667,3,2,0.285714285714286,7618
480,oracle,3,160,1317.16666666667,3,3,0.428571428571429,7661.2
480,oracle,3,160,1317.16666666667,3,4,0.571428571428571,7661.2
480,oracle,3,160,1317.16666666667,3,5,0.714285714285714,7661.2
480,oracle,3,160,1317.16666666667,3,6,0.857142857142857,7661.2
480,oracle,3,160,1317.16666666667,3,7,1,7661.2
480,oracle,3,160,1317.16666666667,3,8,1.14285714285714,7661.2
480,oracle,3,160,1317.16666666667,3,9,1.28571428571429,7661.2
480,oracle,3,160,1317.16666666667,3,10,1.42857142857143,7661.2
480,oracle,3,160,1317.16666666667,3,11,1.57142857142857,7661.2
480,oracle,3,160,1317.16666666667,3,12,1.71428571428571,7661.2
480,oracle,3,160,1317.16666666667,3,13,1.85714285714286,7661.2
480,oracle,3,160,1317.16666666667,3,14,2,7661.2
480,oracle,3,160,1317.16666666667,3,15,2.14285714285714,7661.2
480,oracle,3,160,1317.16666666667,3,16,2.28571428571429,7661.2
480,oracle,3,160,1317.16666666667,3,17,2.42857142857143,7661.2
480,oracle,3,160,1317.16666666667,3,18,2.57142857142857,7661.2
480,oracle,3,160,1317.16666666667,3,19,2.71428571428571,7661.2
480,oracle,3,160,1317.16666666667,3,20,2.85714285714286,7661.2
480,oracle,3,160,1317.16666666667,3,21,3,7661.2
481,oracle,3,160,2634.33333333333,0.2,0,0,2634.33333333333
481,oracle,3,160,2634.33333333333,0.2,1,0.2,7603.8
482,oracle,3,160,2634.33333333333,3,0,0,2634.33333333333
482,oracle,3,160,2634.33333333333,3,1,0.142857142857143,7494.2
482,oracle,3,160,2634.33333333333,3,2,0.285714285714286,7630.8
482,oracle,3,160,2634.33333333333,3,3,0.428571428571429,7661.2
482,oracle,3,160,2634.33333333333,3,4,0.571428571428571,7661.2
482,oracle,3,160,2634.33333333333,3,5,0.714285714285714,7661.2
482,oracle,3,160,2634.33333333333,3,6,0.857142857142857,7661.2
482,oracle,3,160,2634.33333333333,3,7,1,7661.2
482,oracle,3,160,2634.33333333333,3,8,1.14285714285714,7661.2
482,oracle,3,160,2634.33333333333,3,9,1.28571428571429,7661.2
482,oracle,3,160,2634.33333333333,3,10,1.42857142857143,7661.2
482,oracle,3,160,2634.33333333333,3,11,1.57142857142857,7661.2
482,oracle,3,160,2634.33333333333,3,12,1.71428571428571,7661.2
482,oracle,3,160,2634.33333333333,3,13,1.85714285714286,7661.2
482,oracle,3,160,2634.33333333333,3,14,2,7661.2
482,oracle,3,160,2634.33333333333,3,15,2.14285714285714,7661.2
482,oracle,3,160,2634.33333333333,3,16,2.28571428571429,7661.2
482,oracle,3,160,2634.33333333333,3,17,2.42857142857143,7661.2
482,oracle,3,160,2634.33333333333,3,18,2.57142857142857,7661.2
482,oracle,3,160,2634.33333333333,3,19,2.71428571428571,7661.2
482,oracle,3,160,2634.33333333333,3,20,2.85714285714286,7661.2
482,oracle,3,160,2634.33333333333,3,21,3,7661.2
483,oracle,3,160,3951.5,0.2,0,0,3951.5
483,oracle,3,160,3951.5,0.2,1,0.2,7618
484,oracle,3,160,3951.5,3,0,0,3951.5
484,oracle,3,160,3951.5,3,1,0.142857142857143,7563.8
484,oracle,3,160,3951.5,3,2,0.285714285714286,7642.8
484,oracle,3,160,3951.5,3,3,0.428571428571429,7661.2
484,oracle,3,160,3951.5,3,4,0.571428571428571,7661.2
484,oracle,3,160,3951.5,3,5,0.714285714285714,7661.2
484,oracle,3,160,3951.5,3,6,0.857142857142857,7661.2
484,oracle,3,160,3951.5,3,7,1,7661.2
484,oracle,3,160,3951.5,3,8,1.14285714285714,7661.2
484,oracle,3,160,3951.5,3,9,1.28571428571429,7661.2
484,oracle,3,160,3951.5,3,10,1.42857142857143,7661.2
484,oracle,3,160,3951.5,3,11,1.57142857142857,7661.2
484,oracle,3,160,3951.5,3,12,1.71428571428571,7661.2
484,oracle,3,160,3951.5,3,13,1.85714285714286,7661.2
484,oracle,3,160,3951.5,3,14,2,7661.2
484,oracle,3,160,3951.5,3,15,2.14285714285714,7661.2
484,oracle,3,160,3951.5,3,16,2.28571428571429,7661.2
484,oracle,3,160,3951.5,3,17,2.42857142857143,7661.2
484,oracle,3,160,3951.5,3,18,2.57142857142857,7661.2
484,oracle,3,160,3951.5,3,19,2.71428571428571,7661.2
484,oracle,3,160,3951.5,3,20,2.85714285714286,7661.2
484,oracle,3,160,3951.5,3,21,3,7661.2
485,oracle,3,160,5268.66666666667,0.2,0,0,5268.66666666667
485,oracle,3,160,5268.66666666667,0.2,1,0.2,7618.2
486,oracle,3,160,5268.66666666667,3,0,0,5268.66666666667
486,oracle,3,160,5268.66666666667,3,1,0.142857142857143,7609.4
486,oracle,3,160,5268.66666666667,3,2,0.285714285714286,7646.4
486,oracle,3,160,5268.66666666667,3,3,0.428571428571429,7661.2
486,oracle,3,160,5268.66666666667,3,4,0.571428571428571,7661.2
486,oracle,3,160,5268.66666666667,3,5,0.714285714285714,7661.2
486,oracle,3,160,5268.66666666667,3,6,0.857142857142857,7661.2
486,oracle,3,160,5268.66666666667,3,7,1,7661.2
486,oracle,3,160,5268.66666666667,3,8,1.14285714285714,7661.2
486,oracle,3,160,5268.66666666667,3,9,1.28571428571429,7661.2
486,oracle,3,160,5268.66666666667,3,10,1.42857142857143,7661.2
486,oracle,3,160,5268.66666666667,3,11,1.57142857142857,7661.2
486,oracle,3,160,5268.66666666667,3,12,1.71428571428571,7661.2
486,oracle,3,160,5268.66666666667,3,13,1.85714285714286,7661.2
486,oracle,3,160,5268.66666666667,3,14,2,7661.2
486,oracle,3,160,5268.66666666667,3,15,2.14285714285714,7661.2
486,oracle,3,160,5268.66666666667,3,16,2.28571428571429,7661.2
486,oracle,3,160,5268.66666666667,3,17,2.42857142857143,7661.2
486,oracle,3,160,5268.66666666667,3,18,2.57142857142857,7661.2
486,oracle,3,160,5268.66666666667,3,19,2.71428571428571,7661.2
486,oracle,3,160,5268.66666666667,3,20,2.85714285714286,7661.2
486,oracle,3,160,5268.66666666667,3,21,3,7661.2
487,oracle,3,160,6585.83333333333,0.2,0,0,6585.83333333333
487,oracle,3,160,6585.83333333333,0.2,1,0.2,7638.8
488,oracle,3,160,6585.83333333333,3,0,0,6585.83333333333
488,oracle,3,160,6585.83333333333,3,1,0.142857142857143,7618
488,oracle,3,160,6585.83333333333,3,2,0.285714285714286,7660.6
488,oracle,3,160,6585.83333333333,3,3,0.428571428571429,7661.2
488,oracle,3,160,6585.83333333333,3,4,0.571428571428571,7661.2
488,oracle,3,160,6585.83333333333,3,5,0.714285714285714,7661.2
488,oracle,3,160,6585.83333333333,3,6,0.857142857142857,7661.2
488,oracle,3,160,6585.83333333333,3,7,1,7661.2
488,oracle,3,160,6585.83333333333,3,8,1.14285714285714,7661.2
488,oracle,3,160,6585.83333333333,3,9,1.28571428571429,7661.2
488,oracle,3,160,6585.83333333333,3,10,1.42857142857143,7661.2
488,oracle,3,160,6585.83333333333,3,11,1.57142857142857,7661.2
488,oracle,3,160,6585.83333333333,3,12,1.71428571428571,7661.2
488,oracle,3,160,6585.83333333333,3,13,1.85714285714286,7661.2
488,oracle,3,160,6585.83333333333,3,14,2,7661.2
488,oracle,3,160,6585.83333333333,3,15,2.14285714285714,7661.2
488,oracle,3,160,6585.83333333333,3,16,2.28571428571429,7661.2
488,oracle,3,160,6585.83333333333,3,17,2.42857142857143,7661.2
488,oracle,3,160,6585.83333333333,3,18,2.57142857142857,7661.2
488,oracle,3,160,6585.83333333333,3,19,2.71428571428571,7661.2
488,oracle,3,160,6585.83333333333,3,20,2.85714285714286,7661.2
488,oracle,3,160,6585.83333333333,3,21,3,7661.2
489,oracle,3,160,7903,0.2,0,0,7903
489,oracle,3,160,7903,0.2,1,0.2,7903
490,oracle,3,160,7903,3,0,0,7903
490,oracle,3,160,7903,3,1,0.142857142857143,7903
490,oracle,3,160,7903,3,2,0.285714285714286,7903
490,oracle,3,160,7903,3,3,0.428571428571429,7903
490,oracle,3,160,7903,3,4,0.571428571428571,7903
490,oracle,3,160,7903,3,5,0.714285714285714,7903
490,oracle,3,160,7903,3,6,0.857142857142857,7903
490,oracle,3,160,7903,3,7,1,7903
490,oracle,3,160,7903,3,8,1.14285714285714,7903
490,oracle,3,160,7903,3,9,1.28571428571429,7903
490,oracle,3,160,7903,3,10,1.42857142857143,7903
490,oracle,3,160,7903,3,11,1.57142857142857,7903
490,oracle,3,160,7903,3,12,1.71428571428571,7903
490,oracle,3,160,7903,3,13,1.85714285714286,7903
490,oracle,3,160,7903,3,14,2,7903
490,oracle,3,160,7903,3,15,2.14285714285714,7903
490,oracle,3,160,7903,3,16,2.28571428571429,7903
490,oracle,3,160,7903,3,17,2.42857142857143,7903
490,oracle,3,160,7903,3,18,2.57142857142857,7903
490,oracle,3,160,7903,3,19,2.71428571428571,7903
490,oracle,3,160,7903,3,20,2.85714285714286,7903
490,oracle,3,160,7903,3,21,3,7903
491,oracle,3,-160,-539,0.2,0,0,-539
491,oracle,3,-160,-539,0.2,1,0.2,-539
492,oracle,3,-160,-539,3,0,0,-539
492,oracle,3,-160,-539,3,1,0.142857142857143,-539
492,oracle,3,-160,-539,3,2,0.285714285714286,-539
492,oracle,3,-160,-539,3,3,0.428571428571429,-539
492,oracle,3,-160,-539,3,4,0.571428571428571,-539
492,oracle,3,-160,-539,3,5,0.714285714285714,-539
492,oracle,3,-160,-539,3,6,0.857142857142857,-539
492,oracle,3,-160,-539,3,7,1,-539
492,oracle,3,-160,-539,3,8,1.14285714285714,-539
492,oracle,3,-160,-539,3,9,1.28571428571429,-539
492,oracle,3,-160,-539,3,10,1.42857142857143,-539
492,oracle,3,-160,-539,3,11,1.57142857142857,-539
492,oracle,3,-160,-539,3,12,1.71428571428571,-539
492,oracle,3,-160,-539,3,13,1.85714285714286,-539
492,oracle,3,-160,-539,3,14,2,-539
492,oracle,3,-160,-539,3,15,2.14285714285714,-539
492,oracle,3,-160,-539,3,16,2.28571428571429,-539
492,oracle,3,-160,-539,3,17,2.42857142857143,-539
492,oracle,3,-160,-539,3,18,2.57142857142857,-539
492,oracle,3,-160,-539,3,19,2.71428571428571,-539
492,oracle,3,-160,-539,3,20,2.85714285714286,-539
492,oracle,3,-160,-539,3,21,3,-539
493,oracle,3,-160,868,0.2,0,0,868
493,oracle,3,-160,868,0.2,1,0.2,-461
494,oracle,3,-160,868,3,0,0,868
494,oracle,3,-160,868,3,1,0.142857142857143,-461
494,oracle,3,-160,868,3,2,0.285714285714286,-461
494,oracle,3,-160,868,3,3,0.428571428571429,-461
494,oracle,3,-160,868,3,4,0.571428571428571,-461
494,oracle,3,-160,868,3,5,0.714285714285714,-461
494,oracle,3,-160,868,3,6,0.857142857142857,-461
494,oracle,3,-160,868,3,7,1,-461
494,oracle,3,-160,868,3,8,1.14285714285714,-461
494,oracle,3,-160,868,3,9,1.28571428571429,-461
494,oracle,3,-160,868,3,10,1.42857142857143,-461
494,oracle,3,-160,868,3,11,1.57142857142857,-461
494,oracle,3,-160,868,3,12,1.71428571428571,-461
494,oracle,3,-160,868,3,13,1.85714285714286,-461
494,oracle,3,-160,868,3,14,2,-461
494,oracle,3,-160,868,3,15,2.14285714285714,-461
494,oracle,3,-160,868,3,16,2.28571428571429,-461
494,oracle,3,-160,868,3,17,2.42857142857143,-461
494,oracle,3,-160,868,3,18,2.57142857142857,-461
494,oracle,3,-160,868,3,19,2.71428571428571,-461
494,oracle,3,-160,868,3,20,2.85714285714286,-461
494,oracle,3,-160,868,3,21,3,-461
495,oracle,3,-160,2275,0.2,0,0,2275
495,oracle,3,-160,2275,0.2,1,0.2,-461
496,oracle,3,-160,2275,3,0,0,2275
496,oracle,3,-160,2275,3,1,0.142857142857143,-461
496,oracle,3,-160,2275,3,2,0.285714285714286,-461
496,oracle,3,-160,2275,3,3,0.428571428571429,-461
496,oracle,3,-160,2275,3,4,0.571428571428571,-461
496,oracle,3,-160,2275,3,5,0.714285714285714,-461
496,oracle,3,-160,2275,3,6,0.857142857142857,-461
496,oracle,3,-160,2275,3,7,1,-461
496,oracle,3,-160,2275,3,8,1.14285714285714,-461
496,oracle,3,-160,2275,3,9,1.28571428571429,-461
496,oracle,3,-160,2275,3,10,1.42857142857143,-461
496,oracle,3,-160,2275,3,11,1.57142857142857,-461
496,oracle,3,-160,2275,3,12,1.71428571428571,-461
496,oracle,3,-160,2275,3,13,1.85714285714286,-461
496,oracle,3,-160,2275,3,14,2,-461
496,oracle,3,-160,2275,3,15,2.14285714285714,-461
496,oracle,3,-160,2275,3,16,2.28571428571429,-461
496,oracle,3,-160,2275,3,17,2.42857142857143,-461
496,oracle,3,-160,2275,3,18,2.57142857142857,-461
496,oracle,3,-160,2275,3,19,2.71428571428571,-461
496,oracle,3,-160,2275,3,20,2.85714285714286,-461
496,oracle,3,-160,2275,3,21,3,-461
497,oracle,3,-160,3682,0.2,0,0,3682
497,oracle,3,-160,3682,0.2,1,0.2,-461
498,oracle,3,-160,3682,3,0,0,3682
498,oracle,3,-160,3682,3,1,0.142857142857143,-461
498,oracle,3,-160,3682,3,2,0.285714285714286,-461
498,oracle,3,-160,3682,3,3,0.428571428571429,-461
498,oracle,3,-160,3682,3,4,0.571428571428571,-461
498,oracle,3,-160,3682,3,5,0.714285714285714,-461
498,oracle,3,-160,3682,3,6,0.857142857142857,-461
498,oracle,3,-160,3682,3,7,1,-461
498,oracle,3,-160,3682,3,8,1.14285714285714,-461
498,oracle,3,-160,3682,3,9,1.28571428571429,-461
498,oracle,3,-160,3682,3,10,1.42857142857143,-461
498,oracle,3,-160,3682,3,11,1.57142857142857,-461
498,oracle,3,-160,3682,3,12,1.71428571428571,-461
498,oracle,3,-160,3682,3,13,1.85714285714286,-461
498,oracle,3,-160,3682,3,14,2,-461
498,oracle,3,-160,3682,3,15,2.14285714285714,-461
498,oracle,3,-160,3682,3,16,2.28571428571429,-461
498,oracle,3,-160,3682,3,17,2.42857142857143,-461
498,oracle,3,-160,3682,3,18,2.57142857142857,-461
498,oracle,3,-160,3682,3,19,2.71428571428571,-461
498,oracle,3,-160,3682,3,20,2.85714285714286,-461
498,oracle,3,-160,3682,3,21,3,-461
499,oracle,3,-160,5089,0.2,0,0,5089
499,oracle,3,-160,5089,0.2,1,0.2,-461
500,oracle,3,-160,5089,3,0,0,5089
500,oracle,3,-160,5089,3,1,0.142857142857143,-461
500,oracle,3,-160,5089,3,2,0.285714285714286,-461
500,oracle,3,-160,5089,3,3,0.428571428571429,-461
500,oracle,3,-160,5089,3,4,0.571428571428571,-461
500,oracle,3,-160,5089,3,5,0.714285714285714,-461
500,oracle,3,-160,5089,3,6,0.857142857142857,-461
500,oracle,3,-160,5089,3,7,1,-461
500,oracle,3,-160,5089,3,8,1.14285714285714,-461
500,oracle,3,-160,5089,3,9,1.28571428571429,-461
500,oracle,3,-160,5089,3,10,1.42857142857143,-461
500,oracle,3,-160,5089,3,11,1.57142857142857,-461
500,oracle,3,-160,5089,3,12,1.71428571428571,-461
500,oracle,3,-160,5089,3,13,1.85714285714286,-461
500,oracle,3,-160,5089,3,14,2,-461
500,oracle,3,-160,5089,3,15,2.14285714285714,-461
500,oracle,3,-160,5089,3,16,2.28571428571429,-461
500,oracle,3,-160,5089,3,17,2.42857142857143,-461
500,oracle,3,-160,5089,3,18,2.57142857142857,-461
500,oracle,3,-160,5089,3,19,2.71428571428571,-461
500,oracle,3,-160,5089,3,20,2.85714285714286,-461
500,oracle,3,-160,5089,3,21,3,-461
501,oracle,3,-160,6496,0.2,0,0,6496
501,oracle,3,-160,6496,0.2,1,0.2,-461
502,oracle,3,-160,6496,3,0,0,6496
502,oracle,3,-160,6496,3,1,0.142857142857143,-34
502,oracle,3,-160,6496,3,2,0.285714285714286,-461
502,oracle,3,-160,6496,3,3,0.428571428571429,-461
502,oracle,3,-160,6496,3,4,0.571428571428571,-461
502,oracle,3,-160,6496,3,5,0.714285714285714,-461
502,oracle,3,-160,6496,3,6,0.857142857142857,-461
502,oracle,3,-160,6496,3,7,1,-461
502,oracle,3,-160,6496,3,8,1.14285714285714,-461
502,oracle,3,-160,6496,3,9,1.28571428571429,-461
502,oracle,3,-160,6496,3,10,1.42857142857143,-461
502,oracle,3,-160,6496,3,11,1.57142857142857,-461
502,oracle,3,-160,6496,3,12,1.71428571428571,-461
502,oracle,3,-160,6496,3,13,1.85714285714286,-461
502,oracle,3,-160,6496,3,14,2,-461
502,oracle,3,-160,6496,3,15,2.14285714285714,-461
502,oracle,3,-160,6496,3,16,2.28571428571429,-461
502,oracle,3,-160,6496,3,17,2.42857142857143,-461
502,oracle,3,-160,6496,3,18,2.57142857142857,-461
502,oracle,3,-160,6496,3,19,2.71428571428571,-461
502,oracle,3,-160,6496,3,20,2.85714285714286,-461
502,oracle,3,-160,6496,3,21,3,-461
503,oracle,3,-160,7903,0.2,0,0,7903
503,oracle,3,-160,7903,0.2,1,0.2,-453.2
504,oracle,3,-160,7903,3,0,0,7903
504,oracle,3,-160,7903,3,1,0.142857142857143,1369
504,oracle,3,-160,7903,3,2,0.285714285714286,-461
504,oracle,3,-160,7903,3,3,0.428571428571429,-461
504,oracle,3,-160,7903,3,4,0.571428571428571,-461
504,oracle,3,-160,7903,3,5,0.714285714285714,-461
504,oracle,3,-160,7903,3,6,0.857142857142857,-461
504,oracle,3,-160,7903,3,7,1,-461
504,oracle,3,-160,7903,3,8,1.14285714285714,-461
504,oracle,3,-160,7903,3,9,1.28571428571429,-461
504,oracle,3,-160,7903,3,10,1.42857142857143,-461
504,oracle,3,-160,7903,3,11,1.57142857142857,-461
504,oracle,3,-160,7903,3,12,1.71428571428571,-461
504,oracle,3,-160,7903,3,13,1.85714285714286,-461
504,oracle,3,-160,7903,3,14,2,-461
504,oracle,3,-160,7903,3,15,2.14285714285714,-461
504,oracle,3,-160,7903,3,16,2.28571428571429,-461
504,oracle,3,-160,7903,3,17,2.42857142857143,-461
504,oracle,3,-160,7903,3,18,2.57142857142857,-461
504,oracle,3,-160,7903,3,19,2.71428571428571,-461
504,oracle,3,-160,7903,3,20,2.85714285714286,-461
504,oracle,3,-160,7903,3,21,3,-461
505,oracle,3,192,0,0.2,0,0,0
505,oracle,3,192,0,0.2,1,0.2,7510
506,oracle,3,192,0,3,0,0,0
506,oracle,3,192,0,3,1,0.142857142857143,6005.66666666667
506,oracle,3,192,0,3,2,0.285714285714286,7647
506,oracle,3,192,0,3,3,0.428571428571429,7647
506,oracle,3,192,0,3,4,0.571428571428571,7647
506,oracle,3,192,0,3,5,0.714285714285714,7647
506,oracle,3,192,0,3,6,0.857142857142857,7647
506,oracle,3,192,0,3,7,1,7647
506,oracle,3,192,0,3,8,1.14285714285714,7647
506,oracle,3,192,0,3,9,1.28571428571429,7647
506,oracle,3,192,0,3,10,1.42857142857143,7647
506,oracle,3,192,0,3,11,1.57142857142857,7647
506,oracle,3,192,0,3,12,1.71428571428571,7647
506,oracle,3,192,0,3,13,1.85714285714286,7647
506,oracle,3,192,0,3,14,2,7647
506,oracle,3,192,0,3,15,2.14285714285714,7647
506,oracle,3,192,0,3,16,2.28571428571429,7647
506,oracle,3,192,0,3,17,2.42857142857143,7647
506,oracle,3,192,0,3,18,2.57142857142857,7647
506,oracle,3,192,0,3,19,2.71428571428571,7647
506,oracle,3,192,0,3,20,2.85714285714286,7647
506,oracle,3,192,0,3,21,3,7647
507,oracle,3,192,1318.66666666667,0.2,0,0,1318.66666666667
507,oracle,3,192,1318.66666666667,0.2,1,0.2,7647
508,oracle,3,192,1318.66666666667,3,0,0,1318.66666666667
508,oracle,3,192,1318.66666666667,3,1,0.142857142857143,7171.66666666667
508,oracle,3,192,1318.66666666667,3,2,0.285714285714286,7647
508,oracle,3,192,1318.66666666667,3,3,0.428571428571429,7647
508,oracle,3,192,1318.66666666667,3,4,0.571428571428571,7647
508,oracle,3,192,1318.66666666667,3,5,0.714285714285714,7647
508,oracle,3,192,1318.66666666667,3,6,0.857142857142857,7647
508,oracle,3,192,1318.66666666667,3,7,1,7647
508,oracle,3,192,1318.66666666667,3,8,1.14285714285714,7647
508,oracle,3,192,1318.66666666667,3,9,1.28571428571429,7647
508,oracle,3,192,1318.66666666667,3,10,1.42857142857143,7647
508,oracle,3,192,1318.66666666667,3,11,1.57142857142857,7647
508,oracle,3,192,1318.66666666667,3,12,1.71428571428571,7647
508,oracle,3,192,1318.66666666667,3,13,1.85714285714286,7647
508,oracle,3,192,1318.66666666667,3,14,2,7647
508,oracle,3,192,1318.66666666667,3,15,2.14285714285714,7647
508,oracle,3,192,1318.66666666667,3,16,2.28571428571429,7647
508,oracle,3,192,1318.66666666667,3,17,2.42857142857143,7647
508,oracle,3,192,1318.66666666667,3,18,2.57142857142857,7647
508,oracle,3,192,1318.66666666667,3,19,2.71428571428571,7647
508,oracle,3,192,1318.66666666667,3,20,2.85714285714286,7647
508,oracle,3,192,1318.66666666667,3,21,3,7647
509,oracle,3,192,2637.33333333333,0.2,0,0,2637.33333333333
509,oracle,3,192,2637.33333333333,0.2,1,0.2,7647
510,oracle,3,192,2637.33333333333,3,0,0,2637.33333333333
510,oracle,3,192,2637.33333333333,3,1,0.142857142857143,7551.66666666667
510,oracle,3,192,2637.33333333333,3,2,0.285714285714286,7647
510,oracle,3,192,2637.33333333333,3,3,0.428571428571429,7647
510,oracle,3,192,2637.33333333333,3,4,0.571428571428571,7647
510,oracle,3,192,2637.33333333333,3,5,0.714285714285714,7647
510,oracle,3,192,2637.33333333333,3,6,0.857142857142857,7647
510,oracle,3,192,2637.33333333333,3,7,1,7647
510,oracle,3,192,2637.33333333333,3,8,1.14285714285714,7647
510,oracle,3,192,2637.33333333333,3,9,1.28571428571429,7647
510,oracle,3,192,2637.33333333333,3,10,1.42857142857143,7647
510,oracle,3,192,2637.33333333333,3,11,1.57142857142857,7647
510,oracle,3,192,2637.33333333333,3,12,1.71428571428571,7647
510,oracle,3,192,2637.33333333333,3,13,1.85714285714286,7647
510,oracle,3,192,2637.33333333333,3,14,2,7647
510,oracle,3,192,2637.33333333333,3,15,2.14285714285714,7647
510,oracle,3,192,2637.33333333333,3,16,2.28571428571429,7647
510,oracle,3,192,2637.33333333333,3,17,2.42857142857143,7647
510,oracle,3,192,2637.33333333333,3,18,2.57142857142857,7647
510,oracle,3,192,2637.33333333333,3,19,2.71428571428571,7647
510,oracle,3,192,2637.33333333333,3,20,2.85714285714286,7647
510,oracle,3,192,2637.33333333333,3,21,3,7647
511,oracle,3,192,3956,0.2,0,0,3956
511,oracle,3,192,3956,0.2,1,0.2,7647
512,oracle,3,192,3956,3,0,0,3956
512,oracle,3,192,3956,3,1,0.142857142857143,7647
512,oracle,3,192,3956,3,2,0.285714285714286,7647
512,oracle,3,192,3956,3,3,0.428571428571429,7647
512,oracle,3,192,3956,3,4,0.571428571428571,7647
512,oracle,3,192,3956,3,5,0.714285714285714,7647
512,oracle,3,192,3956,3,6,0.857142857142857,7647
512,oracle,3,192,3956,3,7,1,7647
512,oracle,3,192,3956,3,8,1.14285714285714,7647
512,oracle,3,192,3956,3,9,1.28571428571429,7647
512,oracle,3,192,3956,3,10,1.42857142857143,7647
512,oracle,3,192,3956,3,11,1.57142857142857,7647
512,oracle,3,192,3956,3,12,1.71428571428571,7647
512,oracle,3,192,3956,3,13,1.85714285714286,7647
512,oracle,3,192,3956,3,14,2,7647
512,oracle,3,192,3956,3,15,2.14285714285714,7647
512,oracle,3,192,3956,3,16,2.28571428571429,7647
512,oracle,3,192,3956,3,17,2.42857142857143,7647
512,oracle,3,192,3956,3,18,2.57142857142857,7647
512,oracle,3,192,3956,3,19,2.71428571428571,7647
512,oracle,3,192,3956,3,20,2.85714285714286,7647
512,oracle,3,192,3956,3,21,3,7647
513,oracle,3,192,5274.66666666667,0.2,0,0,5274.66666666667
513,oracle,3,192,5274.66666666667,0.2,1,0.2,7647
514,oracle,3,192,5274.66666666667,3,0,0,5274.66666666667
514,oracle,3,192,5274.66666666667,3,1,0.142857142857143,7647
514,oracle,3,192,5274.66666666667,3,2,0.285714285714286,7647
514,oracle,3,192,5274.66666666667,3,3,0.428571428571429,7647
514,oracle,3,192,5274.66666666667,3,4,0.571428571428571,7647
514,oracle,3,192,5274.66666666667,3,5,0.714285714285714,7647
514,oracle,3,192,5274.66666666667,3,6,0.857142857142857,7647
514,oracle,3,192,5274.66666666667,3,7,1,7647
514,oracle,3,192,5274.66666666667,3,8,1.14285714285714,7647
514,oracle,3,192,5274.66666666667,3,9,1.28571428571429,7647
514,oracle,3,192,5274.66666666667,3,10,1.42857142857143,7647
514,oracle,3,192,5274.66666666667,3,11,1.57142857142857,7647
514,oracle,3,192,5274.66666666667,3,12,1.71428571428571,7647
514,oracle,3,192,5274.66666666667,3,13,1.85714285714286,7647
514,oracle,3,192,5274.66666666667,3,14,2,7647
514,oracle,3,192,5274.66666666667,3,15,2.14285714285714,7647
514,oracle,3,192,5274.66666666667,3,16,2.28571428571429,7647
514,oracle,3,192,5274.66666666667,3,17,2.42857142857143,7647
514,oracle,3,192,5274.66666666667,3,18,2.57142857142857,7647
514,oracle,3,192,5274.66666666667,3,19,2.71428571428571,7647
514,oracle,3,192,5274.66666666667,3,20,2.85714285714286,7647
514,oracle,3,192,5274.66666666667,3,21,3,7647
515,oracle,3,192,6593.33333333333,0.2,0,0,6593.33333333333
515,oracle,3,192,6593.33333333333,0.2,1,0.2,7647
516,oracle,3,192,6593.33333333333,3,0,0,6593.33333333333
516,oracle,3,192,6593.33333333333,3,1,0.142857142857143,7647
516,oracle,3,192,6593.33333333333,3,2,0.285714285714286,7647
516,oracle,3,192,6593.33333333333,3,3,0.428571428571429,7647
516,oracle,3,192,6593.33333333333,3,4,0.571428571428571,7647
516,oracle,3,192,6593.33333333333,3,5,0.714285714285714,7647
516,oracle,3,192,6593.33333333333,3,6,0.857142857142857,7647
516,oracle,3,192,6593.33333333333,3,7,1,7647
516,oracle,3,192,6593.33333333333,3,8,1.14285714285714,7647
516,oracle,3,192,6593.33333333333,3,9,1.28571428571429,7647
516,oracle,3,192,6593.33333333333,3,10,1.42857142857143,7647
516,oracle,3,192,6593.33333333333,3,11,1.57142857142857,7647
516,oracle,3,192,6593.33333333333,3,12,1.71428571428571,7647
516,oracle,3,192,6593.33333333333,3,13,1.85714285714286,7647
516,oracle,3,192,6593.33333333333,3,14,2,7647
516,oracle,3,192,6593.33333333333,3,15,2.14285714285714,7647
516,oracle,3,192,6593.33333333333,3,16,2.28571428571429,7647
516,oracle,3,192,6593.33333333333,3,17,2.42857142857143,7647
516,oracle,3,192,6593.33333333333,3,18,2.57142857142857,7647
516,oracle,3,192,6593.33333333333,3,19,2.71428571428571,7647
516,oracle,3,192,6593.33333333333,3,20,2.85714285714286,7647
516,oracle,3,192,6593.33333333333,3,21,3,7647
517,oracle,3,192,7912,0.2,0,0,7912
517,oracle,3,192,7912,0.2,1,0.2,7912
518,oracle,3,192,7912,3,0,0,7912
518,oracle,3,192,7912,3,1,0.142857142857143,7912
518,oracle,3,192,7912,3,2,0.285714285714286,7912
518,oracle,3,192,7912,3,3,0.428571428571429,7912
518,oracle,3,192,7912,3,4,0.571428571428571,7912
518,oracle,3,192,7912,3,5,0.714285714285714,7912
518,oracle,3,192,7912,3,6,0.857142857142857,7912
518,oracle,3,192,7912,3,7,1,7912
518,oracle,3,192,7912,3,8,1.14285714285714,7912
518,oracle,3,192,7912,3,9,1.28571428571429,7912
518,oracle,3,192,7912,3,10,1.42857142857143,7912
518,oracle,3,192,7912,3,11,1.57142857142857,7912
518,oracle,3,192,7912,3,12,1.71428571428571,7912
518,oracle,3,192,7912,3,13,1.85714285714286,7912
518,oracle,3,192,7912,3,14,2,7912
518,oracle,3,192,7912,3,15,2.14285714285714,7912
518,oracle,3,192,7912,3,16,2.28571428571429,7912
518,oracle,3,192,7912,3,17,2.42857142857143,7912
518,oracle,3,192,7912,3,18,2.57142857142857,7912
518,oracle,3,192,7912,3,19,2.71428571428571,7912
518,oracle,3,192,7912,3,20,2.85714285714286,7912
518,oracle,3,192,7912,3,21,3,7912
519,oracle,3,-192,-562,0.2,0,0,-562
519,oracle,3,-192,-562,0.2,1,0.2,-562
520,oracle,3,-192,-562,3,0,0,-562
520,oracle,3,-192,-562,3,1,0.142857142857143,-562
520,oracle,3,-192,-562,3,2,0.285714285714286,-562
520,oracle,3,-192,-562,3,3,0.428571428571429,-562
520,oracle,3,-192,-562,3,4,0.571428571428571,-562
520,oracle,3,-192,-562,3,5,0.714285714285714,-562
520,oracle,3,-192,-562,3,6,0.857142857142857,-562
520,oracle,3,-192,-562,3,7,1,-562
520,oracle,3,-192,-562,3,8,1.14285714285714,-562
520,oracle,3,-192,-562,3,9,1.28571428571429,-562
520,oracle,3,-192,-562,3,10,1.42857142857143,-562
520,oracle,3,-192,-562,3,11,1.57142857142857,-562
520,oracle,3,-192,-562,3,12,1.71428571428571,-562
520,oracle,3,-192,-562,3,13,1.85714285714286,-562
520,oracle,3,-192,-562,3,14,2,-562
520,oracle,3,-192,-562,3,15,2.14285714285714,-562
520,oracle,3,-192,-562,3,16,2.28571428571429,-562
520,oracle,3,-192,-562,3,17,2.42857142857143,-562
520,oracle,3,-192,-562,3,18,2.57142857142857,-562
520,oracle,3,-192,-562,3,19,2.71428571428571,-562
520,oracle,3,-192,-562,3,20,2.85714285714286,-562
520,oracle,3,-192,-562,3,21,3,-562
521,oracle,3,-192,850.333333333333,0.2,0,0,850.333333333333
521,oracle,3,-192,850.333333333333,0.2,1,0.2,-442.25
522,oracle,3,-192,850.333333333333,3,0,0,850.333333333333
522,oracle,3,-192,850.333333333333,3,1,0.142857142857143,-442.25
522,oracle,3,-192,850.333333333333,3,2,0.285714285714286,-442.25
522,oracle,3,-192,850.333333333333,3,3,0.428571428571429,-442.25
522,oracle,3,-192,850.333333333333,3,4,0.571428571428571,-442.25
522,oracle,3,-192,850.333333333333,3,5,0.714285714285714,-442.25
522,oracle,3,-192,850.333333333333,3,6,0.857142857142857,-442.25
522,oracle,3,-192,850.333333333333,3,7,1,-442.25
522,oracle,3,-192,850.333333333333,3,8,1.14285714285714,-442.25
522,oracle,3,-192,850.333333333333,3,9,1.28571428571429,-442.25
522,oracle,3,-192,850.333333333333,3,10,1.42857142857143,-442.25
522,oracle,3,-192,850.333333333333,3,11,1.57142857142857,-442.25
522,oracle,3,-192,850.333333333333,3,12,1.71428571428571,-442.25
522,oracle,3,-192,850.333333333333,3,13,1.85714285714286,-442.25
522,oracle,3,-192,850.333333333333,3,14,2,-442.25
522,oracle,3,-192,850.333333333333,3,15,2.14285714285714,-442.25
522,oracle,3,-192,850.333333333333,3,16,2.28571428571429,-442.25
522,oracle,3,-192,850.333333333333,3,17,2.42857142857143,-442.25
522,oracle,3,-192,850.333333333333,3,18,2.57142857142857,-442.25
522,oracle,3,-192,850.333333333333,3,19,2.71428571428571,-442.25
522,oracle,3,-192,850.333333333333,3,20,2.85714285714286,-442.25
522,oracle,3,-192,850.333333333333,3,21,3,-442.25
523,oracle,3,-192,2262.66666666667,0.2,0,0,2262.66666666667
523,oracle,3,-192,2262.66666666667,0.2,1,0.2,-442.25
524,oracle,3,-192,2262.66666666667,3,0,0,2262.66666666667
524,oracle,3,-192,2262.66666666667,3,1,0.142857142857143,-442.25
524,oracle,3,-192,2262.66666666667,3,2,0.285714285714286,-442.25
524,oracle,3,-192,2262.66666666667,3,3,0.428571428571429,-442.25
524,oracle,3,-192,2262.66666666667,3,4,0.571428571428571,-442.25
524,oracle,3,-192,2262.66666666667,3,5,0.714285714285714,-442.25
524,oracle,3,-192,2262.66666666667,3,6,0.857142857142857,-442.25
524,oracle,3,-192,2262.66666666667,3,7,1,-442.25
524,oracle,3,-192,2262.66666666667,3,8,1.14285714285714,-442.25
524,oracle,3,-192,2262.66666666667,3,9,1.28571428571429,-442.25
524,oracle,3,-192,2262.66666666667,3,10,1.42857142857143,-442.25
524,oracle,3,-192,2262.66666666667,3,11,1.57142857142857,-442.25
524,oracle,3,-192,2262.66666666667,3,12,1.71428571428571,-442.25
524,oracle,3,-192,2262.66666666667,3,13,1.85714285714286,-442.25
524,oracle,3,-192,2262.66666666667,3,14,2,-442.25
524,oracle,3,-192,2262.66666666667,3,15,2.14285714285714,-442.25
524,oracle,3,-192,2262.66666666667,3,16,2.28571428571429,-442.25
524,oracle,3,-192,2262.66666666667,3,17,2.42857142857143,-442.25
524,oracle,3,-192,2262.66666666667,3,18,2.57142857142857,-442.25
524,oracle,3,-192,2262.66666666667,3,19,2.71428571428571,-442.25
524,oracle,3,-192,2262.66666666667,3,20,2.85714285714286,-442.25
524,oracle,3,-192,2262.66666666667,3,21,3,-442.25
525,oracle,3,-192,3675,0.2,0,0,3675
525,oracle,3,-192,3675,0.2,1,0.2,-442.25
526,oracle,3,-192,3675,3,0,0,3675
526,oracle,3,-192,3675,3,1,0.142857142857143,-442.25
526,oracle,3,-192,3675,3,2,0.285714285714286,-442.25
526,oracle,3,-192,3675,3,3,0.428571428571429,-442.25
526,oracle,3,-192,3675,3,4,0.571428571428571,-442.25
526,oracle,3,-192,3675,3,5,0.714285714285714,-442.25
526,oracle,3,-192,3675,3,6,0.857142857142857,-442.25
526,oracle,3,-192,3675,3,7,1,-442.25
526,oracle,3,-192,3675,3,8,1.14285714285714,-442.25
526,oracle,3,-192,3675,3,9,1.28571428571429,-442.25
526,oracle,3,-192,3675,3,10,1.42857142857143,-442.25
526,oracle,3,-192,3675,3,11,1.57142857142857,-442.25
526,oracle,3,-192,3675,3,12,1.71428571428571,-442.25
526,oracle,3,-192,3675,3,13,1.85714285714286,-442.25
526,oracle,3,-192,3675,3,14,2,-442.25
526,oracle,3,-192,3675,3,15,2.14285714285714,-442.25
526,oracle,3,-192,3675,3,16,2.28571428571429,-442.25
526,oracle,3,-192,3675,3,17,2.42857142857143,-442.25
526,oracle,3,-192,3675,3,18,2.57142857142857,-442.25
526,oracle,3,-192,3675,3,19,2.71428571428571,-442.25
526,oracle,3,-192,3675,3,20,2.85714285714286,-442.25
526,oracle,3,-192,3675,3,21,3,-442.25
527,oracle,3,-192,5087.33333333333,0.2,0,0,5087.33333333333
527,oracle,3,-192,5087.33333333333,0.2,1,0.2,-442.25
528,oracle,3,-192,5087.33333333333,3,0,0,5087.33333333333
528,oracle,3,-192,5087.33333333333,3,1,0.142857142857143,-442.25
528,oracle,3,-192,5087.33333333333,3,2,0.285714285714286,-442.25
528,oracle,3,-192,5087.33333333333,3,3,0.428571428571429,-442.25
528,oracle,3,-192,5087.33333333333,3,4,0.571428571428571,-442.25
528,oracle,3,-192,5087.33333333333,3,5,0.714285714285714,-442.25
528,oracle,3,-192,5087.33333333333,3,6,0.857142857142857,-442.25
528,oracle,3,-192,5087.33333333333,3,7,1,-442.25
528,oracle,3,-192,5087.33333333333,3,8,1.14285714285714,-442.25
528,oracle,3,-192,5087.33333333333,3,9,1.28571428571429,-442.25
528,oracle,3,-192,5087.33333333333,3,10,1.42857142857143,-442.25
528,oracle,3,-192,5087.33333333333,3,11,1.57142857142857,-442.25
528,oracle,3,-192,5087.33333333333,3,12,1.71428571428571,-442.25
528,oracle,3,-192,5087.33333333333,3,13,1.85714285714286,-442.25
528,oracle,3,-192,5087.33333333333,3,14,2,-442.25
528,oracle,3,-192,5087.33333333333,3,15,2.14285714285714,-442.25
528,oracle,3,-192,5087.33333333333,3,16,2.28571428571429,-442.25
528,oracle,3,-192,5087.33333333333,3,17,2.42857142857143,-442.25
528,oracle,3,-192,5087.33333333333,3,18,2.57142857142857,-442.25
528,oracle,3,-192,5087.33333333333,3,19,2.71428571428571,-442.25
528,oracle,3,-192,5087.33333333333,3,20,2.85714285714286,-442.25
528,oracle,3,-192,5087.33333333333,3,21,3,-442.25
529,oracle,3,-192,6499.66666666667,0.2,0,0,6499.66666666667
529,oracle,3,-192,6499.66666666667,0.2,1,0.2,-442.25
530,oracle,3,-192,6499.66666666667,3,0,0,6499.66666666667
530,oracle,3,-192,6499.66666666667,3,1,0.142857142857143,-341
530,oracle,3,-192,6499.66666666667,3,2,0.285714285714286,-442.25
530,oracle,3,-192,6499.66666666667,3,3,0.428571428571429,-442.25
530,oracle,3,-192,6499.66666666667,3,4,0.571428571428571,-442.25
530,oracle,3,-192,6499.66666666667,3,5,0.714285714285714,-442.25
530,oracle,3,-192,6499.66666666667,3,6,0.857142857142857,-442.25
530,oracle,3,-192,6499.66666666667,3,7,1,-442.25
530,oracle,3,-192,6499.66666666667,3,8,1.14285714285714,-442.25
530,oracle,3,-192,6499.66666666667,3,9,1.28571428571429,-442.25
530,oracle,3,-192,6499.66666666667,3,10,1.42857142857143,-442.25
530,oracle,3,-192,6499.66666666667,3,11,1.57142857142857,-442.25
530,oracle,3,-192,6499.66666666667,3,12,1.71428571428571,-442.25
530,oracle,3,-192,6499.66666666667,3,13,1.85714285714286,-442.25
530,oracle,3,-192,6499.66666666667,3,14,2,-442.25
530,oracle,3,-192,6499.66666666667,3,15,2.14285714285714,-442.25
530,oracle,3,-192,6499.66666666667,3,16,2.28571428571429,-442.25
530,oracle,3,-192,6499.66666666667,3,17,2.42857142857143,-442.25
530,oracle,3,-192,6499.66666666667,3,18,2.57142857142857,-442.25
530,oracle,3,-192,6499.66666666667,3,19,2.71428571428571,-442.25
530,oracle,3,-192,6499.66666666667,3,20,2.85714285714286,-442.25
530,oracle,3,-192,6499.66666666667,3,21,3,-442.25
531,oracle,3,-192,7912,0.2,0,0,7912
531,oracle,3,-192,7912,0.2,1,0.2,-442.25
532,oracle,3,-192,7912,3,0,0,7912
532,oracle,3,-192,7912,3,1,0.142857142857143,382.75
532,oracle,3,-192,7912,3,2,0.285714285714286,-442.25
532,oracle,3,-192,7912,3,3,0.428571428571429,-442.25
532,oracle,3,-192,7912,3,4,0.571428571428571,-442.25
532,oracle,3,-192,7912,3,5,0.714285714285714,-442.25
532,oracle,3,-192,7912,3,6,0.857142857142857,-442.25
532,oracle,3,-192,7912,3,7,1,-442.25
532,oracle,3,-192,7912,3,8,1.14285714285714,-442.25
532,oracle,3,-192,7912,3,9,1.28571428571429,-442.25
532,oracle,3,-192,7912,3,10,1.42857142857143,-442.25
532,oracle,3,-192,7912,3,11,1.57142857142857,-442.25
532,oracle,3,-192,7912,3,12,1.71428571428571,-442.25
532,oracle,3,-192,7912,3,13,1.85714285714286,-442.25
532,oracle,3,-192,7912,3,14,2,-442.25
532,oracle,3,-192,7912,3,15,2.14285714285714,-442.25
532,oracle,3,-192,7912,3,16,2.28571428571429,-442.25
532,oracle,3,-192,7912,3,17,2.42857142857143,-442.25
532,oracle,3,-192,7912,3,18,2.57142857142857,-442.25
532,oracle,3,-192,7912,3,19,2.71428571428571,-442.25
532,oracle,3,-192,7912,3,20,2.85714285714286,-442.25
532,oracle,3,-192,7912,3,21,3,-442.25
533,oracle,3,224,0,0.2,0,0,0
533,oracle,3,224,0,0.2,1,0.2,7523.66666666667
534,oracle,3,224,0,3,0,0,0
534,oracle,3,224,0,3,1,0.142857142857143,6136.5
534,oracle,3,224,0,3,2,0.285714285714286,7513.66666666667
534,oracle,3,224,0,3,3,0.428571428571429,7513.66666666667
534,oracle,3,224,0,3,4,0.571428571428571,7513.66666666667
534,oracle,3,224,0,3,5,0.714285714285714,7513.66666666667
534,oracle,3,224,0,3,6,0.857142857142857,7513.66666666667
534,oracle,3,224,0,3,7,1,7513.66666666667
534,oracle,3,224,0,3,8,1.14285714285714,7513.66666666667
534,oracle,3,224,0,3,9,1.28571428571429,7513.66666666667
534,oracle,3,224,0,3,10,1.42857142857143,7513.66666666667
534,oracle,3,224,0,3,11,1.57142857142857,7513.66666666667
534,oracle,3,224,0,3,12,1.71428571428571,7513.66666666667
534,oracle,3,224,0,3,13,1.85714285714286,7513.66666666667
534,oracle,3,224,0,3,14,2,7513.66666666667
534,oracle,3,224,0,3,15,2.14285714285714,7513.66666666667
534,oracle,3,224,0,3,16,2.28571428571429,7513.66666666667
534,oracle,3,224,0,3,17,2.42857142857143,7513.66666666667
534,oracle,3,224,0,3,18,2.57142857142857,7513.66666666667
534,oracle,3,224,0,3,19,2.71428571428571,7513.66666666667
534,oracle,3,224,0,3,20,2.85714285714286,7513.66666666667
534,oracle,3,224,0,3,21,3,7513.66666666667
535,oracle,3,224,1291.33333333333,0.2,0,0,1291.33333333333
535,oracle,3,224,1291.33333333333,0.2,1,0.2,7540.83333333333
536,oracle,3,224,1291.33333333333,3,0,0,1291.33333333333
536,oracle,3,224,1291.33333333333,3,1,0.142857142857143,7169.66666666667
536,oracle,3,224,1291.33333333333,3,2,0.285714285714286,7513.66666666667
536,oracle,3,224,1291.33333333333,3,3,0.428571428571429,7513.66666666667
536,oracle,3,224,1291.33333333333,3,4,0.571428571428571,7513.66666666667
536,oracle,3,224,1291.33333333333,3,5,0.714285714285714,7513.66666666667
536,oracle,3,224,1291.33333333333,3,6,0.857142857142857,7513.66666666667
536,oracle,3,224,1291.33333333333,3,7,1,7513.66666666667
536,oracle,3,224,1291.33333333333,3,8,1.14285714285714,7513.66666666667
536,oracle,3,224,1291.33333333333,3,9,1.28571428571429,7513.66666666667
536,oracle,3,224,1291.33333333333,3,10,1.42857142857143,7513.66666666667
536,oracle,3,224,1291.33333333333,3,11,1.57142857142857,7513.66666666667
536,oracle,3,224,1291.33333333333,3,12,1.71428571428571,7513.66666666667
536,oracle,3,224,1291.33333333333,3,13,1.85714285714286,7513.66666666667
536,oracle,3,224,1291.33333333333,3,14,2,7513.66666666667
536,oracle,3,224,1291.33333333333,3,15,2.14285714285714,7513.66666666667
536,oracle,3,224,1291.33333333333,3,16,2.28571428571429,7513.66666666667
536,oracle,3,224,1291.33333333333,3,17,2.42857142857143,7513.66666666667
536,oracle,3,224,1291.33333333333,3,18,2.57142857142857,7513.66666666667
536,oracle,3,224,1291.33333333333,3,19,2.71428571428571,7513.66666666667
536,oracle,3,224,1291.33333333333,3,20,2.85714285714286,7513.66666666667
536,oracle,3,224,1291.33333333333,3,21,3,7513.66666666667
537,oracle,3,224,2582.66666666667,0.2,0,0,2582.66666666667
537,oracle,3,224,2582.66666666667,0.2,1,0.2,7513.83333333333
538,oracle,3,224,2582.66666666667,3,0,0,2582.66666666667
538,oracle,3,224,2582.66666666667,3,1,0.142857142857143,7523.66666666667
538,oracle,3,224,2582.66666666667,3,2,0.285714285714286,7513.66666666667
538,oracle,3,224,2582.66666666667,3,3,0.428571428571429,7513.66666666667
538,oracle,3,224,2582.66666666667,3,4,0.571428571428571,7513.66666666667
538,oracle,3,224,2582.66666666667,3,5,0.714285714285714,7513.66666666667
538,oracle,3,224,2582.66666666667,3,6,0.857142857142857,7513.66666666667
538,oracle,3,224,2582.66666666667,3,7,1,7513.66666666667
538,oracle,3,224,2582.66666666667,3,8,1.14285714285714,7513.66666666667
538,oracle,3,224,2582.66666666667,3,9,1.28571428571429,7513.66666666667
538,oracle,3,224,2582.66666666667,3,10,1.42857142857143,7513.66666666667
538,oracle,3,224,2582.66666666667,3,11,1.57142857142857,7513.66666666667
538,oracle,3,224,2582.66666666667,3,12,1.71428571428571,7513.66666666667
538,oracle,3,224,2582.66666666667,3,13,1.85714285714286,7513.66666666667
538,oracle,3,224,2582.66666666667,3,14,2,7513.66666666667
538,oracle,3,224,2582.66666666667,3,15,2.14285714285714,7513.66666666667
538,oracle,3,224,2582.66666666667,3,16,2.28571428571429,7513.66666666667
538,oracle,3,224,2582.66666666667,3,17,2.42857142857143,7513.66666666667
538,oracle,3,224,2582.66666666667,3,18,2.57142857142857,7513.66666666667
538,oracle,3,224,2582.66666666667,3,19,2.71428571428571,7513.66666666667
538,oracle,3,224,2582.66666666667,3,20,2.85714285714286,7513.66666666667
538,oracle,3,224,2582.66666666667,3,21,3,7513.66666666667
539,oracle,3,224,3874,0.2,0,0,3874
539,oracle,3,224,3874,0.2,1,0.2,7513.66666666667
540,oracle,3,224,3874,3,0,0,3874
540,oracle,3,224,3874,3,1,0.142857142857143,7547.83333333333
540,oracle,3,224,3874,3,2,0.285714285714286,7513.66666666667
540,oracle,3,224,3874,3,3,0.428571428571429,7513.66666666667
540,oracle,3,224,3874,3,4,0.571428571428571,7513.66666666667
540,oracle,3,224,3874,3,5,0.714285714285714,7513.66666666667
540,oracle,3,224,3874,3,6,0.857142857142857,7513.66666666667
540,oracle,3,224,3874,3,7,1,7513.66666666667
540,oracle,3,224,3874,3,8,1.14285714285714,7513.66666666667
540,oracle,3,224,3874,3,9,1.28571428571429,7513.66666666667
540,oracle,3,224,3874,3,10,1.42857142857143,7513.66666666667
540,oracle,3,224,3874,3,11,1.57142857142857,7513.66666666667
540,oracle,3,224,3874,3,12,1.71428571428571,7513.66666666667
540,oracle,3,224,3874,3,13,1.85714285714286,7513.66666666667
540,oracle,3,224,3874,3,14,2,7513.66666666667
540,oracle,3,224,3874,3,15,2.14285714285714,7513.66666666667
540,oracle,3,224,3874,3,16,2.28571428571429,7513.66666666667
540,oracle,3,224,3874,3,17,2.42857142857143,7513.66666666667
540,oracle,3,224,3874,3,18,2.57142857142857,7513.66666666667
540,oracle,3,224,3874,3,19,2.71428571428571,7513.66666666667
540,oracle,3,224,3874,3,20,2.85714285714286,7513.66666666667
540,oracle,3,224,3874,3,21,3,7513.66666666667
541,oracle,3,224,5165.33333333333,0.2,0,0,5165.33333333333
541,oracle,3,224,5165.33333333333,0.2,1,0.2,7513.66666666667
542,oracle,3,224,5165.33333333333,3,0,0,5165.33333333333
542,oracle,3,224,5165.33333333333,3,1,0.142857142857143,7513.66666666667
542,oracle,3,224,5165.33333333333,3,2,0.285714285714286,7513.66666666667
542,oracle,3,224,5165.33333333333,3,3,0.428571428571429,7513.66666666667
542,oracle,3,224,5165.33333333333,3,4,0.571428571428571,7513.66666666667
542,oracle,3,224,5165.33333333333,3,5,0.714285714285714,7513.66666666667
542,oracle,3,224,5165.33333333333,3,6,0.857142857142857,7513.66666666667
542,oracle,3,224,5165.33333333333,3,7,1,7513.66666666667
542,oracle,3,224,5165.33333333333,3,8,1.14285714285714,7513.66666666667
542,oracle,3,224,5165.33333333333,3,9,1.28571428571429,7513.66666666667
542,oracle,3,224,5165.33333333333,3,10,1.42857142857143,7513.66666666667
542,oracle,3,224,5165.33333333333,3,11,1.57142857142857,7513.66666666667
542,oracle,3,224,5165.33333333333,3,12,1.71428571428571,7513.66666666667
542,oracle,3,224,5165.33333333333,3,13,1.85714285714286,7513.66666666667
542,oracle,3,224,5165.33333333333,3,14,2,7513.66666666667
542,oracle,3,224,5165.33333333333,3,15,2.14285714285714,7513.66666666667
542,oracle,3,224,5165.33333333333,3,16,2.28571428571429,7513.66666666667
542,oracle,3,224,5165.33333333333,3,17,2.42857142857143,7513.66666666667
542,oracle,3,224,5165.33333333333,3,18,2.57142857142857,7513.66666666667
542,oracle,3,224,5165.33333333333,3,19,2.71428571428571,7513.66666666667
542,oracle,3,224,5165.33333333333,3,20,2.85714285714286,7513.66666666667
542,oracle,3,224,5165.33333333333,3,21,3,7513.66666666667
543,oracle,3,224,6456.66666666667,0.2,0,0,6456.66666666667
543,oracle,3,224,6456.66666666667,0.2,1,0.2,7513.66666666667
544,oracle,3,224,6456.66666666667,3,0,0,6456.66666666667
544,oracle,3,224,6456.66666666667,3,1,0.142857142857143,7513.66666666667
544,oracle,3,224,6456.66666666667,3,2,0.285714285714286,7513.66666666667
544,oracle,3,224,6456.66666666667,3,3,0.428571428571429,7513.66666666667
544,oracle,3,224,6456.66666666667,3,4,0.571428571428571,7513.66666666667
544,oracle,3,224,6456.66666666667,3,5,0.714285714285714,7513.66666666667
544,oracle,3,224,6456.66666666667,3,6,0.857142857142857,7513.66666666667
544,oracle,3,224,6456.66666666667,3,7,1,7513.66666666667
544,oracle,3,224,6456.66666666667,3,8,1.14285714285714,7513.66666666667
544,oracle,3,224,6456.66666666667,3,9,1.28571428571429,7513.66666666667
544,oracle,3,224,6456.66666666667,3,10,1.42857142857143,7513.66666666667
544,oracle,3,224,6456.66666666667,3,11,1.57142857142857,7513.66666666667
544,oracle,3,224,6456.66666666667,3,12,1.71428571428571,7513.66666666667
544,oracle,3,224,6456.66666666667,3,13,1.85714285714286,7513.66666666667
544,oracle,3,224,6456.66666666667,3,14,2,7513.66666666667
544,oracle,3,224,6456.66666666667,3,15,2.14285714285714,7513.66666666667
544,oracle,3,224,6456.66666666667,3,16,2.28571428571429,7513.66666666667
544,oracle,3,224,6456.66666666667,3,17,2.42857142857143,7513.66666666667
544,oracle,3,224,6456.66666666667,3,18,2.57142857142857,7513.66666666667
544,oracle,3,224,6456.66666666667,3,19,2.71428571428571,7513.66666666667
544,oracle,3,224,6456.66666666667,3,20,2.85714285714286,7513.66666666667
544,oracle,3,224,6456.66666666667,3,21,3,7513.66666666667
545,oracle,3,224,7748,0.2,0,0,7748
545,oracle,3,224,7748,0.2,1,0.2,7748
546,oracle,3,224,7748,3,0,0,7748
546,oracle,3,224,7748,3,1,0.142857142857143,7748
546,oracle,3,224,7748,3,2,0.285714285714286,7748
546,oracle,3,224,7748,3,3,0.428571428571429,7748
546,oracle,3,224,7748,3,4,0.571428571428571,7748
546,oracle,3,224,7748,3,5,0.714285714285714,7748
546,oracle,3,224,7748,3,6,0.857142857142857,7748
546,oracle,3,224,7748,3,7,1,7748
546,oracle,3,224,7748,3,8,1.14285714285714,7748
546,oracle,3,224,7748,3,9,1.28571428571429,7748
546,oracle,3,224,7748,3,10,1.42857142857143,7748
546,oracle,3,224,7748,3,11,1.57142857142857,7748
546,oracle,3,224,7748,3,12,1.71428571428571,7748
546,oracle,3,224,7748,3,13,1.85714285714286,7748
546,oracle,3,224,7748,3,14,2,7748
546,oracle,3,224,7748,3,15,2.14285714285714,7748
546,oracle,3,224,7748,3,16,2.28571428571429,7748
546,oracle,3,224,7748,3,17,2.42857142857143,7748
546,oracle,3,224,7748,3,18,2.57142857142857,7748
546,oracle,3,224,7748,3,19,2.71428571428571,7748
546,oracle,3,224,7748,3,20,2.85714285714286,7748
546,oracle,3,224,7748,3,21,3,7748
547,oracle,3,-224,-745,0.2,0,0,-745
547,oracle,3,-224,-745,0.2,1,0.2,-745
548,oracle,3,-224,-745,3,0,0,-745
548,oracle,3,-224,-745,3,1,0.142857142857143,-745
548,oracle,3,-224,-745,3,2,0.285714285714286,-745
548,oracle,3,-224,-745,3,3,0.428571428571429,-745
548,oracle,3,-224,-745,3,4,0.571428571428571,-745
548,oracle,3,-224,-745,3,5,0.714285714285714,-745
548,oracle,3,-224,-745,3,6,0.857142857142857,-745
548,oracle,3,-224,-745,3,7,1,-745
548,oracle,3,-224,-745,3,8,1.14285714285714,-745
548,oracle,3,-224,-745,3,9,1.28571428571429,-745
548,oracle,3,-224,-745,3,10,1.42857142857143,-745
548,oracle,3,-224,-745,3,11,1.57142857142857,-745
548,oracle,3,-224,-745,3,12,1.71428571428571,-745
548,oracle,3,-224,-745,3,13,1.85714285714286,-745
548,oracle,3,-224,-745,3,14,2,-745
548,oracle,3,-224,-745,3,15,2.14285714285714,-745
548,oracle,3,-224,-745,3,16,2.28571428571429,-745
548,oracle,3,-224,-745,3,17,2.42857142857143,-745
548,oracle,3,-224,-745,3,18,2.57142857142857,-745
548,oracle,3,-224,-745,3,19,2.71428571428571,-745
548,oracle,3,-224,-745,3,20,2.85714285714286,-745
548,oracle,3,-224,-745,3,21,3,-745
549,oracle,3,-224,670.5,0.2,0,0,670.5
549,oracle,3,-224,670.5,0.2,1,0.2,-558.166666666667
550,oracle,3,-224,670.5,3,0,0,670.5
550,oracle,3,-224,670.5,3,1,0.142857142857143,-558.166666666667
550,oracle,3,-224,670.5,3,2,0.285714285714286,-558.166666666667
550,oracle,3,-224,670.5,3,3,0.428571428571429,-558.166666666667
550,oracle,3,-224,670.5,3,4,0.571428571428571,-558.166666666667
550,oracle,3,-224,670.5,3,5,0.714285714285714,-558.166666666667
550,oracle,3,-224,670.5,3,6,0.857142857142857,-558.166666666667
550,oracle,3,-224,670.5,3,7,1,-558.166666666667
550,oracle,3,-224,670.5,3,8,1.14285714285714,-558.166666666667
550,oracle,3,-224,670.5,3,9,1.28571428571429,-558.166666666667
550,oracle,3,-224,670.5,3,10,1.42857142857143,-558.166666666667
550,oracle,3,-224,670.5,3,11,1.57142857142857,-558.166666666667
550,oracle,3,-224,670.5,3,12,1.71428571428571,-558.166666666667
550,oracle,3,-224,670.5,3,13,1.85714285714286,-558.166666666667
550,oracle,3,-224,670.5,3,14,2,-558.166666666667
550,oracle,3,-224,670.5,3,15,2.14285714285714,-558.166666666667
550,oracle,3,-224,670.5,3,16,2.28571428571429,-558.166666666667
550,oracle,3,-224,670.5,3,17,2.42857142857143,-558.166666666667
550,oracle,3,-224,670.5,3,18,2.57142857142857,-558.166666666667
550,oracle,3,-224,670.5,3,19,2.71428571428571,-558.166666666667
550,oracle,3,-224,670.5,3,20,2.85714285714286,-558.166666666667
550,oracle,3,-224,670.5,3,21,3,-558.166666666667
551,oracle,3,-224,2086,0.2,0,0,2086
551,oracle,3,-224,2086,0.2,1,0.2,-558.166666666667
552,oracle,3,-224,2086,3,0,0,2086
552,oracle,3,-224,2086,3,1,0.142857142857143,-558.166666666667
552,oracle,3,-224,2086,3,2,0.285714285714286,-558.166666666667
552,oracle,3,-224,2086,3,3,0.428571428571429,-558.166666666667
552,oracle,3,-224,2086,3,4,0.571428571428571,-558.166666666667
552,oracle,3,-224,2086,3,5,0.714285714285714,-558.166666666667
552,oracle,3,-224,2086,3,6,0.857142857142857,-558.166666666667
552,oracle,3,-224,2086,3,7,1,-558.166666666667
552,oracle,3,-224,2086,3,8,1.14285714285714,-558.166666666667
552,oracle,3,-224,2086,3,9,1.28571428571429,-558.166666666667
552,oracle,3,-224,2086,3,10,1.42857142857143,-558.166666666667
552,oracle,3,-224,2086,3,11,1.57142857142857,-558.166666666667
552,oracle,3,-224,2086,3,12,1.71428571428571,-558.166666666667
552,oracle,3,-224,2086,3,13,1.85714285714286,-558.166666666667
552,oracle,3,-224,2086,3,14,2,-558.166666666667
552,oracle,3,-224,2086,3,15,2.14285714285714,-558.166666666667
552,oracle,3,-224,2086,3,16,2.28571428571429,-558.166666666667
552,oracle,3,-224,2086,3,17,2.42857142857143,-558.166666666667
552,oracle,3,-224,2086,3,18,2.57142857142857,-558.166666666667
552,oracle,3,-224,2086,3,19,2.71428571428571,-558.166666666667
552,oracle,3,-224,2086,3,20,2.85714285714286,-558.166666666667
552,oracle,3,-224,2086,3,21,3,-558.166666666667
553,oracle,3,-224,3501.5,0.2,0,0,3501.5
553,oracle,3,-224,3501.5,0.2,1,0.2,-558.166666666667
554,oracle,3,-224,3501.5,3,0,0,3501.5
554,oracle,3,-224,3501.5,3,1,0.142857142857143,-558.166666666667
554,oracle,3,-224,3501.5,3,2,0.285714285714286,-558.166666666667
554,oracle,3,-224,3501.5,3,3,0.428571428571429,-558.166666666667
554,oracle,3,-224,3501.5,3,4,0.571428571428571,-558.166666666667
554,oracle,3,-224,3501.5,3,5,0.714285714285714,-558.166666666667
554,oracle,3,-224,3501.5,3,6,0.857142857142857,-558.166666666667
554,oracle,3,-224,3501.5,3,7,1,-558.166666666667
554,oracle,3,-224,3501.5,3,8,1.14285714285714,-558.166666666667
554,oracle,3,-224,3501.5,3,9,1.28571428571429,-558.166666666667
554,oracle,3,-224,3501.5,3,10,1.42857142857143,-558.166666666667
554,oracle,3,-224,3501.5,3,11,1.57142857142857,-558.166666666667
554,oracle,3,-224,3501.5,3,12,1.71428571428571,-558.166666666667
554,oracle,3,-224,3501.5,3,13,1.85714285714286,-558.166666666667
554,oracle,3,-224,3501.5,3,14,2,-558.166666666667
554,oracle,3,-224,3501.5,3,15,2.14285714285714,-558.166666666667
554,oracle,3,-224,3501.5,3,16,2.28571428571429,-558.166666666667
554,oracle,3,-224,3501.5,3,17,2.42857142857143,-558.166666666667
554,oracle,3,-224,3501.5,3,18,2.57142857142857,-558.166666666667
554,oracle,3,-224,3501.5,3,19,2.71428571428571,-558.166666666667
554,oracle,3,-224,3501.5,3,20,2.85714285714286,-558.166666666667
554,oracle,3,-224,3501.5,3,21,3,-558.166666666667
555,oracle,3,-224,4917,0.2,0,0,4917
555,oracle,3,-224,4917,0.2,1,0.2,-558.166666666667
556,oracle,3,-224,4917,3,0,0,4917
556,oracle,3,-224,4917,3,1,0.142857142857143,-558.166666666667
556,oracle,3,-224,4917,3,2,0.285714285714286,-558.166666666667
556,oracle,3,-224,4917,3,3,0.428571428571429,-558.166666666667
556,oracle,3,-224,4917,3,4,0.571428571428571,-558.166666666667
556,oracle,3,-224,4917,3,5,0.714285714285714,-558.166666666667
556,oracle,3,-224,4917,3,6,0.857142857142857,-558.166666666667
556,oracle,3,-224,4917,3,7,1,-558.166666666667
556,oracle,3,-224,4917,3,8,1.14285714285714,-558.166666666667
556,oracle,3,-224,4917,3,9,1.28571428571429,-558.166666666667
556,oracle,3,-224,4917,3,10,1.42857142857143,-558.166666666667
556,oracle,3,-224,4917,3,11,1.57142857142857,-558.166666666667
556,oracle,3,-224,4917,3,12,1.71428571428571,-558.166666666667
556,oracle,3,-224,4917,3,13,1.85714285714286,-558.166666666667
556,oracle,3,-224,4917,3,14,2,-558.166666666667
556,oracle,3,-224,4917,3,15,2.14285714285714,-558.166666666667
556,oracle,3,-224,4917,3,16,2.28571428571429,-558.166666666667
556,oracle,3,-224,4917,3,17,2.42857142857143,-558.166666666667
556,oracle,3,-224,4917,3,18,2.57142857142857,-558.166666666667
556,oracle,3,-224,4917,3,19,2.71428571428571,-558.166666666667
556,oracle,3,-224,4917,3,20,2.85714285714286,-558.166666666667
556,oracle,3,-224,4917,3,21,3,-558.166666666667
557,oracle,3,-224,6332.5,0.2,0,0,6332.5
557,oracle,3,-224,6332.5,0.2,1,0.2,-558.166666666667
558,oracle,3,-224,6332.5,3,0,0,6332.5
558,oracle,3,-224,6332.5,3,1,0.142857142857143,-532.333333333333
558,oracle,3,-224,6332.5,3,2,0.285714285714286,-558.166666666667
558,oracle,3,-224,6332.5,3,3,0.428571428571429,-558.166666666667
558,oracle,3,-224,6332.5,3,4,0.571428571428571,-558.166666666667
558,oracle,3,-224,6332.5,3,5,0.714285714285714,-558.166666666667
558,oracle,3,-224,6332.5,3,6,0.857142857142857,-558.166666666667
558,oracle,3,-224,6332.5,3,7,1,-558.166666666667
558,oracle,3,-224,6332.5,3,8,1.14285714285714,-558.166666666667
558,oracle,3,-224,6332.5,3,9,1.28571428571429,-558.166666666667
558,oracle,3,-224,6332.5,3,10,1.42857142857143,-558.166666666667
558,oracle,3,-224,6332.5,3,11,1.57142857142857,-558.166666666667
558,oracle,3,-224,6332.5,3,12,1.71428571428571,-558.166666666667
558,oracle,3,-224,6332.5,3,13,1.85714285714286,-558.166666666667
558,oracle,3,-224,6332.5,3,14,2,-558.166666666667
558,oracle,3,-224,6332.5,3,15,2.14285714285714,-558.166666666667
558,oracle,3,-224,6332.5,3,16,2.28571428571429,-558.166666666667
558,oracle,3,-224,6332.5,3,17,2.42857142857143,-558.166666666667
558,oracle,3,-224,6332.5,3,18,2.57142857142857,-558.166666666667
558,oracle,3,-224,6332.5,3,19,2.71428571428571,-558.166666666667
558,oracle,3,-224,6332.5,3,20,2.85714285714286,-558.166666666667
558,oracle,3,-224,6332.5,3,21,3,-558.166666666667
559,oracle,3,-224,7748,0.2,0,0,7748
559,oracle,3,-224,7748,0.2,1,0.2,-558.166666666667
560,oracle,3,-224,7748,3,0,0,7748
560,oracle,3,-224,7748,3,1,0.142857142857143,138.833333333333
560,oracle,3,-224,7748,3,2,0.285714285714286,-558.166666666667
560,oracle,3,-224,7748,3,3,0.428571428571429,-558.166666666667
560,oracle,3,-224,7748,3,4,0.571428571428571,-558.166666666667
560,oracle,3,-224,7748,3,5,0.714285714285714,-558.166666666667
560,oracle,3,-224,7748,3,6,0.857142857142857,-558.166666666667
560,oracle,3,-224,7748,3,7,1,-558.166666666667
560,oracle,3,-224,7748,3,8,1.14285714285714,-558.166666666667
560,oracle,3,-224,7748,3,9,1.28571428571429,-558.166666666667
560,oracle,3,-224,7748,3,10,1.42857142857143,-558.166666666667
560,oracle,3,-224,7748,3,11,1.57142857142857,-558.166666666667
560,oracle,3,-224,7748,3,12,1.71428571428571,-558.166666666667
560,oracle,3,-224,7748,3,13,1.85714285714286,-558.166666666667
560,oracle,3,-224,7748,3,14,2,-558.166666666667
560,oracle,3,-224,7748,3,15,2.14285714285714,-558.166666666667
560,oracle,3,-224,7748,3,16,2.28571428571429,-558.166666666667
560,oracle,3,-224,7748,3,17,2.42857142857143,-558.166666666667
560,oracle,3,-224,7748,3,18,2.57142857142857,-558.166666666667
560,oracle,3,-224,7748,3,19,2.71428571428571,-558.166666666667
560,oracle,3,-224,7748,3,20,2.85714285714286,-558.166666666667
560,oracle,3,-224,7748,3,21,3,-558.166666666667
561,oracle,3,255,0,0.2,0,0,0
561,oracle,3,255,0,0.2,1,0.2,7509.66666666667
562,oracle,3,255,0,3,0,0,0
562,oracle,3,255,0,3,1,0.142857142857143,6797.83333333333
562,oracle,3,255,0,3,2,0.285714285714286,7602.5
562,oracle,3,255,0,3,3,0.428571428571429,7576.16666666667
562,oracle,3,255,0,3,4,0.571428571428571,7538.66666666667
562,oracle,3,255,0,3,5,0.714285714285714,7538.66666666667
562,oracle,3,255,0,3,6,0.857142857142857,7538.66666666667
562,oracle,3,255,0,3,7,1,7538.66666666667
562,oracle,3,255,0,3,8,1.14285714285714,7538.66666666667
562,oracle,3,255,0,3,9,1.28571428571429,7538.66666666667
562,oracle,3,255,0,3,10,1.42857142857143,7538.66666666667
562,oracle,3,255,0,3,11,1.57142857142857,7538.66666666667
562,oracle,3,255,0,3,12,1.71428571428571,7538.66666666667
562,oracle,3,255,0,3,13,1.85714285714286,7538.66666666667
562,oracle,3,255,0,3,14,2,7538.66666666667
562,oracle,3,255,0,3,15,2.14285714285714,7538.66666666667
562,oracle,3,255,0,3,16,2.28571428571429,7538.66666666667
562,oracle,3,255,0,3,17,2.42857142857143,7538.66666666667
562,oracle,3,255,0,3,18,2.57142857142857,7538.66666666667
562,oracle,3,255,0,3,19,2.71428571428571,7538.66666666667
562,oracle,3,255,0,3,20,2.85714285714286,7538.66666666667
562,oracle,3,255,0,3,21,3,7538.66666666667
563,oracle,3,255,1299.16666666667,0.2,0,0,1299.16666666667
563,oracle,3,255,1299.16666666667,0.2,1,0.2,7580
564,oracle,3,255,1299.16666666667,3,0,0,1299.16666666667
564,oracle,3,255,1299.16666666667,3,1,0.142857142857143,7373.83333333333
564,oracle,3,255,1299.16666666667,3,2,0.285714285714286,7602.5
564,oracle,3,255,1299.16666666667,3,3,0.428571428571429,7538.66666666667
564,oracle,3,255,1299.16666666667,3,4,0.571428571428571,7538.66666666667
564,oracle,3,255,1299.16666666667,3,5,0.714285714285714,7538.66666666667
564,oracle,3,255,1299.16666666667,3,6,0.857142857142857,7538.66666666667
564,oracle,3,255,1299.16666666667,3,7,1,7538.66666666667
564,oracle,3,255,1299.16666666667,3,8,1.14285714285714,7538.66666666667
564,oracle,3,255,1299.16666666667,3,9,1.28571428571429,7538.66666666667
564,oracle,3,255,1299.16666666667,3,10,1.42857142857143,7538.66666666667
564,oracle,3,255,1299.16666666667,3,11,1.57142857142857,7538.66666666667
564,oracle,3,255,1299.16666666667,3,12,1.71428571428571,7538.66666666667
564,oracle,3,255,1299.16666666667,3,13,1.85714285714286,7538.66666666667
564,oracle,3,255,1299.16666666667,3,14,2,7538.66666666667
564,oracle,3,255,1299.16666666667,3,15,2.14285714285714,7538.66666666667
564,oracle,3,255,1299.16666666667,3,16,2.28571428571429,7538.66666666667
564,oracle,3,255,1299.16666666667,3,17,2.42857142857143,7538.66666666667
564,oracle,3,255,1299.16666666667,3,18,2.57142857142857,7538.66666666667
564,oracle,3,255,1299.16666666667,3,19,2.71428571428571,7538.66666666667
564,oracle,3,255,1299.16666666667,3,20,2.85714285714286,7538.66666666667
564,oracle,3,255,1299.16666666667,3,21,3,7538.66666666667
565,oracle,3,255,2598.33333333333,0.2,0,0,2598.33333333333
565,oracle,3,255,2598.33333333333,0.2,1,0.2,7602.5
566,oracle,3,255,2598.33333333333,3,0,0,2598.33333333333
566,oracle,3,255,2598.33333333333,3,1,0.142857142857143,7502.16666666667
566,oracle,3,255,2598.33333333333,3,2,0.285714285714286,7602.5
566,oracle,3,255,2598.33333333333,3,3,0.428571428571429,7538.66666666667
566,oracle,3,255,2598.33333333333,3,4,0.571428571428571,7538.66666666667
566,oracle,3,255,2598.33333333333,3,5,0.714285714285714,7538.66666666667
566,oracle,3,255,2598.33333333333,3,6,0.857142857142857,7538.66666666667
566,oracle,3,255,2598.33333333333,3,7,1,7538.66666666667
566,oracle,3,255,2598.33333333333,3,8,1.14285714285714,7538.66666666667
566,oracle,3,255,2598.33333333333,3,9,1.28571428571429,7538.66666666667
566,oracle,3,255,2598.33333333333,3,10,1.42857142857143,7538.66666666667
566,oracle,3,255,2598.33333333333,3,11,1.57142857142857,7538.66666666667
566,oracle,3,255,2598.33333333333,3,12,1.71428571428571,7538.66666666667
566,oracle,3,255,2598.33333333333,3,13,1.85714285714286,7538.66666666667
566,oracle,3,255,2598.33333333333,3,14,2,7538.66666666667
566,oracle,3,255,2598.33333333333,3,15,2.14285714285714,7538.66666666667
566,oracle,3,255,2598.33333333333,3,16,2.28571428571429,7538.66666666667
566,oracle,3,255,2598.33333333333,3,17,2.42857142857143,7538.66666666667
566,oracle,3,255,2598.33333333333,3,18,2.57142857142857,7538.66666666667
566,oracle,3,255,2598.33333333333,3,19,2.71428571428571,7538.66666666667
566,oracle,3,255,2598.33333333333,3,20,2.85714285714286,7538.66666666667
566,oracle,3,255,2598.33333333333,3,21,3,7538.66666666667
567,oracle,3,255,3897.5,0.2,0,0,3897.5
567,oracle,3,255,3897.5,0.2,1,0.2,7602.5
568,oracle,3,255,3897.5,3,0,0,3897.5
568,oracle,3,255,3897.5,3,1,0.142857142857143,7571
568,oracle,3,255,3897.5,3,2,0.285714285714286,7602.5
568,oracle,3,255,3897.5,3,3,0.428571428571429,7538.66666666667
568,oracle,3,255,3897.5,3,4,0.571428571428571,7538.66666666667
568,oracle,3,255,3897.5,3,5,0.714285714285714,7538.66666666667
568,oracle,3,255,3897.5,3,6,0.857142857142857,7538.66666666667
568,oracle,3,255,3897.5,3,7,1,7538.66666666667
568,oracle,3,255,3897.5,3,8,1.14285714285714,7538.66666666667
568,oracle,3,255,3897.5,3,9,1.28571428571429,7538.66666666667
568,oracle,3,255,3897.5,3,10,1.42857142857143,7538.66666666667
568,oracle,3,255,3897.5,3,11,1.57142857142857,7538.66666666667
568,oracle,3,255,3897.5,3,12,1.71428571428571,7538.66666666667
568,oracle,3,255,3897.5,3,13,1.85714285714286,7538.66666666667
568,oracle,3,255,3897.5,3,14,2,7538.66666666667
568,oracle,3,255,3897.5,3,15,2.14285714285714,7538.66666666667
568,oracle,3,255,3897.5,3,16,2.28571428571429,7538.66666666667
568,oracle,3,255,3897.5,3,17,2.42857142857143,7538.66666666667
568,oracle,3,255,3897.5,3,18,2.57142857142857,7538.66666666667
568,oracle,3,255,3897.5,3,19,2.71428571428571,7538.66666666667
568,oracle,3,255,3897.5,3,20,2.85714285714286,7538.66666666667
568,oracle,3,255,3897.5,3,21,3,7538.66666666667
569,oracle,3,255,5196.66666666667,0.2,0,0,5196.66666666667
569,oracle,3,255,5196.66666666667,0.2,1,0.2,7602.5
570,oracle,3,255,5196.66666666667,3,0,0,5196.66666666667
570,oracle,3,255,5196.66666666667,3,1,0.142857142857143,7599.5
570,oracle,3,255,5196.66666666667,3,2,0.285714285714286,7602.5
570,oracle,3,255,5196.66666666667,3,3,0.428571428571429,7538.66666666667
570,oracle,3,255,5196.66666666667,3,4,0.571428571428571,7538.66666666667
570,oracle,3,255,5196.66666666667,3,5,0.714285714285714,7538.66666666667
570,oracle,3,255,5196.66666666667,3,6,0.857142857142857,7538.66666666667
570,oracle,3,255,5196.66666666667,3,7,1,7538.66666666667
570,oracle,3,255,5196.66666666667,3,8,1.14285714285714,7538.66666666667
570,oracle,3,255,5196.66666666667,3,9,1.28571428571429,7538.66666666667
570,oracle,3,255,5196.66666666667,3,10,1.42857142857143,7538.66666666667
570,oracle,3,255,5196.66666666667,3,11,1.57142857142857,7538.66666666667
570,oracle,3,255,5196.66666666667,3,12,1.71428571428571,7538.66666666667
570,oracle,3,255,5196.66666666667,3,13,1.85714285714286,7538.66666666667
570,oracle,3,255,5196.66666666667,3,14,2,7538.66666666667
570,oracle,3,255,5196.66666666667,3,15,2.14285714285714,7538.66666666667
570,oracle,3,255,5196.66666666667,3,16,2.28571428571429,7538.66666666667
570,oracle,3,255,5196.66666666667,3,17,2.42857142857143,7538.66666666667
570,oracle,3,255,5196.66666666667,3,18,2.57142857142857,7538.66666666667
570,oracle,3,255,5196.66666666667,3,19,2.71428571428571,7538.66666666667
570,oracle,3,255,5196.66666666667,3,20,2.85714285714286,7538.66666666667
570,oracle,3,255,5196.66666666667,3,21,3,7538.66666666667
571,oracle,3,255,6495.83333333333,0.2,0,0,6495.83333333333
571,oracle,3,255,6495.83333333333,0.2,1,0.2,7602.5
572,oracle,3,255,6495.83333333333,3,0,0,6495.83333333333
572,oracle,3,255,6495.83333333333,3,1,0.142857142857143,7602.5
572,oracle,3,255,6495.83333333333,3,2,0.285714285714286,7590
572,oracle,3,255,6495.83333333333,3,3,0.428571428571429,7538.66666666667
572,oracle,3,255,6495.83333333333,3,4,0.571428571428571,7538.66666666667
572,oracle,3,255,6495.83333333333,3,5,0.714285714285714,7538.66666666667
572,oracle,3,255,6495.83333333333,3,6,0.857142857142857,7538.66666666667
572,oracle,3,255,6495.83333333333,3,7,1,7538.66666666667
572,oracle,3,255,6495.83333333333,3,8,1.14285714285714,7538.66666666667
572,oracle,3,255,6495.83333333333,3,9,1.28571428571429,7538.66666666667
572,oracle,3,255,6495.83333333333,3,10,1.42857142857143,7538.66666666667
572,oracle,3,255,6495.83333333333,3,11,1.57142857142857,7538.66666666667
572,oracle,3,255,6495.83333333333,3,12,1.71428571428571,7538.66666666667
572,oracle,3,255,6495.83333333333,3,13,1.85714285714286,7538.66666666667
572,oracle,3,255,6495.83333333333,3,14,2,7538.66666666667
572,oracle,3,255,6495.83333333333,3,15,2.14285714285714,7538.66666666667
572,oracle,3,255,6495.83333333333,3,16,2.28571428571429,7538.66666666667
572,oracle,3,255,6495.83333333333,3,17,2.42857142857143,7538.66666666667
572,oracle,3,255,6495.83333333333,3,18,2.57142857142857,7538.66666666667
572,oracle,3,255,6495.83333333333,3,19,2.71428571428571,7538.66666666667
572,oracle,3,255,6495.83333333333,3,20,2.85714285714286,7538.66666666667
572,oracle,3,255,6495.83333333333,3,21,3,7538.66666666667
573,oracle,3,255,7795,0.2,0,0,7795
573,oracle,3,255,7795,0.2,1,0.2,7795
574,oracle,3,255,7795,3,0,0,7795
574,oracle,3,255,7795,3,1,0.142857142857143,7795
574,oracle,3,255,7795,3,2,0.285714285714286,7795
574,oracle,3,255,7795,3,3,0.428571428571429,7795
574,oracle,3,255,7795,3,4,0.571428571428571,7795
574,oracle,3,255,7795,3,5,0.714285714285714,7795
574,oracle,3,255,7795,3,6,0.857142857142857,7795
574,oracle,3,255,7795,3,7,1,7795
574,oracle,3,255,7795,3,8,1.14285714285714,7795
574,oracle,3,255,7795,3,9,1.28571428571429,7795
574,oracle,3,255,7795,3,10,1.42857142857143,7795
574,oracle,3,255,7795,3,11,1.57142857142857,7795
574,oracle,3,255,7795,3,12,1.71428571428571,7795
574,oracle,3,255,7795,3,13,1.85714285714286,7795
574,oracle,3,255,7795,3,14,2,7795
574,oracle,3,255,7795,3,15,2.14285714285714,7795
574,oracle,3,255,7795,3,16,2.28571428571429,7795
574,oracle,3,255,7795,3,17,2.42857142857143,7795
574,oracle,3,255,7795,3,18,2.57142857142857,7795
574,oracle,3,255,7795,3,19,2.71428571428571,7795
574,oracle,3,255,7795,3,20,2.85714285714286,7795
574,oracle,3,255,7795,3,21,3,7795
575,oracle,3,-255,-910,0.2,0,0,-910
575,oracle,3,-255,-910,0.2,1,0.2,-910
576,oracle,3,-255,-910,3,0,0,-910
576,oracle,3,-255,-910,3,1,0.142857142857143,-910
576,oracle,3,-255,-910,3,2,0.285714285714286,-910
576,oracle,3,-255,-910,3,3,0.428571428571429,-910
576,oracle,3,-255,-910,3,4,0.571428571428571,-910
576,oracle,3,-255,-910,3,5,0.714285714285714,-910
576,oracle,3,-255,-910,3,6,0.857142857142857,-910
576,oracle,3,-255,-910,3,7,1,-910
576,oracle,3,-255,-910,3,8,1.14285714285714,-910
576,oracle,3,-255,-910,3,9,1.28571428571429,-910
576,oracle,3,-255,-910,3,10,1.42857142857143,-910
576,oracle,3,-255,-910,3,11,1.57142857142857,-910
576,oracle,3,-255,-910,3,12,1.71428571428571,-910
576,oracle,3,-255,-910,3,13,1.85714285714286,-910
576,oracle,3,-255,-910,3,14,2,-910
576,oracle,3,-255,-910,3,15,2.14285714285714,-910
576,oracle,3,-255,-910,3,16,2.28571428571429,-910
576,oracle,3,-255,-910,3,17,2.42857142857143,-910
576,oracle,3,-255,-910,3,18,2.57142857142857,-910
576,oracle,3,-255,-910,3,19,2.71428571428571,-910
576,oracle,3,-255,-910,3,20,2.85714285714286,-910
576,oracle,3,-255,-910,3,21,3,-910
577,oracle,3,-255,540.833333333333,0.2,0,0,540.833333333333
577,oracle,3,-255,540.833333333333,0.2,1,0.2,-681.333333333333
578,oracle,3,-255,540.833333333333,3,0,0,540.833333333333
578,oracle,3,-255,540.833333333333,3,1,0.142857142857143,-681.333333333333
578,oracle,3,-255,540.833333333333,3,2,0.285714285714286,-681.333333333333
578,oracle,3,-255,540.833333333333,3,3,0.428571428571429,-681.333333333333
578,oracle,3,-255,540.833333333333,3,4,0.571428571428571,-681.333333333333
578,oracle,3,-255,540.833333333333,3,5,0.714285714285714,-681.333333333333
578,oracle,3,-255,540.833333333333,3,6,0.857142857142857,-681.333333333333
578,oracle,3,-255,540.833333333333,3,7,1,-681.333333333333
578,oracle,3,-255,540.833333333333,3,8,1.14285714285714,-681.333333333333
578,oracle,3,-255,540.833333333333,3,9,1.28571428571429,-681.333333333333
578,oracle,3,-255,540.833333333333,3,10,1.42857142857143,-681.333333333333
578,oracle,3,-255,540.833333333333,3,11,1.57142857142857,-681.333333333333
578,oracle,3,-255,540.833333333333,3,12,1.71428571428571,-681.333333333333
578,oracle,3,-255,540.833333333333,3,13,1.85714285714286,-681.333333333333
578,oracle,3,-255,540.833333333333,3,14,2,-681.333333333333
578,oracle,3,-255,540.833333333333,3,15,2.14285714285714,-681.333333333333
578,oracle,3,-255,540.833333333333,3,16,2.28571428571429,-681.333333333333
578,oracle,3,-255,540.833333333333,3,17,2.42857142857143,-681.333333333333
578,oracle,3,-255,540.833333333333,3,18,2.57142857142857,-681.333333333333
578,oracle,3,-255,540.833333333333,3,19,2.71428571428571,-681.333333333333
578,oracle,3,-255,540.833333333333,3,20,2.85714285714286,-681.333333333333
578,oracle,3,-255,540.833333333333,3,21,3,-681.333333333333
579,oracle,3,-255,1991.66666666667,0.2,0,0,1991.66666666667
579,oracle,3,-255,1991.66666666667,0.2,1,0.2,-681.333333333333
580,oracle,3,-255,1991.66666666667,3,0,0,1991.66666666667
580,oracle,3,-255,1991.66666666667,3,1,0.142857142857143,-681.333333333333
580,oracle,3,-255,1991.66666666667,3,2,0.285714285714286,-681.333333333333
580,oracle,3,-255,1991.66666666667,3,3,0.428571428571429,-681.333333333333
580,oracle,3,-255,1991.66666666667,3,4,0.571428571428571,-681.333333333333
580,oracle,3,-255,1991.66666666667,3,5,0.714285714285714,-681.333333333333
580,oracle,3,-255,1991.66666666667,3,6,0.857142857142857,-681.333333333333
580,oracle,3,-255,1991.66666666667,3,7,1,-681.333333333333
580,oracle,3,-255,1991.66666666667,3,8,1.14285714285714,-681.333333333333
580,oracle,3,-255,1991.66666666667,3,9,1.28571428571429,-681.333333333333
580,oracle,3,-255,1991.66666666667,3,10,1.42857142857143,-681.333333333333
580,oracle,3,-255,1991.66666666667,3,11,1.57142857142857,-681.333333333333
580,oracle,3,-255,1991.66666666667,3,12,1.71428571428571,-681.333333333333
580,oracle,3,-255,1991.66666666667,3,13,1.85714285714286,-681.333333333333
580,oracle,3,-255,1991.66666666667,3,14,2,-681.333333333333
580,oracle,3,-255,1991.66666666667,3,15,2.14285714285714,-681.333333333333
580,oracle,3,-255,1991.66666666667,3,16,2.28571428571429,-681.333333333333
580,oracle,3,-255,1991.66666666667,3,17,2.42857142857143,-681.333333333333
580,oracle,3,-255,1991.66666666667,3,18,2.57142857142857,-681.333333333333
580,oracle,3,-255,1991.66666666667,3,19,2.71428571428571,-681.333333333333
580,oracle,3,-255,1991.66666666667,3,20,2.85714285714286,-681.333333333333
580,oracle,3,-255,1991.66666666667,3,21,3,-681.333333333333
581,oracle,3,-255,3442.5,0.2,0,0,3442.5
581,oracle,3,-255,3442.5,0.2,1,0.2,-681.333333333333
582,oracle,3,-255,3442.5,3,0,0,3442.5
582,oracle,3,-255,3442.5,3,1,0.142857142857143,-681.333333333333
582,oracle,3,-255,3442.5,3,2,0.285714285714286,-681.333333333333
582,oracle,3,-255,3442.5,3,3,0.428571428571429,-681.333333333333
582,oracle,3,-255,3442.5,3,4,0.571428571428571,-681.333333333333
582,oracle,3,-255,3442.5,3,5,0.714285714285714,-681.333333333333
582,oracle,3,-255,3442.5,3,6,0.857142857142857,-681.333333333333
582,oracle,3,-255,3442.5,3,7,1,-681.333333333333
582,oracle,3,-255,3442.5,3,8,1.14285714285714,-681.333333333333
582,oracle,3,-255,3442.5,3,9,1.28571428571429,-681.333333333333
582,oracle,3,-255,3442.5,3,10,1.42857142857143,-681.333333333333
582,oracle,3,-255,3442.5,3,11,1.57142857142857,-681.333333333333
582,oracle,3,-255,3442.5,3,12,1.71428571428571,-681.333333333333
582,oracle,3,-255,3442.5,3,13,1.85714285714286,-681.333333333333
582,oracle,3,-255,3442.5,3,14,2,-681.333333333333
582,oracle,3,-255,3442.5,3,15,2.14285714285714,-681.333333333333
582,oracle,3,-255,3442.5,3,16,2.28571428571429,-681.333333333333
582,oracle,3,-255,3442.5,3,17,2.42857142857143,-681.333333333333
582,oracle,3,-255,3442.5,3,18,2.57142857142857,-681.333333333333
582,oracle,3,-255,3442.5,3,19,2.71428571428571,-681.333333333333
582,oracle,3,-255,3442.5,3,20,2.85714285714286,-681.333333333333
582,oracle,3,-255,3442.5,3,21,3,-681.333333333333
583,oracle,3,-255,4893.33333333333,0.2,0,0,4893.33333333333
583,oracle,3,-255,4893.33333333333,0.2,1,0.2,-681.333333333333
584,oracle,3,-255,4893.33333333333,3,0,0,4893.33333333333
584,oracle,3,-255,4893.33333333333,3,1,0.142857142857143,-681.333333333333
584,oracle,3,-255,4893.33333333333,3,2,0.285714285714286,-681.333333333333
584,oracle,3,-255,4893.33333333333,3,3,0.428571428571429,-681.333333333333
584,oracle,3,-255,4893.33333333333,3,4,0.571428571428571,-681.333333333333
584,oracle,3,-255,4893.33333333333,3,5,0.714285714285714,-681.333333333333
584,oracle,3,-255,4893.33333333333,3,6,0.857142857142857,-681.333333333333
584,oracle,3,-255,4893.33333333333,3,7,1,-681.333333333333
584,oracle,3,-255,4893.33333333333,3,8,1.14285714285714,-681.333333333333
584,oracle,3,-255,4893.33333333333,3,9,1.28571428571429,-681.333333333333
584,oracle,3,-255,4893.33333333333,3,10,1.42857142857143,-681.333333333333
584,oracle,3,-255,4893.33333333333,3,11,1.57142857142857,-681.333333333333
584,oracle,3,-255,4893.33333333333,3,12,1.71428571428571,-681.333333333333
584,oracle,3,-255,4893.33333333333,3,13,1.85714285714286,-681.333333333333
584,oracle,3,-255,4893.33333333333,3,14,2,-681.333333333333
584,oracle,3,-255,4893.33333333333,3,15,2.14285714285714,-681.333333333333
584,oracle,3,-255,4893.33333333333,3,16,2.28571428571429,-681.333333333333
584,oracle,3,-255,4893.33333333333,3,17,2.42857142857143,-681.333333333333
584,oracle,3,-255,4893.33333333333,3,18,2.57142857142857,-681.333333333333
584,oracle,3,-255,4893.33333333333,3,19,2.71428571428571,-681.333333333333
584,oracle,3,-255,4893.33333333333,3,20,2.85714285714286,-681.333333333333
584,oracle,3,-255,4893.33333333333,3,21,3,-681.333333333333
585,oracle,3,-255,6344.16666666667,0.2,0,0,6344.16666666667
585,oracle,3,-255,6344.16666666667,0.2,1,0.2,-681.333333333333
586,oracle,3,-255,6344.16666666667,3,0,0,6344.16666666667
586,oracle,3,-255,6344.16666666667,3,1,0.142857142857143,-679.666666666667
586,oracle,3,-255,6344.16666666667,3,2,0.285714285714286,-681.333333333333
586,oracle,3,-255,6344.16666666667,3,3,0.428571428571429,-681.333333333333
586,oracle,3,-255,6344.16666666667,3,4,0.571428571428571,-681.333333333333
586,oracle,3,-255,6344.16666666667,3,5,0.714285714285714,-681.333333333333
586,oracle,3,-255,6344.16666666667,3,6,0.857142857142857,-681.333333333333
586,oracle,3,-255,6344.16666666667,3,7,1,-681.333333333333
586,oracle,3,-255,6344.16666666667,3,8,1.14285714285714,-681.333333333333
586,oracle,3,-255,6344.16666666667,3,9,1.28571428571429,-681.333333333333
586,oracle,3,-255,6344.16666666667,3,10,1.42857142857143,-681.333333333333
586,oracle,3,-255,6344.16666666667,3,11,1.57142857142857,-681.333333333333
586,oracle,3,-255,6344.16666666667,3,12,1.71428571428571,-681.333333333333
586,oracle,3,-255,6344.16666666667,3,13,1.85714285714286,-681.333333333333
586,oracle,3,-255,6344.16666666667,3,14,2,-681.333333333333
586,oracle,3,-255,6344.16666666667,3,15,2.14285714285714,-681.333333333333
586,oracle,3,-255,6344.16666666667,3,16,2.28571428571429,-681.333333333333
586,oracle,3,-255,6344.16666666667,3,17,2.42857142857143,-681.333333333333
586,oracle,3,-255,6344.16666666667,3,18,2.57142857142857,-681.333333333333
586,oracle,3,-255,6344.16666666667,3,19,2.71428571428571,-681.333333333333
586,oracle,3,-255,6344.16666666667,3,20,2.85714285714286,-681.333333333333
586,oracle,3,-255,6344.16666666667,3,21,3,-681.333333333333
587,oracle,3,-255,7795,0.2,0,0,7795
587,oracle,3,-255,7795,0.2,1,0.2,-681.333333333333
588,oracle,3,-255,7795,3,0,0,7795
588,oracle,3,-255,7795,3,1,0.142857142857143,-246.666666666667
588,oracle,3,-255,7795,3,2,0.285714285714286,-681.333333333333
588,oracle,3,-255,7795,3,3,0.428571428571429,-681.333333333333
588,oracle,3,-255,7795,3,4,0.571428571428571,-681.333333333333
588,oracle,3,-255,7795,3,5,0.714285714285714,-681.333333333333
588,oracle,3,-255,7795,3,6,0.857142857142857,-681.333333333333
588,oracle,3,-255,7795,3,7,1,-681.333333333333
588,oracle,3,-255,7795,3,8,1.14285714285714,-681.333333333333
588,oracle,3,-255,7795,3,9,1.28571428571429,-681.333333333333
588,oracle,3,-255,7795,3,10,1.42857142857143,-681.333333333333
588,oracle,3,-255,7795,3,11,1.57142857142857,-681.333333333333
588,oracle,3,-255,7795,3,12,1.71428571428571,-681.333333333333
588,oracle,3,-255,7795,3,13,1.85714285714286,-681.333333333333
588,oracle,3,-255,7795,3,14,2,-681.333333333333
588,oracle,3,-255,7795,3,15,2.14285714285714,-681.333333333333
588,oracle,3,-255,7795,3,16,2.28571428571429,-681.333333333333
588,oracle,3,-255,7795,3,17,2.42857142857143,-681.333333333333
588,oracle,3,-255,7795,3,18,2.57142857142857,-681.333333333333
588,oracle,3,-255,7795,3,19,2.71428571428571,-681.333333333333
588,oracle,3,-255,7795,3,20,2.85714285714286,-681.333333333333
588,oracle,3,-255,7795,3,21,3,-681.333333333333
589,oracle,4,64,0,0.2,0,0,0
589,oracle,4,64,0,0.2,1,0.2,3117.33333333333
590,oracle,4,64,0,3,0,0,0
590,oracle,4,64,0,3,1,0.142857142857143,2359
590,oracle,4,64,0,3,2,0.285714285714286,3884.66666666667
590,oracle,4,64,0,3,3,0.428571428571429,4915
590,oracle,4,64,0,3,4,0.571428571428571,5648.66666666667
590,oracle,4,64,0,3,5,0.714285714285714,5723
590,oracle,4,64,0,3,6,0.857142857142857,5723
590,oracle,4,64,0,3,7,1,5723
590,oracle,4,64,0,3,8,1.14285714285714,5919
590,oracle,4,64,0,3,9,1.28571428571429,6024.33333333333
590,oracle,4,64,0,3,10,1.42857142857143,6024.33333333333
590,oracle,4,64,0,3,11,1.57142857142857,6024.33333333333
590,oracle,4,64,0,3,12,1.71428571428571,6024.33333333333
590,oracle,4,64,0,3,13,1.85714285714286,6024.33333333333
590,oracle,4,64,0,3,14,2,6024.33333333333
590,oracle,4,64,0,3,15,2.14285714285714,6024.33333333333
590,oracle,4,64,0,3,16,2.28571428571429,6024.33333333333
590,oracle,4,64,0,3,17,2.42857142857143,6024.33333333333
590,oracle,4,64,0,3,18,2.57142857142857,6024.33333333333
590,oracle,4,64,0,3,19,2.71428571428571,6024.33333333333
590,oracle,4,64,0,3,20,2.85714285714286,6024.33333333333
590,oracle,4,64,0,3,21,3,6024.33333333333
591,oracle,4,64,1008.33333333333,0.2,0,0,1008.33333333333
591,oracle,4,64,1008.33333333333,0.2,1,0.2,3758
592,oracle,4,64,1008.33333333333,3,0,0,1008.33333333333
592,oracle,4,64,1008.33333333333,3,1,0.142857142857143,3237
592,oracle,4,64,1008.33333333333,3,2,0.285714285714286,4321
592,oracle,4,64,1008.33333333333,3,3,0.428571428571429,5239
592,oracle,4,64,1008.33333333333,3,4,0.571428571428571,5721
592,oracle,4,64,1008.33333333333,3,5,0.714285714285714,5723
592,oracle,4,64,1008.33333333333,3,6,0.857142857142857,5723
592,oracle,4,64,1008.33333333333,3,7,1,5723
592,oracle,4,64,1008.33333333333,3,8,1.14285714285714,6024.33333333333
592,oracle,4,64,1008.33333333333,3,9,1.28571428571429,6024.33333333333
592,oracle,4,64,1008.33333333333,3,10,1.42857142857143,6024.33333333333
592,oracle,4,64,1008.33333333333,3,11,1.57142857142857,6024.33333333333
592,oracle,4,64,1008.33333333333,3,12,1.71428571428571,6024.33333333333
592,oracle,4,64,1008.33333333333,3,13,1.85714285714286,6024.33333333333
592,oracle,4,64,1008.33333333333,3,14,2,6024.33333333333
592,oracle,4,64,1008.33333333333,3,15,2.14285714285714,6024.33333333333
592,oracle,4,64,1008.33333333333,3,16,2.28571428571429,6024.33333333333
592,oracle,4,64,1008.33333333333,3,17,2.42857142857143,6024.33333333333
592,oracle,4,64,1008.33333333333,3,18,2.57142857142857,6024.33333333333
592,oracle,4,64,1008.33333333333,3,19,2.71428571428571,6024.33333333333
592,oracle,4,64,1008.33333333333,3,20,2.85714285714286,6024.33333333333
592,oracle,4,64,1008.33333333333,3,21,3,6024.33333333333
593,oracle,4,64,2016.66666666667,0.2,0,0,2016.66666666667
593,oracle,4,64,2016.66666666667,0.2,1,0.2,4100.33333333333
594,oracle,4,64,2016.66666666667,3,0,0,2016.66666666667
594,oracle,4,64,2016.66666666667,3,1,0.142857142857143,3735.33333333333
594,oracle,4,64,2016.66666666667,3,2,0.285714285714286,4772.66666666667
594,oracle,4,64,2016.66666666667,3,3,0.428571428571429,5551.33333333333
594,oracle,4,64,2016.66666666667,3,4,0.571428571428571,5723
594,oracle,4,64,2016.66666666667,3,5,0.714285714285714,5723
594,oracle,4,64,2016.66666666667,3,6,0.857142857142857,5723
594,oracle,4,64,2016.66666666667,3,7,1,5823.33333333333
594,oracle,4,64,2016.66666666667,3,8,1.14285714285714,6024.33333333333
594,oracle,4,64,2016.66666666667,3,9,1.28571428571429,6024.33333333333
594,oracle,4,64,2016.66666666667,3,10,1.42857142857143,6024.33333333333
594,oracle,4,64,2016.66666666667,3,11,1.57142857142857,6024.33333333333
594,oracle,4,64,2016.66666666667,3,12,1.71428571428571,6024.33333333333
594,oracle,4,64,2016.66666666667,3,13,1.85714285714286,6024.33333333333
594,oracle,4,64,2016.66666666667,3,14,2,6024.33333333333
594,oracle,4,64,2016.66666666667,3,15,2.14285714285714,6024.33333333333
594,oracle,4,64,2016.66666666667,3,16,2.28571428571429,6024.33333333333
594,oracle,4,64,2016.66666666667,3,17,2.42857142857143,6024.33333333333
594,oracle,4,64,2016.66666666667,3,18,2.57142857142857,6024.33333333333
594,oracle,4,64,2016.66666666667,3,19,2.71428571428571,6024.33333333333
594,oracle,4,64,2016.66666666667,3,20,2.85714285714286,6024.33333333333
594,oracle,4,64,2016.66666666667,3,21,3,6024.33333333333
595,oracle,4,64,3025,0.2,0,0,3025
595,oracle,4,64,3025,0.2,1,0.2,4649.33333333333
596,oracle,4,64,3025,3,0,0,3025
596,oracle,4,64,3025,3,1,0.142857142857143,4175
596,oracle,4,64,3025,3,2,0.285714285714286,5162.33333333333
596,oracle,4,64,3025,3,3,0.428571428571429,5714
596,oracle,4,64,3025,3,4,0.571428571428571,5723
596,oracle,4,64,3025,3,5,0.714285714285714,5723
596,oracle,4,64,3025,3,6,0.857142857142857,5723
596,oracle,4,64,3025,3,7,1,6024.33333333333
596,oracle,4,64,3025,3,8,1.14285714285714,6024.33333333333
596,oracle,4,64,3025,3,9,1.28571428571429,6024.33333333333
596,oracle,4,64,3025,3,10,1.42857142857143,6024.33333333333
596,oracle,4,64,3025,3,11,1.57142857142857,6024.33333333333
596,oracle,4,64,3025,3,12,1.71428571428571,6024.33333333333
596,oracle,4,64,3025,3,13,1.85714285714286,6024.33333333333
596,oracle,4,64,3025,3,14,2,6024.33333333333
596,oracle,4,64,3025,3,15,2.14285714285714,6024.33333333333
596,oracle,4,64,3025,3,16,2.28571428571429,6024.33333333333
596,oracle,4,64,3025,3,17,2.42857142857143,6024.33333333333
596,oracle,4,64,3025,3,18,2.57142857142857,6024.33333333333
596,oracle,4,64,3025,3,19,2.71428571428571,6024.33333333333
596,oracle,4,64,3025,3,20,2.85714285714286,6024.33333333333
596,oracle,4,64,3025,3,21,3,6024.33333333333
597,oracle,4,64,4033.33333333333,0.2,0,0,4033.33333333333
597,oracle,4,64,4033.33333333333,0.2,1,0.2,5306.66666666667
598,oracle,4,64,4033.33333333333,3,0,0,4033.33333333333
598,oracle,4,64,4033.33333333333,3,1,0.142857142857143,5056.33333333333
598,oracle,4,64,4033.33333333333,3,2,0.285714285714286,5712.33333333333
598,oracle,4,64,4033.33333333333,3,3,0.428571428571429,5723
598,oracle,4,64,4033.33333333333,3,4,0.571428571428571,5723
598,oracle,4,64,4033.33333333333,3,5,0.714285714285714,5723
598,oracle,4,64,4033.33333333333,3,6,0.857142857142857,6024.33333333333
598,oracle,4,64,4033.33333333333,3,7,1,6024.33333333333
598,oracle,4,64,4033.33333333333,3,8,1.14285714285714,6024.33333333333
598,oracle,4,64,4033.33333333333,3,9,1.28571428571429,6024.33333333333
598,oracle,4,64,4033.33333333333,3,10,1.42857142857143,6024.33333333333
598,oracle,4,64,4033.33333333333,3,11,1.57142857142857,6024.33333333333
598,oracle,4,64,4033.33333333333,3,12,1.71428571428571,6024.33333333333
598,oracle,4,64,4033.33333333333,3,13,1.85714285714286,6024.33333333333
598,oracle,4,64,4033.33333333333,3,14,2,6024.33333333333
598,oracle,4,64,4033.33333333333,3,15,2.14285714285714,6024.33333333333
598,oracle,4,64,4033.33333333333,3,16,2.28571428571429,6024.33333333333
598,oracle,4,64,4033.33333333333,3,17,2.42857142857143,6024.33333333333
598,oracle,4,64,4033.33333333333,3,18,2.57142857142857,6024.33333333333
598,oracle,4,64,4033.33333333333,3,19,2.71428571428571,6024.33333333333
598,oracle,4,64,4033.33333333333,3,20,2.85714285714286,6024.33333333333
598,oracle,4,64,4033.33333333333,3,21,3,6024.33333333333
599,oracle,4,64,5041.66666666667,0.2,0,0,5041.66666666667
599,oracle,4,64,5041.66666666667,0.2,1,0.2,5723
600,oracle,4,64,5041.66666666667,3,0,0,5041.66666666667
600,oracle,4,64,5041.66666666667,3,1,0.142857142857143,5711.33333333333
600,oracle,4,64,5041.66666666667,3,2,0.285714285714286,5723
600,oracle,4,64,5041.66666666667,3,3,0.428571428571429,5723
600,oracle,4,64,5041.66666666667,3,4,0.571428571428571,5723
600,oracle,4,64,5041.66666666667,3,5,0.714285714285714,6024.33333333333
600,oracle,4,64,5041.66666666667,3,6,0.857142857142857,6024.33333333333
600,oracle,4,64,5041.66666666667,3,7,1,6024.33333333333
600,oracle,4,64,5041.66666666667,3,8,1.14285714285714,6024.33333333333
600,oracle,4,64,5041.66666666667,3,9,1.28571428571429,6024.33333333333
600,oracle,4,64,5041.66666666667,3,10,1.42857142857143,6024.33333333333
600,oracle,4,64,5041.66666666667,3,11,1.57142857142857,6024.33333333333
600,oracle,4,64,5041.66666666667,3,12,1.71428571428571,6024.33333333333
600,oracle,4,64,5041.66666666667,3,13,1.85714285714286,6024.33333333333
600,oracle,4,64,5041.66666666667,3,14,2,6024.33333333333
600,oracle,4,64,5041.66666666667,3,15,2.14285714285714,6024.33333333333
600,oracle,4,64,5041.66666666667,3,16,2.28571428571429,6024.33333333333
600,oracle,4,64,5041.66666666667,3,17,2.42857142857143,6024.33333333333
600,oracle,4,64,5041.66666666667,3,18,2.57142857142857,6024.33333333333
600,oracle,4,64,5041.66666666667,3,19,2.71428571428571,6024.33333333333
600,oracle,4,64,5041.66666666667,3,20,2.85714285714286,6024.33333333333
600,oracle,4,64,5041.66666666667,3,21,3,6024.33333333333
601,oracle,4,64,6050,0.2,0,0,6050
601,oracle,4,64,6050,0.2,1,0.2,6050
602,oracle,4,64,6050,3,0,0,6050
602,oracle,4,64,6050,3,1,0.142857142857143,6050
602,oracle,4,64,6050,3,2,0.285714285714286,6050
602,oracle,4,64,6050,3,3,0.428571428571429,6050
602,oracle,4,64,6050,3,4,0.571428571428571,6050
602,oracle,4,64,6050,3,5,0.714285714285714,6050
602,oracle,4,64,6050,3,6,0.857142857142857,6050
602,oracle,4,64,6050,3,7,1,6050
602,oracle,4,64,6050,3,8,1.14285714285714,6050
602,oracle,4,64,6050,3,9,1.28571428571429,6050
602,oracle,4,64,6050,3,10,1.42857142857143,6050
602,oracle,4,64,6050,3,11,1.57142857142857,6050
602,oracle,4,64,6050,3,12,1.71428571428571,6050
602,oracle,4,64,6050,3,13,1.85714285714286,6050
602,oracle,4,64,6050,3,14,2,6050
602,oracle,4,64,6050,3,15,2.14285714285714,6050
602,oracle,4,64,6050,3,16,2.28571428571429,6050
602,oracle,4,64,6050,3,17,2.42857142857143,6050
602,oracle,4,64,6050,3,18,2.57142857142857,6050
602,oracle,4,64,6050,3,19,2.71428571428571,6050
602,oracle,4,64,6050,3,20,2.85714285714286,6050
602,oracle,4,64,6050,3,21,3,6050
603,oracle,4,-64,-90,0.2,0,0,-90
603,oracle,4,-64,-90,0.2,1,0.2,-90
604,oracle,4,-64,-90,3,0,0,-90
604,oracle,4,-64,-90,3,1,0.142857142857143,-90
604,oracle,4,-64,-90,3,2,0.285714285714286,-90
604,oracle,4,-64,-90,3,3,0.428571428571429,-90
604,oracle,4,-64,-90,3,4,0.571428571428571,-90
604,oracle,4,-64,-90,3,5,0.714285714285714,-90
604,oracle,4,-64,-90,3,6,0.857142857142857,-90
604,oracle,4,-64,-90,3,7,1,-90
604,oracle,4,-64,-90,3,8,1.14285714285714,-90
604,oracle,4,-64,-90,3,9,1.28571428571429,-90
604,oracle,4,-64,-90,3,10,1.42857142857143,-90
604,oracle,4,-64,-90,3,11,1.57142857142857,-90
604,oracle,4,-64,-90,3,12,1.71428571428571,-90
604,oracle,4,-64,-90,3,13,1.85714285714286,-90
604,oracle,4,-64,-90,3,14,2,-90
604,oracle,4,-64,-90,3,15,2.14285714285714,-90
604,oracle,4,-64,-90,3,16,2.28571428571429,-90
604,oracle,4,-64,-90,3,17,2.42857142857143,-90
604,oracle,4,-64,-90,3,18,2.57142857142857,-90
604,oracle,4,-64,-90,3,19,2.71428571428571,-90
604,oracle,4,-64,-90,3,20,2.85714285714286,-90
604,oracle,4,-64,-90,3,21,3,-90
605,oracle,4,-64,933.333333333333,0.2,0,0,933.333333333333
605,oracle,4,-64,933.333333333333,0.2,1,0.2,-65.6666666666667
606,oracle,4,-64,933.333333333333,3,0,0,933.333333333333
606,oracle,4,-64,933.333333333333,3,1,0.142857142857143,-65.6666666666667
606,oracle,4,-64,933.333333333333,3,2,0.285714285714286,-65.6666666666667
606,oracle,4,-64,933.333333333333,3,3,0.428571428571429,-65.6666666666667
606,oracle,4,-64,933.333333333333,3,4,0.571428571428571,-65.6666666666667
606,oracle,4,-64,933.333333333333,3,5,0.714285714285714,-65.6666666666667
606,oracle,4,-64,933.333333333333,3,6,0.857142857142857,-65.6666666666667
606,oracle,4,-64,933.333333333333,3,7,1,-65.6666666666667
606,oracle,4,-64,933.333333333333,3,8,1.14285714285714,-65.6666666666667
606,oracle,4,-64,933.333333333333,3,9,1.28571428571429,-65.6666666666667
606,oracle,4,-64,933.333333333333,3,10,1.42857142857143,-65.6666666666667
606,oracle,4,-64,933.333333333333,3,11,1.57142857142857,-65.6666666666667
606,oracle,4,-64,933.333333333333,3,12,1.71428571428571,-65.6666666666667
606,oracle,4,-64,933.333333333333,3,13,1.85714285714286,-65.6666666666667
606,oracle,4,-64,933.333333333333,3,14,2,-65.6666666666667
606,oracle,4,-64,933.333333333333,3,15,2.14285714285714,-65.6666666666667
606,oracle,4,-64,933.333333333333,3,16,2.28571428571429,-65.6666666666667
606,oracle,4,-64,933.333333333333,3,17,2.42857142857143,-65.6666666666667
606,oracle,4,-64,933.333333333333,3,18,2.57142857142857,-65.6666666666667
606,oracle,4,-64,933.333333333333,3,19,2.71428571428571,-65.6666666666667
606,oracle,4,-64,933.333333333333,3,20,2.85714285714286,-65.6666666666667
606,oracle,4,-64,933.333333333333,3,21,3,-65.6666666666667
607,oracle,4,-64,1956.66666666667,0.2,0,0,1956.66666666667
607,oracle,4,-64,1956.66666666667,0.2,1,0.2,-65.6666666666667
608,oracle,4,-64,1956.66666666667,3,0,0,1956.66666666667
608,oracle,4,-64,1956.66666666667,3,1,0.142857142857143,166.333333333333
608,oracle,4,-64,1956.66666666667,3,2,0.285714285714286,-65.6666666666667
608,oracle,4,-64,1956.66666666667,3,3,0.428571428571429,-65.6666666666667
608,oracle,4,-64,1956.66666666667,3,4,0.571428571428571,-65.6666666666667
608,oracle,4,-64,1956.66666666667,3,5,0.714285714285714,-65.6666666666667
608,oracle,4,-64,1956.66666666667,3,6,0.857142857142857,-65.6666666666667
608,oracle,4,-64,1956.66666666667,3,7,1,-65.6666666666667
608,oracle,4,-64,1956.66666666667,3,8,1.14285714285714,-65.6666666666667
608,oracle,4,-64,1956.66666666667,3,9,1.28571428571429,-65.6666666666667
608,oracle,4,-64,1956.66666666667,3,10,1.42857142857143,-65.6666666666667
608,oracle,4,-64,1956.66666666667,3,11,1.57142857142857,-65.6666666666667
608,oracle,4,-64,1956.66666666667,3,12,1.71428571428571,-65.6666666666667
608,oracle,4,-64,1956.66666666667,3,13,1.85714285714286,-65.6666666666667
608,oracle,4,-64,1956.66666666667,3,14,2,-65.6666666666667
608,oracle,4,-64,1956.66666666667,3,15,2.14285714285714,-65.6666666666667
608,oracle,4,-64,1956.66666666667,3,16,2.28571428571429,-65.6666666666667
608,oracle,4,-64,1956.66666666667,3,17,2.42857142857143,-65.6666666666667
608,oracle,4,-64,1956.66666666667,3,18,2.57142857142857,-65.6666666666667
608,oracle,4,-64,1956.66666666667,3,19,2.71428571428571,-65.6666666666667
608,oracle,4,-64,1956.66666666667,3,20,2.85714285714286,-65.6666666666667
608,oracle,4,-64,1956.66666666667,3,21,3,-65.6666666666667
609,oracle,4,-64,2980,0.2,0,0,2980
609,oracle,4,-64,2980,0.2,1,0.2,171.333333333333
610,oracle,4,-64,2980,3,0,0,2980
610,oracle,4,-64,2980,3,1,0.142857142857143,568.666666666667
610,oracle,4,-64,2980,3,2,0.285714285714286,-65.6666666666667
610,oracle,4,-64,2980,3,3,0.428571428571429,-65.6666666666667
610,oracle,4,-64,2980,3,4,0.571428571428571,-65.6666666666667
610,oracle,4,-64,2980,3,5,0.714285714285714,-65.6666666666667
610,oracle,4,-64,2980,3,6,0.857142857142857,-65.6666666666667
610,oracle,4,-64,2980,3,7,1,-65.6666666666667
610,oracle,4,-64,2980,3,8,1.14285714285714,-65.6666666666667
610,oracle,4,-64,2980,3,9,1.28571428571429,-65.6666666666667
610,oracle,4,-64,2980,3,10,1.42857142857143,-65.6666666666667
610,oracle,4,-64,2980,3,11,1.57142857142857,-65.6666666666667
610,oracle,4,-64,2980,3,12,1.71428571428571,-65.6666666666667
610,oracle,4,-64,2980,3,13,1.85714285714286,-65.6666666666667
610,oracle,4,-64,2980,3,14,2,-65.6666666666667
610,oracle,4,-64,2980,3,15,2.14285714285714,-65.6666666666667
610,oracle,4,-64,2980,3,16,2.28571428571429,-65.6666666666667
610,oracle,4,-64,2980,3,17,2.42857142857143,-65.6666666666667
610,oracle,4,-64,2980,3,18,2.57142857142857,-65.6666666666667
610,oracle,4,-64,2980,3,19,2.71428571428571,-65.6666666666667
610,oracle,4,-64,2980,3,20,2.85714285714286,-65.6666666666667
610,oracle,4,-64,2980,3,21,3,-65.6666666666667
611,oracle,4,-64,4003.33333333333,0.2,0,0,4003.33333333333
611,oracle,4,-64,4003.33333333333,0.2,1,0.2,602
612,oracle,4,-64,4003.33333333333,3,0,0,4003.33333333333
612,oracle,4,-64,4003.33333333333,3,1,0.142857142857143,1506.66666666667
612,oracle,4,-64,4003.33333333333,3,2,0.285714285714286,32
612,oracle,4,-64,4003.33333333333,3,3,0.428571428571429,-65.6666666666667
612,oracle,4,-64,4003.33333333333,3,4,0.571428571428571,-65.6666666666667
612,oracle,4,-64,4003.33333333333,3,5,0.714285714285714,-65.6666666666667
612,oracle,4,-64,4003.33333333333,3,6,0.857142857142857,-65.6666666666667
612,oracle,4,-64,4003.33333333333,3,7,1,-65.6666666666667
612,oracle,4,-64,4003.33333333333,3,8,1.14285714285714,-65.6666666666667
612,oracle,4,-64,4003.33333333333,3,9,1.28571428571429,-65.6666666666667
612,oracle,4,-64,4003.33333333333,3,10,1.42857142857143,-65.6666666666667
612,oracle,4,-64,4003.33333333333,3,11,1.57142857142857,-65.6666666666667
612,oracle,4,-64,4003.33333333333,3,12,1.71428571428571,-65.6666666666667
612,oracle,4,-64,4003.33333333333,3,13,1.85714285714286,-65.6666666666667
612,oracle,4,-64,4003.33333333333,3,14,2,-65.6666666666667
612,oracle,4,-64,4003.33333333333,3,15,2.14285714285714,-65.6666666666667
612,oracle,4,-64,4003.33333333333,3,16,2.28571428571429,-65.6666666666667
612,oracle,4,-64,4003.33333333333,3,17,2.42857142857143,-65.6666666666667
612,oracle,4,-64,4003.33333333333,3,18,2.57142857142857,-65.6666666666667
612,oracle,4,-64,4003.33333333333,3,19,2.71428571428571,-65.6666666666667
612,oracle,4,-64,4003.33333333333,3,20,2.85714285714286,-65.6666666666667
612,oracle,4,-64,4003.33333333333,3,21,3,-65.6666666666667
613,oracle,4,-64,5026.66666666667,0.2,0,0,5026.66666666667
613,oracle,4,-64,5026.66666666667,0.2,1,0.2,1595.33333333333
614,oracle,4,-64,5026.66666666667,3,0,0,5026.66666666667
614,oracle,4,-64,5026.66666666667,3,1,0.142857142857143,2596
614,oracle,4,-64,5026.66666666667,3,2,0.285714285714286,364
614,oracle,4,-64,5026.66666666667,3,3,0.428571428571429,-65.6666666666667
614,oracle,4,-64,5026.66666666667,3,4,0.571428571428571,-65.6666666666667
614,oracle,4,-64,5026.66666666667,3,5,0.714285714285714,-65.6666666666667
614,oracle,4,-64,5026.66666666667,3,6,0.857142857142857,-65.6666666666667
614,oracle,4,-64,5026.66666666667,3,7,1,-65.6666666666667
614,oracle,4,-64,5026.66666666667,3,8,1.14285714285714,-65.6666666666667
614,oracle,4,-64,5026.66666666667,3,9,1.28571428571429,-65.6666666666667
614,oracle,4,-64,5026.66666666667,3,10,1.42857142857143,-65.6666666666667
614,oracle,4,-64,5026.66666666667,3,11,1.57142857142857,-65.6666666666667
614,oracle,4,-64,5026.66666666667,3,12,1.71428571428571,-65.6666666666667
614,oracle,4,-64,5026.66666666667,3,13,1.85714285714286,-65.6666666666667
614,oracle,4,-64,5026.66666666667,3,14,2,-65.6666666666667
614,oracle,4,-64,5026.66666666667,3,15,2.14285714285714,-65.6666666666667
614,oracle,4,-64,5026.66666666667,3,16,2.28571428571429,-65.6666666666667
614,oracle,4,-64,5026.66666666667,3,17,2.42857142857143,-65.6666666666667
614,oracle,4,-64,5026.66666666667,3,18,2.57142857142857,-65.6666666666667
614,oracle,4,-64,5026.66666666667,3,19,2.71428571428571,-65.6666666666667
614,oracle,4,-64,5026.66666666667,3,20,2.85714285714286,-65.6666666666667
614,oracle,4,-64,5026.66666666667,3,21,3,-65.6666666666667
615,oracle,4,-64,6050,0.2,0,0,6050
615,oracle,4,-64,6050,0.2,1,0.2,2976.33333333333
616,oracle,4,-64,6050,3,0,0,6050
616,oracle,4,-64,6050,3,1,0.142857142857143,3936.66666666667
616,oracle,4,-64,6050,3,2,0.285714285714286,1453.66666666667
616,oracle,4,-64,6050,3,3,0.428571428571429,16.3333333333333
616,oracle,4,-64,6050,3,4,0.571428571428571,-65.6666666666667
616,oracle,4,-64,6050,3,5,0.714285714285714,-65.6666666666667
616,oracle,4,-64,6050,3,6,0.857142857142857,-65.6666666666667
616,oracle,4,-64,6050,3,7,1,-65.6666666666667
616,oracle,4,-64,6050,3,8,1.14285714285714,-65.6666666666667
616,oracle,4,-64,6050,3,9,1.28571428571429,-65.6666666666667
616,oracle,4,-64,6050,3,10,1.42857142857143,-65.6666666666667
616,oracle,4,-64,6050,3,11,1.57142857142857,-65.6666666666667
616,oracle,4,-64,6050,3,12,1.71428571428571,-65.6666666666667
616,oracle,4,-64,6050,3,13,1.85714285714286,-65.6666666666667
616,oracle,4,-64,6050,3,14,2,-65.6666666666667
616,oracle,4,-64,6050,3,15,2.14285714285714,-65.6666666666667
616,oracle,4,-64,6050,3,16,2.28571428571429,-65.6666666666667
616,oracle,4,-64,6050,3,17,2.42857142857143,-65.6666666666667
616,oracle,4,-64,6050,3,18,2.57142857142857,-65.6666666666667
616,oracle,4,-64,6050,3,19,2.71428571428571,-65.6666666666667
616,oracle,4,-64,6050,3,20,2.85714285714286,-65.6666666666667
616,oracle,4,-64,6050,3,21,3,-65.6666666666667
617,oracle,4,96,0,0.2,0,0,0
617,oracle,4,96,0,0.2,1,0.2,4761.5
618,oracle,4,96,0,3,0,0,0
618,oracle,4,96,0,3,1,0.142857142857143,3754
618,oracle,4,96,0,3,2,0.285714285714286,6049.75
618,oracle,4,96,0,3,3,0.428571428571429,6049.75
618,oracle,4,96,0,3,4,0.571428571428571,6049.75
618,oracle,4,96,0,3,5,0.714285714285714,6049.75
618,oracle,4,96,0,3,6,0.857142857142857,6049.75
618,oracle,4,96,0,3,7,1,6049.75
618,oracle,4,96,0,3,8,1.14285714285714,6049.75
618,oracle,4,96,0,3,9,1.28571428571429,6049.75
618,oracle,4,96,0,3,10,1.42857142857143,6049.75
618,oracle,4,96,0,3,11,1.57142857142857,6049.75
618,oracle,4,96,0,3,12,1.71428571428571,6049.75
618,oracle,4,96,0,3,13,1.85714285714286,6049.75
618,oracle,4,96,0,3,14,2,6049.75
618,oracle,4,96,0,3,15,2.14285714285714,6049.75
618,oracle,4,96,0,3,16,2.28571428571429,6049.75
618,oracle,4,96,0,3,17,2.42857142857143,6049.75
618,oracle,4,96,0,3,18,2.57142857142857,6049.75
618,oracle,4,96,0,3,19,2.71428571428571,6049.75
618,oracle,4,96,0,3,20,2.85714285714286,6049.75
618,oracle,4,96,0,3,21,3,6049.75
619,oracle,4,96,1015.83333333333,0.2,0,0,1015.83333333333
619,oracle,4,96,1015.83333333333,0.2,1,0.2,5677.75
620,oracle,4,96,1015.83333333333,3,0,0,1015.83333333333
620,oracle,4,96,1015.83333333333,3,1,0.142857142857143,4537
620,oracle,4,96,1015.83333333333,3,2,0.285714285714286,6049.75
620,oracle,4,96,1015.83333333333,3,3,0.428571428571429,6049.75
620,oracle,4,96,1015.83333333333,3,4,0.571428571428571,6049.75
620,oracle,4,96,1015.83333333333,3,5,0.714285714285714,6049.75
620,oracle,4,96,1015.83333333333,3,6,0.857142857142857,6049.75
620,oracle,4,96,1015.83333333333,3,7,1,6049.75
620,oracle,4,96,1015.83333333333,3,8,1.14285714285714,6049.75
620,oracle,4,96,1015.83333333333,3,9,1.28571428571429,6049.75
620,oracle,4,96,1015.83333333333,3,10,1.42857142857143,6049.75
620,oracle,4,96,1015.83333333333,3,11,1.57142857142857,6049.75
620,oracle,4,96,1015.83333333333,3,12,1.71428571428571,6049.75
620,oracle,4,96,1015.83333333333,3,13,1.85714285714286,6049.75
620,oracle,4,96,1015.83333333333,3,14,2,6049.75
620,oracle,4,96,1015.83333333333,3,15,2.14285714285714,6049.75
620,oracle,4,96,1015.83333333333,3,16,2.28571428571429,6049.75
620,oracle,4,96,1015.83333333333,3,17,2.42857142857143,6049.75
620,oracle,4,96,1015.83333333333,3,18,2.57142857142857,6049.75
620,oracle,4,96,1015.83333333333,3,19,2.71428571428571,6049.75
620,oracle,4,96,1015.83333333333,3,20,2.85714285714286,6049.75
620,oracle,4,96,1015.83333333333,3,21,3,6049.75
621,oracle,4,96,2031.66666666667,0.2,0,0,2031.66666666667
621,oracle,4,96,2031.66666666667,0.2,1,0.2,6049.75
622,oracle,4,96,2031.66666666667,3,0,0,2031.66666666667
622,oracle,4,96,2031.66666666667,3,1,0.142857142857143,5259.5
622,oracle,4,96,2031.66666666667,3,2,0.285714285714286,6049.75
622,oracle,4,96,2031.66666666667,3,3,0.428571428571429,6049.75
622,oracle,4,96,2031.66666666667,3,4,0.571428571428571,6049.75
622,oracle,4,96,2031.66666666667,3,5,0.714285714285714,6049.75
622,oracle,4,96,2031.66666666667,3,6,0.857142857142857,6049.75
622,oracle,4,96,2031.66666666667,3,7,1,6049.75
622,oracle,4,96,2031.66666666667,3,8,1.14285714285714,6049.75
622,oracle,4,96,2031.66666666667,3,9,1.28571428571429,6049.75
622,oracle,4,96,2031.66666666667,3,10,1.42857142857143,6049.75
622,oracle,4,96,2031.66666666667,3,11,1.57142857142857,6049.75
622,oracle,4,96,2031.66666666667,3,12,1.71428571428571,6049.75
622,oracle,4,96,2031.66666666667,3,13,1.85714285714286,6049.75
622,oracle,4,96,2031.66666666667,3,14,2,6049.75
622,oracle,4,96,2031.66666666667,3,15,2.14285714285714,6049.75
622,oracle,4,96,2031.66666666667,3,16,2.28571428571429,6049.75
622,oracle,4,96,2031.66666666667,3,17,2.42857142857143,6049.75
622,oracle,4,96,2031.66666666667,3,18,2.57142857142857,6049.75
622,oracle,4,96,2031.66666666667,3,19,2.71428571428571,6049.75
622,oracle,4,96,2031.66666666667,3,20,2.85714285714286,6049.75
622,oracle,4,96,2031.66666666667,3,21,3,6049.75
623,oracle,4,96,3047.5,0.2,0,0,3047.5
623,oracle,4,96,3047.5,0.2,1,0.2,6049.75
624,oracle,4,96,3047.5,3,0,0,3047.5
624,oracle,4,96,3047.5,3,1,0.142857142857143,5841.25
624,oracle,4,96,3047.5,3,2,0.285714285714286,6049.75
624,oracle,4,96,3047.5,3,3,0.428571428571429,6049.75
624,oracle,4,96,3047.5,3,4,0.571428571428571,6049.75
624,oracle,4,96,3047.5,3,5,0.714285714285714,6049.75
624,oracle,4,96,3047.5,3,6,0.857142857142857,6049.75
624,oracle,4,96,3047.5,3,7,1,6049.75
624,oracle,4,96,3047.5,3,8,1.14285714285714,6049.75
624,oracle,4,96,3047.5,3,9,1.28571428571429,6049.75
624,oracle,4,96,3047.5,3,10,1.42857142857143,6049.75
624,oracle,4,96,3047.5,3,11,1.57142857142857,6049.75
624,oracle,4,96,3047.5,3,12,1.71428571428571,6049.75
624,oracle,4,96,3047.5,3,13,1.85714285714286,6049.75
624,oracle,4,96,3047.5,3,14,2,6049.75
624,oracle,4,96,3047.5,3,15,2.14285714285714,6049.75
624,oracle,4,96,3047.5,3,16,2.28571428571429,6049.75
624,oracle,4,96,3047.5,3,17,2.42857142857143,6049.75
624,oracle,4,96,3047.5,3,18,2.57142857142857,6049.75
624,oracle,4,96,3047.5,3,19,2.71428571428571,6049.75
624,oracle,4,96,3047.5,3,20,2.85714285714286,6049.75
624,oracle,4,96,3047.5,3,21,3,6049.75
625,oracle,4,96,4063.33333333333,0.2,0,0,4063.33333333333
625,oracle,4,96,4063.33333333333,0.2,1,0.2,6049.75
626,oracle,4,96,4063.33333333333,3,0,0,4063.33333333333
626,oracle,4,96,4063.33333333333,3,1,0.142857142857143,6049.75
626,oracle,4,96,4063.33333333333,3,2,0.285714285714286,6049.75
626,oracle,4,96,4063.33333333333,3,3,0.428571428571429,6049.75
626,oracle,4,96,4063.33333333333,3,4,0.571428571428571,6049.75
626,oracle,4,96,4063.33333333333,3,5,0.714285714285714,6049.75
626,oracle,4,96,4063.33333333333,3,6,0.857142857142857,6049.75
626,oracle,4,96,4063.33333333333,3,7,1,6049.75
626,oracle,4,96,4063.33333333333,3,8,1.14285714285714,6049.75
626,oracle,4,96,4063.33333333333,3,9,1.28571428571429,6049.75
626,oracle,4,96,4063.33333333333,3,10,1.42857142857143,6049.75
626,oracle,4,96,4063.33333333333,3,11,1.57142857142857,6049.75
626,oracle,4,96,4063.33333333333,3,12,1.71428571428571,6049.75
626,oracle,4,96,4063.33333333333,3,13,1.85714285714286,6049.75
626,oracle,4,96,4063.33333333333,3,14,2,6049.75
626,oracle,4,96,4063.33333333333,3,15,2.14285714285714,6049.75
626,oracle,4,96,4063.33333333333,3,16,2.28571428571429,6049.75
626,oracle,4,96,4063.33333333333,3,17,2.42857142857143,6049.75
626,oracle,4,96,4063.33333333333,3,18,2.57142857142857,6049.75
626,oracle,4,96,4063.33333333333,3,19,2.71428571428571,6049.75
626,oracle,4,96,4063.33333333333,3,20,2.85714285714286,6049.75
626,oracle,4,96,4063.33333333333,3,21,3,6049.75
627,oracle,4,96,5079.16666666667,0.2,0,0,5079.16666666667
627,oracle,4,96,5079.16666666667,0.2,1,0.2,6049.75
628,oracle,4,96,5079.16666666667,3,0,0,5079.16666666667
628,oracle,4,96,5079.16666666667,3,1,0.142857142857143,6049.75
628,oracle,4,96,5079.16666666667,3,2,0.285714285714286,6049.75
628,oracle,4,96,5079.16666666667,3,3,0.428571428571429,6049.75
628,oracle,4,96,5079.16666666667,3,4,0.571428571428571,6049.75
628,oracle,4,96,5079.16666666667,3,5,0.714285714285714,6049.75
628,oracle,4,96,5079.16666666667,3,6,0.857142857142857,6049.75
628,oracle,4,96,5079.16666666667,3,7,1,6049.75
628,oracle,4,96,5079.16666666667,3,8,1.14285714285714,6049.75
628,oracle,4,96,5079.16666666667,3,9,1.28571428571429,6049.75
628,oracle,4,96,5079.16666666667,3,10,1.42857142857143,6049.75
628,oracle,4,96,5079.16666666667,3,11,1.57142857142857,6049.75
628,oracle,4,96,5079.16666666667,3,12,1.71428571428571,6049.75
628,oracle,4,96,5079.16666666667,3,13,1.85714285714286,6049.75
628,oracle,4,96,5079.16666666667,3,14,2,6049.75
628,oracle,4,96,5079.16666666667,3,15,2.14285714285714,6049.75
628,oracle,4,96,5079.16666666667,3,16,2.28571428571429,6049.75
628,oracle,4,96,5079.16666666667,3,17,2.42857142857143,6049.75
628,oracle,4,96,5079.16666666667,3,18,2.57142857142857,6049.75
628,oracle,4,96,5079.16666666667,3,19,2.71428571428571,6049.75
628,oracle,4,96,5079.16666666667,3,20,2.85714285714286,6049.75
628,oracle,4,96,5079.16666666667,3,21,3,6049.75
629,oracle,4,96,6095,0.2,0,0,6095
629,oracle,4,96,6095,0.2,1,0.2,6095
630,oracle,4,96,6095,3,0,0,6095
630,oracle,4,96,6095,3,1,0.142857142857143,6095
630,oracle,4,96,6095,3,2,0.285714285714286,6095
630,oracle,4,96,6095,3,3,0.428571428571429,6095
630,oracle,4,96,6095,3,4,0.571428571428571,6095
630,oracle,4,96,6095,3,5,0.714285714285714,6095
630,oracle,4,96,6095,3,6,0.857142857142857,6095
630,oracle,4,96,6095,3,7,1,6095
630,oracle,4,96,6095,3,8,1.14285714285714,6095
630,oracle,4,96,6095,3,9,1.28571428571429,6095
630,oracle,4,96,6095,3,10,1.42857142857143,6095
630,oracle,4,96,6095,3,11,1.57142857142857,6095
630,oracle,4,96,6095,3,12,1.71428571428571,6095
630,oracle,4,96,6095,3,13,1.85714285714286,6095
630,oracle,4,96,6095,3,14,2,6095
630,oracle,4,96,6095,3,15,2.14285714285714,6095
630,oracle,4,96,6095,3,16,2.28571428571429,6095
630,oracle,4,96,6095,3,17,2.42857142857143,6095
630,oracle,4,96,6095,3,18,2.57142857142857,6095
630,oracle,4,96,6095,3,19,2.71428571428571,6095
630,oracle,4,96,6095,3,20,2.85714285714286,6095
630,oracle,4,96,6095,3,21,3,6095
631,oracle,4,-96,-177,0.2,0,0,-177
631,oracle,4,-96,-177,0.2,1,0.2,-177
632,oracle,4,-96,-177,3,0,0,-177
632,oracle,4,-96,-177,3,1,0.142857142857143,-177
632,oracle,4,-96,-177,3,2,0.285714285714286,-177
632,oracle,4,-96,-177,3,3,0.428571428571429,-177
632,oracle,4,-96,-177,3,4,0.571428571428571,-177
632,oracle,4,-96,-177,3,5,0.714285714285714,-177
632,oracle,4,-96,-177,3,6,0.857142857142857,-177
632,oracle,4,-96,-177,3,7,1,-177
632,oracle,4,-96,-177,3,8,1.14285714285714,-177
632,oracle,4,-96,-177,3,9,1.28571428571429,-177
632,oracle,4,-96,-177,3,10,1.42857142857143,-177
632,oracle,4,-96,-177,3,11,1.57142857142857,-177
632,oracle,4,-96,-177,3,12,1.71428571428571,-177
632,oracle,4,-96,-177,3,13,1.85714285714286,-177
632,oracle,4,-96,-177,3,14,2,-177
632,oracle,4,-96,-177,3,15,2.14285714285714,-177
632,oracle,4,-96,-177,3,16,2.28571428571429,-177
632,oracle,4,-96,-177,3,17,2.42857142857143,-177
632,oracle,4,-96,-177,3,18,2.57142857142857,-177
632,oracle,4,-96,-177,3,19,2.71428571428571,-177
632,oracle,4,-96,-177,3,20,2.85714285714286,-177
632,oracle,4,-96,-177,3,21,3,-177
633,oracle,4,-96,868.333333333333,0.2,0,0,868.333333333333
633,oracle,4,-96,868.333333333333,0.2,1,0.2,-131.5
634,oracle,4,-96,868.333333333333,3,0,0,868.333333333333
634,oracle,4,-96,868.333333333333,3,1,0.142857142857143,-131.5
634,oracle,4,-96,868.333333333333,3,2,0.285714285714286,-131.5
634,oracle,4,-96,868.333333333333,3,3,0.428571428571429,-131.5
634,oracle,4,-96,868.333333333333,3,4,0.571428571428571,-131.5
634,oracle,4,-96,868.333333333333,3,5,0.714285714285714,-131.5
634,oracle,4,-96,868.333333333333,3,6,0.857142857142857,-131.5
634,oracle,4,-96,868.333333333333,3,7,1,-131.5
634,oracle,4,-96,868.333333333333,3,8,1.14285714285714,-131.5
634,oracle,4,-96,868.333333333333,3,9,1.28571428571429,-131.5
634,oracle,4,-96,868.333333333333,3,10,1.42857142857143,-131.5
634,oracle,4,-96,868.333333333333,3,11,1.57142857142857,-131.5
634,oracle,4,-96,868.333333333333,3,12,1.71428571428571,-131.5
634,oracle,4,-96,868.333333333333,3,13,1.85714285714286,-131.5
634,oracle,4,-96,868.333333333333,3,14,2,-131.5
634,oracle,4,-96,868.333333333333,3,15,2.14285714285714,-131.5
634,oracle,4,-96,868.333333333333,3,16,2.28571428571429,-131.5
634,oracle,4,-96,868.333333333333,3,17,2.42857142857143,-131.5
634,oracle,4,-96,868.333333333333,3,18,2.57142857142857,-131.5
634,oracle,4,-96,868.333333333333,3,19,2.71428571428571,-131.5
634,oracle,4,-96,868.333333333333,3,20,2.85714285714286,-131.5
634,oracle,4,-96,868.333333333333,3,21,3,-131.5
635,oracle,4,-96,1913.66666666667,0.2,0,0,1913.66666666667
635,oracle,4,-96,1913.66666666667,0.2,1,0.2,-131.5
636,oracle,4,-96,1913.66666666667,3,0,0,1913.66666666667
636,oracle,4,-96,1913.66666666667,3,1,0.142857142857143,-131.5
636,oracle,4,-96,1913.66666666667,3,2,0.285714285714286,-131.5
636,oracle,4,-96,1913.66666666667,3,3,0.428571428571429,-131.5
636,oracle,4,-96,1913.66666666667,3,4,0.571428571428571,-131.5
636,oracle,4,-96,1913.66666666667,3,5,0.714285714285714,-131.5
636,oracle,4,-96,1913.66666666667,3,6,0.857142857142857,-131.5
636,oracle,4,-96,1913.66666666667,3,7,1,-131.5
636,oracle,4,-96,1913.66666666667,3,8,1.14285714285714,-131.5
636,oracle,4,-96,1913.66666666667,3,9,1.28571428571429,-131.5
636,oracle,4,-96,1913.66666666667,3,10,1.42857142857143,-131.5
636,oracle,4,-96,1913.66666666667,3,11,1.57142857142857,-131.5
636,oracle,4,-96,1913.66666666667,3,12,1.71428571428571,-131.5
636,oracle,4,-96,1913.66666666667,3,13,1.85714285714286,-131.5
636,oracle,4,-96,1913.66666666667,3,14,2,-131.5
636,oracle,4,-96,1913.66666666667,3,15,2.14285714285714,-131.5
636,oracle,4,-96,1913.66666666667,3,16,2.28571428571429,-131.5
636,oracle,4,-96,1913.66666666667,3,17,2.42857142857143,-131.5
636,oracle,4,-96,1913.66666666667,3,18,2.57142857142857,-131.5
636,oracle,4,-96,1913.66666666667,3,19,2.71428571428571,-131.5
636,oracle,4,-96,1913.66666666667,3,20,2.85714285714286,-131.5
636,oracle,4,-96,1913.66666666667,3,21,3,-131.5
637,oracle,4,-96,2959,0.2,0,0,2959
637,oracle,4,-96,2959,0.2,1,0.2,-131.5
638,oracle,4,-96,2959,3,0,0,2959
638,oracle,4,-96,2959,3,1,0.142857142857143,-131.5
638,oracle,4,-96,2959,3,2,0.285714285714286,-131.5
638,oracle,4,-96,2959,3,3,0.428571428571429,-131.5
638,oracle,4,-96,2959,3,4,0.571428571428571,-131.5
638,oracle,4,-96,2959,3,5,0.714285714285714,-131.5
638,oracle,4,-96,2959,3,6,0.857142857142857,-131.5
638,oracle,4,-96,2959,3,7,1,-131.5
638,oracle,4,-96,2959,3,8,1.14285714285714,-131.5
638,oracle,4,-96,2959,3,9,1.28571428571429,-131.5
638,oracle,4,-96,2959,3,10,1.42857142857143,-131.5
638,oracle,4,-96,2959,3,11,1.57142857142857,-131.5
638,oracle,4,-96,2959,3,12,1.71428571428571,-131.5
638,oracle,4,-96,2959,3,13,1.85714285714286,-131.5
638,oracle,4,-96,2959,3,14,2,-131.5
638,oracle,4,-96,2959,3,15,2.14285714285714,-131.5
638,oracle,4,-96,2959,3,16,2.28571428571429,-131.5
638,oracle,4,-96,2959,3,17,2.42857142857143,-131.5
638,oracle,4,-96,2959,3,18,2.57142857142857,-131.5
638,oracle,4,-96,2959,3,19,2.71428571428571,-131.5
638,oracle,4,-96,2959,3,20,2.85714285714286,-131.5
638,oracle,4,-96,2959,3,21,3,-131.5
639,oracle,4,-96,4004.33333333333,0.2,0,0,4004.33333333333
639,oracle,4,-96,4004.33333333333,0.2,1,0.2,-131.5
640,oracle,4,-96,4004.33333333333,3,0,0,4004.33333333333
640,oracle,4,-96,4004.33333333333,3,1,0.142857142857143,-87.75
640,oracle,4,-96,4004.33333333333,3,2,0.285714285714286,-131.5
640,oracle,4,-96,4004.33333333333,3,3,0.428571428571429,-131.5
640,oracle,4,-96,4004.33333333333,3,4,0.571428571428571,-131.5
640,oracle,4,-96,4004.33333333333,3,5,0.714285714285714,-131.5
640,oracle,4,-96,4004.33333333333,3,6,0.857142857142857,-131.5
640,oracle,4,-96,4004.33333333333,3,7,1,-131.5
640,oracle,4,-96,4004.33333333333,3,8,1.14285714285714,-131.5
640,oracle,4,-96,4004.33333333333,3,9,1.28571428571429,-131.5
640,oracle,4,-96,4004.33333333333,3,10,1.42857142857143,-131.5
640,oracle,4,-96,4004.33333333333,3,11,1.57142857142857,-131.5
640,oracle,4,-96,4004.33333333333,3,12,1.71428571428571,-131.5
640,oracle,4,-96,4004.33333333333,3,13,1.85714285714286,-131.5
640,oracle,4,-96,4004.33333333333,3,14,2,-131.5
640,oracle,4,-96,4004.33333333333,3,15,2.14285714285714,-131.5
640,oracle,4,-96,4004.33333333333,3,16,2.28571428571429,-131.5
640,oracle,4,-96,4004.33333333333,3,17,2.42857142857143,-131.5
640,oracle,4,-96,4004.33333333333,3,18,2.57142857142857,-131.5
640,oracle,4,-96,4004.33333333333,3,19,2.71428571428571,-131.5
640,oracle,4,-96,4004.33333333333,3,20,2.85714285714286,-131.5
640,oracle,4,-96,4004.33333333333,3,21,3,-131.5
641,oracle,4,-96,5049.66666666667,0.2,0,0,5049.66666666667
641,oracle,4,-96,5049.66666666667,0.2,1,0.2,-131.5
642,oracle,4,-96,5049.66666666667,3,0,0,5049.66666666667
642,oracle,4,-96,5049.66666666667,3,1,0.142857142857143,1110.5
642,oracle,4,-96,5049.66666666667,3,2,0.285714285714286,-131.5
642,oracle,4,-96,5049.66666666667,3,3,0.428571428571429,-131.5
642,oracle,4,-96,5049.66666666667,3,4,0.571428571428571,-131.5
642,oracle,4,-96,5049.66666666667,3,5,0.714285714285714,-131.5
642,oracle,4,-96,5049.66666666667,3,6,0.857142857142857,-131.5
642,oracle,4,-96,5049.66666666667,3,7,1,-131.5
642,oracle,4,-96,5049.66666666667,3,8,1.14285714285714,-131.5
642,oracle,4,-96,5049.66666666667,3,9,1.28571428571429,-131.5
642,oracle,4,-96,5049.66666666667,3,10,1.42857142857143,-131.5
642,oracle,4,-96,5049.66666666667,3,11,1.57142857142857,-131.5
642,oracle,4,-96,5049.66666666667,3,12,1.71428571428571,-131.5
642,oracle,4,-96,5049.66666666667,3,13,1.85714285714286,-131.5
642,oracle,4,-96,5049.66666666667,3,14,2,-131.5
642,oracle,4,-96,5049.66666666667,3,15,2.14285714285714,-131.5
642,oracle,4,-96,5049.66666666667,3,16,2.28571428571429,-131.5
642,oracle,4,-96,5049.66666666667,3,17,2.42857142857143,-131.5
642,oracle,4,-96,5049.66666666667,3,18,2.57142857142857,-131.5
642,oracle,4,-96,5049.66666666667,3,19,2.71428571428571,-131.5
642,oracle,4,-96,5049.66666666667,3,20,2.85714285714286,-131.5
642,oracle,4,-96,5049.66666666667,3,21,3,-131.5
643,oracle,4,-96,6095,0.2,0,0,6095
643,oracle,4,-96,6095,0.2,1,0.2,958.5
644,oracle,4,-96,6095,3,0,0,6095
644,oracle,4,-96,6095,3,1,0.142857142857143,2626.25
644,oracle,4,-96,6095,3,2,0.285714285714286,-131.5
644,oracle,4,-96,6095,3,3,0.428571428571429,-131.5
644,oracle,4,-96,6095,3,4,0.571428571428571,-131.5
644,oracle,4,-96,6095,3,5,0.714285714285714,-131.5
644,oracle,4,-96,6095,3,6,0.857142857142857,-131.5
644,oracle,4,-96,6095,3,7,1,-131.5
644,oracle,4,-96,6095,3,8,1.14285714285714,-131.5
644,oracle,4,-96,6095,3,9,1.28571428571429,-131.5
644,oracle,4,-96,6095,3,10,1.42857142857143,-131.5
644,oracle,4,-96,6095,3,11,1.57142857142857,-131.5
644,oracle,4,-96,6095,3,12,1.71428571428571,-131.5
644,oracle,4,-96,6095,3,13,1.85714285714286,-131.5
644,oracle,4,-96,6095,3,14,2,-131.5
644,oracle,4,-96,6095,3,15,2.14285714285714,-131.5
644,oracle,4,-96,6095,3,16,2.28571428571429,-131.5
644,oracle,4,-96,6095,3,17,2.42857142857143,-131.5
644,oracle,4,-96,6095,3,18,2.57142857142857,-131.5
644,oracle,4,-96,6095,3,19,2.71428571428571,-131.5
644,oracle,4,-96,6095,3,20,2.85714285714286,-131.5
644,oracle,4,-96,6095,3,21,3,-131.5
645,oracle,4,128,0,0.2,0,0,0
645,oracle,4,128,0,0.2,1,0.2,6146.33333333333
646,oracle,4,128,0,3,0,0,0
646,oracle,4,128,0,3,1,0.142857142857143,5052
646,oracle,4,128,0,3,2,0.285714285714286,6146.33333333333
646,oracle,4,128,0,3,3,0.428571428571429,6146.33333333333
646,oracle,4,128,0,3,4,0.571428571428571,6146.33333333333
646,oracle,4,128,0,3,5,0.714285714285714,6146.33333333333
646,oracle,4,128,0,3,6,0.857142857142857,6146.33333333333
646,oracle,4,128,0,3,7,1,6146.33333333333
646,oracle,4,128,0,3,8,1.14285714285714,6146.33333333333
646,oracle,4,128,0,3,9,1.28571428571429,6146.33333333333
646,oracle,4,128,0,3,10,1.42857142857143,6146.33333333333
646,oracle,4,128,0,3,11,1.57142857142857,6146.33333333333
646,oracle,4,128,0,3,12,1.71428571428571,6146.33333333333
646,oracle,4,128,0,3,13,1.85714285714286,6146.33333333333
646,oracle,4,128,0,3,14,2,6146.33333333333
646,oracle,4,128,0,3,15,2.14285714285714,6146.33333333333
646,oracle,4,128,0,3,16,2.28571428571429,6146.33333333333
646,oracle,4,128,0,3,17,2.42857142857143,6146.33333333333
646,oracle,4,128,0,3,18,2.57142857142857,6146.33333333333
646,oracle,4,128,0,3,19,2.71428571428571,6146.33333333333
646,oracle,4,128,0,3,20,2.85714285714286,6146.33333333333
646,oracle,4,128,0,3,21,3,6146.33333333333
647,oracle,4,128,1030.66666666667,0.2,0,0,1030.66666666667
647,oracle,4,128,1030.66666666667,0.2,1,0.2,6146.33333333333
648,oracle,4,128,1030.66666666667,3,0,0,1030.66666666667
648,oracle,4,128,1030.66666666667,3,1,0.142857142857143,6044.83333333333
648,oracle,4,128,1030.66666666667,3,2,0.285714285714286,6146.33333333333
648,oracle,4,128,1030.66666666667,3,3,0.428571428571429,6146.33333333333
648,oracle,4,128,1030.66666666667,3,4,0.571428571428571,6146.33333333333
648,oracle,4,128,1030.66666666667,3,5,0.714285714285714,6146.33333333333
648,oracle,4,128,1030.66666666667,3,6,0.857142857142857,6146.33333333333
648,oracle,4,128,1030.66666666667,3,7,1,6146.33333333333
648,oracle,4,128,1030.66666666667,3,8,1.14285714285714,6146.33333333333
648,oracle,4,128,1030.66666666667,3,9,1.28571428571429,6146.33333333333
648,oracle,4,128,1030.66666666667,3,10,1.42857142857143,6146.33333333333
648,oracle,4,128,1030.66666666667,3,11,1.57142857142857,6146.33333333333
648,oracle,4,128,1030.66666666667,3,12,1.71428571428571,6146.33333333333
648,oracle,4,128,1030.66666666667,3,13,1.85714285714286,6146.33333333333
648,oracle,4,128,1030.66666666667,3,14,2,6146.33333333333
648,oracle,4,128,1030.66666666667,3,15,2.14285714285714,6146.33333333333
648,oracle,4,128,1030.66666666667,3,16,2.28571428571429,6146.33333333333
648,oracle,4,128,1030.66666666667,3,17,2.42857142857143,6146.33333333333
648,oracle,4,128,1030.66666666667,3,18,2.57142857142857,6146.33333333333
648,oracle,4,128,1030.66666666667,3,19,2.71428571428571,6146.33333333333
648,oracle,4,128,1030.66666666667,3,20,2.85714285714286,6146.33333333333
648,oracle,4,128,1030.66666666667,3,21,3,6146.33333333333
649,oracle,4,128,2061.33333333333,0.2,0,0,2061.33333333333
649,oracle,4,128,2061.33333333333,0.2,1,0.2,6146.33333333333
650,oracle,4,128,2061.33333333333,3,0,0,2061.33333333333
650,oracle,4,128,2061.33333333333,3,1,0.142857142857143,6146.33333333333
650,oracle,4,128,2061.33333333333,3,2,0.285714285714286,6146.33333333333
650,oracle,4,128,2061.33333333333,3,3,0.428571428571429,6146.33333333333
650,oracle,4,128,2061.33333333333,3,4,0.571428571428571,6146.33333333333
650,oracle,4,128,2061.33333333333,3,5,0.714285714285714,6146.33333333333
650,oracle,4,128,2061.33333333333,3,6,0.857142857142857,6146.33333333333
650,oracle,4,128,2061.33333333333,3,7,1,6146.33333333333
650,oracle,4,128,2061.33333333333,3,8,1.14285714285714,6146.33333333333
650,oracle,4,128,2061.33333333333,3,9,1.28571428571429,6146.33333333333
650,oracle,4,128,2061.33333333333,3,10,1.42857142857143,6146.33333333333
650,oracle,4,128,2061.33333333333,3,11,1.57142857142857,6146.33333333333
650,oracle,4,128,2061.33333333333,3,12,1.71428571428571,6146.33333333333
650,oracle,4,128,2061.33333333333,3,13,1.85714285714286,6146.33333333333
650,oracle,4,128,2061.33333333333,3,14,2,6146.33333333333
650,oracle,4,128,2061.33333333333,3,15,2.14285714285714,6146.33333333333
650,oracle,4,128,2061.33333333333,3,16,2.28571428571429,6146.33333333333
650,oracle,4,128,2061.33333333333,3,17,2.42857142857143,6146.33333333333
650,oracle,4,128,2061.33333333333,3,18,2.57142857142857,6146.33333333333
650,oracle,4,128,2061.33333333333,3,19,2.71428571428571,6146.33333333333
650,oracle,4,128,2061.33333333333,3,20,2.85714285714286,6146.33333333333
650,oracle,4,128,2061.33333333333,3,21,3,6146.33333333333
651,oracle,4,128,3092,0.2,0,0,3092
651,oracle,4,128,3092,0.2,1,0.2,6146.33333333333
652,oracle,4,128,3092,3,0,0,3092
652,oracle,4,128,3092,3,1,0.142857142857143,6146.33333333333
652,oracle,4,128,3092,3,2,0.285714285714286,6146.33333333333
652,oracle,4,128,3092,3,3,0.428571428571429,6146.33333333333
652,oracle,4,128,3092,3,4,0.571428571428571,6146.33333333333
652,oracle,4,128,3092,3,5,0.714285714285714,6146.33333333333
652,oracle,4,128,3092,3,6,0.857142857142857,6146.33333333333
652,oracle,4,128,3092,3,7,1,6146.33333333333
652,oracle,4,128,3092,3,8,1.14285714285714,6146.33333333333
652,oracle,4,128,3092,3,9,1.28571428571429,6146.33333333333
652,oracle,4,128,3092,3,10,1.42857142857143,6146.33333333333
652,oracle,4,128,3092,3,11,1.57142857142857,6146.33333333333
652,oracle,4,128,3092,3,12,1.71428571428571,6146.33333333333
652,oracle,4,128,3092,3,13,1.85714285714286,6146.33333333333
652,oracle,4,128,3092,3,14,2,6146.33333333333
652,oracle,4,128,3092,3,15,2.14285714285714,6146.33333333333
652,oracle,4,128,3092,3,16,2.28571428571429,6146.33333333333
652,oracle,4,128,3092,3,17,2.42857142857143,6146.33333333333
652,oracle,4,128,3092,3,18,2.57142857142857,6146.33333333333
652,oracle,4,128,3092,3,19,2.71428571428571,6146.33333333333
652,oracle,4,128,3092,3,20,2.85714285714286,6146.33333333333
652,oracle,4,128,3092,3,21,3,6146.33333333333
653,oracle,4,128,4122.66666666667,0.2,0,0,4122.66666666667
653,oracle,4,128,4122.66666666667,0.2,1,0.2,6146.33333333333
654,oracle,4,128,4122.66666666667,3,0,0,4122.66666666667
654,oracle,4,128,4122.66666666667,3,1,0.142857142857143,6146.33333333333
654,oracle,4,128,4122.66666666667,3,2,0.285714285714286,6146.33333333333
654,oracle,4,128,4122.66666666667,3,3,0.428571428571429,6146.33333333333
654,oracle,4,128,4122.66666666667,3,4,0.571428571428571,6146.33333333333
654,oracle,4,128,4122.66666666667,3,5,0.714285714285714,6146.33333333333
654,oracle,4,128,4122.66666666667,3,6,0.857142857142857,6146.33333333333
654,oracle,4,128,4122.66666666667,3,7,1,6146.33333333333
654,oracle,4,128,4122.66666666667,3,8,1.14285714285714,6146.33333333333
654,oracle,4,128,4122.66666666667,3,9,1.28571428571429,6146.33333333333
654,oracle,4,128,4122.66666666667,3,10,1.42857142857143,6146.33333333333
654,oracle,4,128,4122.66666666667,3,11,1.57142857142857,6146.33333333333
654,oracle,4,128,4122.66666666667,3,12,1.71428571428571,6146.33333333333
654,oracle,4,128,4122.66666666667,3,13,1.85714285714286,6146.33333333333
654,oracle,4,128,4122.66666666667,3,14,2,6146.33333333333
654,oracle,4,128,4122.66666666667,3,15,2.14285714285714,6146.33333333333
654,oracle,4,128,4122.66666666667,3,16,2.28571428571429,6146.33333333333
654,oracle,4,128,4122.66666666667,3,17,2.42857142857143,6146.33333333333
654,oracle,4,128,4122.66666666667,3,18,2.57142857142857,6146.33333333333
654,oracle,4,128,4122.66666666667,3,19,2.71428571428571,6146.33333333333
654,oracle,4,128,4122.66666666667,3,20,2.85714285714286,6146.33333333333
654,oracle,4,128,4122.66666666667,3,21,3,6146.33333333333
655,oracle,4,128,5153.33333333333,0.2,0,0,5153.33333333333
655,oracle,4,128,5153.33333333333,0.2,1,0.2,6146.33333333333
656,oracle,4,128,5153.33333333333,3,0,0,5153.33333333333
656,oracle,4,128,5153.33333333333,3,1,0.142857142857143,6146.33333333333
656,oracle,4,128,5153.33333333333,3,2,0.285714285714286,6146.33333333333
656,oracle,4,128,5153.33333333333,3,3,0.428571428571429,6146.33333333333
656,oracle,4,128,5153.33333333333,3,4,0.571428571428571,6146.33333333333
656,oracle,4,128,5153.33333333333,3,5,0.714285714285714,6146.33333333333
656,oracle,4,128,5153.33333333333,3,6,0.857142857142857,6146.33333333333
656,oracle,4,128,5153.33333333333,3,7,1,6146.33333333333
656,oracle,4,128,5153.33333333333,3,8,1.14285714285714,6146.33333333333
656,oracle,4,128,5153.33333333333,3,9,1.28571428571429,6146.33333333333
656,oracle,4,128,5153.33333333333,3,10,1.42857142857143,6146.33333333333
656,oracle,4,128,5153.33333333333,3,11,1.57142857142857,6146.33333333333
656,oracle,4,128,5153.33333333333,3,12,1.71428571428571,6146.33333333333
656,oracle,4,128,5153.33333333333,3,13,1.85714285714286,6146.33333333333
656,oracle,4,128,5153.33333333333,3,14,2,6146.33333333333
656,oracle,4,128,5153.33333333333,3,15,2.14285714285714,6146.33333333333
656,oracle,4,128,5153.33333333333,3,16,2.28571428571429,6146.33333333333
656,oracle,4,128,5153.33333333333,3,17,2.42857142857143,6146.33333333333
656,oracle,4,128,5153.33333333333,3,18,2.57142857142857,6146.33333333333
656,oracle,4,128,5153.33333333333,3,19,2.71428571428571,6146.33333333333
656,oracle,4,128,5153.33333333333,3,20,2.85714285714286,6146.33333333333
656,oracle,4,128,5153.33333333333,3,21,3,6146.33333333333
657,oracle,4,128,6184,0.2,0,0,6184
657,oracle,4,128,6184,0.2,1,0.2,6184
658,oracle,4,128,6184,3,0,0,6184
658,oracle,4,128,6184,3,1,0.142857142857143,6184
658,oracle,4,128,6184,3,2,0.285714285714286,6184
658,oracle,4,128,6184,3,3,0.428571428571429,6184
658,oracle,4,128,6184,3,4,0.571428571428571,6184
658,oracle,4,128,6184,3,5,0.714285714285714,6184
658,oracle,4,128,6184,3,6,0.857142857142857,6184
658,oracle,4,128,6184,3,7,1,6184
658,oracle,4,128,6184,3,8,1.14285714285714,6184
658,oracle,4,128,6184,3,9,1.28571428571429,6184
658,oracle,4,128,6184,3,10,1.42857142857143,6184
658,oracle,4,128,6184,3,11,1.57142857142857,6184
658,oracle,4,128,6184,3,12,1.71428571428571,6184
658,oracle,4,128,6184,3,13,1.85714285714286,6184
658,oracle,4,128,6184,3,14,2,6184
658,oracle,4,128,6184,3,15,2.14285714285714,6184
658,oracle,4,128,6184,3,16,2.28571428571429,6184
658,oracle,4,128,6184,3,17,2.42857142857143,6184
658,oracle,4,128,6184,3,18,2.57142857142857,6184
658,oracle,4,128,6184,3,19,2.71428571428571,6184
658,oracle,4,128,6184,3,20,2.85714285714286,6184
658,oracle,4,128,6184,3,21,3,6184
659,oracle,4,-128,-452,0.2,0,0,-452
659,oracle,4,-128,-452,0.2,1,0.2,-452
660,oracle,4,-128,-452,3,0,0,-452
660,oracle,4,-128,-452,3,1,0.142857142857143,-452
660,oracle,4,-128,-452,3,2,0.285714285714286,-452
660,oracle,4,-128,-452,3,3,0.428571428571429,-452
660,oracle,4,-128,-452,3,4,0.571428571428571,-452
660,oracle,4,-128,-452,3,5,0.714285714285714,-452
660,oracle,4,-128,-452,3,6,0.857142857142857,-452
660,oracle,4,-128,-452,3,7,1,-452
660,oracle,4,-128,-452,3,8,1.14285714285714,-452
660,oracle,4,-128,-452,3,9,1.28571428571429,-452
660,oracle,4,-128,-452,3,10,1.42857142857143,-452
660,oracle,4,-128,-452,3,11,1.57142857142857,-452
660,oracle,4,-128,-452,3,12,1.71428571428571,-452
660,oracle,4,-128,-452,3,13,1.85714285714286,-452
660,oracle,4,-128,-452,3,14,2,-452
660,oracle,4,-128,-452,3,15,2.14285714285714,-452
660,oracle,4,-128,-452,3,16,2.28571428571429,-452
660,oracle,4,-128,-452,3,17,2.42857142857143,-452
660,oracle,4,-128,-452,3,18,2.57142857142857,-452
660,oracle,4,-128,-452,3,19,2.71428571428571,-452
660,oracle,4,-128,-452,3,20,2.85714285714286,-452
660,oracle,4,-128,-452,3,21,3,-452
661,oracle,4,-128,654,0.2,0,0,654
661,oracle,4,-128,654,0.2,1,0.2,-291
662,oracle,4,-128,654,3,0,0,654
662,oracle,4,-128,654,3,1,0.142857142857143,-291
662,oracle,4,-128,654,3,2,0.285714285714286,-291
662,oracle,4,-128,654,3,3,0.428571428571429,-291
662,oracle,4,-128,654,3,4,0.571428571428571,-291
662,oracle,4,-128,654,3,5,0.714285714285714,-291
662,oracle,4,-128,654,3,6,0.857142857142857,-291
662,oracle,4,-128,654,3,7,1,-291
662,oracle,4,-128,654,3,8,1.14285714285714,-291
662,oracle,4,-128,654,3,9,1.28571428571429,-291
662,oracle,4,-128,654,3,10,1.42857142857143,-291
662,oracle,4,-128,654,3,11,1.57142857142857,-291
662,oracle,4,-128,654,3,12,1.71428571428571,-291
662,oracle,4,-128,654,3,13,1.85714285714286,-291
662,oracle,4,-128,654,3,14,2,-291
662,oracle,4,-128,654,3,15,2.14285714285714,-291
662,oracle,4,-128,654,3,16,2.28571428571429,-291
662,oracle,4,-128,654,3,17,2.42857142857143,-291
662,oracle,4,-128,654,3,18,2.57142857142857,-291
662,oracle,4,-128,654,3,19,2.71428571428571,-291
662,oracle,4,-128,654,3,20,2.85714285714286,-291
662,oracle,4,-128,654,3,21,3,-291
663,oracle,4,-128,1760,0.2,0,0,1760
663,oracle,4,-128,1760,0.2,1,0.2,-291
664,oracle,4,-128,1760,3,0,0,1760
664,oracle,4,-128,1760,3,1,0.142857142857143,-291
664,oracle,4,-128,1760,3,2,0.285714285714286,-291
664,oracle,4,-128,1760,3,3,0.428571428571429,-291
664,oracle,4,-128,1760,3,4,0.571428571428571,-291
664,oracle,4,-128,1760,3,5,0.714285714285714,-291
664,oracle,4,-128,1760,3,6,0.857142857142857,-291
664,oracle,4,-128,1760,3,7,1,-291
664,oracle,4,-128,1760,3,8,1.14285714285714,-291
664,oracle,4,-128,1760,3,9,1.28571428571429,-291
664,oracle,4,-128,1760,3,10,1.42857142857143,-291
664,oracle,4,-128,1760,3,11,1.57142857142857,-291
664,oracle,4,-128,1760,3,12,1.71428571428571,-291
664,oracle,4,-128,1760,3,13,1.85714285714286,-291
664,oracle,4,-128,1760,3,14,2,-291
664,oracle,4,-128,1760,3,15,2.14285714285714,-291
664,oracle,4,-128,1760,3,16,2.28571428571429,-291
664,oracle,4,-128,1760,3,17,2.42857142857143,-291
664,oracle,4,-128,1760,3,18,2.57142857142857,-291
664,oracle,4,-128,1760,3,19,2.71428571428571,-291
664,oracle,4,-128,1760,3,20,2.85714285714286,-291
664,oracle,4,-128,1760,3,21,3,-291
665,oracle,4,-128,2866,0.2,0,0,2866
665,oracle,4,-128,2866,0.2,1,0.2,-291
666,oracle,4,-128,2866,3,0,0,2866
666,oracle,4,-128,2866,3,1,0.142857142857143,-291
666,oracle,4,-128,2866,3,2,0.285714285714286,-291
666,oracle,4,-128,2866,3,3,0.428571428571429,-291
666,oracle,4,-128,2866,3,4,0.571428571428571,-291
666,oracle,4,-128,2866,3,5,0.714285714285714,-291
666,oracle,4,-128,2866,3,6,0.857142857142857,-291
666,oracle,4,-128,2866,3,7,1,-291
666,oracle,4,-128,2866,3,8,1.14285714285714,-291
666,oracle,4,-128,2866,3,9,1.28571428571429,-291
666,oracle,4,-128,2866,3,10,1.42857142857143,-291
666,oracle,4,-128,2866,3,11,1.57142857142857,-291
666,oracle,4,-128,2866,3,12,1.71428571428571,-291
666,oracle,4,-128,2866,3,13,1.85714285714286,-291
666,oracle,4,-128,2866,3,14,2,-291
666,oracle,4,-128,2866,3,15,2.14285714285714,-291
666,oracle,4,-128,2866,3,16,2.28571428571429,-291
666,oracle,4,-128,2866,3,17,2.42857142857143,-291
666,oracle,4,-128,2866,3,18,2.57142857142857,-291
666,oracle,4,-128,2866,3,19,2.71428571428571,-291
666,oracle,4,-128,2866,3,20,2.85714285714286,-291
666,oracle,4,-128,2866,3,21,3,-291
667,oracle,4,-128,3972,0.2,0,0,3972
667,oracle,4,-128,3972,0.2,1,0.2,-291
668,oracle,4,-128,3972,3,0,0,3972
668,oracle,4,-128,3972,3,1,0.142857142857143,-291
668,oracle,4,-128,3972,3,2,0.285714285714286,-291
668,oracle,4,-128,3972,3,3,0.428571428571429,-291
668,oracle,4,-128,3972,3,4,0.571428571428571,-291
668,oracle,4,-128,3972,3,5,0.714285714285714,-291
668,oracle,4,-128,3972,3,6,0.857142857142857,-291
668,oracle,4,-128,3972,3,7,1,-291
668,oracle,4,-128,3972,3,8,1.14285714285714,-291
668,oracle,4,-128,3972,3,9,1.28571428571429,-291
668,oracle,4,-128,3972,3,10,1.42857142857143,-291
668,oracle,4,-128,3972,3,11,1.57142857142857,-291
668,oracle,4,-128,3972,3,12,1.71428571428571,-291
668,oracle,4,-128,3972,3,13,1.85714285714286,-291
668,oracle,4,-128,3972,3,14,2,-291
668,oracle,4,-128,3972,3,15,2.14285714285714,-291
668,oracle,4,-128,3972,3,16,2.28571428571429,-291
668,oracle,4,-128,3972,3,17,2.42857142857143,-291
668,oracle,4,-128,3972,3,18,2.57142857142857,-291
668,oracle,4,-128,3972,3,19,2.71428571428571,-291
668,oracle,4,-128,3972,3,20,2.85714285714286,-291
668,oracle,4,-128,3972,3,21,3,-291
669,oracle,4,-128,5078,0.2,0,0,5078
669,oracle,4,-128,5078,0.2,1,0.2,-291
670,oracle,4,-128,5078,3,0,0,5078
670,oracle,4,-128,5078,3,1,0.142857142857143,-279.166666666667
670,oracle,4,-128,5078,3,2,0.285714285714286,-291
670,oracle,4,-128,5078,3,3,0.428571428571429,-291
670,oracle,4,-128,5078,3,4,0.571428571428571,-291
670,oracle,4,-128,5078,3,5,0.714285714285714,-291
670,oracle,4,-128,5078,3,6,0.857142857142857,-291
670,oracle,4,-128,5078,3,7,1,-291
670,oracle,4,-128,5078,3,8,1.14285714285714,-291
670,oracle,4,-128,5078,3,9,1.28571428571429,-291
670,oracle,4,-128,5078,3,10,1.42857142857143,-291
670,oracle,4,-128,5078,3,11,1.57142857142857,-291
670,oracle,4,-128,5078,3,12,1.71428571428571,-291
670,oracle,4,-128,5078,3,13,1.85714285714286,-291
670,oracle,4,-128,5078,3,14,2,-291
670,oracle,4,-128,5078,3,15,2.14285714285714,-291
670,oracle,4,-128,5078,3,16,2.28571428571429,-291
670,oracle,4,-128,5078,3,17,2.42857142857143,-291
670,oracle,4,-128,5078,3,18,2.57142857142857,-291
670,oracle,4,-128,5078,3,19,2.71428571428571,-291
670,oracle,4,-128,5078,3,20,2.85714285714286,-291
670,oracle,4,-128,5078,3,21,3,-291
671,oracle,4,-128,6184,0.2,0,0,6184
671,oracle,4,-128,6184,0.2,1,0.2,-291
672,oracle,4,-128,6184,3,0,0,6184
672,oracle,4,-128,6184,3,1,0.142857142857143,804.833333333333
672,oracle,4,-128,6184,3,2,0.285714285714286,-291
672,oracle,4,-128,6184,3,3,0.428571428571429,-291
672,oracle,4,-128,6184,3,4,0.571428571428571,-291
672,oracle,4,-128,6184,3,5,0.714285714285714,-291
672,oracle,4,-128,6184,3,6,0.857142857142857,-291
672,oracle,4,-128,6184,3,7,1,-291
672,oracle,4,-128,6184,3,8,1.14285714285714,-291
672,oracle,4,-128,6184,3,9,1.28571428571429,-291
672,oracle,4,-128,6184,3,10,1.42857142857143,-291
672,oracle,4,-128,6184,3,11,1.57142857142857,-291
672,oracle,4,-128,6184,3,12,1.71428571428571,-291
672,oracle,4,-128,6184,3,13,1.85714285714286,-291
672,oracle,4,-128,6184,3,14,2,-291
672,oracle,4,-128,6184,3,15,2.14285714285714,-291
672,oracle,4,-128,6184,3,16,2.28571428571429,-291
672,oracle,4,-128,6184,3,17,2.42857142857143,-291
672,oracle,4,-128,6184,3,18,2.57142857142857,-291
672,oracle,4,-128,6184,3,19,2.71428571428571,-291
672,oracle,4,-128,6184,3,20,2.85714285714286,-291
672,oracle,4,-128,6184,3,21,3,-291
673,oracle,4,160,0,0.2,0,0,0
673,oracle,4,160,0,0.2,1,0.2,6186.2
674,oracle,4,160,0,3,0,0,0
674,oracle,4,160,0,3,1,0.142857142857143,5927
674,oracle,4,160,0,3,2,0.285714285714286,6186.2
674,oracle,4,160,0,3,3,0.428571428571429,6186.2
674,oracle,4,160,0,3,4,0.571428571428571,6186.2
674,oracle,4,160,0,3,5,0.714285714285714,6186.2
674,oracle,4,160,0,3,6,0.857142857142857,6186.2
674,oracle,4,160,0,3,7,1,6186.2
674,oracle,4,160,0,3,8,1.14285714285714,6186.2
674,oracle,4,160,0,3,9,1.28571428571429,6186.2
674,oracle,4,160,0,3,10,1.42857142857143,6186.2
674,oracle,4,160,0,3,11,1.57142857142857,6186.2
674,oracle,4,160,0,3,12,1.71428571428571,6186.2
674,oracle,4,160,0,3,13,1.85714285714286,6186.2
674,oracle,4,160,0,3,14,2,6186.2
674,oracle,4,160,0,3,15,2.14285714285714,6186.2
674,oracle,4,160,0,3,16,2.28571428571429,6186.2
674,oracle,4,160,0,3,17,2.42857142857143,6186.2
674,oracle,4,160,0,3,18,2.57142857142857,6186.2
674,oracle,4,160,0,3,19,2.71428571428571,6186.2
674,oracle,4,160,0,3,20,2.85714285714286,6186.2
674,oracle,4,160,0,3,21,3,6186.2
675,oracle,4,160,1051.16666666667,0.2,0,0,1051.16666666667
675,oracle,4,160,1051.16666666667,0.2,1,0.2,6186.2
676,oracle,4,160,1051.16666666667,3,0,0,1051.16666666667
676,oracle,4,160,1051.16666666667,3,1,0.142857142857143,6160.6
676,oracle,4,160,1051.16666666667,3,2,0.285714285714286,6186.2
676,oracle,4,160,1051.16666666667,3,3,0.428571428571429,6186.2
676,oracle,4,160,1051.16666666667,3,4,0.571428571428571,6186.2
676,oracle,4,160,1051.16666666667,3,5,0.714285714285714,6186.2
676,oracle,4,160,1051.16666666667,3,6,0.857142857142857,6186.2
676,oracle,4,160,1051.16666666667,3,7,1,6186.2
676,oracle,4,160,1051.16666666667,3,8,1.14285714285714,6186.2
676,oracle,4,160,1051.16666666667,3,9,1.28571428571429,6186.2
676,oracle,4,160,1051.16666666667,3,10,1.42857142857143,6186.2
676,oracle,4,160,1051.16666666667,3,11,1.57142857142857,6186.2
676,oracle,4,160,1051.16666666667,3,12,1.71428571428571,6186.2
676,oracle,4,160,1051.16666666667,3,13,1.85714285714286,6186.2
676,oracle,4,160,1051.16666666667,3,14,2,6186.2
676,oracle,4,160,1051.16666666667,3,15,2.14285714285714,6186.2
676,oracle,4,160,1051.16666666667,3,16,2.28571428571429,6186.2
676,oracle,4,160,1051.16666666667,3,17,2.42857142857143,6186.2
676,oracle,4,160,1051.16666666667,3,18,2.57142857142857,6186.2
676,oracle,4,160,1051.16666666667,3,19,2.71428571428571,6186.2
676,oracle,4,160,1051.16666666667,3,20,2.85714285714286,6186.2
676,oracle,4,160,1051.16666666667,3,21,3,6186.2
677,oracle,4,160,2102.33333333333,0.2,0,0,2102.33333333333
677,oracle,4,160,2102.33333333333,0.2,1,0.2,6186.2
678,oracle,4,160,2102.33333333333,3,0,0,2102.33333333333
678,oracle,4,160,2102.33333333333,3,1,0.142857142857143,6186.2
678,oracle,4,160,2102.33333333333,3,2,0.285714285714286,6186.2
678,oracle,4,160,2102.33333333333,3,3,0.428571428571429,6186.2
678,oracle,4,160,2102.33333333333,3,4,0.571428571428571,6186.2
678,oracle,4,160,2102.33333333333,3,5,0.714285714285714,6186.2
678,oracle,4,160,2102.33333333333,3,6,0.857142857142857,6186.2
678,oracle,4,160,2102.33333333333,3,7,1,6186.2
678,oracle,4,160,2102.33333333333,3,8,1.14285714285714,6186.2
678,oracle,4,160,2102.33333333333,3,9,1.28571428571429,6186.2
678,oracle,4,160,2102.33333333333,3,10,1.42857142857143,6186.2
678,oracle,4,160,2102.33333333333,3,11,1.57142857142857,6186.2
678,oracle,4,160,2102.33333333333,3,12,1.71428571428571,6186.2
678,oracle,4,160,2102.33333333333,3,13,1.85714285714286,6186.2
678,oracle,4,160,2102.33333333333,3,14,2,6186.2
678,oracle,4,160,2102.33333333333,3,15,2.14285714285714,6186.2
678,oracle,4,160,2102.33333333333,3,16,2.28571428571429,6186.2
678,oracle,4,160,2102.33333333333,3,17,2.42857142857143,6186.2
678,oracle,4,160,2102.33333333333,3,18,2.57142857142857,6186.2
678,oracle,4,160,2102.33333333333,3,19,2.71428571428571,6186.2
678,oracle,4,160,2102.33333333333,3,20,2.85714285714286,6186.2
678,oracle,4,160,2102.33333333333,3,21,3,6186.2
679,oracle,4,160,3153.5,0.2,0,0,3153.5
679,oracle,4,160,3153.5,0.2,1,0.2,6186.2
680,oracle,4,160,3153.5,3,0,0,3153.5
680,oracle,4,160,3153.5,3,1,0.142857142857143,6186.2
680,oracle,4,160,3153.5,3,2,0.285714285714286,6186.2
680,oracle,4,160,3153.5,3,3,0.428571428571429,6186.2
680,oracle,4,160,3153.5,3,4,0.571428571428571,6186.2
680,oracle,4,160,3153.5,3,5,0.714285714285714,6186.2
680,oracle,4,160,3153.5,3,6,0.857142857142857,6186.2
680,oracle,4,160,3153.5,3,7,1,6186.2
680,oracle,4,160,3153.5,3,8,1.14285714285714,6186.2
680,oracle,4,160,3153.5,3,9,1.28571428571429,6186.2
680,oracle,4,160,3153.5,3,10,1.42857142857143,6186.2
680,oracle,4,160,3153.5,3,11,1.57142857142857,6186.2
680,oracle,4,160,3153.5,3,12,1.71428571428571,6186.2
680,oracle,4,160,3153.5,3,13,1.85714285714286,6186.2
680,oracle,4,160,3153.5,3,14,2,6186.2
680,oracle,4,160,3153.5,3,15,2.14285714285714,6186.2
680,oracle,4,160,3153.5,3,16,2.28571428571429,6186.2
680,oracle,4,160,3153.5,3,17,2.42857142857143,6186.2
680,oracle,4,160,3153.5,3,18,2.57142857142857,6186.2
680,oracle,4,160,3153.5,3,19,2.71428571428571,6186.2
680,oracle,4,160,3153.5,3,20,2.85714285714286,6186.2
680,oracle,4,160,3153.5,3,21,3,6186.2
681,oracle,4,160,4204.66666666667,0.2,0,0,4204.66666666667
681,oracle,4,160,4204.66666666667,0.2,1,0.2,6186.2
682,oracle,4,160,4204.66666666667,3,0,0,4204.66666666667
682,oracle,4,160,4204.66666666667,3,1,0.142857142857143,6186.2
682,oracle,4,160,4204.66666666667,3,2,0.285714285714286,6186.2
682,oracle,4,160,4204.66666666667,3,3,0.428571428571429,6186.2
682,oracle,4,160,4204.66666666667,3,4,0.571428571428571,6186.2
682,oracle,4,160,4204.66666666667,3,5,0.714285714285714,6186.2
682,oracle,4,160,4204.66666666667,3,6,0.857142857142857,6186.2
682,oracle,4,160,4204.66666666667,3,7,1,6186.2
682,oracle,4,160,4204.66666666667,3,8,1.14285714285714,6186.2
682,oracle,4,160,4204.66666666667,3,9,1.28571428571429,6186.2
682,oracle,4,160,4204.66666666667,3,10,1.42857142857143,6186.2
682,oracle,4,160,4204.66666666667,3,11,1.57142857142857,6186.2
682,oracle,4,160,4204.66666666667,3,12,1.71428571428571,6186.2
682,oracle,4,160,4204.66666666667,3,13,1.85714285714286,6186.2
682,oracle,4,160,4204.66666666667,3,14,2,6186.2
682,oracle,4,160,4204.66666666667,3,15,2.14285714285714,6186.2
682,oracle,4,160,4204.66666666667,3,16,2.28571428571429,6186.2
682,oracle,4,160,4204.66666666667,3,17,2.42857142857143,6186.2
682,oracle,4,160,4204.66666666667,3,18,2.57142857142857,6186.2
682,oracle,4,160,4204.66666666667,3,19,2.71428571428571,6186.2
682,oracle,4,160,4204.66666666667,3,20,2.85714285714286,6186.2
682,oracle,4,160,4204.66666666667,3,21,3,6186.2
683,oracle,4,160,5255.83333333333,0.2,0,0,5255.83333333333
683,oracle,4,160,5255.83333333333,0.2,1,0.2,6186.2
684,oracle,4,160,5255.83333333333,3,0,0,5255.83333333333
684,oracle,4,160,5255.83333333333,3,1,0.142857142857143,6186.2
684,oracle,4,160,5255.83333333333,3,2,0.285714285714286,6186.2
684,oracle,4,160,5255.83333333333,3,3,0.428571428571429,6186.2
684,oracle,4,160,5255.83333333333,3,4,0.571428571428571,6186.2
684,oracle,4,160,5255.83333333333,3,5,0.714285714285714,6186.2
684,oracle,4,160,5255.83333333333,3,6,0.857142857142857,6186.2
684,oracle,4,160,5255.83333333333,3,7,1,6186.2
684,oracle,4,160,5255.83333333333,3,8,1.14285714285714,6186.2
684,oracle,4,160,5255.83333333333,3,9,1.28571428571429,6186.2
684,oracle,4,160,5255.83333333333,3,10,1.42857142857143,6186.2
684,oracle,4,160,5255.83333333333,3,11,1.57142857142857,6186.2
684,oracle,4,160,5255.83333333333,3,12,1.71428571428571,6186.2
684,oracle,4,160,5255.83333333333,3,13,1.85714285714286,6186.2
684,oracle,4,160,5255.83333333333,3,14,2,6186.2
684,oracle,4,160,5255.83333333333,3,15,2.14285714285714,6186.2
684,oracle,4,160,5255.83333333333,3,16,2.28571428571429,6186.2
684,oracle,4,160,5255.83333333333,3,17,2.42857142857143,6186.2
684,oracle,4,160,5255.83333333333,3,18,2.57142857142857,6186.2
684,oracle,4,160,5255.83333333333,3,19,2.71428571428571,6186.2
684,oracle,4,160,5255.83333333333,3,20,2.85714285714286,6186.2
684,oracle,4,160,5255.83333333333,3,21,3,6186.2
685,oracle,4,160,6307,0.2,0,0,6307
685,oracle,4,160,6307,0.2,1,0.2,6307
686,oracle,4,160,6307,3,0,0,6307
686,oracle,4,160,6307,3,1,0.142857142857143,6307
686,oracle,4,160,6307,3,2,0.285714285714286,6307
686,oracle,4,160,6307,3,3,0.428571428571429,6307
686,oracle,4,160,6307,3,4,0.571428571428571,6307
686,oracle,4,160,6307,3,5,0.714285714285714,6307
686,oracle,4,160,6307,3,6,0.857142857142857,6307
686,oracle,4,160,6307,3,7,1,6307
686,oracle,4,160,6307,3,8,1.14285714285714,6307
686,oracle,4,160,6307,3,9,1.28571428571429,6307
686,oracle,4,160,6307,3,10,1.42857142857143,6307
686,oracle,4,160,6307,3,11,1.57142857142857,6307
686,oracle,4,160,6307,3,12,1.71428571428571,6307
686,oracle,4,160,6307,3,13,1.85714285714286,6307
686,oracle,4,160,6307,3,14,2,6307
686,oracle,4,160,6307,3,15,2.14285714285714,6307
686,oracle,4,160,6307,3,16,2.28571428571429,6307
686,oracle,4,160,6307,3,17,2.42857142857143,6307
686,oracle,4,160,6307,3,18,2.57142857142857,6307
686,oracle,4,160,6307,3,19,2.71428571428571,6307
686,oracle,4,160,6307,3,20,2.85714285714286,6307
686,oracle,4,160,6307,3,21,3,6307
687,oracle,4,-160,-514,0.2,0,0,-514
687,oracle,4,-160,-514,0.2,1,0.2,-514
688,oracle,4,-160,-514,3,0,0,-514
688,oracle,4,-160,-514,3,1,0.142857142857143,-514
688,oracle,4,-160,-514,3,2,0.285714285714286,-514
688,oracle,4,-160,-514,3,3,0.428571428571429,-514
688,oracle,4,-160,-514,3,4,0.571428571428571,-514
688,oracle,4,-160,-514,3,5,0.714285714285714,-514
688,oracle,4,-160,-514,3,6,0.857142857142857,-514
688,oracle,4,-160,-514,3,7,1,-514
688,oracle,4,-160,-514,3,8,1.14285714285714,-514
688,oracle,4,-160,-514,3,9,1.28571428571429,-514
688,oracle,4,-160,-514,3,10,1.42857142857143,-514
688,oracle,4,-160,-514,3,11,1.57142857142857,-514
688,oracle,4,-160,-514,3,12,1.71428571428571,-514
688,oracle,4,-160,-514,3,13,1.85714285714286,-514
688,oracle,4,-160,-514,3,14,2,-514
688,oracle,4,-160,-514,3,15,2.14285714285714,-514
688,oracle,4,-160,-514,3,16,2.28571428571429,-514
688,oracle,4,-160,-514,3,17,2.42857142857143,-514
688,oracle,4,-160,-514,3,18,2.57142857142857,-514
688,oracle,4,-160,-514,3,19,2.71428571428571,-514
688,oracle,4,-160,-514,3,20,2.85714285714286,-514
688,oracle,4,-160,-514,3,21,3,-514
689,oracle,4,-160,622.833333333333,0.2,0,0,622.833333333333
689,oracle,4,-160,622.833333333333,0.2,1,0.2,-409.2
690,oracle,4,-160,622.833333333333,3,0,0,622.833333333333
690,oracle,4,-160,622.833333333333,3,1,0.142857142857143,-409.2
690,oracle,4,-160,622.833333333333,3,2,0.285714285714286,-409.2
690,oracle,4,-160,622.833333333333,3,3,0.428571428571429,-409.2
690,oracle,4,-160,622.833333333333,3,4,0.571428571428571,-409.2
690,oracle,4,-160,622.833333333333,3,5,0.714285714285714,-409.2
690,oracle,4,-160,622.833333333333,3,6,0.857142857142857,-409.2
690,oracle,4,-160,622.833333333333,3,7,1,-409.2
690,oracle,4,-160,622.833333333333,3,8,1.14285714285714,-409.2
690,oracle,4,-160,622.833333333333,3,9,1.28571428571429,-409.2
690,oracle,4,-160,622.833333333333,3,10,1.42857142857143,-409.2
690,oracle,4,-160,622.833333333333,3,11,1.57142857142857,-409.2
690,oracle,4,-160,622.833333333333,3,12,1.71428571428571,-409.2
690,oracle,4,-160,622.833333333333,3,13,1.85714285714286,-409.2
690,oracle,4,-160,622.833333333333,3,14,2,-409.2
690,oracle,4,-160,622.833333333333,3,15,2.14285714285714,-409.2
690,oracle,4,-160,622.833333333333,3,16,2.28571428571429,-409.2
690,oracle,4,-160,622.833333333333,3,17,2.42857142857143,-409.2
690,oracle,4,-160,622.833333333333,3,18,2.57142857142857,-409.2
690,oracle,4,-160,622.833333333333,3,19,2.71428571428571,-409.2
690,oracle,4,-160,622.833333333333,3,20,2.85714285714286,-409.2
690,oracle,4,-160,622.833333333333,3,21,3,-409.2
691,oracle,4,-160,1759.66666666667,0.2,0,0,1759.66666666667
691,oracle,4,-160,1759.66666666667,0.2,1,0.2,-409.2
692,oracle,4,-160,1759.66666666667,3,0,0,1759.66666666667
692,oracle,4,-160,1759.66666666667,3,1,0.142857142857143,-409.2
692,oracle,4,-160,1759.66666666667,3,2,0.285714285714286,-409.2
692,oracle,4,-160,1759.66666666667,3,3,0.428571428571429,-409.2
692,oracle,4,-160,1759.66666666667,3,4,0.571428571428571,-409.2
692,oracle,4,-160,1759.66666666667,3,5,0.714285714285714,-409.2
692,oracle,4,-160,1759.66666666667,3,6,0.857142857142857,-409.2
692,oracle,4,-160,1759.66666666667,3,7,1,-409.2
692,oracle,4,-160,1759.66666666667,3,8,1.14285714285714,-409.2
692,oracle,4,-160,1759.66666666667,3,9,1.28571428571429,-409.2
692,oracle,4,-160,1759.66666666667,3,10,1.42857142857143,-409.2
692,oracle,4,-160,1759.66666666667,3,11,1.57142857142857,-409.2
692,oracle,4,-160,1759.66666666667,3,12,1.71428571428571,-409.2
692,oracle,4,-160,1759.66666666667,3,13,1.85714285714286,-409.2
692,oracle,4,-160,1759.66666666667,3,14,2,-409.2
692,oracle,4,-160,1759.66666666667,3,15,2.14285714285714,-409.2
692,oracle,4,-160,1759.66666666667,3,16,2.28571428571429,-409.2
692,oracle,4,-160,1759.66666666667,3,17,2.42857142857143,-409.2
692,oracle,4,-160,1759.66666666667,3,18,2.57142857142857,-409.2
692,oracle,4,-160,1759.66666666667,3,19,2.71428571428571,-409.2
692,oracle,4,-160,1759.66666666667,3,20,2.85714285714286,-409.2
692,oracle,4,-160,1759.66666666667,3,21,3,-409.2
693,oracle,4,-160,2896.5,0.2,0,0,2896.5
693,oracle,4,-160,2896.5,0.2,1,0.2,-409.2
694,oracle,4,-160,2896.5,3,0,0,2896.5
694,oracle,4,-160,2896.5,3,1,0.142857142857143,-409.2
694,oracle,4,-160,2896.5,3,2,0.285714285714286,-409.2
694,oracle,4,-160,2896.5,3,3,0.428571428571429,-409.2
694,oracle,4,-160,2896.5,3,4,0.571428571428571,-409.2
694,oracle,4,-160,2896.5,3,5,0.714285714285714,-409.2
694,oracle,4,-160,2896.5,3,6,0.857142857142857,-409.2
694,oracle,4,-160,2896.5,3,7,1,-409.2
694,oracle,4,-160,2896.5,3,8,1.14285714285714,-409.2
694,oracle,4,-160,2896.5,3,9,1.28571428571429,-409.2
694,oracle,4,-160,2896.5,3,10,1.42857142857143,-409.2
694,oracle,4,-160,2896.5,3,11,1.57142857142857,-409.2
694,oracle,4,-160,2896.5,3,12,1.71428571428571,-409.2
694,oracle,4,-160,2896.5,3,13,1.85714285714286,-409.2
694,oracle,4,-160,2896.5,3,14,2,-409.2
694,oracle,4,-160,2896.5,3,15,2.14285714285714,-409.2
694,oracle,4,-160,2896.5,3,16,2.28571428571429,-409.2
694,oracle,4,-160,2896.5,3,17,2.42857142857143,-409.2
694,oracle,4,-160,2896.5,3,18,2.57142857142857,-409.2
694,oracle,4,-160,2896.5,3,19,2.71428571428571,-409.2
694,oracle,4,-160,2896.5,3,20,2.85714285714286,-409.2
694,oracle,4,-160,2896.5,3,21,3,-409.2
695,oracle,4,-160,4033.33333333333,0.2,0,0,4033.33333333333
695,oracle,4,-160,4033.33333333333,0.2,1,0.2,-409.2
696,oracle,4,-160,4033.33333333333,3,0,0,4033.33333333333
696,oracle,4,-160,4033.33333333333,3,1,0.142857142857143,-409.2
696,oracle,4,-160,4033.33333333333,3,2,0.285714285714286,-409.2
696,oracle,4,-160,4033.33333333333,3,3,0.428571428571429,-409.2
696,oracle,4,-160,4033.33333333333,3,4,0.571428571428571,-409.2
696,oracle,4,-160,4033.33333333333,3,5,0.714285714285714,-409.2
696,oracle,4,-160,4033.33333333333,3,6,0.857142857142857,-409.2
696,oracle,4,-160,4033.33333333333,3,7,1,-409.2
696,oracle,4,-160,4033.33333333333,3,8,1.14285714285714,-409.2
696,oracle,4,-160,4033.33333333333,3,9,1.28571428571429,-409.2
696,oracle,4,-160,4033.33333333333,3,10,1.42857142857143,-409.2
696,oracle,4,-160,4033.33333333333,3,11,1.57142857142857,-409.2
696,oracle,4,-160,4033.33333333333,3,12,1.71428571428571,-409.2
696,oracle,4,-160,4033.33333333333,3,13,1.85714285714286,-409.2
696,oracle,4,-160,4033.33333333333,3,14,2,-409.2
696,oracle,4,-160,4033.33333333333,3,15,2.14285714285714,-409.2
696,oracle,4,-160,4033.33333333333,3,16,2.28571428571429,-409.2
696,oracle,4,-160,4033.33333333333,3,17,2.42857142857143,-409.2
696,oracle,4,-160,4033.33333333333,3,18,2.57142857142857,-409.2
696,oracle,4,-160,4033.33333333333,3,19,2.71428571428571,-409.2
696,oracle,4,-160,4033.33333333333,3,20,2.85714285714286,-409.2
696,oracle,4,-160,4033.33333333333,3,21,3,-409.2
697,oracle,4,-160,5170.16666666667,0.2,0,0,5170.16666666667
697,oracle,4,-160,5170.16666666667,0.2,1,0.2,-409.2
698,oracle,4,-160,5170.16666666667,3,0,0,5170.16666666667
698,oracle,4,-160,5170.16666666667,3,1,0.142857142857143,-409.2
698,oracle,4,-160,5170.16666666667,3,2,0.285714285714286,-409.2
698,oracle,4,-160,5170.16666666667,3,3,0.428571428571429,-409.2
698,oracle,4,-160,5170.16666666667,3,4,0.571428571428571,-409.2
698,oracle,4,-160,5170.16666666667,3,5,0.714285714285714,-409.2
698,oracle,4,-160,5170.16666666667,3,6,0.857142857142857,-409.2
698,oracle,4,-160,5170.16666666667,3,7,1,-409.2
698,oracle,4,-160,5170.16666666667,3,8,1.14285714285714,-409.2
698,oracle,4,-160,5170.16666666667,3,9,1.28571428571429,-409.2
698,oracle,4,-160,5170.16666666667,3,10,1.42857142857143,-409.2
698,oracle,4,-160,5170.16666666667,3,11,1.57142857142857,-409.2
698,oracle,4,-160,5170.16666666667,3,12,1.71428571428571,-409.2
698,oracle,4,-160,5170.16666666667,3,13,1.85714285714286,-409.2
698,oracle,4,-160,5170.16666666667,3,14,2,-409.2
698,oracle,4,-160,5170.16666666667,3,15,2.14285714285714,-409.2
698,oracle,4,-160,5170.16666666667,3,16,2.28571428571429,-409.2
698,oracle,4,-160,5170.16666666667,3,17,2.42857142857143,-409.2
698,oracle,4,-160,5170.16666666667,3,18,2.57142857142857,-409.2
698,oracle,4,-160,5170.16666666667,3,19,2.71428571428571,-409.2
698,oracle,4,-160,5170.16666666667,3,20,2.85714285714286,-409.2
698,oracle,4,-160,5170.16666666667,3,21,3,-409.2
699,oracle,4,-160,6307,0.2,0,0,6307
699,oracle,4,-160,6307,0.2,1,0.2,-409.2
700,oracle,4,-160,6307,3,0,0,6307
700,oracle,4,-160,6307,3,1,0.142857142857143,-96.4
700,oracle,4,-160,6307,3,2,0.285714285714286,-409.2
700,oracle,4,-160,6307,3,3,0.428571428571429,-409.2
700,oracle,4,-160,6307,3,4,0.571428571428571,-409.2
700,oracle,4,-160,6307,3,5,0.714285714285714,-409.2
700,oracle,4,-160,6307,3,6,0.857142857142857,-409.2
700,oracle,4,-160,6307,3,7,1,-409.2
700,oracle,4,-160,6307,3,8,1.14285714285714,-409.2
700,oracle,4,-160,6307,3,9,1.28571428571429,-409.2
700,oracle,4,-160,6307,3,10,1.42857142857143,-409.2
700,oracle,4,-160,6307,3,11,1.57142857142857,-409.2
700,oracle,4,-160,6307,3,12,1.71428571428571,-409.2
700,oracle,4,-160,6307,3,13,1.85714285714286,-409.2
700,oracle,4,-160,6307,3,14,2,-409.2
700,oracle,4,-160,6307,3,15,2.14285714285714,-409.2
700,oracle,4,-160,6307,3,16,2.28571428571429,-409.2
700,oracle,4,-160,6307,3,17,2.42857142857143,-409.2
700,oracle,4,-160,6307,3,18,2.57142857142857,-409.2
700,oracle,4,-160,6307,3,19,2.71428571428571,-409.2
700,oracle,4,-160,6307,3,20,2.85714285714286,-409.2
700,oracle,4,-160,6307,3,21,3,-409.2
701,oracle,4,192,0,0.2,0,0,0
701,oracle,4,192,0,0.2,1,0.2,6217.33333333333
702,oracle,4,192,0,3,0,0,0
702,oracle,4,192,0,3,1,0.142857142857143,6217.33333333333
702,oracle,4,192,0,3,2,0.285714285714286,6217.33333333333
702,oracle,4,192,0,3,3,0.428571428571429,6217.33333333333
702,oracle,4,192,0,3,4,0.571428571428571,6217.33333333333
702,oracle,4,192,0,3,5,0.714285714285714,6217.33333333333
702,oracle,4,192,0,3,6,0.857142857142857,6217.33333333333
702,oracle,4,192,0,3,7,1,6217.33333333333
702,oracle,4,192,0,3,8,1.14285714285714,6217.33333333333
702,oracle,4,192,0,3,9,1.28571428571429,6217.33333333333
702,oracle,4,192,0,3,10,1.42857142857143,6217.33333333333
702,oracle,4,192,0,3,11,1.57142857142857,6217.33333333333
702,oracle,4,192,0,3,12,1.71428571428571,6217.33333333333
702,oracle,4,192,0,3,13,1.85714285714286,6217.33333333333
702,oracle,4,192,0,3,14,2,6217.33333333333
702,oracle,4,192,0,3,15,2.14285714285714,6217.33333333333
702,oracle,4,192,0,3,16,2.28571428571429,6217.33333333333
702,oracle,4,192,0,3,17,2.42857142857143,6217.33333333333
702,oracle,4,192,0,3,18,2.57142857142857,6217.33333333333
702,oracle,4,192,0,3,19,2.71428571428571,6217.33333333333
702,oracle,4,192,0,3,20,2.85714285714286,6217.33333333333
702,oracle,4,192,0,3,21,3,6217.33333333333
703,oracle,4,192,1041.5,0.2,0,0,1041.5
703,oracle,4,192,1041.5,0.2,1,0.2,6217.33333333333
704,oracle,4,192,1041.5,3,0,0,1041.5
704,oracle,4,192,1041.5,3,1,0.142857142857143,6217.33333333333
704,oracle,4,192,1041.5,3,2,0.285714285714286,6217.33333333333
704,oracle,4,192,1041.5,3,3,0.428571428571429,6217.33333333333
704,oracle,4,192,1041.5,3,4,0.571428571428571,6217.33333333333
704,oracle,4,192,1041.5,3,5,0.714285714285714,6217.33333333333
704,oracle,4,192,1041.5,3,6,0.857142857142857,6217.33333333333
704,oracle,4,192,1041.5,3,7,1,6217.33333333333
704,oracle,4,192,1041.5,3,8,1.14285714285714,6217.33333333333
704,oracle,4,192,1041.5,3,9,1.28571428571429,6217.33333333333
704,oracle,4,192,1041.5,3,10,1.42857142857143,6217.33333333333
704,oracle,4,192,1041.5,3,11,1.57142857142857,6217.33333333333
704,oracle,4,192,1041.5,3,12,1.71428571428571,6217.33333333333
704,oracle,4,192,1041.5,3,13,1.85714285714286,6217.33333333333
704,oracle,4,192,1041.5,3,14,2,6217.33333333333
704,oracle,4,192,1041.5,3,15,2.14285714285714,6217.33333333333
704,oracle,4,192,1041.5,3,16,2.28571428571429,6217.33333333333
704,oracle,4,192,1041.5,3,17,2.42857142857143,6217.33333333333
704,oracle,4,192,1041.5,3,18,2.57142857142857,6217.33333333333
704,oracle,4,192,1041.5,3,19,2.71428571428571,6217.33333333333
704,oracle,4,192,1041.5,3,20,2.85714285714286,6217.33333333333
704,oracle,4,192,1041.5,3,21,3,6217.33333333333
705,oracle,4,192,2083,0.2,0,0,2083
705,oracle,4,192,2083,0.2,1,0.2,6217.33333333333
706,oracle,4,192,2083,3,0,0,2083
706,oracle,4,192,2083,3,1,0.142857142857143,6217.33333333333
706,oracle,4,192,2083,3,2,0.285714285714286,6217.33333333333
706,oracle,4,192,2083,3,3,0.428571428571429,6217.33333333333
706,oracle,4,192,2083,3,4,0.571428571428571,6217.33333333333
706,oracle,4,192,2083,3,5,0.714285714285714,6217.33333333333
706,oracle,4,192,2083,3,6,0.857142857142857,6217.33333333333
706,oracle,4,192,2083,3,7,1,6217.33333333333
706,oracle,4,192,2083,3,8,1.14285714285714,6217.33333333333
706,oracle,4,192,2083,3,9,1.28571428571429,6217.33333333333
706,oracle,4,192,2083,3,10,1.42857142857143,6217.33333333333
706,oracle,4,192,2083,3,11,1.57142857142857,6217.33333333333
706,oracle,4,192,2083,3,12,1.71428571428571,6217.33333333333
706,oracle,4,192,2083,3,13,1.85714285714286,6217.33333333333
706,oracle,4,192,2083,3,14,2,6217.33333333333
706,oracle,4,192,2083,3,15,2.14285714285714,6217.33333333333
706,oracle,4,192,2083,3,16,2.28571428571429,6217.33333333333
706,oracle,4,192,2083,3,17,2.42857142857143,6217.33333333333
706,oracle,4,192,2083,3,18,2.57142857142857,6217.33333333333
706,oracle,4,192,2083,3,19,2.71428571428571,6217.33333333333
706,oracle,4,192,2083,3,20,2.85714285714286,6217.33333333333
706,oracle,4,192,2083,3,21,3,6217.33333333333
707,oracle,4,192,3124.5,0.2,0,0,3124.5
707,oracle,4,192,3124.5,0.2,1,0.2,6217.33333333333
708,oracle,4,192,3124.5,3,0,0,3124.5
708,oracle,4,192,3124.5,3,1,0.142857142857143,6217.33333333333
708,oracle,4,192,3124.5,3,2,0.285714285714286,6217.33333333333
708,oracle,4,192,3124.5,3,3,0.428571428571429,6217.33333333333
708,oracle,4,192,3124.5,3,4,0.571428571428571,6217.33333333333
708,oracle,4,192,3124.5,3,5,0.714285714285714,6217.33333333333
708,oracle,4,192,3124.5,3,6,0.857142857142857,6217.33333333333
708,oracle,4,192,3124.5,3,7,1,6217.33333333333
708,oracle,4,192,3124.5,3,8,1.14285714285714,6217.33333333333
708,oracle,4,192,3124.5,3,9,1.28571428571429,6217.33333333333
708,oracle,4,192,3124.5,3,10,1.42857142857143,6217.33333333333
708,oracle,4,192,3124.5,3,11,1.57142857142857,6217.33333333333
708,oracle,4,192,3124.5,3,12,1.71428571428571,6217.33333333333
708,oracle,4,192,3124.5,3,13,1.85714285714286,6217.33333333333
708,oracle,4,192,3124.5,3,14,2,6217.33333333333
708,oracle,4,192,3124.5,3,15,2.14285714285714,6217.33333333333
708,oracle,4,192,3124.5,3,16,2.28571428571429,6217.33333333333
708,oracle,4,192,3124.5,3,17,2.42857142857143,6217.33333333333
708,oracle,4,192,3124.5,3,18,2.57142857142857,6217.33333333333
708,oracle,4,192,3124.5,3,19,2.71428571428571,6217.33333333333
708,oracle,4,192,3124.5,3,20,2.85714285714286,6217.33333333333
708,oracle,4,192,3124.5,3,21,3,6217.33333333333
709,oracle,4,192,4166,0.2,0,0,4166
709,oracle,4,192,4166,0.2,1,0.2,6217.33333333333
710,oracle,4,192,4166,3,0,0,4166
710,oracle,4,192,4166,3,1,0.142857142857143,6217.33333333333
710,oracle,4,192,4166,3,2,0.285714285714286,6217.33333333333
710,oracle,4,192,4166,3,3,0.428571428571429,6217.33333333333
710,oracle,4,192,4166,3,4,0.571428571428571,6217.33333333333
710,oracle,4,192,4166,3,5,0.714285714285714,6217.33333333333
710,oracle,4,192,4166,3,6,0.857142857142857,6217.33333333333
710,oracle,4,192,4166,3,7,1,6217.33333333333
710,oracle,4,192,4166,3,8,1.14285714285714,6217.33333333333
710,oracle,4,192,4166,3,9,1.28571428571429,6217.33333333333
710,oracle,4,192,4166,3,10,1.42857142857143,6217.33333333333
710,oracle,4,192,4166,3,11,1.57142857142857,6217.33333333333
710,oracle,4,192,4166,3,12,1.71428571428571,6217.33333333333
710,oracle,4,192,4166,3,13,1.85714285714286,6217.33333333333
710,oracle,4,192,4166,3,14,2,6217.33333333333
710,oracle,4,192,4166,3,15,2.14285714285714,6217.33333333333
710,oracle,4,192,4166,3,16,2.28571428571429,6217.33333333333
710,oracle,4,192,4166,3,17,2.42857142857143,6217.33333333333
710,oracle,4,192,4166,3,18,2.57142857142857,6217.33333333333
710,oracle,4,192,4166,3,19,2.71428571428571,6217.33333333333
710,oracle,4,192,4166,3,20,2.85714285714286,6217.33333333333
710,oracle,4,192,4166,3,21,3,6217.33333333333
711,oracle,4,192,5207.5,0.2,0,0,5207.5
711,oracle,4,192,5207.5,0.2,1,0.2,6217.33333333333
712,oracle,4,192,5207.5,3,0,0,5207.5
712,oracle,4,192,5207.5,3,1,0.142857142857143,6217.33333333333
712,oracle,4,192,5207.5,3,2,0.285714285714286,6217.33333333333
712,oracle,4,192,5207.5,3,3,0.428571428571429,6217.33333333333
712,oracle,4,192,5207.5,3,4,0.571428571428571,6217.33333333333
712,oracle,4,192,5207.5,3,5,0.714285714285714,6217.33333333333
712,oracle,4,192,5207.5,3,6,0.857142857142857,6217.33333333333
712,oracle,4,192,5207.5,3,7,1,6217.33333333333
712,oracle,4,192,5207.5,3,8,1.14285714285714,6217.33333333333
712,oracle,4,192,5207.5,3,9,1.28571428571429,6217.33333333333
712,oracle,4,192,5207.5,3,10,1.42857142857143,6217.33333333333
712,oracle,4,192,5207.5,3,11,1.57142857142857,6217.33333333333
712,oracle,4,192,5207.5,3,12,1.71428571428571,6217.33333333333
712,oracle,4,192,5207.5,3,13,1.85714285714286,6217.33333333333
712,oracle,4,192,5207.5,3,14,2,6217.33333333333
712,oracle,4,192,5207.5,3,15,2.14285714285714,6217.33333333333
712,oracle,4,192,5207.5,3,16,2.28571428571429,6217.33333333333
712,oracle,4,192,5207.5,3,17,2.42857142857143,6217.33333333333
712,oracle,4,192,5207.5,3,18,2.57142857142857,6217.33333333333
712,oracle,4,192,5207.5,3,19,2.71428571428571,6217.33333333333
712,oracle,4,192,5207.5,3,20,2.85714285714286,6217.33333333333
712,oracle,4,192,5207.5,3,21,3,6217.33333333333
713,oracle,4,192,6249,0.2,0,0,6249
713,oracle,4,192,6249,0.2,1,0.2,6249
714,oracle,4,192,6249,3,0,0,6249
714,oracle,4,192,6249,3,1,0.142857142857143,6249
714,oracle,4,192,6249,3,2,0.285714285714286,6249
714,oracle,4,192,6249,3,3,0.428571428571429,6249
714,oracle,4,192,6249,3,4,0.571428571428571,6249
714,oracle,4,192,6249,3,5,0.714285714285714,6249
714,oracle,4,192,6249,3,6,0.857142857142857,6249
714,oracle,4,192,6249,3,7,1,6249
714,oracle,4,192,6249,3,8,1.14285714285714,6249
714,oracle,4,192,6249,3,9,1.28571428571429,6249
714,oracle,4,192,6249,3,10,1.42857142857143,6249
714,oracle,4,192,6249,3,11,1.57142857142857,6249
714,oracle,4,192,6249,3,12,1.71428571428571,6249
714,oracle,4,192,6249,3,13,1.85714285714286,6249
714,oracle,4,192,6249,3,14,2,6249
714,oracle,4,192,6249,3,15,2.14285714285714,6249
714,oracle,4,192,6249,3,16,2.28571428571429,6249
714,oracle,4,192,6249,3,17,2.42857142857143,6249
714,oracle,4,192,6249,3,18,2.57142857142857,6249
714,oracle,4,192,6249,3,19,2.71428571428571,6249
714,oracle,4,192,6249,3,20,2.85714285714286,6249
714,oracle,4,192,6249,3,21,3,6249
715,oracle,4,-192,-552,0.2,0,0,-552
715,oracle,4,-192,-552,0.2,1,0.2,-552
716,oracle,4,-192,-552,3,0,0,-552
716,oracle,4,-192,-552,3,1,0.142857142857143,-552
716,oracle,4,-192,-552,3,2,0.285714285714286,-552
716,oracle,4,-192,-552,3,3,0.428571428571429,-552
716,oracle,4,-192,-552,3,4,0.571428571428571,-552
716,oracle,4,-192,-552,3,5,0.714285714285714,-552
716,oracle,4,-192,-552,3,6,0.857142857142857,-552
716,oracle,4,-192,-552,3,7,1,-552
716,oracle,4,-192,-552,3,8,1.14285714285714,-552
716,oracle,4,-192,-552,3,9,1.28571428571429,-552
716,oracle,4,-192,-552,3,10,1.42857142857143,-552
716,oracle,4,-192,-552,3,11,1.57142857142857,-552
716,oracle,4,-192,-552,3,12,1.71428571428571,-552
716,oracle,4,-192,-552,3,13,1.85714285714286,-552
716,oracle,4,-192,-552,3,14,2,-552
716,oracle,4,-192,-552,3,15,2.14285714285714,-552
716,oracle,4,-192,-552,3,16,2.28571428571429,-552
716,oracle,4,-192,-552,3,17,2.42857142857143,-552
716,oracle,4,-192,-552,3,18,2.57142857142857,-552
716,oracle,4,-192,-552,3,19,2.71428571428571,-552
716,oracle,4,-192,-552,3,20,2.85714285714286,-552
716,oracle,4,-192,-552,3,21,3,-552
717,oracle,4,-192,581.5,0.2,0,0,581.5
717,oracle,4,-192,581.5,0.2,1,0.2,-468.5
718,oracle,4,-192,581.5,3,0,0,581.5
718,oracle,4,-192,581.5,3,1,0.142857142857143,-468.5
718,oracle,4,-192,581.5,3,2,0.285714285714286,-468.5
718,oracle,4,-192,581.5,3,3,0.428571428571429,-468.5
718,oracle,4,-192,581.5,3,4,0.571428571428571,-468.5
718,oracle,4,-192,581.5,3,5,0.714285714285714,-468.5
718,oracle,4,-192,581.5,3,6,0.857142857142857,-468.5
718,oracle,4,-192,581.5,3,7,1,-468.5
718,oracle,4,-192,581.5,3,8,1.14285714285714,-468.5
718,oracle,4,-192,581.5,3,9,1.28571428571429,-468.5
718,oracle,4,-192,581.5,3,10,1.42857142857143,-468.5
718,oracle,4,-192,581.5,3,11,1.57142857142857,-468.5
718,oracle,4,-192,581.5,3,12,1.71428571428571,-468.5
718,oracle,4,-192,581.5,3,13,1.85714285714286,-468.5
718,oracle,4,-192,581.5,3,14,2,-468.5
718,oracle,4,-192,581.5,3,15,2.14285714285714,-468.5
718,oracle,4,-192,581.5,3,16,2.28571428571429,-468.5
718,oracle,4,-192,581.5,3,17,2.42857142857143,-468.5
718,oracle,4,-192,581.5,3,18,2.57142857142857,-468.5
718,oracle,4,-192,581.5,3,19,2.71428571428571,-468.5
718,oracle,4,-192,581.5,3,20,2.85714285714286,-468.5
718,oracle,4,-192,581.5,3,21,3,-468.5
719,oracle,4,-192,1715,0.2,0,0,1715
719,oracle,4,-192,1715,0.2,1,0.2,-468.5
720,oracle,4,-192,1715,3,0,0,1715
720,oracle,4,-192,1715,3,1,0.142857142857143,-468.5
720,oracle,4,-192,1715,3,2,0.285714285714286,-468.5
720,oracle,4,-192,1715,3,3,0.428571428571429,-468.5
720,oracle,4,-192,1715,3,4,0.571428571428571,-468.5
720,oracle,4,-192,1715,3,5,0.714285714285714,-468.5
720,oracle,4,-192,1715,3,6,0.857142857142857,-468.5
720,oracle,4,-192,1715,3,7,1,-468.5
720,oracle,4,-192,1715,3,8,1.14285714285714,-468.5
720,oracle,4,-192,1715,3,9,1.28571428571429,-468.5
720,oracle,4,-192,1715,3,10,1.42857142857143,-468.5
720,oracle,4,-192,1715,3,11,1.57142857142857,-468.5
720,oracle,4,-192,1715,3,12,1.71428571428571,-468.5
720,oracle,4,-192,1715,3,13,1.85714285714286,-468.5
720,oracle,4,-192,1715,3,14,2,-468.5
720,oracle,4,-192,1715,3,15,2.14285714285714,-468.5
720,oracle,4,-192,1715,3,16,2.28571428571429,-468.5
720,oracle,4,-192,1715,3,17,2.42857142857143,-468.5
720,oracle,4,-192,1715,3,18,2.57142857142857,-468.5
720,oracle,4,-192,1715,3,19,2.71428571428571,-468.5
720,oracle,4,-192,1715,3,20,2.85714285714286,-468.5
720,oracle,4,-192,1715,3,21,3,-468.5
721,oracle,4,-192,2848.5,0.2,0,0,2848.5
721,oracle,4,-192,2848.5,0.2,1,0.2,-468.5
722,oracle,4,-192,2848.5,3,0,0,2848.5
722,oracle,4,-192,2848.5,3,1,0.142857142857143,-468.5
722,oracle,4,-192,2848.5,3,2,0.285714285714286,-468.5
722,oracle,4,-192,2848.5,3,3,0.428571428571429,-468.5
722,oracle,4,-192,2848.5,3,4,0.571428571428571,-468.5
722,oracle,4,-192,2848.5,3,5,0.714285714285714,-468.5
722,oracle,4,-192,2848.5,3,6,0.857142857142857,-468.5
722,oracle,4,-192,2848.5,3,7,1,-468.5
722,oracle,4,-192,2848.5,3,8,1.14285714285714,-468.5
722,oracle,4,-192,2848.5,3,9,1.28571428571429,-468.5
722,oracle,4,-192,2848.5,3,10,1.42857142857143,-468.5
722,oracle,4,-192,2848.5,3,11,1.57142857142857,-468.5
722,oracle,4,-192,2848.5,3,12,1.71428571428571,-468.5
722,oracle,4,-192,2848.5,3,13,1.85714285714286,-468.5
722,oracle,4,-192,2848.5,3,14,2,-468.5
722,oracle,4,-192,2848.5,3,15,2.14285714285714,-468.5
722,oracle,4,-192,2848.5,3,16,2.28571428571429,-468.5
722,oracle,4,-192,2848.5,3,17,2.42857142857143,-468.5
722,oracle,4,-192,2848.5,3,18,2.57142857142857,-468.5
722,oracle,4,-192,2848.5,3,19,2.71428571428571,-468.5
722,oracle,4,-192,2848.5,3,20,2.85714285714286,-468.5
722,oracle,4,-192,2848.5,3,21,3,-468.5
723,oracle,4,-192,3982,0.2,0,0,3982
723,oracle,4,-192,3982,0.2,1,0.2,-468.5
724,oracle,4,-192,3982,3,0,0,3982
724,oracle,4,-192,3982,3,1,0.142857142857143,-468.5
724,oracle,4,-192,3982,3,2,0.285714285714286,-468.5
724,oracle,4,-192,3982,3,3,0.428571428571429,-468.5
724,oracle,4,-192,3982,3,4,0.571428571428571,-468.5
724,oracle,4,-192,3982,3,5,0.714285714285714,-468.5
724,oracle,4,-192,3982,3,6,0.857142857142857,-468.5
724,oracle,4,-192,3982,3,7,1,-468.5
724,oracle,4,-192,3982,3,8,1.14285714285714,-468.5
724,oracle,4,-192,3982,3,9,1.28571428571429,-468.5
724,oracle,4,-192,3982,3,10,1.42857142857143,-468.5
724,oracle,4,-192,3982,3,11,1.57142857142857,-468.5
724,oracle,4,-192,3982,3,12,1.71428571428571,-468.5
724,oracle,4,-192,3982,3,13,1.85714285714286,-468.5
724,oracle,4,-192,3982,3,14,2,-468.5
724,oracle,4,-192,3982,3,15,2.14285714285714,-468.5
724,oracle,4,-192,3982,3,16,2.28571428571429,-468.5
724,oracle,4,-192,3982,3,17,2.42857142857143,-468.5
724,oracle,4,-192,3982,3,18,2.57142857142857,-468.5
724,oracle,4,-192,3982,3,19,2.71428571428571,-468.5
724,oracle,4,-192,3982,3,20,2.85714285714286,-468.5
724,oracle,4,-192,3982,3,21,3,-468.5
725,oracle,4,-192,5115.5,0.2,0,0,5115.5
725,oracle,4,-192,5115.5,0.2,1,0.2,-468.5
726,oracle,4,-192,5115.5,3,0,0,5115.5
726,oracle,4,-192,5115.5,3,1,0.142857142857143,-468.5
726,oracle,4,-192,5115.5,3,2,0.285714285714286,-468.5
726,oracle,4,-192,5115.5,3,3,0.428571428571429,-468.5
726,oracle,4,-192,5115.5,3,4,0.571428571428571,-468.5
726,oracle,4,-192,5115.5,3,5,0.714285714285714,-468.5
726,oracle,4,-192,5115.5,3,6,0.857142857142857,-468.5
726,oracle,4,-192,5115.5,3,7,1,-468.5
726,oracle,4,-192,5115.5,3,8,1.14285714285714,-468.5
726,oracle,4,-192,5115.5,3,9,1.28571428571429,-468.5
726,oracle,4,-192,5115.5,3,10,1.42857142857143,-468.5
726,oracle,4,-192,5115.5,3,11,1.57142857142857,-468.5
726,oracle,4,-192,5115.5,3,12,1.71428571428571,-468.5
726,oracle,4,-192,5115.5,3,13,1.85714285714286,-468.5
726,oracle,4,-192,5115.5,3,14,2,-468.5
726,oracle,4,-192,5115.5,3,15,2.14285714285714,-468.5
726,oracle,4,-192,5115.5,3,16,2.28571428571429,-468.5
726,oracle,4,-192,5115.5,3,17,2.42857142857143,-468.5
726,oracle,4,-192,5115.5,3,18,2.57142857142857,-468.5
726,oracle,4,-192,5115.5,3,19,2.71428571428571,-468.5
726,oracle,4,-192,5115.5,3,20,2.85714285714286,-468.5
726,oracle,4,-192,5115.5,3,21,3,-468.5
727,oracle,4,-192,6249,0.2,0,0,6249
727,oracle,4,-192,6249,0.2,1,0.2,-468.5
728,oracle,4,-192,6249,3,0,0,6249
728,oracle,4,-192,6249,3,1,0.142857142857143,-437.25
728,oracle,4,-192,6249,3,2,0.285714285714286,-468.5
728,oracle,4,-192,6249,3,3,0.428571428571429,-468.5
728,oracle,4,-192,6249,3,4,0.571428571428571,-468.5
728,oracle,4,-192,6249,3,5,0.714285714285714,-468.5
728,oracle,4,-192,6249,3,6,0.857142857142857,-468.5
728,oracle,4,-192,6249,3,7,1,-468.5
728,oracle,4,-192,6249,3,8,1.14285714285714,-468.5
728,oracle,4,-192,6249,3,9,1.28571428571429,-468.5
728,oracle,4,-192,6249,3,10,1.42857142857143,-468.5
728,oracle,4,-192,6249,3,11,1.57142857142857,-468.5
728,oracle,4,-192,6249,3,12,1.71428571428571,-468.5
728,oracle,4,-192,6249,3,13,1.85714285714286,-468.5
728,oracle,4,-192,6249,3,14,2,-468.5
728,oracle,4,-192,6249,3,15,2.14285714285714,-468.5
728,oracle,4,-192,6249,3,16,2.28571428571429,-468.5
728,oracle,4,-192,6249,3,17,2.42857142857143,-468.5
728,oracle,4,-192,6249,3,18,2.57142857142857,-468.5
728,oracle,4,-192,6249,3,19,2.71428571428571,-468.5
728,oracle,4,-192,6249,3,20,2.85714285714286,-468.5
728,oracle,4,-192,6249,3,21,3,-468.5
729,oracle,4,224,0,0.2,0,0,0
729,oracle,4,224,0,0.2,1,0.2,6277.66666666667
730,oracle,4,224,0,3,0,0,0
730,oracle,4,224,0,3,1,0.142857142857143,6277.66666666667
730,oracle,4,224,0,3,2,0.285714285714286,6277.66666666667
730,oracle,4,224,0,3,3,0.428571428571429,6277.66666666667
730,oracle,4,224,0,3,4,0.571428571428571,6277.66666666667
730,oracle,4,224,0,3,5,0.714285714285714,6277.66666666667
730,oracle,4,224,0,3,6,0.857142857142857,6277.66666666667
730,oracle,4,224,0,3,7,1,6277.66666666667
730,oracle,4,224,0,3,8,1.14285714285714,6277.66666666667
730,oracle,4,224,0,3,9,1.28571428571429,6277.66666666667
730,oracle,4,224,0,3,10,1.42857142857143,6277.66666666667
730,oracle,4,224,0,3,11,1.57142857142857,6277.66666666667
730,oracle,4,224,0,3,12,1.71428571428571,6277.66666666667
730,oracle,4,224,0,3,13,1.85714285714286,6277.66666666667
730,oracle,4,224,0,3,14,2,6277.66666666667
730,oracle,4,224,0,3,15,2.14285714285714,6277.66666666667
730,oracle,4,224,0,3,16,2.28571428571429,6277.66666666667
730,oracle,4,224,0,3,17,2.42857142857143,6277.66666666667
730,oracle,4,224,0,3,18,2.57142857142857,6277.66666666667
730,oracle,4,224,0,3,19,2.71428571428571,6277.66666666667
730,oracle,4,224,0,3,20,2.85714285714286,6277.66666666667
730,oracle,4,224,0,3,21,3,6277.66666666667
731,oracle,4,224,1067.66666666667,0.2,0,0,1067.66666666667
731,oracle,4,224,1067.66666666667,0.2,1,0.2,6277.66666666667
732,oracle,4,224,1067.66666666667,3,0,0,1067.66666666667
732,oracle,4,224,1067.66666666667,3,1,0.142857142857143,6277.66666666667
732,oracle,4,224,1067.66666666667,3,2,0.285714285714286,6277.66666666667
732,oracle,4,224,1067.66666666667,3,3,0.428571428571429,6277.66666666667
732,oracle,4,224,1067.66666666667,3,4,0.571428571428571,6277.66666666667
732,oracle,4,224,1067.66666666667,3,5,0.714285714285714,6277.66666666667
732,oracle,4,224,1067.66666666667,3,6,0.857142857142857,6277.66666666667
732,oracle,4,224,1067.66666666667,3,7,1,6277.66666666667
732,oracle,4,224,1067.66666666667,3,8,1.14285714285714,6277.66666666667
732,oracle,4,224,1067.66666666667,3,9,1.28571428571429,6277.66666666667
732,oracle,4,224,1067.66666666667,3,10,1.42857142857143,6277.66666666667
732,oracle,4,224,1067.66666666667,3,11,1.57142857142857,6277.66666666667
732,oracle,4,224,1067.66666666667,3,12,1.71428571428571,6277.66666666667
732,oracle,4,224,1067.66666666667,3,13,1.85714285714286,6277.66666666667
732,oracle,4,224,1067.66666666667,3,14,2,6277.66666666667
732,oracle,4,224,1067.66666666667,3,15,2.14285714285714,6277.66666666667
732,oracle,4,224,1067.66666666667,3,16,2.28571428571429,6277.66666666667
732,oracle,4,224,1067.66666666667,3,17,2.42857142857143,6277.66666666667
732,oracle,4,224,1067.66666666667,3,18,2.57142857142857,6277.66666666667
732,oracle,4,224,1067.66666666667,3,19,2.71428571428571,6277.66666666667
732,oracle,4,224,1067.66666666667,3,20,2.85714285714286,6277.66666666667
732,oracle,4,224,1067.66666666667,3,21,3,6277.66666666667
733,oracle,4,224,2135.33333333333,0.2,0,0,2135.33333333333
733,oracle,4,224,2135.33333333333,0.2,1,0.2,6277.66666666667
734,oracle,4,224,2135.33333333333,3,0,0,2135.33333333333
734,oracle,4,224,2135.33333333333,3,1,0.142857142857143,6277.66666666667
734,oracle,4,224,2135.33333333333,3,2,0.285714285714286,6277.66666666667
734,oracle,4,224,2135.33333333333,3,3,0.428571428571429,6277.66666666667
734,oracle,4,224,2135.33333333333,3,4,0.571428571428571,6277.66666666667
734,oracle,4,224,2135.33333333333,3,5,0.714285714285714,6277.66666666667
734,oracle,4,224,2135.33333333333,3,6,0.857142857142857,6277.66666666667
734,oracle,4,224,2135.33333333333,3,7,1,6277.66666666667
734,oracle,4,224,2135.33333333333,3,8,1.14285714285714,6277.66666666667
734,oracle,4,224,2135.33333333333,3,9,1.28571428571429,6277.66666666667
734,oracle,4,224,2135.33333333333,3,10,1.42857142857143,6277.66666666667
734,oracle,4,224,2135.33333333333,3,11,1.57142857142857,6277.66666666667
734,oracle,4,224,2135.33333333333,3,12,1.71428571428571,6277.66666666667
734,oracle,4,224,2135.33333333333,3,13,1.85714285714286,6277.66666666667
734,oracle,4,224,2135.33333333333,3,14,2,6277.66666666667
734,oracle,4,224,2135.33333333333,3,15,2.14285714285714,6277.66666666667
734,oracle,4,224,2135.33333333333,3,16,2.28571428571429,6277.66666666667
734,oracle,4,224,2135.33333333333,3,17,2.42857142857143,6277.66666666667
734,oracle,4,224,2135.33333333333,3,18,2.57142857142857,6277.66666666667
734,oracle,4,224,2135.33333333333,3,19,2.71428571428571,6277.66666666667
734,oracle,4,224,2135.33333333333,3,20,2.85714285714286,6277.66666666667
734,oracle,4,224,2135.33333333333,3,21,3,6277.66666666667
735,oracle,4,224,3203,0.2,0,0,3203
735,oracle,4,224,3203,0.2,1,0.2,6277.66666666667
736,oracle,4,224,3203,3,0,0,3203
736,oracle,4,224,3203,3,1,0.142857142857143,6277.66666666667
736,oracle,4,224,3203,3,2,0.285714285714286,6277.66666666667
736,oracle,4,224,3203,3,3,0.428571428571429,6277.66666666667
736,oracle,4,224,3203,3,4,0.571428571428571,6277.66666666667
736,oracle,4,224,3203,3,5,0.714285714285714,6277.66666666667
736,oracle,4,224,3203,3,6,0.857142857142857,6277.66666666667
736,oracle,4,224,3203,3,7,1,6277.66666666667
736,oracle,4,224,3203,3,8,1.14285714285714,6277.66666666667
736,oracle,4,224,3203,3,9,1.28571428571429,6277.66666666667
736,oracle,4,224,3203,3,10,1.42857142857143,6277.66666666667
736,oracle,4,224,3203,3,11,1.57142857142857,6277.66666666667
736,oracle,4,224,3203,3,12,1.71428571428571,6277.66666666667
736,oracle,4,224,3203,3,13,1.85714285714286,6277.66666666667
736,oracle,4,224,3203,3,14,2,6277.66666666667
736,oracle,4,224,3203,3,15,2.14285714285714,6277.66666666667
736,oracle,4,224,3203,3,16,2.28571428571429,6277.66666666667
736,oracle,4,224,3203,3,17,2.42857142857143,6277.66666666667
736,oracle,4,224,3203,3,18,2.57142857142857,6277.66666666667
736,oracle,4,224,3203,3,19,2.71428571428571,6277.66666666667
736,oracle,4,224,3203,3,20,2.85714285714286,6277.66666666667
736,oracle,4,224,3203,3,21,3,6277.66666666667
737,oracle,4,224,4270.66666666667,0.2,0,0,4270.66666666667
737,oracle,4,224,4270.66666666667,0.2,1,0.2,6277.66666666667
738,oracle,4,224,4270.66666666667,3,0,0,4270.66666666667
738,oracle,4,224,4270.66666666667,3,1,0.142857142857143,6277.66666666667
738,oracle,4,224,4270.66666666667,3,2,0.285714285714286,6277.66666666667
738,oracle,4,224,4270.66666666667,3,3,0.428571428571429,6277.66666666667
738,oracle,4,224,4270.66666666667,3,4,0.571428571428571,6277.66666666667
738,oracle,4,224,4270.66666666667,3,5,0.714285714285714,6277.66666666667
738,oracle,4,224,4270.66666666667,3,6,0.857142857142857,6277.66666666667
738,oracle,4,224,4270.66666666667,3,7,1,6277.66666666667
738,oracle,4,224,4270.66666666667,3,8,1.14285714285714,6277.66666666667
738,oracle,4,224,4270.66666666667,3,9,1.28571428571429,6277.66666666667
738,oracle,4,224,4270.66666666667,3,10,1.42857142857143,6277.66666666667
738,oracle,4,224,4270.66666666667,3,11,1.57142857142857,6277.66666666667
738,oracle,4,224,4270.66666666667,3,12,1.71428571428571,6277.66666666667
738,oracle,4,224,4270.66666666667,3,13,1.85714285714286,6277.66666666667
738,oracle,4,224,4270.66666666667,3,14,2,6277.66666666667
738,oracle,4,224,4270.66666666667,3,15,2.14285714285714,6277.66666666667
738,oracle,4,224,4270.66666666667,3,16,2.28571428571429,6277.66666666667
738,oracle,4,224,4270.66666666667,3,17,2.42857142857143,6277.66666666667
738,oracle,4,224,4270.66666666667,3,18,2.57142857142857,6277.66666666667
738,oracle,4,224,4270.66666666667,3,19,2.71428571428571,6277.66666666667
738,oracle,4,224,4270.66666666667,3,20,2.85714285714286,6277.66666666667
738,oracle,4,224,4270.66666666667,3,21,3,6277.66666666667
739,oracle,4,224,5338.33333333333,0.2,0,0,5338.33333333333
739,oracle,4,224,5338.33333333333,0.2,1,0.2,6277.66666666667
740,oracle,4,224,5338.33333333333,3,0,0,5338.33333333333
740,oracle,4,224,5338.33333333333,3,1,0.142857142857143,6277.66666666667
740,oracle,4,224,5338.33333333333,3,2,0.285714285714286,6277.66666666667
740,oracle,4,224,5338.33333333333,3,3,0.428571428571429,6277.66666666667
740,oracle,4,224,5338.33333333333,3,4,0.571428571428571,6277.66666666667
740,oracle,4,224,5338.33333333333,3,5,0.714285714285714,6277.66666666667
740,oracle,4,224,5338.33333333333,3,6,0.857142857142857,6277.66666666667
740,oracle,4,224,5338.33333333333,3,7,1,6277.66666666667
740,oracle,4,224,5338.33333333333,3,8,1.14285714285714,6277.66666666667
740,oracle,4,224,5338.33333333333,3,9,1.28571428571429,6277.66666666667
740,oracle,4,224,5338.33333333333,3,10,1.42857142857143,6277.66666666667
740,oracle,4,224,5338.33333333333,3,11,1.57142857142857,6277.66666666667
740,oracle,4,224,5338.33333333333,3,12,1.71428571428571,6277.66666666667
740,oracle,4,224,5338.33333333333,3,13,1.85714285714286,6277.66666666667
740,oracle,4,224,5338.33333333333,3,14,2,6277.66666666667
740,oracle,4,224,5338.33333333333,3,15,2.14285714285714,6277.66666666667
740,oracle,4,224,5338.33333333333,3,16,2.28571428571429,6277.66666666667
740,oracle,4,224,5338.33333333333,3,17,2.42857142857143,6277.66666666667
740,oracle,4,224,5338.33333333333,3,18,2.57142857142857,6277.66666666667
740,oracle,4,224,5338.33333333333,3,19,2.71428571428571,6277.66666666667
740,oracle,4,224,5338.33333333333,3,20,2.85714285714286,6277.66666666667
740,oracle,4,224,5338.33333333333,3,21,3,6277.66666666667
741,oracle,4,224,6406,0.2,0,0,6406
741,oracle,4,224,6406,0.2,1,0.2,6406
742,oracle,4,224,6406,3,0,0,6406
742,oracle,4,224,6406,3,1,0.142857142857143,6406
742,oracle,4,224,6406,3,2,0.285714285714286,6406
742,oracle,4,224,6406,3,3,0.428571428571429,6406
742,oracle,4,224,6406,3,4,0.571428571428571,6406
742,oracle,4,224,6406,3,5,0.714285714285714,6406
742,oracle,4,224,6406,3,6,0.857142857142857,6406
742,oracle,4,224,6406,3,7,1,6406
742,oracle,4,224,6406,3,8,1.14285714285714,6406
742,oracle,4,224,6406,3,9,1.28571428571429,6406
742,oracle,4,224,6406,3,10,1.42857142857143,6406
742,oracle,4,224,6406,3,11,1.57142857142857,6406
742,oracle,4,224,6406,3,12,1.71428571428571,6406
742,oracle,4,224,6406,3,13,1.85714285714286,6406
742,oracle,4,224,6406,3,14,2,6406
742,oracle,4,224,6406,3,15,2.14285714285714,6406
742,oracle,4,224,6406,3,16,2.28571428571429,6406
742,oracle,4,224,6406,3,17,2.42857142857143,6406
742,oracle,4,224,6406,3,18,2.57142857142857,6406
742,oracle,4,224,6406,3,19,2.71428571428571,6406
742,oracle,4,224,6406,3,20,2.85714285714286,6406
742,oracle,4,224,6406,3,21,3,6406
743,oracle,4,-224,-567,0.2,0,0,-567
743,oracle,4,-224,-567,0.2,1,0.2,-567
744,oracle,4,-224,-567,3,0,0,-567
744,oracle,4,-224,-567,3,1,0.142857142857143,-567
744,oracle,4,-224,-567,3,2,0.285714285714286,-567
744,oracle,4,-224,-567,3,3,0.428571428571429,-567
744,oracle,4,-224,-567,3,4,0.571428571428571,-567
744,oracle,4,-224,-567,3,5,0.714285714285714,-567
744,oracle,4,-224,-567,3,6,0.857142857142857,-567
744,oracle,4,-224,-567,3,7,1,-567
744,oracle,4,-224,-567,3,8,1.14285714285714,-567
744,oracle,4,-224,-567,3,9,1.28571428571429,-567
744,oracle,4,-224,-567,3,10,1.42857142857143,-567
744,oracle,4,-224,-567,3,11,1.57142857142857,-567
744,oracle,4,-224,-567,3,12,1.71428571428571,-567
744,oracle,4,-224,-567,3,13,1.85714285714286,-567
744,oracle,4,-224,-567,3,14,2,-567
744,oracle,4,-224,-567,3,15,2.14285714285714,-567
744,oracle,4,-224,-567,3,16,2.28571428571429,-567
744,oracle,4,-224,-567,3,17,2.42857142857143,-567
744,oracle,4,-224,-567,3,18,2.57142857142857,-567
744,oracle,4,-224,-567,3,19,2.71428571428571,-567
744,oracle,4,-224,-567,3,20,2.85714285714286,-567
744,oracle,4,-224,-567,3,21,3,-567
745,oracle,4,-224,595.166666666667,0.2,0,0,595.166666666667
745,oracle,4,-224,595.166666666667,0.2,1,0.2,-490
746,oracle,4,-224,595.166666666667,3,0,0,595.166666666667
746,oracle,4,-224,595.166666666667,3,1,0.142857142857143,-490
746,oracle,4,-224,595.166666666667,3,2,0.285714285714286,-490
746,oracle,4,-224,595.166666666667,3,3,0.428571428571429,-490
746,oracle,4,-224,595.166666666667,3,4,0.571428571428571,-490
746,oracle,4,-224,595.166666666667,3,5,0.714285714285714,-490
746,oracle,4,-224,595.166666666667,3,6,0.857142857142857,-490
746,oracle,4,-224,595.166666666667,3,7,1,-490
746,oracle,4,-224,595.166666666667,3,8,1.14285714285714,-490
746,oracle,4,-224,595.166666666667,3,9,1.28571428571429,-490
746,oracle,4,-224,595.166666666667,3,10,1.42857142857143,-490
746,oracle,4,-224,595.166666666667,3,11,1.57142857142857,-490
746,oracle,4,-224,595.166666666667,3,12,1.71428571428571,-490
746,oracle,4,-224,595.166666666667,3,13,1.85714285714286,-490
746,oracle,4,-224,595.166666666667,3,14,2,-490
746,oracle,4,-224,595.166666666667,3,15,2.14285714285714,-490
746,oracle,4,-224,595.166666666667,3,16,2.28571428571429,-490
746,oracle,4,-224,595.166666666667,3,17,2.42857142857143,-490
746,oracle,4,-224,595.166666666667,3,18,2.57142857142857,-490
746,oracle,4,-224,595.166666666667,3,19,2.71428571428571,-490
746,oracle,4,-224,595.166666666667,3,20,2.85714285714286,-490
746,oracle,4,-224,595.166666666667,3,21,3,-490
747,oracle,4,-224,1757.33333333333,0.2,0,0,1757.33333333333
747,oracle,4,-224,1757.33333333333,0.2,1,0.2,-490
748,oracle,4,-224,1757.33333333333,3,0,0,1757.33333333333
748,oracle,4,-224,1757.33333333333,3,1,0.142857142857143,-490
748,oracle,4,-224,1757.33333333333,3,2,0.285714285714286,-490
748,oracle,4,-224,1757.33333333333,3,3,0.428571428571429,-490
748,oracle,4,-224,1757.33333333333,3,4,0.571428571428571,-490
748,oracle,4,-224,1757.33333333333,3,5,0.714285714285714,-490
748,oracle,4,-224,1757.33333333333,3,6,0.857142857142857,-490
748,oracle,4,-224,1757.33333333333,3,7,1,-490
748,oracle,4,-224,1757.33333333333,3,8,1.14285714285714,-490
748,oracle,4,-224,1757.33333333333,3,9,1.28571428571429,-490
748,oracle,4,-224,1757.33333333333,3,10,1.42857142857143,-490
748,oracle,4,-224,1757.33333333333,3,11,1.57142857142857,-490
748,oracle,4,-224,1757.33333333333,3,12,1.71428571428571,-490
748,oracle,4,-224,1757.33333333333,3,13,1.85714285714286,-490
748,oracle,4,-224,1757.33333333333,3,14,2,-490
748,oracle,4,-224,1757.33333333333,3,15,2.14285714285714,-490
748,oracle,4,-224,1757.33333333333,3,16,2.28571428571429,-490
748,oracle,4,-224,1757.33333333333,3,17,2.42857142857143,-490
748,oracle,4,-224,1757.33333333333,3,18,2.57142857142857,-490
748,oracle,4,-224,1757.33333333333,3,19,2.71428571428571,-490
748,oracle,4,-224,1757.33333333333,3,20,2.85714285714286,-490
748,oracle,4,-224,1757.33333333333,3,21,3,-490
749,oracle,4,-224,2919.5,0.2,0,0,2919.5
749,oracle,4,-224,2919.5,0.2,1,0.2,-490
750,oracle,4,-224,2919.5,3,0,0,2919.5
750,oracle,4,-224,2919.5,3,1,0.142857142857143,-490
750,oracle,4,-224,2919.5,3,2,0.285714285714286,-490
750,oracle,4,-224,2919.5,3,3,0.428571428571429,-490
750,oracle,4,-224,2919.5,3,4,0.571428571428571,-490
750,oracle,4,-224,2919.5,3,5,0.714285714285714,-490
750,oracle,4,-224,2919.5,3,6,0.857142857142857,-490
750,oracle,4,-224,2919.5,3,7,1,-490
750,oracle,4,-224,2919.5,3,8,1.14285714285714,-490
750,oracle,4,-224,2919.5,3,9,1.28571428571429,-490
750,oracle,4,-224,2919.5,3,10,1.42857142857143,-490
750,oracle,4,-224,2919.5,3,11,1.57142857142857,-490
750,oracle,4,-224,2919.5,3,12,1.71428571428571,-490
750,oracle,4,-224,2919.5,3,13,1.85714285714286,-490
750,oracle,4,-224,2919.5,3,14,2,-490
750,oracle,4,-224,2919.5,3,15,2.14285714285714,-490
750,oracle,4,-224,2919.5,3,16,2.28571428571429,-490
750,oracle,4,-224,2919.5,3,17,2.42857142857143,-490
750,oracle,4,-224,2919.5,3,18,2.57142857142857,-490
750,oracle,4,-224,2919.5,3,19,2.71428571428571,-490
750,oracle,4,-224,2919.5,3,20,2.85714285714286,-490
750,oracle,4,-224,2919.5,3,21,3,-490
751,oracle,4,-224,4081.66666666667,0.2,0,0,4081.66666666667
751,oracle,4,-224,4081.66666666667,0.2,1,0.2,-490
752,oracle,4,-224,4081.66666666667,3,0,0,4081.66666666667
752,oracle,4,-224,4081.66666666667,3,1,0.142857142857143,-490
752,oracle,4,-224,4081.66666666667,3,2,0.285714285714286,-490
752,oracle,4,-224,4081.66666666667,3,3,0.428571428571429,-490
752,oracle,4,-224,4081.66666666667,3,4,0.571428571428571,-490
752,oracle,4,-224,4081.66666666667,3,5,0.714285714285714,-490
752,oracle,4,-224,4081.66666666667,3,6,0.857142857142857,-490
752,oracle,4,-224,4081.66666666667,3,7,1,-490
752,oracle,4,-224,4081.66666666667,3,8,1.14285714285714,-490
752,oracle,4,-224,4081.66666666667,3,9,1.28571428571429,-490
752,oracle,4,-224,4081.66666666667,3,10,1.42857142857143,-490
752,oracle,4,-224,4081.66666666667,3,11,1.57142857142857,-490
752,oracle,4,-224,4081.66666666667,3,12,1.71428571428571,-490
752,oracle,4,-224,4081.66666666667,3,13,1.85714285714286,-490
752,oracle,4,-224,4081.66666666667,3,14,2,-490
752,oracle,4,-224,4081.66666666667,3,15,2.14285714285714,-490
752,oracle,4,-224,4081.66666666667,3,16,2.28571428571429,-490
752,oracle,4,-224,4081.66666666667,3,17,2.42857142857143,-490
752,oracle,4,-224,4081.66666666667,3,18,2.57142857142857,-490
752,oracle,4,-224,4081.66666666667,3,19,2.71428571428571,-490
752,oracle,4,-224,4081.66666666667,3,20,2.85714285714286,-490
752,oracle,4,-224,4081.66666666667,3,21,3,-490
753,oracle,4,-224,5243.83333333333,0.2,0,0,5243.83333333333
753,oracle,4,-224,5243.83333333333,0.2,1,0.2,-490
754,oracle,4,-224,5243.83333333333,3,0,0,5243.83333333333
754,oracle,4,-224,5243.83333333333,3,1,0.142857142857143,-490
754,oracle,4,-224,5243.83333333333,3,2,0.285714285714286,-490
754,oracle,4,-224,5243.83333333333,3,3,0.428571428571429,-490
754,oracle,4,-224,5243.83333333333,3,4,0.571428571428571,-490
754,oracle,4,-224,5243.83333333333,3,5,0.714285714285714,-490
754,oracle,4,-224,5243.83333333333,3,6,0.857142857142857,-490
754,oracle,4,-224,5243.83333333333,3,7,1,-490
754,oracle,4,-224,5243.83333333333,3,8,1.14285714285714,-490
754,oracle,4,-224,5243.83333333333,3,9,1.28571428571429,-490
754,oracle,4,-224,5243.83333333333,3,10,1.42857142857143,-490
754,oracle,4,-224,5243.83333333333,3,11,1.57142857142857,-490
754,oracle,4,-224,5243.83333333333,3,12,1.71428571428571,-490
754,oracle,4,-224,5243.83333333333,3,13,1.85714285714286,-490
754,oracle,4,-224,5243.83333333333,3,14,2,-490
754,oracle,4,-224,5243.83333333333,3,15,2.14285714285714,-490
754,oracle,4,-224,5243.83333333333,3,16,2.28571428571429,-490
754,oracle,4,-224,5243.83333333333,3,17,2.42857142857143,-490
754,oracle,4,-224,5243.83333333333,3,18,2.57142857142857,-490
754,oracle,4,-224,5243.83333333333,3,19,2.71428571428571,-490
754,oracle,4,-224,5243.83333333333,3,20,2.85714285714286,-490
754,oracle,4,-224,5243.83333333333,3,21,3,-490
755,oracle,4,-224,6406,0.2,0,0,6406
755,oracle,4,-224,6406,0.2,1,0.2,-490
756,oracle,4,-224,6406,3,0,0,6406
756,oracle,4,-224,6406,3,1,0.142857142857143,-489.5
756,oracle,4,-224,6406,3,2,0.285714285714286,-490
756,oracle,4,-224,6406,3,3,0.428571428571429,-490
756,oracle,4,-224,6406,3,4,0.571428571428571,-490
756,oracle,4,-224,6406,3,5,0.714285714285714,-490
756,oracle,4,-224,6406,3,6,0.857142857142857,-490
756,oracle,4,-224,6406,3,7,1,-490
756,oracle,4,-224,6406,3,8,1.14285714285714,-490
756,oracle,4,-224,6406,3,9,1.28571428571429,-490
756,oracle,4,-224,6406,3,10,1.42857142857143,-490
756,oracle,4,-224,6406,3,11,1.57142857142857,-490
756,oracle,4,-224,6406,3,12,1.71428571428571,-490
756,oracle,4,-224,6406,3,13,1.85714285714286,-490
756,oracle,4,-224,6406,3,14,2,-490
756,oracle,4,-224,6406,3,15,2.14285714285714,-490
756,oracle,4,-224,6406,3,16,2.28571428571429,-490
756,oracle,4,-224,6406,3,17,2.42857142857143,-490
756,oracle,4,-224,6406,3,18,2.57142857142857,-490
756,oracle,4,-224,6406,3,19,2.71428571428571,-490
756,oracle,4,-224,6406,3,20,2.85714285714286,-490
756,oracle,4,-224,6406,3,21,3,-490
757,oracle,4,255,0,0.2,0,0,0
757,oracle,4,255,0,0.2,1,0.2,6280.83333333333
758,oracle,4,255,0,3,0,0,0
758,oracle,4,255,0,3,1,0.142857142857143,6280.83333333333
758,oracle,4,255,0,3,2,0.285714285714286,6280.83333333333
758,oracle,4,255,0,3,3,0.428571428571429,6280.83333333333
758,oracle,4,255,0,3,4,0.571428571428571,6280.83333333333
758,oracle,4,255,0,3,5,0.714285714285714,6280.83333333333
758,oracle,4,255,0,3,6,0.857142857142857,6280.83333333333
758,oracle,4,255,0,3,7,1,6280.83333333333
758,oracle,4,255,0,3,8,1.14285714285714,6280.83333333333
758,oracle,4,255,0,3,9,1.28571428571429,6280.83333333333
758,oracle,4,255,0,3,10,1.42857142857143,6280.83333333333
758,oracle,4,255,0,3,11,1.57142857142857,6280.83333333333
758,oracle,4,255,0,3,12,1.71428571428571,6280.83333333333
758,oracle,4,255,0,3,13,1.85714285714286,6280.83333333333
758,oracle,4,255,0,3,14,2,6280.83333333333
758,oracle,4,255,0,3,15,2.14285714285714,6280.83333333333
758,oracle,4,255,0,3,16,2.28571428571429,6280.83333333333
758,oracle,4,255,0,3,17,2.42857142857143,6280.83333333333
758,oracle,4,255,0,3,18,2.57142857142857,6280.83333333333
758,oracle,4,255,0,3,19,2.71428571428571,6280.83333333333
758,oracle,4,255,0,3,20,2.85714285714286,6280.83333333333
758,oracle,4,255,0,3,21,3,6280.83333333333
759,oracle,4,255,1083.66666666667,0.2,0,0,1083.66666666667
759,oracle,4,255,1083.66666666667,0.2,1,0.2,6280.83333333333
760,oracle,4,255,1083.66666666667,3,0,0,1083.66666666667
760,oracle,4,255,1083.66666666667,3,1,0.142857142857143,6280.83333333333
760,oracle,4,255,1083.66666666667,3,2,0.285714285714286,6280.83333333333
760,oracle,4,255,1083.66666666667,3,3,0.428571428571429,6280.83333333333
760,oracle,4,255,1083.66666666667,3,4,0.571428571428571,6280.83333333333
760,oracle,4,255,1083.66666666667,3,5,0.714285714285714,6280.83333333333
760,oracle,4,255,1083.66666666667,3,6,0.857142857142857,6280.83333333333
760,oracle,4,255,1083.66666666667,3,7,1,6280.83333333333
760,oracle,4,255,1083.66666666667,3,8,1.14285714285714,6280.83333333333
760,oracle,4,255,1083.66666666667,3,9,1.28571428571429,6280.83333333333
760,oracle,4,255,1083.66666666667,3,10,1.42857142857143,6280.83333333333
760,oracle,4,255,1083.66666666667,3,11,1.57142857142857,6280.83333333333
760,oracle,4,255,1083.66666666667,3,12,1.71428571428571,6280.83333333333
760,oracle,4,255,1083.66666666667,3,13,1.85714285714286,6280.83333333333
760,oracle,4,255,1083.66666666667,3,14,2,6280.83333333333
760,oracle,4,255,1083.66666666667,3,15,2.14285714285714,6280.83333333333
760,oracle,4,255,1083.66666666667,3,16,2.28571428571429,6280.83333333333
760,oracle,4,255,1083.66666666667,3,17,2.42857142857143,6280.83333333333
760,oracle,4,255,1083.66666666667,3,18,2.57142857142857,6280.83333333333
760,oracle,4,255,1083.66666666667,3,19,2.71428571428571,6280.83333333333
760,oracle,4,255,1083.66666666667,3,20,2.85714285714286,6280.83333333333
760,oracle,4,255,1083.66666666667,3,21,3,6280.83333333333
761,oracle,4,255,2167.33333333333,0.2,0,0,2167.33333333333
761,oracle,4,255,2167.33333333333,0.2,1,0.2,6280.83333333333
762,oracle,4,255,2167.33333333333,3,0,0,2167.33333333333
762,oracle,4,255,2167.33333333333,3,1,0.142857142857143,6280.83333333333
762,oracle,4,255,2167.33333333333,3,2,0.285714285714286,6280.83333333333
762,oracle,4,255,2167.33333333333,3,3,0.428571428571429,6280.83333333333
762,oracle,4,255,2167.33333333333,3,4,0.571428571428571,6280.83333333333
762,oracle,4,255,2167.33333333333,3,5,0.714285714285714,6280.83333333333
762,oracle,4,255,2167.33333333333,3,6,0.857142857142857,6280.83333333333
762,oracle,4,255,2167.33333333333,3,7,1,6280.83333333333
762,oracle,4,255,2167.33333333333,3,8,1.14285714285714,6280.83333333333
762,oracle,4,255,2167.33333333333,3,9,1.28571428571429,6280.83333333333
762,oracle,4,255,2167.33333333333,3,10,1.42857142857143,6280.83333333333
762,oracle,4,255,2167.33333333333,3,11,1.57142857142857,6280.83333333333
762,oracle,4,255,2167.33333333333,3,12,1.71428571428571,6280.83333333333
762,oracle,4,255,2167.33333333333,3,13,1.85714285714286,6280.83333333333
762,oracle,4,255,2167.33333333333,3,14,2,6280.83333333333
762,oracle,4,255,2167.33333333333,3,15,2.14285714285714,6280.83333333333
762,oracle,4,255,2167.33333333333,3,16,2.28571428571429,6280.83333333333
762,oracle,4,255,2167.33333333333,3,17,2.42857142857143,6280.83333333333
762,oracle,4,255,2167.33333333333,3,18,2.57142857142857,6280.83333333333
762,oracle,4,255,2167.33333333333,3,19,2.71428571428571,6280.83333333333
762,oracle,4,255,2167.33333333333,3,20,2.85714285714286,6280.83333333333
762,oracle,4,255,2167.33333333333,3,21,3,6280.83333333333
763,oracle,4,255,3251,0.2,0,0,3251
763,oracle,4,255,3251,0.2,1,0.2,6280.83333333333
764,oracle,4,255,3251,3,0,0,3251
764,oracle,4,255,3251,3,1,0.142857142857143,6280.83333333333
764,oracle,4,255,3251,3,2,0.285714285714286,6280.83333333333
764,oracle,4,255,3251,3,3,0.428571428571429,6280.83333333333
764,oracle,4,255,3251,3,4,0.571428571428571,6280.83333333333
764,oracle,4,255,3251,3,5,0.714285714285714,6280.83333333333
764,oracle,4,255,3251,3,6,0.857142857142857,6280.83333333333
764,oracle,4,255,3251,3,7,1,6280.83333333333
764,oracle,4,255,3251,3,8,1.14285714285714,6280.83333333333
764,oracle,4,255,3251,3,9,1.28571428571429,6280.83333333333
764,oracle,4,255,3251,3,10,1.42857142857143,6280.83333333333
764,oracle,4,255,3251,3,11,1.57142857142857,6280.83333333333
764,oracle,4,255,3251,3,12,1.71428571428571,6280.83333333333
764,oracle,4,255,3251,3,13,1.85714285714286,6280.83333333333
764,oracle,4,255,3251,3,14,2,6280.83333333333
764,oracle,4,255,3251,3,15,2.14285714285714,6280.83333333333
764,oracle,4,255,3251,3,16,2.28571428571429,6280.83333333333
764,oracle,4,255,3251,3,17,2.42857142857143,6280.83333333333
764,oracle,4,255,3251,3,18,2.57142857142857,6280.83333333333
764,oracle,4,255,3251,3,19,2.71428571428571,6280.83333333333
764,oracle,4,255,3251,3,20,2.85714285714286,6280.83333333333
764,oracle,4,255,3251,3,21,3,6280.83333333333
765,oracle,4,255,4334.66666666667,0.2,0,0,4334.66666666667
765,oracle,4,255,4334.66666666667,0.2,1,0.2,6280.83333333333
766,oracle,4,255,4334.66666666667,3,0,0,4334.66666666667
766,oracle,4,255,4334.66666666667,3,1,0.142857142857143,6280.83333333333
766,oracle,4,255,4334.66666666667,3,2,0.285714285714286,6280.83333333333
766,oracle,4,255,4334.66666666667,3,3,0.428571428571429,6280.83333333333
766,oracle,4,255,4334.66666666667,3,4,0.571428571428571,6280.83333333333
766,oracle,4,255,4334.66666666667,3,5,0.714285714285714,6280.83333333333
766,oracle,4,255,4334.66666666667,3,6,0.857142857142857,6280.83333333333
766,oracle,4,255,4334.66666666667,3,7,1,6280.83333333333
766,oracle,4,255,4334.66666666667,3,8,1.14285714285714,6280.83333333333
766,oracle,4,255,4334.66666666667,3,9,1.28571428571429,6280.83333333333
766,oracle,4,255,4334.66666666667,3,10,1.42857142857143,6280.83333333333
766,oracle,4,255,4334.66666666667,3,11,1.57142857142857,6280.83333333333
766,oracle,4,255,4334.66666666667,3,12,1.71428571428571,6280.83333333333
766,oracle,4,255,4334.66666666667,3,13,1.85714285714286,6280.83333333333
766,oracle,4,255,4334.66666666667,3,14,2,6280.83333333333
766,oracle,4,255,4334.66666666667,3,15,2.14285714285714,6280.83333333333
766,oracle,4,255,4334.66666666667,3,16,2.28571428571429,6280.83333333333
766,oracle,4,255,4334.66666666667,3,17,2.42857142857143,6280.83333333333
766,oracle,4,255,4334.66666666667,3,18,2.57142857142857,6280.83333333333
766,oracle,4,255,4334.66666666667,3,19,2.71428571428571,6280.83333333333
766,oracle,4,255,4334.66666666667,3,20,2.85714285714286,6280.83333333333
766,oracle,4,255,4334.66666666667,3,21,3,6280.83333333333
767,oracle,4,255,5418.33333333333,0.2,0,0,5418.33333333333
767,oracle,4,255,5418.33333333333,0.2,1,0.2,6280.83333333333
768,oracle,4,255,5418.33333333333,3,0,0,5418.33333333333
768,oracle,4,255,5418.33333333333,3,1,0.142857142857143,6280.83333333333
768,oracle,4,255,5418.33333333333,3,2,0.285714285714286,6280.83333333333
768,oracle,4,255,5418.33333333333,3,3,0.428571428571429,6280.83333333333
768,oracle,4,255,5418.33333333333,3,4,0.571428571428571,6280.83333333333
768,oracle,4,255,5418.33333333333,3,5,0.714285714285714,6280.83333333333
768,oracle,4,255,5418.33333333333,3,6,0.857142857142857,6280.83333333333
768,oracle,4,255,5418.33333333333,3,7,1,6280.83333333333
768,oracle,4,255,5418.33333333333,3,8,1.14285714285714,6280.83333333333
768,oracle,4,255,5418.33333333333,3,9,1.28571428571429,6280.83333333333
768,oracle,4,255,5418.33333333333,3,10,1.42857142857143,6280.83333333333
768,oracle,4,255,5418.33333333333,3,11,1.57142857142857,6280.83333333333
768,oracle,4,255,5418.33333333333,3,12,1.71428571428571,6280.83333333333
768,oracle,4,255,5418.33333333333,3,13,1.85714285714286,6280.83333333333
768,oracle,4,255,5418.33333333333,3,14,2,6280.83333333333
768,oracle,4,255,5418.33333333333,3,15,2.14285714285714,6280.83333333333
768,oracle,4,255,5418.33333333333,3,16,2.28571428571429,6280.83333333333
768,oracle,4,255,5418.33333333333,3,17,2.42857142857143,6280.83333333333
768,oracle,4,255,5418.33333333333,3,18,2.57142857142857,6280.83333333333
768,oracle,4,255,5418.33333333333,3,19,2.71428571428571,6280.83333333333
768,oracle,4,255,5418.33333333333,3,20,2.85714285714286,6280.83333333333
768,oracle,4,255,5418.33333333333,3,21,3,6280.83333333333
769,oracle,4,255,6502,0.2,0,0,6502
769,oracle,4,255,6502,0.2,1,0.2,6502
770,oracle,4,255,6502,3,0,0,6502
770,oracle,4,255,6502,3,1,0.142857142857143,6502
770,oracle,4,255,6502,3,2,0.285714285714286,6502
770,oracle,4,255,6502,3,3,0.428571428571429,6502
770,oracle,4,255,6502,3,4,0.571428571428571,6502
770,oracle,4,255,6502,3,5,0.714285714285714,6502
770,oracle,4,255,6502,3,6,0.857142857142857,6502
770,oracle,4,255,6502,3,7,1,6502
770,oracle,4,255,6502,3,8,1.14285714285714,6502
770,oracle,4,255,6502,3,9,1.28571428571429,6502
770,oracle,4,255,6502,3,10,1.42857142857143,6502
770,oracle,4,255,6502,3,11,1.57142857142857,6502
770,oracle,4,255,6502,3,12,1.71428571428571,6502
770,oracle,4,255,6502,3,13,1.85714285714286,6502
770,oracle,4,255,6502,3,14,2,6502
770,oracle,4,255,6502,3,15,2.14285714285714,6502
770,oracle,4,255,6502,3,16,2.28571428571429,6502
770,oracle,4,255,6502,3,17,2.42857142857143,6502
770,oracle,4,255,6502,3,18,2.57142857142857,6502
770,oracle,4,255,6502,3,19,2.71428571428571,6502
770,oracle,4,255,6502,3,20,2.85714285714286,6502
770,oracle,4,255,6502,3,21,3,6502
771,oracle,4,-255,-671,0.2,0,0,-671
771,oracle,4,-255,-671,0.2,1,0.2,-671
772,oracle,4,-255,-671,3,0,0,-671
772,oracle,4,-255,-671,3,1,0.142857142857143,-671
772,oracle,4,-255,-671,3,2,0.285714285714286,-671
772,oracle,4,-255,-671,3,3,0.428571428571429,-671
772,oracle,4,-255,-671,3,4,0.571428571428571,-671
772,oracle,4,-255,-671,3,5,0.714285714285714,-671
772,oracle,4,-255,-671,3,6,0.857142857142857,-671
772,oracle,4,-255,-671,3,7,1,-671
772,oracle,4,-255,-671,3,8,1.14285714285714,-671
772,oracle,4,-255,-671,3,9,1.28571428571429,-671
772,oracle,4,-255,-671,3,10,1.42857142857143,-671
772,oracle,4,-255,-671,3,11,1.57142857142857,-671
772,oracle,4,-255,-671,3,12,1.71428571428571,-671
772,oracle,4,-255,-671,3,13,1.85714285714286,-671
772,oracle,4,-255,-671,3,14,2,-671
772,oracle,4,-255,-671,3,15,2.14285714285714,-671
772,oracle,4,-255,-671,3,16,2.28571428571429,-671
772,oracle,4,-255,-671,3,17,2.42857142857143,-671
772,oracle,4,-255,-671,3,18,2.57142857142857,-671
772,oracle,4,-255,-671,3,19,2.71428571428571,-671
772,oracle,4,-255,-671,3,20,2.85714285714286,-671
772,oracle,4,-255,-671,3,21,3,-671
773,oracle,4,-255,524.5,0.2,0,0,524.5
773,oracle,4,-255,524.5,0.2,1,0.2,-562.166666666667
774,oracle,4,-255,524.5,3,0,0,524.5
774,oracle,4,-255,524.5,3,1,0.142857142857143,-562.166666666667
774,oracle,4,-255,524.5,3,2,0.285714285714286,-562.166666666667
774,oracle,4,-255,524.5,3,3,0.428571428571429,-562.166666666667
774,oracle,4,-255,524.5,3,4,0.571428571428571,-562.166666666667
774,oracle,4,-255,524.5,3,5,0.714285714285714,-562.166666666667
774,oracle,4,-255,524.5,3,6,0.857142857142857,-562.166666666667
774,oracle,4,-255,524.5,3,7,1,-562.166666666667
774,oracle,4,-255,524.5,3,8,1.14285714285714,-562.166666666667
774,oracle,4,-255,524.5,3,9,1.28571428571429,-562.166666666667
774,oracle,4,-255,524.5,3,10,1.42857142857143,-562.166666666667
774,oracle,4,-255,524.5,3,11,1.57142857142857,-562.166666666667
774,oracle,4,-255,524.5,3,12,1.71428571428571,-562.166666666667
774,oracle,4,-255,524.5,3,13,1.85714285714286,-562.166666666667
774,oracle,4,-255,524.5,3,14,2,-562.166666666667
774,oracle,4,-255,524.5,3,15,2.14285714285714,-562.166666666667
774,oracle,4,-255,524.5,3,16,2.28571428571429,-562.166666666667
774,oracle,4,-255,524.5,3,17,2.42857142857143,-562.166666666667
774,oracle,4,-255,524.5,3,18,2.57142857142857,-562.166666666667
774,oracle,4,-255,524.5,3,19,2.71428571428571,-562.166666666667
774,oracle,4,-255,524.5,3,20,2.85714285714286,-562.166666666667
774,oracle,4,-255,524.5,3,21,3,-562.166666666667
775,oracle,4,-255,1720,0.2,0,0,1720
775,oracle,4,-255,1720,0.2,1,0.2,-562.166666666667
776,oracle,4,-255,1720,3,0,0,1720
776,oracle,4,-255,1720,3,1,0.142857142857143,-562.166666666667
776,oracle,4,-255,1720,3,2,0.285714285714286,-562.166666666667
776,oracle,4,-255,1720,3,3,0.428571428571429,-562.166666666667
776,oracle,4,-255,1720,3,4,0.571428571428571,-562.166666666667
776,oracle,4,-255,1720,3,5,0.714285714285714,-562.166666666667
776,oracle,4,-255,1720,3,6,0.857142857142857,-562.166666666667
776,oracle,4,-255,1720,3,7,1,-562.166666666667
776,oracle,4,-255,1720,3,8,1.14285714285714,-562.166666666667
776,oracle,4,-255,1720,3,9,1.28571428571429,-562.166666666667
776,oracle,4,-255,1720,3,10,1.42857142857143,-562.166666666667
776,oracle,4,-255,1720,3,11,1.57142857142857,-562.166666666667
776,oracle,4,-255,1720,3,12,1.71428571428571,-562.166666666667
776,oracle,4,-255,1720,3,13,1.85714285714286,-562.166666666667
776,oracle,4,-255,1720,3,14,2,-562.166666666667
776,oracle,4,-255,1720,3,15,2.14285714285714,-562.166666666667
776,oracle,4,-255,1720,3,16,2.28571428571429,-562.166666666667
776,oracle,4,-255,1720,3,17,2.42857142857143,-562.166666666667
776,oracle,4,-255,1720,3,18,2.57142857142857,-562.166666666667
776,oracle,4,-255,1720,3,19,2.71428571428571,-562.166666666667
776,oracle,4,-255,1720,3,20,2.85714285714286,-562.166666666667
776,oracle,4,-255,1720,3,21,3,-562.166666666667
777,oracle,4,-255,2915.5,0.2,0,0,2915.5
777,oracle,4,-255,2915.5,0.2,1,0.2,-562.166666666667
778,oracle,4,-255,2915.5,3,0,0,2915.5
778,oracle,4,-255,2915.5,3,1,0.142857142857143,-562.166666666667
778,oracle,4,-255,2915.5,3,2,0.285714285714286,-562.166666666667
778,oracle,4,-255,2915.5,3,3,0.428571428571429,-562.166666666667
778,oracle,4,-255,2915.5,3,4,0.571428571428571,-562.166666666667
778,oracle,4,-255,2915.5,3,5,0.714285714285714,-562.166666666667
778,oracle,4,-255,2915.5,3,6,0.857142857142857,-562.166666666667
778,oracle,4,-255,2915.5,3,7,1,-562.166666666667
778,oracle,4,-255,2915.5,3,8,1.14285714285714,-562.166666666667
778,oracle,4,-255,2915.5,3,9,1.28571428571429,-562.166666666667
778,oracle,4,-255,2915.5,3,10,1.42857142857143,-562.166666666667
778,oracle,4,-255,2915.5,3,11,1.57142857142857,-562.166666666667
778,oracle,4,-255,2915.5,3,12,1.71428571428571,-562.166666666667
778,oracle,4,-255,2915.5,3,13,1.85714285714286,-562.166666666667
778,oracle,4,-255,2915.5,3,14,2,-562.166666666667
778,oracle,4,-255,2915.5,3,15,2.14285714285714,-562.166666666667
778,oracle,4,-255,2915.5,3,16,2.28571428571429,-562.166666666667
778,oracle,4,-255,2915.5,3,17,2.42857142857143,-562.166666666667
778,oracle,4,-255,2915.5,3,18,2.57142857142857,-562.166666666667
778,oracle,4,-255,2915.5,3,19,2.71428571428571,-562.166666666667
778,oracle,4,-255,2915.5,3,20,2.85714285714286,-562.166666666667
778,oracle,4,-255,2915.5,3,21,3,-562.166666666667
779,oracle,4,-255,4111,0.2,0,0,4111
779,oracle,4,-255,4111,0.2,1,0.2,-562.166666666667
780,oracle,4,-255,4111,3,0,0,4111
780,oracle,4,-255,4111,3,1,0.142857142857143,-562.166666666667
780,oracle,4,-255,4111,3,2,0.285714285714286,-562.166666666667
780,oracle,4,-255,4111,3,3,0.428571428571429,-562.166666666667
780,oracle,4,-255,4111,3,4,0.571428571428571,-562.166666666667
780,oracle,4,-255,4111,3,5,0.714285714285714,-562.166666666667
780,oracle,4,-255,4111,3,6,0.857142857142857,-562.166666666667
780,oracle,4,-255,4111,3,7,1,-562.166666666667
780,oracle,4,-255,4111,3,8,1.14285714285714,-562.166666666667
780,oracle,4,-255,4111,3,9,1.28571428571429,-562.166666666667
780,oracle,4,-255,4111,3,10,1.42857142857143,-562.166666666667
780,oracle,4,-255,4111,3,11,1.57142857142857,-562.166666666667
780,oracle,4,-255,4111,3,12,1.71428571428571,-562.166666666667
780,oracle,4,-255,4111,3,13,1.85714285714286,-562.166666666667
780,oracle,4,-255,4111,3,14,2,-562.166666666667
780,oracle,4,-255,4111,3,15,2.14285714285714,-562.166666666667
780,oracle,4,-255,4111,3,16,2.28571428571429,-562.166666666667
780,oracle,4,-255,4111,3,17,2.42857142857143,-562.166666666667
780,oracle,4,-255,4111,3,18,2.57142857142857,-562.166666666667
780,oracle,4,-255,4111,3,19,2.71428571428571,-562.166666666667
780,oracle,4,-255,4111,3,20,2.85714285714286,-562.166666666667
780,oracle,4,-255,4111,3,21,3,-562.166666666667
781,oracle,4,-255,5306.5,0.2,0,0,5306.5
781,oracle,4,-255,5306.5,0.2,1,0.2,-562.166666666667
782,oracle,4,-255,5306.5,3,0,0,5306.5
782,oracle,4,-255,5306.5,3,1,0.142857142857143,-562.166666666667
782,oracle,4,-255,5306.5,3,2,0.285714285714286,-562.166666666667
782,oracle,4,-255,5306.5,3,3,0.428571428571429,-562.166666666667
782,oracle,4,-255,5306.5,3,4,0.571428571428571,-562.166666666667
782,oracle,4,-255,5306.5,3,5,0.714285714285714,-562.166666666667
782,oracle,4,-255,5306.5,3,6,0.857142857142857,-562.166666666667
782,oracle,4,-255,5306.5,3,7,1,-562.166666666667
782,oracle,4,-255,5306.5,3,8,1.14285714285714,-562.166666666667
782,oracle,4,-255,5306.5,3,9,1.28571428571429,-562.166666666667
782,oracle,4,-255,5306.5,3,10,1.42857142857143,-562.166666666667
782,oracle,4,-255,5306.5,3,11,1.57142857142857,-562.166666666667
782,oracle,4,-255,5306.5,3,12,1.71428571428571,-562.166666666667
782,oracle,4,-255,5306.5,3,13,1.85714285714286,-562.166666666667
782,oracle,4,-255,5306.5,3,14,2,-562.166666666667
782,oracle,4,-255,5306.5,3,15,2.14285714285714,-562.166666666667
782,oracle,4,-255,5306.5,3,16,2.28571428571429,-562.166666666667
782,oracle,4,-255,5306.5,3,17,2.42857142857143,-562.166666666667
782,oracle,4,-255,5306.5,3,18,2.57142857142857,-562.166666666667
782,oracle,4,-255,5306.5,3,19,2.71428571428571,-562.166666666667
782,oracle,4,-255,5306.5,3,20,2.85714285714286,-562.166666666667
782,oracle,4,-255,5306.5,3,21,3,-562.166666666667
783,oracle,4,-255,6502,0.2,0,0,6502
783,oracle,4,-255,6502,0.2,1,0.2,-562.166666666667
784,oracle,4,-255,6502,3,0,0,6502
784,oracle,4,-255,6502,3,1,0.142857142857143,-562.166666666667
784,oracle,4,-255,6502,3,2,0.285714285714286,-562.166666666667
784,oracle,4,-255,6502,3,3,0.428571428571429,-562.166666666667
784,oracle,4,-255,6502,3,4,0.571428571428571,-562.166666666667
784,oracle,4,-255,6502,3,5,0.714285714285714,-562.166666666667
784,oracle,4,-255,6502,3,6,0.857142857142857,-562.166666666667
784,oracle,4,-255,6502,3,7,1,-562.166666666667
784,oracle,4,-255,6502,3,8,1.14285714285714,-562.166666666667
784,oracle,4,-255,6502,3,9,1.28571428571429,-562.166666666667
784,oracle,4,-255,6502,3,10,1.42857142857143,-562.166666666667
784,oracle,4,-255,6502,3,11,1.57142857142857,-562.166666666667
784,oracle,4,-255,6502,3,12,1.71428571428571,-562.166666666667
784,oracle,4,-255,6502,3,13,1.85714285714286,-562.166666666667
784,oracle,4,-255,6502,3,14,2,-562.166666666667
784,oracle,4,-255,6502,3,15,2.14285714285714,-562.166666666667
784,oracle,4,-255,6502,3,16,2.28571428571429,-562.166666666667
784,oracle,4,-255,6502,3,17,2.42857142857143,-562.166666666667
784,oracle,4,-255,6502,3,18,2.57142857142857,-562.166666666667
784,oracle,4,-255,6502,3,19,2.71428571428571,-562.166666666667
784,oracle,4,-255,6502,3,20,2.85714285714286,-562.166666666667
784,oracle,4,-255,6502,3,21,3,-562.166666666667
