case_id,grid,motor,pwm,q_initial,duration,sample_index,time_s,position
1,globalPerMotor,1,64,-871,0.2,0,0,-871
1,globalPerMotor,1,64,-871,0.2,1,0.2,3925.33333333333
2,globalPerMotor,1,64,41.3,0.2,0,0,41.3
2,globalPerMotor,1,64,41.3,0.2,1,0.2,4023.33333333333
3,globalPerMotor,1,64,953.6,0.2,0,0,953.6
3,globalPerMotor,1,64,953.6,0.2,1,0.2,4996
4,globalPerMotor,1,64,1865.9,0.2,0,0,1865.9
4,globalPerMotor,1,64,1865.9,0.2,1,0.2,5715
5,globalPerMotor,1,64,2778.2,0.2,0,0,2778.2
5,globalPerMotor,1,64,2778.2,0.2,1,0.2,6351.66666666667
6,globalPerMotor,1,64,3690.5,0.2,0,0,3690.5
6,globalPerMotor,1,64,3690.5,0.2,1,0.2,6963.66666666667
7,globalPerMotor,1,64,4602.8,0.2,0,0,4602.8
7,globalPerMotor,1,64,4602.8,0.2,1,0.2,7613
8,globalPerMotor,1,64,5515.1,0.2,0,0,5515.1
8,globalPerMotor,1,64,5515.1,0.2,1,0.2,8266
9,globalPerMotor,1,64,6427.4,0.2,0,0,6427.4
9,globalPerMotor,1,64,6427.4,0.2,1,0.2,8944.33333333333
10,globalPerMotor,1,64,7339.7,0.2,0,0,7339.7
10,globalPerMotor,1,64,7339.7,0.2,1,0.2,9600
11,globalPerMotor,1,64,8252,0.2,0,0,8252
11,globalPerMotor,1,64,8252,0.2,1,0.2,10250
12,globalPerMotor,1,64,9164.3,0.2,0,0,9164.3
12,globalPerMotor,1,64,9164.3,0.2,1,0.2,11036.3333333333
13,globalPerMotor,1,64,10076.6,0.2,0,0,10076.6
13,globalPerMotor,1,64,10076.6,0.2,1,0.2,11880.3333333333
14,globalPerMotor,1,64,10988.9,0.2,0,0,10988.9
14,globalPerMotor,1,64,10988.9,0.2,1,0.2,12388.6666666667
15,globalPerMotor,1,64,11901.2,0.2,0,0,11901.2
15,globalPerMotor,1,64,11901.2,0.2,1,0.2,13062
16,globalPerMotor,1,64,12813.5,0.2,0,0,12813.5
16,globalPerMotor,1,64,12813.5,0.2,1,0.2,13604.6666666667
17,globalPerMotor,1,64,13725.8,0.2,0,0,13725.8
17,globalPerMotor,1,64,13725.8,0.2,1,0.2,14316
18,globalPerMotor,1,64,14638.1,0.2,0,0,14638.1
18,globalPerMotor,1,64,14638.1,0.2,1,0.2,14638.1
19,globalPerMotor,1,64,15550.4,0.2,0,0,15550.4
19,globalPerMotor,1,64,15550.4,0.2,1,0.2,15550.4
20,globalPerMotor,1,64,16462.7,0.2,0,0,16462.7
20,globalPerMotor,1,64,16462.7,0.2,1,0.2,16462.7
21,globalPerMotor,1,64,17375,0.2,0,0,17375
21,globalPerMotor,1,64,17375,0.2,1,0.2,17375
43,globalPerMotor,1,96,-871,0.2,0,0,-871
43,globalPerMotor,1,96,-871,0.2,1,0.2,6279.75
44,globalPerMotor,1,96,41.3,0.2,0,0,41.3
44,globalPerMotor,1,96,41.3,0.2,1,0.2,6479.5
45,globalPerMotor,1,96,953.6,0.2,0,0,953.6
45,globalPerMotor,1,96,953.6,0.2,1,0.2,7361.75
46,globalPerMotor,1,96,1865.9,0.2,0,0,1865.9
46,globalPerMotor,1,96,1865.9,0.2,1,0.2,8073.75
47,globalPerMotor,1,96,2778.2,0.2,0,0,2778.2
47,globalPerMotor,1,96,2778.2,0.2,1,0.2,8794.5
48,globalPerMotor,1,96,3690.5,0.2,0,0,3690.5
48,globalPerMotor,1,96,3690.5,0.2,1,0.2,9459.5
49,globalPerMotor,1,96,4602.8,0.2,0,0,4602.8
49,globalPerMotor,1,96,4602.8,0.2,1,0.2,10151.5
50,globalPerMotor,1,96,5515.1,0.2,0,0,5515.1
50,globalPerMotor,1,96,5515.1,0.2,1,0.2,10870.75
51,globalPerMotor,1,96,6427.4,0.2,0,0,6427.4
51,globalPerMotor,1,96,6427.4,0.2,1,0.2,11619
52,globalPerMotor,1,96,7339.7,0.2,0,0,7339.7
52,globalPerMotor,1,96,7339.7,0.2,1,0.2,12393.25
53,globalPerMotor,1,96,8252,0.2,0,0,8252
53,globalPerMotor,1,96,8252,0.2,1,0.2,13136.25
54,globalPerMotor,1,96,9164.3,0.2,0,0,9164.3
54,globalPerMotor,1,96,9164.3,0.2,1,0.2,13899.25
55,globalPerMotor,1,96,10076.6,0.2,0,0,10076.6
55,globalPerMotor,1,96,10076.6,0.2,1,0.2,14604.5
56,globalPerMotor,1,96,10988.9,0.2,0,0,10988.9
56,globalPerMotor,1,96,10988.9,0.2,1,0.2,15279
57,globalPerMotor,1,96,11901.2,0.2,0,0,11901.2
57,globalPerMotor,1,96,11901.2,0.2,1,0.2,15948.5
58,globalPerMotor,1,96,12813.5,0.2,0,0,12813.5
58,globalPerMotor,1,96,12813.5,0.2,1,0.2,16405.25
59,globalPerMotor,1,96,13725.8,0.2,0,0,13725.8
59,globalPerMotor,1,96,13725.8,0.2,1,0.2,16593.75
60,globalPerMotor,1,96,14638.1,0.2,0,0,14638.1
60,globalPerMotor,1,96,14638.1,0.2,1,0.2,16728.75
61,globalPerMotor,1,96,15550.4,0.2,0,0,15550.4
61,globalPerMotor,1,96,15550.4,0.2,1,0.2,16739.5
62,globalPerMotor,1,96,16462.7,0.2,0,0,16462.7
62,globalPerMotor,1,96,16462.7,0.2,1,0.2,16836.5
63,globalPerMotor,1,96,17375,0.2,0,0,17375
63,globalPerMotor,1,96,17375,0.2,1,0.2,17375
85,globalPerMotor,1,128,-871,0.2,0,0,-871
85,globalPerMotor,1,128,-871,0.2,1,0.2,7999.5
86,globalPerMotor,1,128,41.3,0.2,0,0,41.3
86,globalPerMotor,1,128,41.3,0.2,1,0.2,8215.16666666667
87,globalPerMotor,1,128,953.6,0.2,0,0,953.6
87,globalPerMotor,1,128,953.6,0.2,1,0.2,9262
88,globalPerMotor,1,128,1865.9,0.2,0,0,1865.9
88,globalPerMotor,1,128,1865.9,0.2,1,0.2,10125.1666666667
89,globalPerMotor,1,128,2778.2,0.2,0,0,2778.2
89,globalPerMotor,1,128,2778.2,0.2,1,0.2,10901
90,globalPerMotor,1,128,3690.5,0.2,0,0,3690.5
90,globalPerMotor,1,128,3690.5,0.2,1,0.2,11746.1666666667
91,globalPerMotor,1,128,4602.8,0.2,0,0,4602.8
91,globalPerMotor,1,128,4602.8,0.2,1,0.2,12490.1666666667
92,globalPerMotor,1,128,5515.1,0.2,0,0,5515.1
92,globalPerMotor,1,128,5515.1,0.2,1,0.2,13272.6666666667
93,globalPerMotor,1,128,6427.4,0.2,0,0,6427.4
93,globalPerMotor,1,128,6427.4,0.2,1,0.2,14070.3333333333
94,globalPerMotor,1,128,7339.7,0.2,0,0,7339.7
94,globalPerMotor,1,128,7339.7,0.2,1,0.2,14815
95,globalPerMotor,1,128,8252,0.2,0,0,8252
95,globalPerMotor,1,128,8252,0.2,1,0.2,15473.1666666667
96,globalPerMotor,1,128,9164.3,0.2,0,0,9164.3
96,globalPerMotor,1,128,9164.3,0.2,1,0.2,16044.6666666667
97,globalPerMotor,1,128,10076.6,0.2,0,0,10076.6
97,globalPerMotor,1,128,10076.6,0.2,1,0.2,16582.5
98,globalPerMotor,1,128,10988.9,0.2,0,0,10988.9
98,globalPerMotor,1,128,10988.9,0.2,1,0.2,16889.8333333333
99,globalPerMotor,1,128,11901.2,0.2,0,0,11901.2
99,globalPerMotor,1,128,11901.2,0.2,1,0.2,17083
100,globalPerMotor,1,128,12813.5,0.2,0,0,12813.5
100,globalPerMotor,1,128,12813.5,0.2,1,0.2,17101
101,globalPerMotor,1,128,13725.8,0.2,0,0,13725.8
101,globalPerMotor,1,128,13725.8,0.2,1,0.2,17101
102,globalPerMotor,1,128,14638.1,0.2,0,0,14638.1
102,globalPerMotor,1,128,14638.1,0.2,1,0.2,17101
103,globalPerMotor,1,128,15550.4,0.2,0,0,15550.4
103,globalPerMotor,1,128,15550.4,0.2,1,0.2,17101
104,globalPerMotor,1,128,16462.7,0.2,0,0,16462.7
104,globalPerMotor,1,128,16462.7,0.2,1,0.2,17101
105,globalPerMotor,1,128,17375,0.2,0,0,17375
105,globalPerMotor,1,128,17375,0.2,1,0.2,17375
127,globalPerMotor,1,160,-871,0.2,0,0,-871
127,globalPerMotor,1,160,-871,0.2,1,0.2,9023.8
128,globalPerMotor,1,160,41.3,0.2,0,0,41.3
128,globalPerMotor,1,160,41.3,0.2,1,0.2,9249
129,globalPerMotor,1,160,953.6,0.2,0,0,953.6
129,globalPerMotor,1,160,953.6,0.2,1,0.2,10279.2
130,globalPerMotor,1,160,1865.9,0.2,0,0,1865.9
130,globalPerMotor,1,160,1865.9,0.2,1,0.2,11113.8
131,globalPerMotor,1,160,2778.2,0.2,0,0,2778.2
131,globalPerMotor,1,160,2778.2,0.2,1,0.2,11876.4
132,globalPerMotor,1,160,3690.5,0.2,0,0,3690.5
132,globalPerMotor,1,160,3690.5,0.2,1,0.2,12661.8
133,globalPerMotor,1,160,4602.8,0.2,0,0,4602.8
133,globalPerMotor,1,160,4602.8,0.2,1,0.2,13433.8
134,globalPerMotor,1,160,5515.1,0.2,0,0,5515.1
134,globalPerMotor,1,160,5515.1,0.2,1,0.2,14225.2
135,globalPerMotor,1,160,6427.4,0.2,0,0,6427.4
135,globalPerMotor,1,160,6427.4,0.2,1,0.2,15011.6
136,globalPerMotor,1,160,7339.7,0.2,0,0,7339.7
136,globalPerMotor,1,160,7339.7,0.2,1,0.2,15754.8
137,globalPerMotor,1,160,8252,0.2,0,0,8252
137,globalPerMotor,1,160,8252,0.2,1,0.2,16325.4
138,globalPerMotor,1,160,9164.3,0.2,0,0,9164.3
138,globalPerMotor,1,160,9164.3,0.2,1,0.2,16734.6
139,globalPerMotor,1,160,10076.6,0.2,0,0,10076.6
139,globalPerMotor,1,160,10076.6,0.2,1,0.2,16912
140,globalPerMotor,1,160,10988.9,0.2,0,0,10988.9
140,globalPerMotor,1,160,10988.9,0.2,1,0.2,17009.8
141,globalPerMotor,1,160,11901.2,0.2,0,0,11901.2
141,globalPerMotor,1,160,11901.2,0.2,1,0.2,17101.6
142,globalPerMotor,1,160,12813.5,0.2,0,0,12813.5
142,globalPerMotor,1,160,12813.5,0.2,1,0.2,17116.6
143,globalPerMotor,1,160,13725.8,0.2,0,0,13725.8
143,globalPerMotor,1,160,13725.8,0.2,1,0.2,17116.6
144,globalPerMotor,1,160,14638.1,0.2,0,0,14638.1
144,globalPerMotor,1,160,14638.1,0.2,1,0.2,17116.6
145,globalPerMotor,1,160,15550.4,0.2,0,0,15550.4
145,globalPerMotor,1,160,15550.4,0.2,1,0.2,17116.6
146,globalPerMotor,1,160,16462.7,0.2,0,0,16462.7
146,globalPerMotor,1,160,16462.7,0.2,1,0.2,17116.6
147,globalPerMotor,1,160,17375,0.2,0,0,17375
147,globalPerMotor,1,160,17375,0.2,1,0.2,17375
169,globalPerMotor,1,192,-871,0.2,0,0,-871
169,globalPerMotor,1,192,-871,0.2,1,0.2,9863.66666666667
170,globalPerMotor,1,192,41.3,0.2,0,0,41.3
170,globalPerMotor,1,192,41.3,0.2,1,0.2,10093
171,globalPerMotor,1,192,953.6,0.2,0,0,953.6
171,globalPerMotor,1,192,953.6,0.2,1,0.2,11088.3333333333
172,globalPerMotor,1,192,1865.9,0.2,0,0,1865.9
172,globalPerMotor,1,192,1865.9,0.2,1,0.2,11981
173,globalPerMotor,1,192,2778.2,0.2,0,0,2778.2
173,globalPerMotor,1,192,2778.2,0.2,1,0.2,12825.6666666667
174,globalPerMotor,1,192,3690.5,0.2,0,0,3690.5
174,globalPerMotor,1,192,3690.5,0.2,1,0.2,13703
175,globalPerMotor,1,192,4602.8,0.2,0,0,4602.8
175,globalPerMotor,1,192,4602.8,0.2,1,0.2,14525.6666666667
176,globalPerMotor,1,192,5515.1,0.2,0,0,5515.1
176,globalPerMotor,1,192,5515.1,0.2,1,0.2,15386.3333333333
177,globalPerMotor,1,192,6427.4,0.2,0,0,6427.4
177,globalPerMotor,1,192,6427.4,0.2,1,0.2,16175.6666666667
178,globalPerMotor,1,192,7339.7,0.2,0,0,7339.7
178,globalPerMotor,1,192,7339.7,0.2,1,0.2,16785.3333333333
179,globalPerMotor,1,192,8252,0.2,0,0,8252
179,globalPerMotor,1,192,8252,0.2,1,0.2,17057.6666666667
180,globalPerMotor,1,192,9164.3,0.2,0,0,9164.3
180,globalPerMotor,1,192,9164.3,0.2,1,0.2,17209
181,globalPerMotor,1,192,10076.6,0.2,0,0,10076.6
181,globalPerMotor,1,192,10076.6,0.2,1,0.2,17209
182,globalPerMotor,1,192,10988.9,0.2,0,0,10988.9
182,globalPerMotor,1,192,10988.9,0.2,1,0.2,17209
183,globalPerMotor,1,192,11901.2,0.2,0,0,11901.2
183,globalPerMotor,1,192,11901.2,0.2,1,0.2,17209
184,globalPerMotor,1,192,12813.5,0.2,0,0,12813.5
184,globalPerMotor,1,192,12813.5,0.2,1,0.2,17209
185,globalPerMotor,1,192,13725.8,0.2,0,0,13725.8
185,globalPerMotor,1,192,13725.8,0.2,1,0.2,17209
186,globalPerMotor,1,192,14638.1,0.2,0,0,14638.1
186,globalPerMotor,1,192,14638.1,0.2,1,0.2,17209
187,globalPerMotor,1,192,15550.4,0.2,0,0,15550.4
187,globalPerMotor,1,192,15550.4,0.2,1,0.2,17209
188,globalPerMotor,1,192,16462.7,0.2,0,0,16462.7
188,globalPerMotor,1,192,16462.7,0.2,1,0.2,17209
189,globalPerMotor,1,192,17375,0.2,0,0,17375
189,globalPerMotor,1,192,17375,0.2,1,0.2,17375
211,globalPerMotor,1,224,-871,0.2,0,0,-871
211,globalPerMotor,1,224,-871,0.2,1,0.2,10436.8333333333
212,globalPerMotor,1,224,41.3,0.2,0,0,41.3
212,globalPerMotor,1,224,41.3,0.2,1,0.2,10701
213,globalPerMotor,1,224,953.6,0.2,0,0,953.6
213,globalPerMotor,1,224,953.6,0.2,1,0.2,11705.5
214,globalPerMotor,1,224,1865.9,0.2,0,0,1865.9
214,globalPerMotor,1,224,1865.9,0.2,1,0.2,12546.1666666667
215,globalPerMotor,1,224,2778.2,0.2,0,0,2778.2
215,globalPerMotor,1,224,2778.2,0.2,1,0.2,13434.8333333333
216,globalPerMotor,1,224,3690.5,0.2,0,0,3690.5
216,globalPerMotor,1,224,3690.5,0.2,1,0.2,14309.6666666667
217,globalPerMotor,1,224,4602.8,0.2,0,0,4602.8
217,globalPerMotor,1,224,4602.8,0.2,1,0.2,15111.8333333333
218,globalPerMotor,1,224,5515.1,0.2,0,0,5515.1
218,globalPerMotor,1,224,5515.1,0.2,1,0.2,15947.6666666667
219,globalPerMotor,1,224,6427.4,0.2,0,0,6427.4
219,globalPerMotor,1,224,6427.4,0.2,1,0.2,16750.1666666667
220,globalPerMotor,1,224,7339.7,0.2,0,0,7339.7
220,globalPerMotor,1,224,7339.7,0.2,1,0.2,17033.5
221,globalPerMotor,1,224,8252,0.2,0,0,8252
221,globalPerMotor,1,224,8252,0.2,1,0.2,17162.5
222,globalPerMotor,1,224,9164.3,0.2,0,0,9164.3
222,globalPerMotor,1,224,9164.3,0.2,1,0.2,17213.8333333333
223,globalPerMotor,1,224,10076.6,0.2,0,0,10076.6
223,globalPerMotor,1,224,10076.6,0.2,1,0.2,17213.8333333333
224,globalPerMotor,1,224,10988.9,0.2,0,0,10988.9
224,globalPerMotor,1,224,10988.9,0.2,1,0.2,17213.8333333333
225,globalPerMotor,1,224,11901.2,0.2,0,0,11901.2
225,globalPerMotor,1,224,11901.2,0.2,1,0.2,17213.8333333333
226,globalPerMotor,1,224,12813.5,0.2,0,0,12813.5
226,globalPerMotor,1,224,12813.5,0.2,1,0.2,17213.8333333333
227,globalPerMotor,1,224,13725.8,0.2,0,0,13725.8
227,globalPerMotor,1,224,13725.8,0.2,1,0.2,17213.8333333333
228,globalPerMotor,1,224,14638.1,0.2,0,0,14638.1
228,globalPerMotor,1,224,14638.1,0.2,1,0.2,17213.8333333333
229,globalPerMotor,1,224,15550.4,0.2,0,0,15550.4
229,globalPerMotor,1,224,15550.4,0.2,1,0.2,17213.8333333333
230,globalPerMotor,1,224,16462.7,0.2,0,0,16462.7
230,globalPerMotor,1,224,16462.7,0.2,1,0.2,17213.8333333333
231,globalPerMotor,1,224,17375,0.2,0,0,17375
231,globalPerMotor,1,224,17375,0.2,1,0.2,17375
253,globalPerMotor,1,255,-871,0.2,0,0,-871
253,globalPerMotor,1,255,-871,0.2,1,0.2,11176.6666666667
254,globalPerMotor,1,255,41.3,0.2,0,0,41.3
254,globalPerMotor,1,255,41.3,0.2,1,0.2,11394.3333333333
255,globalPerMotor,1,255,953.6,0.2,0,0,953.6
255,globalPerMotor,1,255,953.6,0.2,1,0.2,12408.6666666667
256,globalPerMotor,1,255,1865.9,0.2,0,0,1865.9
256,globalPerMotor,1,255,1865.9,0.2,1,0.2,13304
257,globalPerMotor,1,255,2778.2,0.2,0,0,2778.2
257,globalPerMotor,1,255,2778.2,0.2,1,0.2,14172
258,globalPerMotor,1,255,3690.5,0.2,0,0,3690.5
258,globalPerMotor,1,255,3690.5,0.2,1,0.2,14987
259,globalPerMotor,1,255,4602.8,0.2,0,0,4602.8
259,globalPerMotor,1,255,4602.8,0.2,1,0.2,15841
260,globalPerMotor,1,255,5515.1,0.2,0,0,5515.1
260,globalPerMotor,1,255,5515.1,0.2,1,0.2,16626.5
261,globalPerMotor,1,255,6427.4,0.2,0,0,6427.4
261,globalPerMotor,1,255,6427.4,0.2,1,0.2,17064.3333333333
262,globalPerMotor,1,255,7339.7,0.2,0,0,7339.7
262,globalPerMotor,1,255,7339.7,0.2,1,0.2,17209.5
263,globalPerMotor,1,255,8252,0.2,0,0,8252
263,globalPerMotor,1,255,8252,0.2,1,0.2,17246.5
264,globalPerMotor,1,255,9164.3,0.2,0,0,9164.3
264,globalPerMotor,1,255,9164.3,0.2,1,0.2,17246.5
265,globalPerMotor,1,255,10076.6,0.2,0,0,10076.6
265,globalPerMotor,1,255,10076.6,0.2,1,0.2,17246.5
266,globalPerMotor,1,255,10988.9,0.2,0,0,10988.9
266,globalPerMotor,1,255,10988.9,0.2,1,0.2,17246.5
267,globalPerMotor,1,255,11901.2,0.2,0,0,11901.2
267,globalPerMotor,1,255,11901.2,0.2,1,0.2,17246.5
268,globalPerMotor,1,255,12813.5,0.2,0,0,12813.5
268,globalPerMotor,1,255,12813.5,0.2,1,0.2,17246.5
269,globalPerMotor,1,255,13725.8,0.2,0,0,13725.8
269,globalPerMotor,1,255,13725.8,0.2,1,0.2,17246.5
270,globalPerMotor,1,255,14638.1,0.2,0,0,14638.1
270,globalPerMotor,1,255,14638.1,0.2,1,0.2,17246.5
271,globalPerMotor,1,255,15550.4,0.2,0,0,15550.4
271,globalPerMotor,1,255,15550.4,0.2,1,0.2,17246.5
272,globalPerMotor,1,255,16462.7,0.2,0,0,16462.7
272,globalPerMotor,1,255,16462.7,0.2,1,0.2,17246.5
273,globalPerMotor,1,255,17375,0.2,0,0,17375
273,globalPerMotor,1,255,17375,0.2,1,0.2,17375
295,globalPerMotor,1,-64,-871,0.2,0,0,-871
295,globalPerMotor,1,-64,-871,0.2,1,0.2,-871
296,globalPerMotor,1,-64,41.3,0.2,0,0,41.3
296,globalPerMotor,1,-64,41.3,0.2,1,0.2,-145.333333333333
297,globalPerMotor,1,-64,953.6,0.2,0,0,953.6
297,globalPerMotor,1,-64,953.6,0.2,1,0.2,-145.333333333333
298,globalPerMotor,1,-64,1865.9,0.2,0,0,1865.9
298,globalPerMotor,1,-64,1865.9,0.2,1,0.2,-128.666666666667
299,globalPerMotor,1,-64,2778.2,0.2,0,0,2778.2
299,globalPerMotor,1,-64,2778.2,0.2,1,0.2,248
300,globalPerMotor,1,-64,3690.5,0.2,0,0,3690.5
300,globalPerMotor,1,-64,3690.5,0.2,1,0.2,557.333333333333
301,globalPerMotor,1,-64,4602.8,0.2,0,0,4602.8
301,globalPerMotor,1,-64,4602.8,0.2,1,0.2,862.333333333333
302,globalPerMotor,1,-64,5515.1,0.2,0,0,5515.1
302,globalPerMotor,1,-64,5515.1,0.2,1,0.2,1211
303,globalPerMotor,1,-64,6427.4,0.2,0,0,6427.4
303,globalPerMotor,1,-64,6427.4,0.2,1,0.2,1859.33333333333
304,globalPerMotor,1,-64,7339.7,0.2,0,0,7339.7
304,globalPerMotor,1,-64,7339.7,0.2,1,0.2,2522.33333333333
305,globalPerMotor,1,-64,8252,0.2,0,0,8252
305,globalPerMotor,1,-64,8252,0.2,1,0.2,3465.33333333333
306,globalPerMotor,1,-64,9164.3,0.2,0,0,9164.3
306,globalPerMotor,1,-64,9164.3,0.2,1,0.2,4428.66666666667
307,globalPerMotor,1,-64,10076.6,0.2,0,0,10076.6
307,globalPerMotor,1,-64,10076.6,0.2,1,0.2,5366
308,globalPerMotor,1,-64,10988.9,0.2,0,0,10988.9
308,globalPerMotor,1,-64,10988.9,0.2,1,0.2,6353.33333333333
309,globalPerMotor,1,-64,11901.2,0.2,0,0,11901.2
309,globalPerMotor,1,-64,11901.2,0.2,1,0.2,7303.66666666667
310,globalPerMotor,1,-64,12813.5,0.2,0,0,12813.5
310,globalPerMotor,1,-64,12813.5,0.2,1,0.2,8259
311,globalPerMotor,1,-64,13725.8,0.2,0,0,13725.8
311,globalPerMotor,1,-64,13725.8,0.2,1,0.2,9228
312,globalPerMotor,1,-64,14638.1,0.2,0,0,14638.1
312,globalPerMotor,1,-64,14638.1,0.2,1,0.2,10362
313,globalPerMotor,1,-64,15550.4,0.2,0,0,15550.4
313,globalPerMotor,1,-64,15550.4,0.2,1,0.2,10362
314,globalPerMotor,1,-64,16462.7,0.2,0,0,16462.7
314,globalPerMotor,1,-64,16462.7,0.2,1,0.2,10362
315,globalPerMotor,1,-64,17375,0.2,0,0,17375
315,globalPerMotor,1,-64,17375,0.2,1,0.2,10362
337,globalPerMotor,1,-96,-871,0.2,0,0,-871
337,globalPerMotor,1,-96,-871,0.2,1,0.2,-871
338,globalPerMotor,1,-96,41.3,0.2,0,0,41.3
338,globalPerMotor,1,-96,41.3,0.2,1,0.2,-320
339,globalPerMotor,1,-96,953.6,0.2,0,0,953.6
339,globalPerMotor,1,-96,953.6,0.2,1,0.2,-320
340,globalPerMotor,1,-96,1865.9,0.2,0,0,1865.9
340,globalPerMotor,1,-96,1865.9,0.2,1,0.2,-320
341,globalPerMotor,1,-96,2778.2,0.2,0,0,2778.2
341,globalPerMotor,1,-96,2778.2,0.2,1,0.2,-320
342,globalPerMotor,1,-96,3690.5,0.2,0,0,3690.5
342,globalPerMotor,1,-96,3690.5,0.2,1,0.2,-320
343,globalPerMotor,1,-96,4602.8,0.2,0,0,4602.8
343,globalPerMotor,1,-96,4602.8,0.2,1,0.2,-320
344,globalPerMotor,1,-96,5515.1,0.2,0,0,5515.1
344,globalPerMotor,1,-96,5515.1,0.2,1,0.2,-320
345,globalPerMotor,1,-96,6427.4,0.2,0,0,6427.4
345,globalPerMotor,1,-96,6427.4,0.2,1,0.2,-316
346,globalPerMotor,1,-96,7339.7,0.2,0,0,7339.7
346,globalPerMotor,1,-96,7339.7,0.2,1,0.2,-121.75
347,globalPerMotor,1,-96,8252,0.2,0,0,8252
347,globalPerMotor,1,-96,8252,0.2,1,0.2,365
348,globalPerMotor,1,-96,9164.3,0.2,0,0,9164.3
348,globalPerMotor,1,-96,9164.3,0.2,1,0.2,1296.75
349,globalPerMotor,1,-96,10076.6,0.2,0,0,10076.6
349,globalPerMotor,1,-96,10076.6,0.2,1,0.2,2256.25
350,globalPerMotor,1,-96,10988.9,0.2,0,0,10988.9
350,globalPerMotor,1,-96,10988.9,0.2,1,0.2,3213
351,globalPerMotor,1,-96,11901.2,0.2,0,0,11901.2
351,globalPerMotor,1,-96,11901.2,0.2,1,0.2,4205
352,globalPerMotor,1,-96,12813.5,0.2,0,0,12813.5
352,globalPerMotor,1,-96,12813.5,0.2,1,0.2,5197.25
353,globalPerMotor,1,-96,13725.8,0.2,0,0,13725.8
353,globalPerMotor,1,-96,13725.8,0.2,1,0.2,6185.25
354,globalPerMotor,1,-96,14638.1,0.2,0,0,14638.1
354,globalPerMotor,1,-96,14638.1,0.2,1,0.2,7170.75
355,globalPerMotor,1,-96,15550.4,0.2,0,0,15550.4
355,globalPerMotor,1,-96,15550.4,0.2,1,0.2,8179.25
356,globalPerMotor,1,-96,16462.7,0.2,0,0,16462.7
356,globalPerMotor,1,-96,16462.7,0.2,1,0.2,9273.75
357,globalPerMotor,1,-96,17375,0.2,0,0,17375
357,globalPerMotor,1,-96,17375,0.2,1,0.2,9800.75
379,globalPerMotor,1,-128,-871,0.2,0,0,-871
379,globalPerMotor,1,-128,-871,0.2,1,0.2,-871
380,globalPerMotor,1,-128,41.3,0.2,0,0,41.3
380,globalPerMotor,1,-128,41.3,0.2,1,0.2,-493
381,globalPerMotor,1,-128,953.6,0.2,0,0,953.6
381,globalPerMotor,1,-128,953.6,0.2,1,0.2,-493
382,globalPerMotor,1,-128,1865.9,0.2,0,0,1865.9
382,globalPerMotor,1,-128,1865.9,0.2,1,0.2,-493
383,globalPerMotor,1,-128,2778.2,0.2,0,0,2778.2
383,globalPerMotor,1,-128,2778.2,0.2,1,0.2,-493
384,globalPerMotor,1,-128,3690.5,0.2,0,0,3690.5
384,globalPerMotor,1,-128,3690.5,0.2,1,0.2,-493
385,globalPerMotor,1,-128,4602.8,0.2,0,0,4602.8
385,globalPerMotor,1,-128,4602.8,0.2,1,0.2,-493
386,globalPerMotor,1,-128,5515.1,0.2,0,0,5515.1
386,globalPerMotor,1,-128,5515.1,0.2,1,0.2,-493
387,globalPerMotor,1,-128,6427.4,0.2,0,0,6427.4
387,globalPerMotor,1,-128,6427.4,0.2,1,0.2,-493
388,globalPerMotor,1,-128,7339.7,0.2,0,0,7339.7
388,globalPerMotor,1,-128,7339.7,0.2,1,0.2,-488.5
389,globalPerMotor,1,-128,8252,0.2,0,0,8252
389,globalPerMotor,1,-128,8252,0.2,1,0.2,-383.166666666667
390,globalPerMotor,1,-128,9164.3,0.2,0,0,9164.3
390,globalPerMotor,1,-128,9164.3,0.2,1,0.2,-92.1666666666667
391,globalPerMotor,1,-128,10076.6,0.2,0,0,10076.6
391,globalPerMotor,1,-128,10076.6,0.2,1,0.2,487.166666666667
392,globalPerMotor,1,-128,10988.9,0.2,0,0,10988.9
392,globalPerMotor,1,-128,10988.9,0.2,1,0.2,1355.33333333333
393,globalPerMotor,1,-128,11901.2,0.2,0,0,11901.2
393,globalPerMotor,1,-128,11901.2,0.2,1,0.2,2336.83333333333
394,globalPerMotor,1,-128,12813.5,0.2,0,0,12813.5
394,globalPerMotor,1,-128,12813.5,0.2,1,0.2,3317.5
395,globalPerMotor,1,-128,13725.8,0.2,0,0,13725.8
395,globalPerMotor,1,-128,13725.8,0.2,1,0.2,4294.16666666667
396,globalPerMotor,1,-128,14638.1,0.2,0,0,14638.1
396,globalPerMotor,1,-128,14638.1,0.2,1,0.2,5315.83333333333
397,globalPerMotor,1,-128,15550.4,0.2,0,0,15550.4
397,globalPerMotor,1,-128,15550.4,0.2,1,0.2,6287.16666666667
398,globalPerMotor,1,-128,16462.7,0.2,0,0,16462.7
398,globalPerMotor,1,-128,16462.7,0.2,1,0.2,7302.16666666667
399,globalPerMotor,1,-128,17375,0.2,0,0,17375
399,globalPerMotor,1,-128,17375,0.2,1,0.2,8448.83333333333
421,globalPerMotor,1,-160,-871,0.2,0,0,-871
421,globalPerMotor,1,-160,-871,0.2,1,0.2,-871
422,globalPerMotor,1,-160,41.3,0.2,0,0,41.3
422,globalPerMotor,1,-160,41.3,0.2,1,0.2,-595.8
423,globalPerMotor,1,-160,953.6,0.2,0,0,953.6
423,globalPerMotor,1,-160,953.6,0.2,1,0.2,-595.8
424,globalPerMotor,1,-160,1865.9,0.2,0,0,1865.9
424,globalPerMotor,1,-160,1865.9,0.2,1,0.2,-595.8
425,globalPerMotor,1,-160,2778.2,0.2,0,0,2778.2
425,globalPerMotor,1,-160,2778.2,0.2,1,0.2,-595.8
426,globalPerMotor,1,-160,3690.5,0.2,0,0,3690.5
426,globalPerMotor,1,-160,3690.5,0.2,1,0.2,-595.8
427,globalPerMotor,1,-160,4602.8,0.2,0,0,4602.8
427,globalPerMotor,1,-160,4602.8,0.2,1,0.2,-595.8
428,globalPerMotor,1,-160,5515.1,0.2,0,0,5515.1
428,globalPerMotor,1,-160,5515.1,0.2,1,0.2,-595.8
429,globalPerMotor,1,-160,6427.4,0.2,0,0,6427.4
429,globalPerMotor,1,-160,6427.4,0.2,1,0.2,-595.8
430,globalPerMotor,1,-160,7339.7,0.2,0,0,7339.7
430,globalPerMotor,1,-160,7339.7,0.2,1,0.2,-595.8
431,globalPerMotor,1,-160,8252,0.2,0,0,8252
431,globalPerMotor,1,-160,8252,0.2,1,0.2,-588.4
432,globalPerMotor,1,-160,9164.3,0.2,0,0,9164.3
432,globalPerMotor,1,-160,9164.3,0.2,1,0.2,-483.4
433,globalPerMotor,1,-160,10076.6,0.2,0,0,10076.6
433,globalPerMotor,1,-160,10076.6,0.2,1,0.2,-243.8
434,globalPerMotor,1,-160,10988.9,0.2,0,0,10988.9
434,globalPerMotor,1,-160,10988.9,0.2,1,0.2,322.8
435,globalPerMotor,1,-160,11901.2,0.2,0,0,11901.2
435,globalPerMotor,1,-160,11901.2,0.2,1,0.2,1295.4
436,globalPerMotor,1,-160,12813.5,0.2,0,0,12813.5
436,globalPerMotor,1,-160,12813.5,0.2,1,0.2,2217.2
437,globalPerMotor,1,-160,13725.8,0.2,0,0,13725.8
437,globalPerMotor,1,-160,13725.8,0.2,1,0.2,3187.4
438,globalPerMotor,1,-160,14638.1,0.2,0,0,14638.1
438,globalPerMotor,1,-160,14638.1,0.2,1,0.2,4157.4
439,globalPerMotor,1,-160,15550.4,0.2,0,0,15550.4
439,globalPerMotor,1,-160,15550.4,0.2,1,0.2,5126
440,globalPerMotor,1,-160,16462.7,0.2,0,0,16462.7
440,globalPerMotor,1,-160,16462.7,0.2,1,0.2,6198
441,globalPerMotor,1,-160,17375,0.2,0,0,17375
441,globalPerMotor,1,-160,17375,0.2,1,0.2,7267.2
463,globalPerMotor,1,-192,-871,0.2,0,0,-871
463,globalPerMotor,1,-192,-871,0.2,1,0.2,-871
464,globalPerMotor,1,-192,41.3,0.2,0,0,41.3
464,globalPerMotor,1,-192,41.3,0.2,1,0.2,-659.25
465,globalPerMotor,1,-192,953.6,0.2,0,0,953.6
465,globalPerMotor,1,-192,953.6,0.2,1,0.2,-659.25
466,globalPerMotor,1,-192,1865.9,0.2,0,0,1865.9
466,globalPerMotor,1,-192,1865.9,0.2,1,0.2,-659.25
467,globalPerMotor,1,-192,2778.2,0.2,0,0,2778.2
467,globalPerMotor,1,-192,2778.2,0.2,1,0.2,-659.25
468,globalPerMotor,1,-192,3690.5,0.2,0,0,3690.5
468,globalPerMotor,1,-192,3690.5,0.2,1,0.2,-659.25
469,globalPerMotor,1,-192,4602.8,0.2,0,0,4602.8
469,globalPerMotor,1,-192,4602.8,0.2,1,0.2,-659.25
470,globalPerMotor,1,-192,5515.1,0.2,0,0,5515.1
470,globalPerMotor,1,-192,5515.1,0.2,1,0.2,-659.25
471,globalPerMotor,1,-192,6427.4,0.2,0,0,6427.4
471,globalPerMotor,1,-192,6427.4,0.2,1,0.2,-659.25
472,globalPerMotor,1,-192,7339.7,0.2,0,0,7339.7
472,globalPerMotor,1,-192,7339.7,0.2,1,0.2,-659.25
473,globalPerMotor,1,-192,8252,0.2,0,0,8252
473,globalPerMotor,1,-192,8252,0.2,1,0.2,-659.25
474,globalPerMotor,1,-192,9164.3,0.2,0,0,9164.3
474,globalPerMotor,1,-192,9164.3,0.2,1,0.2,-659.25
475,globalPerMotor,1,-192,10076.6,0.2,0,0,10076.6
475,globalPerMotor,1,-192,10076.6,0.2,1,0.2,-658
476,globalPerMotor,1,-192,10988.9,0.2,0,0,10988.9
476,globalPerMotor,1,-192,10988.9,0.2,1,0.2,-504.75
477,globalPerMotor,1,-192,11901.2,0.2,0,0,11901.2
477,globalPerMotor,1,-192,11901.2,0.2,1,0.2,218.5
478,globalPerMotor,1,-192,12813.5,0.2,0,0,12813.5
478,globalPerMotor,1,-192,12813.5,0.2,1,0.2,1160.75
479,globalPerMotor,1,-192,13725.8,0.2,0,0,13725.8
479,globalPerMotor,1,-192,13725.8,0.2,1,0.2,2172
480,globalPerMotor,1,-192,14638.1,0.2,0,0,14638.1
480,globalPerMotor,1,-192,14638.1,0.2,1,0.2,3126
481,globalPerMotor,1,-192,15550.4,0.2,0,0,15550.4
481,globalPerMotor,1,-192,15550.4,0.2,1,0.2,4142
482,globalPerMotor,1,-192,16462.7,0.2,0,0,16462.7
482,globalPerMotor,1,-192,16462.7,0.2,1,0.2,5157
483,globalPerMotor,1,-192,17375,0.2,0,0,17375
483,globalPerMotor,1,-192,17375,0.2,1,0.2,6347.75
505,globalPerMotor,1,-224,-871,0.2,0,0,-871
505,globalPerMotor,1,-224,-871,0.2,1,0.2,-871
506,globalPerMotor,1,-224,41.3,0.2,0,0,41.3
506,globalPerMotor,1,-224,41.3,0.2,1,0.2,-706.333333333333
507,globalPerMotor,1,-224,953.6,0.2,0,0,953.6
507,globalPerMotor,1,-224,953.6,0.2,1,0.2,-706.333333333333
508,globalPerMotor,1,-224,1865.9,0.2,0,0,1865.9
508,globalPerMotor,1,-224,1865.9,0.2,1,0.2,-706.333333333333
509,globalPerMotor,1,-224,2778.2,0.2,0,0,2778.2
509,globalPerMotor,1,-224,2778.2,0.2,1,0.2,-706.333333333333
510,globalPerMotor,1,-224,3690.5,0.2,0,0,3690.5
510,globalPerMotor,1,-224,3690.5,0.2,1,0.2,-706.333333333333
511,globalPerMotor,1,-224,4602.8,0.2,0,0,4602.8
511,globalPerMotor,1,-224,4602.8,0.2,1,0.2,-706.333333333333
512,globalPerMotor,1,-224,5515.1,0.2,0,0,5515.1
512,globalPerMotor,1,-224,5515.1,0.2,1,0.2,-706.333333333333
513,globalPerMotor,1,-224,6427.4,0.2,0,0,6427.4
513,globalPerMotor,1,-224,6427.4,0.2,1,0.2,-706.333333333333
514,globalPerMotor,1,-224,7339.7,0.2,0,0,7339.7
514,globalPerMotor,1,-224,7339.7,0.2,1,0.2,-706.333333333333
515,globalPerMotor,1,-224,8252,0.2,0,0,8252
515,globalPerMotor,1,-224,8252,0.2,1,0.2,-706.333333333333
516,globalPerMotor,1,-224,9164.3,0.2,0,0,9164.3
516,globalPerMotor,1,-224,9164.3,0.2,1,0.2,-706.333333333333
517,globalPerMotor,1,-224,10076.6,0.2,0,0,10076.6
517,globalPerMotor,1,-224,10076.6,0.2,1,0.2,-706.333333333333
518,globalPerMotor,1,-224,10988.9,0.2,0,0,10988.9
518,globalPerMotor,1,-224,10988.9,0.2,1,0.2,-640
519,globalPerMotor,1,-224,11901.2,0.2,0,0,11901.2
519,globalPerMotor,1,-224,11901.2,0.2,1,0.2,-237.666666666667
520,globalPerMotor,1,-224,12813.5,0.2,0,0,12813.5
520,globalPerMotor,1,-224,12813.5,0.2,1,0.2,635
521,globalPerMotor,1,-224,13725.8,0.2,0,0,13725.8
521,globalPerMotor,1,-224,13725.8,0.2,1,0.2,1658.66666666667
522,globalPerMotor,1,-224,14638.1,0.2,0,0,14638.1
522,globalPerMotor,1,-224,14638.1,0.2,1,0.2,2618.16666666667
523,globalPerMotor,1,-224,15550.4,0.2,0,0,15550.4
523,globalPerMotor,1,-224,15550.4,0.2,1,0.2,3608.16666666667
524,globalPerMotor,1,-224,16462.7,0.2,0,0,16462.7
524,globalPerMotor,1,-224,16462.7,0.2,1,0.2,4597.33333333333
525,globalPerMotor,1,-224,17375,0.2,0,0,17375
525,globalPerMotor,1,-224,17375,0.2,1,0.2,5833.66666666667
547,globalPerMotor,1,-255,-871,0.2,0,0,-871
547,globalPerMotor,1,-255,-871,0.2,1,0.2,-871
548,globalPerMotor,1,-255,41.3,0.2,0,0,41.3
548,globalPerMotor,1,-255,41.3,0.2,1,0.2,-788.666666666667
549,globalPerMotor,1,-255,953.6,0.2,0,0,953.6
549,globalPerMotor,1,-255,953.6,0.2,1,0.2,-788.666666666667
550,globalPerMotor,1,-255,1865.9,0.2,0,0,1865.9
550,globalPerMotor,1,-255,1865.9,0.2,1,0.2,-788.666666666667
551,globalPerMotor,1,-255,2778.2,0.2,0,0,2778.2
551,globalPerMotor,1,-255,2778.2,0.2,1,0.2,-788.666666666667
552,globalPerMotor,1,-255,3690.5,0.2,0,0,3690.5
552,globalPerMotor,1,-255,3690.5,0.2,1,0.2,-788.666666666667
553,globalPerMotor,1,-255,4602.8,0.2,0,0,4602.8
553,globalPerMotor,1,-255,4602.8,0.2,1,0.2,-788.666666666667
554,globalPerMotor,1,-255,5515.1,0.2,0,0,5515.1
554,globalPerMotor,1,-255,5515.1,0.2,1,0.2,-788.666666666667
555,globalPerMotor,1,-255,6427.4,0.2,0,0,6427.4
555,globalPerMotor,1,-255,6427.4,0.2,1,0.2,-788.666666666667
556,globalPerMotor,1,-255,7339.7,0.2,0,0,7339.7
556,globalPerMotor,1,-255,7339.7,0.2,1,0.2,-788.666666666667
557,globalPerMotor,1,-255,8252,0.2,0,0,8252
557,globalPerMotor,1,-255,8252,0.2,1,0.2,-788.666666666667
558,globalPerMotor,1,-255,9164.3,0.2,0,0,9164.3
558,globalPerMotor,1,-255,9164.3,0.2,1,0.2,-788.666666666667
559,globalPerMotor,1,-255,10076.6,0.2,0,0,10076.6
559,globalPerMotor,1,-255,10076.6,0.2,1,0.2,-788.666666666667
560,globalPerMotor,1,-255,10988.9,0.2,0,0,10988.9
560,globalPerMotor,1,-255,10988.9,0.2,1,0.2,-787.833333333333
561,globalPerMotor,1,-255,11901.2,0.2,0,0,11901.2
561,globalPerMotor,1,-255,11901.2,0.2,1,0.2,-642.333333333333
562,globalPerMotor,1,-255,12813.5,0.2,0,0,12813.5
562,globalPerMotor,1,-255,12813.5,0.2,1,0.2,-17.6666666666667
563,globalPerMotor,1,-255,13725.8,0.2,0,0,13725.8
563,globalPerMotor,1,-255,13725.8,0.2,1,0.2,875.666666666667
564,globalPerMotor,1,-255,14638.1,0.2,0,0,14638.1
564,globalPerMotor,1,-255,14638.1,0.2,1,0.2,1851.16666666667
565,globalPerMotor,1,-255,15550.4,0.2,0,0,15550.4
565,globalPerMotor,1,-255,15550.4,0.2,1,0.2,2825.83333333333
566,globalPerMotor,1,-255,16462.7,0.2,0,0,16462.7
566,globalPerMotor,1,-255,16462.7,0.2,1,0.2,3801
567,globalPerMotor,1,-255,17375,0.2,0,0,17375
567,globalPerMotor,1,-255,17375,0.2,1,0.2,5034.33333333333
589,globalPerMotor,2,64,-477,0.2,0,0,-477
589,globalPerMotor,2,64,-477,0.2,1,0.2,1868.33333333333
590,globalPerMotor,2,64,-112.1,0.2,0,0,-112.1
590,globalPerMotor,2,64,-112.1,0.2,1,0.2,1868.33333333333
591,globalPerMotor,2,64,252.8,0.2,0,0,252.8
591,globalPerMotor,2,64,252.8,0.2,1,0.2,2076
592,globalPerMotor,2,64,617.7,0.2,0,0,617.7
592,globalPerMotor,2,64,617.7,0.2,1,0.2,2204.66666666667
593,globalPerMotor,2,64,982.6,0.2,0,0,982.6
593,globalPerMotor,2,64,982.6,0.2,1,0.2,2298.33333333333
594,globalPerMotor,2,64,1347.5,0.2,0,0,1347.5
594,globalPerMotor,2,64,1347.5,0.2,1,0.2,2367.33333333333
595,globalPerMotor,2,64,1712.4,0.2,0,0,1712.4
595,globalPerMotor,2,64,1712.4,0.2,1,0.2,2417.33333333333
596,globalPerMotor,2,64,2077.3,0.2,0,0,2077.3
596,globalPerMotor,2,64,2077.3,0.2,1,0.2,2434.33333333333
597,globalPerMotor,2,64,2442.2,0.2,0,0,2442.2
597,globalPerMotor,2,64,2442.2,0.2,1,0.2,2477
598,globalPerMotor,2,64,2807.1,0.2,0,0,2807.1
598,globalPerMotor,2,64,2807.1,0.2,1,0.2,3220.33333333333
599,globalPerMotor,2,64,3172,0.2,0,0,3172
599,globalPerMotor,2,64,3172,0.2,1,0.2,3544.33333333333
600,globalPerMotor,2,64,3536.9,0.2,0,0,3536.9
600,globalPerMotor,2,64,3536.9,0.2,1,0.2,3598
601,globalPerMotor,2,64,3901.8,0.2,0,0,3901.8
601,globalPerMotor,2,64,3901.8,0.2,1,0.2,3901.8
602,globalPerMotor,2,64,4266.7,0.2,0,0,4266.7
602,globalPerMotor,2,64,4266.7,0.2,1,0.2,4266.7
603,globalPerMotor,2,64,4631.6,0.2,0,0,4631.6
603,globalPerMotor,2,64,4631.6,0.2,1,0.2,4631.6
604,globalPerMotor,2,64,4996.5,0.2,0,0,4996.5
604,globalPerMotor,2,64,4996.5,0.2,1,0.2,4996.5
605,globalPerMotor,2,64,5361.4,0.2,0,0,5361.4
605,globalPerMotor,2,64,5361.4,0.2,1,0.2,5361.4
606,globalPerMotor,2,64,5726.3,0.2,0,0,5726.3
606,globalPerMotor,2,64,5726.3,0.2,1,0.2,5726.3
607,globalPerMotor,2,64,6091.2,0.2,0,0,6091.2
607,globalPerMotor,2,64,6091.2,0.2,1,0.2,6091.2
608,globalPerMotor,2,64,6456.1,0.2,0,0,6456.1
608,globalPerMotor,2,64,6456.1,0.2,1,0.2,6456.1
609,globalPerMotor,2,64,6821,0.2,0,0,6821
609,globalPerMotor,2,64,6821,0.2,1,0.2,6821
631,globalPerMotor,2,96,-477,0.2,0,0,-477
631,globalPerMotor,2,96,-477,0.2,1,0.2,3618.75
632,globalPerMotor,2,96,-112.1,0.2,0,0,-112.1
632,globalPerMotor,2,96,-112.1,0.2,1,0.2,3618.75
633,globalPerMotor,2,96,252.8,0.2,0,0,252.8
633,globalPerMotor,2,96,252.8,0.2,1,0.2,3758
634,globalPerMotor,2,96,617.7,0.2,0,0,617.7
634,globalPerMotor,2,96,617.7,0.2,1,0.2,3859.5
635,globalPerMotor,2,96,982.6,0.2,0,0,982.6
635,globalPerMotor,2,96,982.6,0.2,1,0.2,3944.5
636,globalPerMotor,2,96,1347.5,0.2,0,0,1347.5
636,globalPerMotor,2,96,1347.5,0.2,1,0.2,4026.25
637,globalPerMotor,2,96,1712.4,0.2,0,0,1712.4
637,globalPerMotor,2,96,1712.4,0.2,1,0.2,4100
638,globalPerMotor,2,96,2077.3,0.2,0,0,2077.3
638,globalPerMotor,2,96,2077.3,0.2,1,0.2,4173
639,globalPerMotor,2,96,2442.2,0.2,0,0,2442.2
639,globalPerMotor,2,96,2442.2,0.2,1,0.2,4244.5
640,globalPerMotor,2,96,2807.1,0.2,0,0,2807.1
640,globalPerMotor,2,96,2807.1,0.2,1,0.2,4288.25
641,globalPerMotor,2,96,3172,0.2,0,0,3172
641,globalPerMotor,2,96,3172,0.2,1,0.2,4313.25
642,globalPerMotor,2,96,3536.9,0.2,0,0,3536.9
642,globalPerMotor,2,96,3536.9,0.2,1,0.2,4323.5
643,globalPerMotor,2,96,3901.8,0.2,0,0,3901.8
643,globalPerMotor,2,96,3901.8,0.2,1,0.2,4335.25
644,globalPerMotor,2,96,4266.7,0.2,0,0,4266.7
644,globalPerMotor,2,96,4266.7,0.2,1,0.2,4338
645,globalPerMotor,2,96,4631.6,0.2,0,0,4631.6
645,globalPerMotor,2,96,4631.6,0.2,1,0.2,5303.75
646,globalPerMotor,2,96,4996.5,0.2,0,0,4996.5
646,globalPerMotor,2,96,4996.5,0.2,1,0.2,5427.75
647,globalPerMotor,2,96,5361.4,0.2,0,0,5361.4
647,globalPerMotor,2,96,5361.4,0.2,1,0.2,5435.75
648,globalPerMotor,2,96,5726.3,0.2,0,0,5726.3
648,globalPerMotor,2,96,5726.3,0.2,1,0.2,5726.3
649,globalPerMotor,2,96,6091.2,0.2,0,0,6091.2
649,globalPerMotor,2,96,6091.2,0.2,1,0.2,6091.2
650,globalPerMotor,2,96,6456.1,0.2,0,0,6456.1
650,globalPerMotor,2,96,6456.1,0.2,1,0.2,6456.1
651,globalPerMotor,2,96,6821,0.2,0,0,6821
651,globalPerMotor,2,96,6821,0.2,1,0.2,6821
673,globalPerMotor,2,128,-477,0.2,0,0,-477
673,globalPerMotor,2,128,-477,0.2,1,0.2,5522.66666666667
674,globalPerMotor,2,128,-112.1,0.2,0,0,-112.1
674,globalPerMotor,2,128,-112.1,0.2,1,0.2,5522.66666666667
675,globalPerMotor,2,128,252.8,0.2,0,0,252.8
675,globalPerMotor,2,128,252.8,0.2,1,0.2,5717.66666666667
676,globalPerMotor,2,128,617.7,0.2,0,0,617.7
676,globalPerMotor,2,128,617.7,0.2,1,0.2,5831.5
677,globalPerMotor,2,128,982.6,0.2,0,0,982.6
677,globalPerMotor,2,128,982.6,0.2,1,0.2,5888.33333333333
678,globalPerMotor,2,128,1347.5,0.2,0,0,1347.5
678,globalPerMotor,2,128,1347.5,0.2,1,0.2,5924.83333333333
679,globalPerMotor,2,128,1712.4,0.2,0,0,1712.4
679,globalPerMotor,2,128,1712.4,0.2,1,0.2,5958.66666666667
680,globalPerMotor,2,128,2077.3,0.2,0,0,2077.3
680,globalPerMotor,2,128,2077.3,0.2,1,0.2,5986.16666666667
681,globalPerMotor,2,128,2442.2,0.2,0,0,2442.2
681,globalPerMotor,2,128,2442.2,0.2,1,0.2,6007.83333333333
682,globalPerMotor,2,128,2807.1,0.2,0,0,2807.1
682,globalPerMotor,2,128,2807.1,0.2,1,0.2,6026.5
683,globalPerMotor,2,128,3172,0.2,0,0,3172
683,globalPerMotor,2,128,3172,0.2,1,0.2,6034.33333333333
684,globalPerMotor,2,128,3536.9,0.2,0,0,3536.9
684,globalPerMotor,2,128,3536.9,0.2,1,0.2,6034.66666666667
685,globalPerMotor,2,128,3901.8,0.2,0,0,3901.8
685,globalPerMotor,2,128,3901.8,0.2,1,0.2,6036
686,globalPerMotor,2,128,4266.7,0.2,0,0,4266.7
686,globalPerMotor,2,128,4266.7,0.2,1,0.2,6037.83333333333
687,globalPerMotor,2,128,4631.6,0.2,0,0,4631.6
687,globalPerMotor,2,128,4631.6,0.2,1,0.2,6048
688,globalPerMotor,2,128,4996.5,0.2,0,0,4996.5
688,globalPerMotor,2,128,4996.5,0.2,1,0.2,6065.16666666667
689,globalPerMotor,2,128,5361.4,0.2,0,0,5361.4
689,globalPerMotor,2,128,5361.4,0.2,1,0.2,6078.33333333333
690,globalPerMotor,2,128,5726.3,0.2,0,0,5726.3
690,globalPerMotor,2,128,5726.3,0.2,1,0.2,6082.83333333333
691,globalPerMotor,2,128,6091.2,0.2,0,0,6091.2
691,globalPerMotor,2,128,6091.2,0.2,1,0.2,6113.83333333333
692,globalPerMotor,2,128,6456.1,0.2,0,0,6456.1
692,globalPerMotor,2,128,6456.1,0.2,1,0.2,6456.1
693,globalPerMotor,2,128,6821,0.2,0,0,6821
693,globalPerMotor,2,128,6821,0.2,1,0.2,6821
715,globalPerMotor,2,160,-477,0.2,0,0,-477
715,globalPerMotor,2,160,-477,0.2,1,0.2,6205.6
716,globalPerMotor,2,160,-112.1,0.2,0,0,-112.1
716,globalPerMotor,2,160,-112.1,0.2,1,0.2,6205.6
717,globalPerMotor,2,160,252.8,0.2,0,0,252.8
717,globalPerMotor,2,160,252.8,0.2,1,0.2,6261.8
718,globalPerMotor,2,160,617.7,0.2,0,0,617.7
718,globalPerMotor,2,160,617.7,0.2,1,0.2,6294.2
719,globalPerMotor,2,160,982.6,0.2,0,0,982.6
719,globalPerMotor,2,160,982.6,0.2,1,0.2,6320.6
720,globalPerMotor,2,160,1347.5,0.2,0,0,1347.5
720,globalPerMotor,2,160,1347.5,0.2,1,0.2,6345
721,globalPerMotor,2,160,1712.4,0.2,0,0,1712.4
721,globalPerMotor,2,160,1712.4,0.2,1,0.2,6371.2
722,globalPerMotor,2,160,2077.3,0.2,0,0,2077.3
722,globalPerMotor,2,160,2077.3,0.2,1,0.2,6394.4
723,globalPerMotor,2,160,2442.2,0.2,0,0,2442.2
723,globalPerMotor,2,160,2442.2,0.2,1,0.2,6409.8
724,globalPerMotor,2,160,2807.1,0.2,0,0,2807.1
724,globalPerMotor,2,160,2807.1,0.2,1,0.2,6429.8
725,globalPerMotor,2,160,3172,0.2,0,0,3172
725,globalPerMotor,2,160,3172,0.2,1,0.2,6441
726,globalPerMotor,2,160,3536.9,0.2,0,0,3536.9
726,globalPerMotor,2,160,3536.9,0.2,1,0.2,6444
727,globalPerMotor,2,160,3901.8,0.2,0,0,3901.8
727,globalPerMotor,2,160,3901.8,0.2,1,0.2,6444.4
728,globalPerMotor,2,160,4266.7,0.2,0,0,4266.7
728,globalPerMotor,2,160,4266.7,0.2,1,0.2,6445.6
729,globalPerMotor,2,160,4631.6,0.2,0,0,4631.6
729,globalPerMotor,2,160,4631.6,0.2,1,0.2,6452.8
730,globalPerMotor,2,160,4996.5,0.2,0,0,4996.5
730,globalPerMotor,2,160,4996.5,0.2,1,0.2,6464.2
731,globalPerMotor,2,160,5361.4,0.2,0,0,5361.4
731,globalPerMotor,2,160,5361.4,0.2,1,0.2,6465.4
732,globalPerMotor,2,160,5726.3,0.2,0,0,5726.3
732,globalPerMotor,2,160,5726.3,0.2,1,0.2,6469.2
733,globalPerMotor,2,160,6091.2,0.2,0,0,6091.2
733,globalPerMotor,2,160,6091.2,0.2,1,0.2,6482
734,globalPerMotor,2,160,6456.1,0.2,0,0,6456.1
734,globalPerMotor,2,160,6456.1,0.2,1,0.2,6482.8
735,globalPerMotor,2,160,6821,0.2,0,0,6821
735,globalPerMotor,2,160,6821,0.2,1,0.2,6821
757,globalPerMotor,2,192,-477,0.2,0,0,-477
757,globalPerMotor,2,192,-477,0.2,1,0.2,6521
758,globalPerMotor,2,192,-112.1,0.2,0,0,-112.1
758,globalPerMotor,2,192,-112.1,0.2,1,0.2,6521
759,globalPerMotor,2,192,252.8,0.2,0,0,252.8
759,globalPerMotor,2,192,252.8,0.2,1,0.2,6521
760,globalPerMotor,2,192,617.7,0.2,0,0,617.7
760,globalPerMotor,2,192,617.7,0.2,1,0.2,6521
761,globalPerMotor,2,192,982.6,0.2,0,0,982.6
761,globalPerMotor,2,192,982.6,0.2,1,0.2,6521
762,globalPerMotor,2,192,1347.5,0.2,0,0,1347.5
762,globalPerMotor,2,192,1347.5,0.2,1,0.2,6521
763,globalPerMotor,2,192,1712.4,0.2,0,0,1712.4
763,globalPerMotor,2,192,1712.4,0.2,1,0.2,6521
764,globalPerMotor,2,192,2077.3,0.2,0,0,2077.3
764,globalPerMotor,2,192,2077.3,0.2,1,0.2,6521
765,globalPerMotor,2,192,2442.2,0.2,0,0,2442.2
765,globalPerMotor,2,192,2442.2,0.2,1,0.2,6521
766,globalPerMotor,2,192,2807.1,0.2,0,0,2807.1
766,globalPerMotor,2,192,2807.1,0.2,1,0.2,6521
767,globalPerMotor,2,192,3172,0.2,0,0,3172
767,globalPerMotor,2,192,3172,0.2,1,0.2,6521
768,globalPerMotor,2,192,3536.9,0.2,0,0,3536.9
768,globalPerMotor,2,192,3536.9,0.2,1,0.2,6521
769,globalPerMotor,2,192,3901.8,0.2,0,0,3901.8
769,globalPerMotor,2,192,3901.8,0.2,1,0.2,6521
770,globalPerMotor,2,192,4266.7,0.2,0,0,4266.7
770,globalPerMotor,2,192,4266.7,0.2,1,0.2,6521
771,globalPerMotor,2,192,4631.6,0.2,0,0,4631.6
771,globalPerMotor,2,192,4631.6,0.2,1,0.2,6521
772,globalPerMotor,2,192,4996.5,0.2,0,0,4996.5
772,globalPerMotor,2,192,4996.5,0.2,1,0.2,6521
773,globalPerMotor,2,192,5361.4,0.2,0,0,5361.4
773,globalPerMotor,2,192,5361.4,0.2,1,0.2,6521
774,globalPerMotor,2,192,5726.3,0.2,0,0,5726.3
774,globalPerMotor,2,192,5726.3,0.2,1,0.2,6521
775,globalPerMotor,2,192,6091.2,0.2,0,0,6091.2
775,globalPerMotor,2,192,6091.2,0.2,1,0.2,6521
776,globalPerMotor,2,192,6456.1,0.2,0,0,6456.1
776,globalPerMotor,2,192,6456.1,0.2,1,0.2,6521
777,globalPerMotor,2,192,6821,0.2,0,0,6821
777,globalPerMotor,2,192,6821,0.2,1,0.2,6821
799,globalPerMotor,2,224,-477,0.2,0,0,-477
799,globalPerMotor,2,224,-477,0.2,1,0.2,6596.83333333333
800,globalPerMotor,2,224,-112.1,0.2,0,0,-112.1
800,globalPerMotor,2,224,-112.1,0.2,1,0.2,6596.83333333333
801,globalPerMotor,2,224,252.8,0.2,0,0,252.8
801,globalPerMotor,2,224,252.8,0.2,1,0.2,6596.83333333333
802,globalPerMotor,2,224,617.7,0.2,0,0,617.7
802,globalPerMotor,2,224,617.7,0.2,1,0.2,6596.83333333333
803,globalPerMotor,2,224,982.6,0.2,0,0,982.6
803,globalPerMotor,2,224,982.6,0.2,1,0.2,6596.83333333333
804,globalPerMotor,2,224,1347.5,0.2,0,0,1347.5
804,globalPerMotor,2,224,1347.5,0.2,1,0.2,6596.83333333333
805,globalPerMotor,2,224,1712.4,0.2,0,0,1712.4
805,globalPerMotor,2,224,1712.4,0.2,1,0.2,6596.83333333333
806,globalPerMotor,2,224,2077.3,0.2,0,0,2077.3
806,globalPerMotor,2,224,2077.3,0.2,1,0.2,6596.83333333333
807,globalPerMotor,2,224,2442.2,0.2,0,0,2442.2
807,globalPerMotor,2,224,2442.2,0.2,1,0.2,6596.83333333333
808,globalPerMotor,2,224,2807.1,0.2,0,0,2807.1
808,globalPerMotor,2,224,2807.1,0.2,1,0.2,6596.83333333333
809,globalPerMotor,2,224,3172,0.2,0,0,3172
809,globalPerMotor,2,224,3172,0.2,1,0.2,6596.83333333333
810,globalPerMotor,2,224,3536.9,0.2,0,0,3536.9
810,globalPerMotor,2,224,3536.9,0.2,1,0.2,6596.83333333333
811,globalPerMotor,2,224,3901.8,0.2,0,0,3901.8
811,globalPerMotor,2,224,3901.8,0.2,1,0.2,6596.83333333333
812,globalPerMotor,2,224,4266.7,0.2,0,0,4266.7
812,globalPerMotor,2,224,4266.7,0.2,1,0.2,6596.83333333333
813,globalPerMotor,2,224,4631.6,0.2,0,0,4631.6
813,globalPerMotor,2,224,4631.6,0.2,1,0.2,6596.83333333333
814,globalPerMotor,2,224,4996.5,0.2,0,0,4996.5
814,globalPerMotor,2,224,4996.5,0.2,1,0.2,6596.83333333333
815,globalPerMotor,2,224,5361.4,0.2,0,0,5361.4
815,globalPerMotor,2,224,5361.4,0.2,1,0.2,6596.83333333333
816,globalPerMotor,2,224,5726.3,0.2,0,0,5726.3
816,globalPerMotor,2,224,5726.3,0.2,1,0.2,6596.83333333333
817,globalPerMotor,2,224,6091.2,0.2,0,0,6091.2
817,globalPerMotor,2,224,6091.2,0.2,1,0.2,6596.83333333333
818,globalPerMotor,2,224,6456.1,0.2,0,0,6456.1
818,globalPerMotor,2,224,6456.1,0.2,1,0.2,6596.83333333333
819,globalPerMotor,2,224,6821,0.2,0,0,6821
819,globalPerMotor,2,224,6821,0.2,1,0.2,6821
841,globalPerMotor,2,255,-477,0.2,0,0,-477
841,globalPerMotor,2,255,-477,0.2,1,0.2,6665.16666666667
842,globalPerMotor,2,255,-112.1,0.2,0,0,-112.1
842,globalPerMotor,2,255,-112.1,0.2,1,0.2,6665.16666666667
843,globalPerMotor,2,255,252.8,0.2,0,0,252.8
843,globalPerMotor,2,255,252.8,0.2,1,0.2,6665.16666666667
844,globalPerMotor,2,255,617.7,0.2,0,0,617.7
844,globalPerMotor,2,255,617.7,0.2,1,0.2,6665.16666666667
845,globalPerMotor,2,255,982.6,0.2,0,0,982.6
845,globalPerMotor,2,255,982.6,0.2,1,0.2,6665.16666666667
846,globalPerMotor,2,255,1347.5,0.2,0,0,1347.5
846,globalPerMotor,2,255,1347.5,0.2,1,0.2,6665.16666666667
847,globalPerMotor,2,255,1712.4,0.2,0,0,1712.4
847,globalPerMotor,2,255,1712.4,0.2,1,0.2,6665.16666666667
848,globalPerMotor,2,255,2077.3,0.2,0,0,2077.3
848,globalPerMotor,2,255,2077.3,0.2,1,0.2,6665.16666666667
849,globalPerMotor,2,255,2442.2,0.2,0,0,2442.2
849,globalPerMotor,2,255,2442.2,0.2,1,0.2,6665.16666666667
850,globalPerMotor,2,255,2807.1,0.2,0,0,2807.1
850,globalPerMotor,2,255,2807.1,0.2,1,0.2,6665.16666666667
851,globalPerMotor,2,255,3172,0.2,0,0,3172
851,globalPerMotor,2,255,3172,0.2,1,0.2,6665.16666666667
852,globalPerMotor,2,255,3536.9,0.2,0,0,3536.9
852,globalPerMotor,2,255,3536.9,0.2,1,0.2,6665.16666666667
853,globalPerMotor,2,255,3901.8,0.2,0,0,3901.8
853,globalPerMotor,2,255,3901.8,0.2,1,0.2,6665.16666666667
854,globalPerMotor,2,255,4266.7,0.2,0,0,4266.7
854,globalPerMotor,2,255,4266.7,0.2,1,0.2,6665.16666666667
855,globalPerMotor,2,255,4631.6,0.2,0,0,4631.6
855,globalPerMotor,2,255,4631.6,0.2,1,0.2,6665.16666666667
856,globalPerMotor,2,255,4996.5,0.2,0,0,4996.5
856,globalPerMotor,2,255,4996.5,0.2,1,0.2,6665.16666666667
857,globalPerMotor,2,255,5361.4,0.2,0,0,5361.4
857,globalPerMotor,2,255,5361.4,0.2,1,0.2,6665.16666666667
858,globalPerMotor,2,255,5726.3,0.2,0,0,5726.3
858,globalPerMotor,2,255,5726.3,0.2,1,0.2,6665.16666666667
859,globalPerMotor,2,255,6091.2,0.2,0,0,6091.2
859,globalPerMotor,2,255,6091.2,0.2,1,0.2,6665.16666666667
860,globalPerMotor,2,255,6456.1,0.2,0,0,6456.1
860,globalPerMotor,2,255,6456.1,0.2,1,0.2,6665.16666666667
861,globalPerMotor,2,255,6821,0.2,0,0,6821
861,globalPerMotor,2,255,6821,0.2,1,0.2,6821
883,globalPerMotor,2,-64,-477,0.2,0,0,-477
883,globalPerMotor,2,-64,-477,0.2,1,0.2,-477
884,globalPerMotor,2,-64,-112.1,0.2,0,0,-112.1
884,globalPerMotor,2,-64,-112.1,0.2,1,0.2,-112.1
885,globalPerMotor,2,-64,252.8,0.2,0,0,252.8
885,globalPerMotor,2,-64,252.8,0.2,1,0.2,-15
886,globalPerMotor,2,-64,617.7,0.2,0,0,617.7
886,globalPerMotor,2,-64,617.7,0.2,1,0.2,10.3333333333333
887,globalPerMotor,2,-64,982.6,0.2,0,0,982.6
887,globalPerMotor,2,-64,982.6,0.2,1,0.2,128.333333333333
888,globalPerMotor,2,-64,1347.5,0.2,0,0,1347.5
888,globalPerMotor,2,-64,1347.5,0.2,1,0.2,267
889,globalPerMotor,2,-64,1712.4,0.2,0,0,1712.4
889,globalPerMotor,2,-64,1712.4,0.2,1,0.2,445.666666666667
890,globalPerMotor,2,-64,2077.3,0.2,0,0,2077.3
890,globalPerMotor,2,-64,2077.3,0.2,1,0.2,833.333333333333
891,globalPerMotor,2,-64,2442.2,0.2,0,0,2442.2
891,globalPerMotor,2,-64,2442.2,0.2,1,0.2,1110.33333333333
892,globalPerMotor,2,-64,2807.1,0.2,0,0,2807.1
892,globalPerMotor,2,-64,2807.1,0.2,1,0.2,1353
893,globalPerMotor,2,-64,3172,0.2,0,0,3172
893,globalPerMotor,2,-64,3172,0.2,1,0.2,1603.33333333333
894,globalPerMotor,2,-64,3536.9,0.2,0,0,3536.9
894,globalPerMotor,2,-64,3536.9,0.2,1,0.2,1858.33333333333
895,globalPerMotor,2,-64,3901.8,0.2,0,0,3901.8
895,globalPerMotor,2,-64,3901.8,0.2,1,0.2,2117.33333333333
896,globalPerMotor,2,-64,4266.7,0.2,0,0,4266.7
896,globalPerMotor,2,-64,4266.7,0.2,1,0.2,2410
897,globalPerMotor,2,-64,4631.6,0.2,0,0,4631.6
897,globalPerMotor,2,-64,4631.6,0.2,1,0.2,2410
898,globalPerMotor,2,-64,4996.5,0.2,0,0,4996.5
898,globalPerMotor,2,-64,4996.5,0.2,1,0.2,2410
899,globalPerMotor,2,-64,5361.4,0.2,0,0,5361.4
899,globalPerMotor,2,-64,5361.4,0.2,1,0.2,2410
900,globalPerMotor,2,-64,5726.3,0.2,0,0,5726.3
900,globalPerMotor,2,-64,5726.3,0.2,1,0.2,2410
901,globalPerMotor,2,-64,6091.2,0.2,0,0,6091.2
901,globalPerMotor,2,-64,6091.2,0.2,1,0.2,2410
902,globalPerMotor,2,-64,6456.1,0.2,0,0,6456.1
902,globalPerMotor,2,-64,6456.1,0.2,1,0.2,2410
903,globalPerMotor,2,-64,6821,0.2,0,0,6821
903,globalPerMotor,2,-64,6821,0.2,1,0.2,2410
925,globalPerMotor,2,-96,-477,0.2,0,0,-477
925,globalPerMotor,2,-96,-477,0.2,1,0.2,-477
926,globalPerMotor,2,-96,-112.1,0.2,0,0,-112.1
926,globalPerMotor,2,-96,-112.1,0.2,1,0.2,-123.5
927,globalPerMotor,2,-96,252.8,0.2,0,0,252.8
927,globalPerMotor,2,-96,252.8,0.2,1,0.2,-123.5
928,globalPerMotor,2,-96,617.7,0.2,0,0,617.7
928,globalPerMotor,2,-96,617.7,0.2,1,0.2,-123.5
929,globalPerMotor,2,-96,982.6,0.2,0,0,982.6
929,globalPerMotor,2,-96,982.6,0.2,1,0.2,-123.5
930,globalPerMotor,2,-96,1347.5,0.2,0,0,1347.5
930,globalPerMotor,2,-96,1347.5,0.2,1,0.2,-123.5
931,globalPerMotor,2,-96,1712.4,0.2,0,0,1712.4
931,globalPerMotor,2,-96,1712.4,0.2,1,0.2,-123.5
932,globalPerMotor,2,-96,2077.3,0.2,0,0,2077.3
932,globalPerMotor,2,-96,2077.3,0.2,1,0.2,-123.5
933,globalPerMotor,2,-96,2442.2,0.2,0,0,2442.2
933,globalPerMotor,2,-96,2442.2,0.2,1,0.2,-123.5
934,globalPerMotor,2,-96,2807.1,0.2,0,0,2807.1
934,globalPerMotor,2,-96,2807.1,0.2,1,0.2,-123.5
935,globalPerMotor,2,-96,3172,0.2,0,0,3172
935,globalPerMotor,2,-96,3172,0.2,1,0.2,-123.5
936,globalPerMotor,2,-96,3536.9,0.2,0,0,3536.9
936,globalPerMotor,2,-96,3536.9,0.2,1,0.2,-123.5
937,globalPerMotor,2,-96,3901.8,0.2,0,0,3901.8
937,globalPerMotor,2,-96,3901.8,0.2,1,0.2,-123.5
938,globalPerMotor,2,-96,4266.7,0.2,0,0,4266.7
938,globalPerMotor,2,-96,4266.7,0.2,1,0.2,-123.5
939,globalPerMotor,2,-96,4631.6,0.2,0,0,4631.6
939,globalPerMotor,2,-96,4631.6,0.2,1,0.2,-64.5
940,globalPerMotor,2,-96,4996.5,0.2,0,0,4996.5
940,globalPerMotor,2,-96,4996.5,0.2,1,0.2,72.5
941,globalPerMotor,2,-96,5361.4,0.2,0,0,5361.4
941,globalPerMotor,2,-96,5361.4,0.2,1,0.2,309
942,globalPerMotor,2,-96,5726.3,0.2,0,0,5726.3
942,globalPerMotor,2,-96,5726.3,0.2,1,0.2,459.5
943,globalPerMotor,2,-96,6091.2,0.2,0,0,6091.2
943,globalPerMotor,2,-96,6091.2,0.2,1,0.2,459.5
944,globalPerMotor,2,-96,6456.1,0.2,0,0,6456.1
944,globalPerMotor,2,-96,6456.1,0.2,1,0.2,459.5
945,globalPerMotor,2,-96,6821,0.2,0,0,6821
945,globalPerMotor,2,-96,6821,0.2,1,0.2,459.5
967,globalPerMotor,2,-128,-477,0.2,0,0,-477
967,globalPerMotor,2,-128,-477,0.2,1,0.2,-477
968,globalPerMotor,2,-128,-112.1,0.2,0,0,-112.1
968,globalPerMotor,2,-128,-112.1,0.2,1,0.2,-223.5
969,globalPerMotor,2,-128,252.8,0.2,0,0,252.8
969,globalPerMotor,2,-128,252.8,0.2,1,0.2,-223.5
970,globalPerMotor,2,-128,617.7,0.2,0,0,617.7
970,globalPerMotor,2,-128,617.7,0.2,1,0.2,-223.5
971,globalPerMotor,2,-128,982.6,0.2,0,0,982.6
971,globalPerMotor,2,-128,982.6,0.2,1,0.2,-223.5
972,globalPerMotor,2,-128,1347.5,0.2,0,0,1347.5
972,globalPerMotor,2,-128,1347.5,0.2,1,0.2,-223.5
973,globalPerMotor,2,-128,1712.4,0.2,0,0,1712.4
973,globalPerMotor,2,-128,1712.4,0.2,1,0.2,-223.5
974,globalPerMotor,2,-128,2077.3,0.2,0,0,2077.3
974,globalPerMotor,2,-128,2077.3,0.2,1,0.2,-223.5
975,globalPerMotor,2,-128,2442.2,0.2,0,0,2442.2
975,globalPerMotor,2,-128,2442.2,0.2,1,0.2,-223.5
976,globalPerMotor,2,-128,2807.1,0.2,0,0,2807.1
976,globalPerMotor,2,-128,2807.1,0.2,1,0.2,-223.5
977,globalPerMotor,2,-128,3172,0.2,0,0,3172
977,globalPerMotor,2,-128,3172,0.2,1,0.2,-223.5
978,globalPerMotor,2,-128,3536.9,0.2,0,0,3536.9
978,globalPerMotor,2,-128,3536.9,0.2,1,0.2,-223.5
979,globalPerMotor,2,-128,3901.8,0.2,0,0,3901.8
979,globalPerMotor,2,-128,3901.8,0.2,1,0.2,-223.5
980,globalPerMotor,2,-128,4266.7,0.2,0,0,4266.7
980,globalPerMotor,2,-128,4266.7,0.2,1,0.2,-223.5
981,globalPerMotor,2,-128,4631.6,0.2,0,0,4631.6
981,globalPerMotor,2,-128,4631.6,0.2,1,0.2,-223.5
982,globalPerMotor,2,-128,4996.5,0.2,0,0,4996.5
982,globalPerMotor,2,-128,4996.5,0.2,1,0.2,-223.5
983,globalPerMotor,2,-128,5361.4,0.2,0,0,5361.4
983,globalPerMotor,2,-128,5361.4,0.2,1,0.2,-223.5
984,globalPerMotor,2,-128,5726.3,0.2,0,0,5726.3
984,globalPerMotor,2,-128,5726.3,0.2,1,0.2,-221.833333333333
985,globalPerMotor,2,-128,6091.2,0.2,0,0,6091.2
985,globalPerMotor,2,-128,6091.2,0.2,1,0.2,-163
986,globalPerMotor,2,-128,6456.1,0.2,0,0,6456.1
986,globalPerMotor,2,-128,6456.1,0.2,1,0.2,-104
987,globalPerMotor,2,-128,6821,0.2,0,0,6821
987,globalPerMotor,2,-128,6821,0.2,1,0.2,-104
1009,globalPerMotor,2,-160,-477,0.2,0,0,-477
1009,globalPerMotor,2,-160,-477,0.2,1,0.2,-477
1010,globalPerMotor,2,-160,-112.1,0.2,0,0,-112.1
1010,globalPerMotor,2,-160,-112.1,0.2,1,0.2,-300.4
1011,globalPerMotor,2,-160,252.8,0.2,0,0,252.8
1011,globalPerMotor,2,-160,252.8,0.2,1,0.2,-300.4
1012,globalPerMotor,2,-160,617.7,0.2,0,0,617.7
1012,globalPerMotor,2,-160,617.7,0.2,1,0.2,-300.4
1013,globalPerMotor,2,-160,982.6,0.2,0,0,982.6
1013,globalPerMotor,2,-160,982.6,0.2,1,0.2,-300.4
1014,globalPerMotor,2,-160,1347.5,0.2,0,0,1347.5
1014,globalPerMotor,2,-160,1347.5,0.2,1,0.2,-300.4
1015,globalPerMotor,2,-160,1712.4,0.2,0,0,1712.4
1015,globalPerMotor,2,-160,1712.4,0.2,1,0.2,-300.4
1016,globalPerMotor,2,-160,2077.3,0.2,0,0,2077.3
1016,globalPerMotor,2,-160,2077.3,0.2,1,0.2,-300.4
1017,globalPerMotor,2,-160,2442.2,0.2,0,0,2442.2
1017,globalPerMotor,2,-160,2442.2,0.2,1,0.2,-300.4
1018,globalPerMotor,2,-160,2807.1,0.2,0,0,2807.1
1018,globalPerMotor,2,-160,2807.1,0.2,1,0.2,-300.4
1019,globalPerMotor,2,-160,3172,0.2,0,0,3172
1019,globalPerMotor,2,-160,3172,0.2,1,0.2,-300.4
1020,globalPerMotor,2,-160,3536.9,0.2,0,0,3536.9
1020,globalPerMotor,2,-160,3536.9,0.2,1,0.2,-300.4
1021,globalPerMotor,2,-160,3901.8,0.2,0,0,3901.8
1021,globalPerMotor,2,-160,3901.8,0.2,1,0.2,-300.4
1022,globalPerMotor,2,-160,4266.7,0.2,0,0,4266.7
1022,globalPerMotor,2,-160,4266.7,0.2,1,0.2,-300.4
1023,globalPerMotor,2,-160,4631.6,0.2,0,0,4631.6
1023,globalPerMotor,2,-160,4631.6,0.2,1,0.2,-300.4
1024,globalPerMotor,2,-160,4996.5,0.2,0,0,4996.5
1024,globalPerMotor,2,-160,4996.5,0.2,1,0.2,-300.4
1025,globalPerMotor,2,-160,5361.4,0.2,0,0,5361.4
1025,globalPerMotor,2,-160,5361.4,0.2,1,0.2,-300.4
1026,globalPerMotor,2,-160,5726.3,0.2,0,0,5726.3
1026,globalPerMotor,2,-160,5726.3,0.2,1,0.2,-300.4
1027,globalPerMotor,2,-160,6091.2,0.2,0,0,6091.2
1027,globalPerMotor,2,-160,6091.2,0.2,1,0.2,-300.4
1028,globalPerMotor,2,-160,6456.1,0.2,0,0,6456.1
1028,globalPerMotor,2,-160,6456.1,0.2,1,0.2,-300.4
1029,globalPerMotor,2,-160,6821,0.2,0,0,6821
1029,globalPerMotor,2,-160,6821,0.2,1,0.2,-300.4
1051,globalPerMotor,2,-192,-477,0.2,0,0,-477
1051,globalPerMotor,2,-192,-477,0.2,1,0.2,-477
1052,globalPerMotor,2,-192,-112.1,0.2,0,0,-112.1
1052,globalPerMotor,2,-192,-112.1,0.2,1,0.2,-363.75
1053,globalPerMotor,2,-192,252.8,0.2,0,0,252.8
1053,globalPerMotor,2,-192,252.8,0.2,1,0.2,-363.75
1054,globalPerMotor,2,-192,617.7,0.2,0,0,617.7
1054,globalPerMotor,2,-192,617.7,0.2,1,0.2,-363.75
1055,globalPerMotor,2,-192,982.6,0.2,0,0,982.6
1055,globalPerMotor,2,-192,982.6,0.2,1,0.2,-363.75
1056,globalPerMotor,2,-192,1347.5,0.2,0,0,1347.5
1056,globalPerMotor,2,-192,1347.5,0.2,1,0.2,-363.75
1057,globalPerMotor,2,-192,1712.4,0.2,0,0,1712.4
1057,globalPerMotor,2,-192,1712.4,0.2,1,0.2,-363.75
1058,globalPerMotor,2,-192,2077.3,0.2,0,0,2077.3
1058,globalPerMotor,2,-192,2077.3,0.2,1,0.2,-363.75
1059,globalPerMotor,2,-192,2442.2,0.2,0,0,2442.2
1059,globalPerMotor,2,-192,2442.2,0.2,1,0.2,-363.75
1060,globalPerMotor,2,-192,2807.1,0.2,0,0,2807.1
1060,globalPerMotor,2,-192,2807.1,0.2,1,0.2,-363.75
1061,globalPerMotor,2,-192,3172,0.2,0,0,3172
1061,globalPerMotor,2,-192,3172,0.2,1,0.2,-363.75
1062,globalPerMotor,2,-192,3536.9,0.2,0,0,3536.9
1062,globalPerMotor,2,-192,3536.9,0.2,1,0.2,-363.75
1063,globalPerMotor,2,-192,3901.8,0.2,0,0,3901.8
1063,globalPerMotor,2,-192,3901.8,0.2,1,0.2,-363.75
1064,globalPerMotor,2,-192,4266.7,0.2,0,0,4266.7
1064,globalPerMotor,2,-192,4266.7,0.2,1,0.2,-363.75
1065,globalPerMotor,2,-192,4631.6,0.2,0,0,4631.6
1065,globalPerMotor,2,-192,4631.6,0.2,1,0.2,-363.75
1066,globalPerMotor,2,-192,4996.5,0.2,0,0,4996.5
1066,globalPerMotor,2,-192,4996.5,0.2,1,0.2,-363.75
1067,globalPerMotor,2,-192,5361.4,0.2,0,0,5361.4
1067,globalPerMotor,2,-192,5361.4,0.2,1,0.2,-363.75
1068,globalPerMotor,2,-192,5726.3,0.2,0,0,5726.3
1068,globalPerMotor,2,-192,5726.3,0.2,1,0.2,-363.75
1069,globalPerMotor,2,-192,6091.2,0.2,0,0,6091.2
1069,globalPerMotor,2,-192,6091.2,0.2,1,0.2,-363.75
1070,globalPerMotor,2,-192,6456.1,0.2,0,0,6456.1
1070,globalPerMotor,2,-192,6456.1,0.2,1,0.2,-363.75
1071,globalPerMotor,2,-192,6821,0.2,0,0,6821
1071,globalPerMotor,2,-192,6821,0.2,1,0.2,-363.75
1093,globalPerMotor,2,-224,-477,0.2,0,0,-477
1093,globalPerMotor,2,-224,-477,0.2,1,0.2,-477
1094,globalPerMotor,2,-224,-112.1,0.2,0,0,-112.1
1094,globalPerMotor,2,-224,-112.1,0.2,1,0.2,-394
1095,globalPerMotor,2,-224,252.8,0.2,0,0,252.8
1095,globalPerMotor,2,-224,252.8,0.2,1,0.2,-394
1096,globalPerMotor,2,-224,617.7,0.2,0,0,617.7
1096,globalPerMotor,2,-224,617.7,0.2,1,0.2,-394
1097,globalPerMotor,2,-224,982.6,0.2,0,0,982.6
1097,globalPerMotor,2,-224,982.6,0.2,1,0.2,-394
1098,globalPerMotor,2,-224,1347.5,0.2,0,0,1347.5
1098,globalPerMotor,2,-224,1347.5,0.2,1,0.2,-394
1099,globalPerMotor,2,-224,1712.4,0.2,0,0,1712.4
1099,globalPerMotor,2,-224,1712.4,0.2,1,0.2,-394
1100,globalPerMotor,2,-224,2077.3,0.2,0,0,2077.3
1100,globalPerMotor,2,-224,2077.3,0.2,1,0.2,-394
1101,globalPerMotor,2,-224,2442.2,0.2,0,0,2442.2
1101,globalPerMotor,2,-224,2442.2,0.2,1,0.2,-394
1102,globalPerMotor,2,-224,2807.1,0.2,0,0,2807.1
1102,globalPerMotor,2,-224,2807.1,0.2,1,0.2,-394
1103,globalPerMotor,2,-224,3172,0.2,0,0,3172
1103,globalPerMotor,2,-224,3172,0.2,1,0.2,-394
1104,globalPerMotor,2,-224,3536.9,0.2,0,0,3536.9
1104,globalPerMotor,2,-224,3536.9,0.2,1,0.2,-394
1105,globalPerMotor,2,-224,3901.8,0.2,0,0,3901.8
1105,globalPerMotor,2,-224,3901.8,0.2,1,0.2,-394
1106,globalPerMotor,2,-224,4266.7,0.2,0,0,4266.7
1106,globalPerMotor,2,-224,4266.7,0.2,1,0.2,-394
1107,globalPerMotor,2,-224,4631.6,0.2,0,0,4631.6
1107,globalPerMotor,2,-224,4631.6,0.2,1,0.2,-394
1108,globalPerMotor,2,-224,4996.5,0.2,0,0,4996.5
1108,globalPerMotor,2,-224,4996.5,0.2,1,0.2,-394
1109,globalPerMotor,2,-224,5361.4,0.2,0,0,5361.4
1109,globalPerMotor,2,-224,5361.4,0.2,1,0.2,-394
1110,globalPerMotor,2,-224,5726.3,0.2,0,0,5726.3
1110,globalPerMotor,2,-224,5726.3,0.2,1,0.2,-394
1111,globalPerMotor,2,-224,6091.2,0.2,0,0,6091.2
1111,globalPerMotor,2,-224,6091.2,0.2,1,0.2,-394
1112,globalPerMotor,2,-224,6456.1,0.2,0,0,6456.1
1112,globalPerMotor,2,-224,6456.1,0.2,1,0.2,-394
1113,globalPerMotor,2,-224,6821,0.2,0,0,6821
1113,globalPerMotor,2,-224,6821,0.2,1,0.2,-394
1135,globalPerMotor,2,-255,-477,0.2,0,0,-477
1135,globalPerMotor,2,-255,-477,0.2,1,0.2,-477
1136,globalPerMotor,2,-255,-112.1,0.2,0,0,-112.1
1136,globalPerMotor,2,-255,-112.1,0.2,1,0.2,-437.333333333333
1137,globalPerMotor,2,-255,252.8,0.2,0,0,252.8
1137,globalPerMotor,2,-255,252.8,0.2,1,0.2,-437.333333333333
1138,globalPerMotor,2,-255,617.7,0.2,0,0,617.7
1138,globalPerMotor,2,-255,617.7,0.2,1,0.2,-437.333333333333
1139,globalPerMotor,2,-255,982.6,0.2,0,0,982.6
1139,globalPerMotor,2,-255,982.6,0.2,1,0.2,-437.333333333333
1140,globalPerMotor,2,-255,1347.5,0.2,0,0,1347.5
1140,globalPerMotor,2,-255,1347.5,0.2,1,0.2,-437.333333333333
1141,globalPerMotor,2,-255,1712.4,0.2,0,0,1712.4
1141,globalPerMotor,2,-255,1712.4,0.2,1,0.2,-437.333333333333
1142,globalPerMotor,2,-255,2077.3,0.2,0,0,2077.3
1142,globalPerMotor,2,-255,2077.3,0.2,1,0.2,-437.333333333333
1143,globalPerMotor,2,-255,2442.2,0.2,0,0,2442.2
1143,globalPerMotor,2,-255,2442.2,0.2,1,0.2,-437.333333333333
1144,globalPerMotor,2,-255,2807.1,0.2,0,0,2807.1
1144,globalPerMotor,2,-255,2807.1,0.2,1,0.2,-437.333333333333
1145,globalPerMotor,2,-255,3172,0.2,0,0,3172
1145,globalPerMotor,2,-255,3172,0.2,1,0.2,-437.333333333333
1146,globalPerMotor,2,-255,3536.9,0.2,0,0,3536.9
1146,globalPerMotor,2,-255,3536.9,0.2,1,0.2,-437.333333333333
1147,globalPerMotor,2,-255,3901.8,0.2,0,0,3901.8
1147,globalPerMotor,2,-255,3901.8,0.2,1,0.2,-437.333333333333
1148,globalPerMotor,2,-255,4266.7,0.2,0,0,4266.7
1148,globalPerMotor,2,-255,4266.7,0.2,1,0.2,-437.333333333333
1149,globalPerMotor,2,-255,4631.6,0.2,0,0,4631.6
1149,globalPerMotor,2,-255,4631.6,0.2,1,0.2,-437.333333333333
1150,globalPerMotor,2,-255,4996.5,0.2,0,0,4996.5
1150,globalPerMotor,2,-255,4996.5,0.2,1,0.2,-437.333333333333
1151,globalPerMotor,2,-255,5361.4,0.2,0,0,5361.4
1151,globalPerMotor,2,-255,5361.4,0.2,1,0.2,-437.333333333333
1152,globalPerMotor,2,-255,5726.3,0.2,0,0,5726.3
1152,globalPerMotor,2,-255,5726.3,0.2,1,0.2,-437.333333333333
1153,globalPerMotor,2,-255,6091.2,0.2,0,0,6091.2
1153,globalPerMotor,2,-255,6091.2,0.2,1,0.2,-437.333333333333
1154,globalPerMotor,2,-255,6456.1,0.2,0,0,6456.1
1154,globalPerMotor,2,-255,6456.1,0.2,1,0.2,-437.333333333333
1155,globalPerMotor,2,-255,6821,0.2,0,0,6821
1155,globalPerMotor,2,-255,6821,0.2,1,0.2,-437.333333333333
1177,globalPerMotor,3,64,-910,0.2,0,0,-910
1177,globalPerMotor,3,64,-910,0.2,1,0.2,3181.66666666667
1178,globalPerMotor,3,64,-468.9,0.2,0,0,-468.9
1178,globalPerMotor,3,64,-468.9,0.2,1,0.2,3181.66666666667
1179,globalPerMotor,3,64,-27.8,0.2,0,0,-27.8
1179,globalPerMotor,3,64,-27.8,0.2,1,0.2,3181.66666666667
1180,globalPerMotor,3,64,413.3,0.2,0,0,413.3
1180,globalPerMotor,3,64,413.3,0.2,1,0.2,3631.33333333333
1181,globalPerMotor,3,64,854.4,0.2,0,0,854.4
1181,globalPerMotor,3,64,854.4,0.2,1,0.2,3832
1182,globalPerMotor,3,64,1295.5,0.2,0,0,1295.5
1182,globalPerMotor,3,64,1295.5,0.2,1,0.2,3972
1183,globalPerMotor,3,64,1736.6,0.2,0,0,1736.6
1183,globalPerMotor,3,64,1736.6,0.2,1,0.2,4082
1184,globalPerMotor,3,64,2177.7,0.2,0,0,2177.7
1184,globalPerMotor,3,64,2177.7,0.2,1,0.2,4142
1185,globalPerMotor,3,64,2618.8,0.2,0,0,2618.8
1185,globalPerMotor,3,64,2618.8,0.2,1,0.2,4156.66666666667
1186,globalPerMotor,3,64,3059.9,0.2,0,0,3059.9
1186,globalPerMotor,3,64,3059.9,0.2,1,0.2,4157.66666666667
1187,globalPerMotor,3,64,3501,0.2,0,0,3501
1187,globalPerMotor,3,64,3501,0.2,1,0.2,4160.33333333333
1188,globalPerMotor,3,64,3942.1,0.2,0,0,3942.1
1188,globalPerMotor,3,64,3942.1,0.2,1,0.2,4181.33333333333
1189,globalPerMotor,3,64,4383.2,0.2,0,0,4383.2
1189,globalPerMotor,3,64,4383.2,0.2,1,0.2,4524.33333333333
1190,globalPerMotor,3,64,4824.3,0.2,0,0,4824.3
1190,globalPerMotor,3,64,4824.3,0.2,1,0.2,4824.3
1191,globalPerMotor,3,64,5265.4,0.2,0,0,5265.4
1191,globalPerMotor,3,64,5265.4,0.2,1,0.2,5265.4
1192,globalPerMotor,3,64,5706.5,0.2,0,0,5706.5
1192,globalPerMotor,3,64,5706.5,0.2,1,0.2,5706.5
1193,globalPerMotor,3,64,6147.6,0.2,0,0,6147.6
1193,globalPerMotor,3,64,6147.6,0.2,1,0.2,6147.6
1194,globalPerMotor,3,64,6588.7,0.2,0,0,6588.7
1194,globalPerMotor,3,64,6588.7,0.2,1,0.2,6588.7
1195,globalPerMotor,3,64,7029.8,0.2,0,0,7029.8
1195,globalPerMotor,3,64,7029.8,0.2,1,0.2,7029.8
1196,globalPerMotor,3,64,7470.9,0.2,0,0,7470.9
1196,globalPerMotor,3,64,7470.9,0.2,1,0.2,7470.9
1197,globalPerMotor,3,64,7912,0.2,0,0,7912
1197,globalPerMotor,3,64,7912,0.2,1,0.2,7912
1219,globalPerMotor,3,96,-910,0.2,0,0,-910
1219,globalPerMotor,3,96,-910,0.2,1,0.2,3427.75
1220,globalPerMotor,3,96,-468.9,0.2,0,0,-468.9
1220,globalPerMotor,3,96,-468.9,0.2,1,0.2,3427.75
1221,globalPerMotor,3,96,-27.8,0.2,0,0,-27.8
1221,globalPerMotor,3,96,-27.8,0.2,1,0.2,3427.75
1222,globalPerMotor,3,96,413.3,0.2,0,0,413.3
1222,globalPerMotor,3,96,413.3,0.2,1,0.2,3494.5
1223,globalPerMotor,3,96,854.4,0.2,0,0,854.4
1223,globalPerMotor,3,96,854.4,0.2,1,0.2,3519
1224,globalPerMotor,3,96,1295.5,0.2,0,0,1295.5
1224,globalPerMotor,3,96,1295.5,0.2,1,0.2,3541.5
1225,globalPerMotor,3,96,1736.6,0.2,0,0,1736.6
1225,globalPerMotor,3,96,1736.6,0.2,1,0.2,3569
1226,globalPerMotor,3,96,2177.7,0.2,0,0,2177.7
1226,globalPerMotor,3,96,2177.7,0.2,1,0.2,3618.75
1227,globalPerMotor,3,96,2618.8,0.2,0,0,2618.8
1227,globalPerMotor,3,96,2618.8,0.2,1,0.2,3671.5
1228,globalPerMotor,3,96,3059.9,0.2,0,0,3059.9
1228,globalPerMotor,3,96,3059.9,0.2,1,0.2,3706
1229,globalPerMotor,3,96,3501,0.2,0,0,3501
1229,globalPerMotor,3,96,3501,0.2,1,0.2,3726.5
1230,globalPerMotor,3,96,3942.1,0.2,0,0,3942.1
1230,globalPerMotor,3,96,3942.1,0.2,1,0.2,4515
1231,globalPerMotor,3,96,4383.2,0.2,0,0,4383.2
1231,globalPerMotor,3,96,4383.2,0.2,1,0.2,4890.5
1232,globalPerMotor,3,96,4824.3,0.2,0,0,4824.3
1232,globalPerMotor,3,96,4824.3,0.2,1,0.2,4944.5
1233,globalPerMotor,3,96,5265.4,0.2,0,0,5265.4
1233,globalPerMotor,3,96,5265.4,0.2,1,0.2,5265.4
1234,globalPerMotor,3,96,5706.5,0.2,0,0,5706.5
1234,globalPerMotor,3,96,5706.5,0.2,1,0.2,5706.5
1235,globalPerMotor,3,96,6147.6,0.2,0,0,6147.6
1235,globalPerMotor,3,96,6147.6,0.2,1,0.2,6147.6
1236,globalPerMotor,3,96,6588.7,0.2,0,0,6588.7
1236,globalPerMotor,3,96,6588.7,0.2,1,0.2,6588.7
1237,globalPerMotor,3,96,7029.8,0.2,0,0,7029.8
1237,globalPerMotor,3,96,7029.8,0.2,1,0.2,7029.8
1238,globalPerMotor,3,96,7470.9,0.2,0,0,7470.9
1238,globalPerMotor,3,96,7470.9,0.2,1,0.2,7470.9
1239,globalPerMotor,3,96,7912,0.2,0,0,7912
1239,globalPerMotor,3,96,7912,0.2,1,0.2,7912
1261,globalPerMotor,3,128,-910,0.2,0,0,-910
1261,globalPerMotor,3,128,-910,0.2,1,0.2,6414.83333333333
1262,globalPerMotor,3,128,-468.9,0.2,0,0,-468.9
1262,globalPerMotor,3,128,-468.9,0.2,1,0.2,6414.83333333333
1263,globalPerMotor,3,128,-27.8,0.2,0,0,-27.8
1263,globalPerMotor,3,128,-27.8,0.2,1,0.2,6414.83333333333
1264,globalPerMotor,3,128,413.3,0.2,0,0,413.3
1264,globalPerMotor,3,128,413.3,0.2,1,0.2,6837.83333333333
1265,globalPerMotor,3,128,854.4,0.2,0,0,854.4
1265,globalPerMotor,3,128,854.4,0.2,1,0.2,6971.16666666667
1266,globalPerMotor,3,128,1295.5,0.2,0,0,1295.5
1266,globalPerMotor,3,128,1295.5,0.2,1,0.2,7062.5
1267,globalPerMotor,3,128,1736.6,0.2,0,0,1736.6
1267,globalPerMotor,3,128,1736.6,0.2,1,0.2,7139.83333333333
1268,globalPerMotor,3,128,2177.7,0.2,0,0,2177.7
1268,globalPerMotor,3,128,2177.7,0.2,1,0.2,7199.33333333333
1269,globalPerMotor,3,128,2618.8,0.2,0,0,2618.8
1269,globalPerMotor,3,128,2618.8,0.2,1,0.2,7221.83333333333
1270,globalPerMotor,3,128,3059.9,0.2,0,0,3059.9
1270,globalPerMotor,3,128,3059.9,0.2,1,0.2,7240.16666666667
1271,globalPerMotor,3,128,3501,0.2,0,0,3501
1271,globalPerMotor,3,128,3501,0.2,1,0.2,7258
1272,globalPerMotor,3,128,3942.1,0.2,0,0,3942.1
1272,globalPerMotor,3,128,3942.1,0.2,1,0.2,7274.33333333333
1273,globalPerMotor,3,128,4383.2,0.2,0,0,4383.2
1273,globalPerMotor,3,128,4383.2,0.2,1,0.2,7296.33333333333
1274,globalPerMotor,3,128,4824.3,0.2,0,0,4824.3
1274,globalPerMotor,3,128,4824.3,0.2,1,0.2,7318.16666666667
1275,globalPerMotor,3,128,5265.4,0.2,0,0,5265.4
1275,globalPerMotor,3,128,5265.4,0.2,1,0.2,7320.83333333333
1276,globalPerMotor,3,128,5706.5,0.2,0,0,5706.5
1276,globalPerMotor,3,128,5706.5,0.2,1,0.2,7321.5
1277,globalPerMotor,3,128,6147.6,0.2,0,0,6147.6
1277,globalPerMotor,3,128,6147.6,0.2,1,0.2,7322.83333333333
1278,globalPerMotor,3,128,6588.7,0.2,0,0,6588.7
1278,globalPerMotor,3,128,6588.7,0.2,1,0.2,7329
1279,globalPerMotor,3,128,7029.8,0.2,0,0,7029.8
1279,globalPerMotor,3,128,7029.8,0.2,1,0.2,7334.5
1280,globalPerMotor,3,128,7470.9,0.2,0,0,7470.9
1280,globalPerMotor,3,128,7470.9,0.2,1,0.2,7470.9
1281,globalPerMotor,3,128,7912,0.2,0,0,7912
1281,globalPerMotor,3,128,7912,0.2,1,0.2,7912
1303,globalPerMotor,3,160,-910,0.2,0,0,-910
1303,globalPerMotor,3,160,-910,0.2,1,0.2,7464.4
1304,globalPerMotor,3,160,-468.9,0.2,0,0,-468.9
1304,globalPerMotor,3,160,-468.9,0.2,1,0.2,7464.4
1305,globalPerMotor,3,160,-27.8,0.2,0,0,-27.8
1305,globalPerMotor,3,160,-27.8,0.2,1,0.2,7464.4
1306,globalPerMotor,3,160,413.3,0.2,0,0,413.3
1306,globalPerMotor,3,160,413.3,0.2,1,0.2,7510
1307,globalPerMotor,3,160,854.4,0.2,0,0,854.4
1307,globalPerMotor,3,160,854.4,0.2,1,0.2,7535.8
1308,globalPerMotor,3,160,1295.5,0.2,0,0,1295.5
1308,globalPerMotor,3,160,1295.5,0.2,1,0.2,7556.2
1309,globalPerMotor,3,160,1736.6,0.2,0,0,1736.6
1309,globalPerMotor,3,160,1736.6,0.2,1,0.2,7575
1310,globalPerMotor,3,160,2177.7,0.2,0,0,2177.7
1310,globalPerMotor,3,160,2177.7,0.2,1,0.2,7591.8
1311,globalPerMotor,3,160,2618.8,0.2,0,0,2618.8
1311,globalPerMotor,3,160,2618.8,0.2,1,0.2,7603.8
1312,globalPerMotor,3,160,3059.9,0.2,0,0,3059.9
1312,globalPerMotor,3,160,3059.9,0.2,1,0.2,7612.6
1313,globalPerMotor,3,160,3501,0.2,0,0,3501
1313,globalPerMotor,3,160,3501,0.2,1,0.2,7617.2
1314,globalPerMotor,3,160,3942.1,0.2,0,0,3942.1
1314,globalPerMotor,3,160,3942.1,0.2,1,0.2,7618
1315,globalPerMotor,3,160,4383.2,0.2,0,0,4383.2
1315,globalPerMotor,3,160,4383.2,0.2,1,0.2,7618
1316,globalPerMotor,3,160,4824.3,0.2,0,0,4824.3
1316,globalPerMotor,3,160,4824.3,0.2,1,0.2,7618
1317,globalPerMotor,3,160,5265.4,0.2,0,0,5265.4
1317,globalPerMotor,3,160,5265.4,0.2,1,0.2,7618.2
1318,globalPerMotor,3,160,5706.5,0.2,0,0,5706.5
1318,globalPerMotor,3,160,5706.5,0.2,1,0.2,7621.6
1319,globalPerMotor,3,160,6147.6,0.2,0,0,6147.6
1319,globalPerMotor,3,160,6147.6,0.2,1,0.2,7629.8
1320,globalPerMotor,3,160,6588.7,0.2,0,0,6588.7
1320,globalPerMotor,3,160,6588.7,0.2,1,0.2,7638.8
1321,globalPerMotor,3,160,7029.8,0.2,0,0,7029.8
1321,globalPerMotor,3,160,7029.8,0.2,1,0.2,7642.4
1322,globalPerMotor,3,160,7470.9,0.2,0,0,7470.9
1322,globalPerMotor,3,160,7470.9,0.2,1,0.2,7642.8
1323,globalPerMotor,3,160,7912,0.2,0,0,7912
1323,globalPerMotor,3,160,7912,0.2,1,0.2,7912
1345,globalPerMotor,3,192,-910,0.2,0,0,-910
1345,globalPerMotor,3,192,-910,0.2,1,0.2,7510
1346,globalPerMotor,3,192,-468.9,0.2,0,0,-468.9
1346,globalPerMotor,3,192,-468.9,0.2,1,0.2,7510
1347,globalPerMotor,3,192,-27.8,0.2,0,0,-27.8
1347,globalPerMotor,3,192,-27.8,0.2,1,0.2,7510
1348,globalPerMotor,3,192,413.3,0.2,0,0,413.3
1348,globalPerMotor,3,192,413.3,0.2,1,0.2,7624.66666666667
1349,globalPerMotor,3,192,854.4,0.2,0,0,854.4
1349,globalPerMotor,3,192,854.4,0.2,1,0.2,7647.33333333333
1350,globalPerMotor,3,192,1295.5,0.2,0,0,1295.5
1350,globalPerMotor,3,192,1295.5,0.2,1,0.2,7647
1351,globalPerMotor,3,192,1736.6,0.2,0,0,1736.6
1351,globalPerMotor,3,192,1736.6,0.2,1,0.2,7647
1352,globalPerMotor,3,192,2177.7,0.2,0,0,2177.7
1352,globalPerMotor,3,192,2177.7,0.2,1,0.2,7647
1353,globalPerMotor,3,192,2618.8,0.2,0,0,2618.8
1353,globalPerMotor,3,192,2618.8,0.2,1,0.2,7647
1354,globalPerMotor,3,192,3059.9,0.2,0,0,3059.9
1354,globalPerMotor,3,192,3059.9,0.2,1,0.2,7647
1355,globalPerMotor,3,192,3501,0.2,0,0,3501
1355,globalPerMotor,3,192,3501,0.2,1,0.2,7647
1356,globalPerMotor,3,192,3942.1,0.2,0,0,3942.1
1356,globalPerMotor,3,192,3942.1,0.2,1,0.2,7647
1357,globalPerMotor,3,192,4383.2,0.2,0,0,4383.2
1357,globalPerMotor,3,192,4383.2,0.2,1,0.2,7647
1358,globalPerMotor,3,192,4824.3,0.2,0,0,4824.3
1358,globalPerMotor,3,192,4824.3,0.2,1,0.2,7647
1359,globalPerMotor,3,192,5265.4,0.2,0,0,5265.4
1359,globalPerMotor,3,192,5265.4,0.2,1,0.2,7647
1360,globalPerMotor,3,192,5706.5,0.2,0,0,5706.5
1360,globalPerMotor,3,192,5706.5,0.2,1,0.2,7647
1361,globalPerMotor,3,192,6147.6,0.2,0,0,6147.6
1361,globalPerMotor,3,192,6147.6,0.2,1,0.2,7647
1362,globalPerMotor,3,192,6588.7,0.2,0,0,6588.7
1362,globalPerMotor,3,192,6588.7,0.2,1,0.2,7647
1363,globalPerMotor,3,192,7029.8,0.2,0,0,7029.8
1363,globalPerMotor,3,192,7029.8,0.2,1,0.2,7647
1364,globalPerMotor,3,192,7470.9,0.2,0,0,7470.9
1364,globalPerMotor,3,192,7470.9,0.2,1,0.2,7647
1365,globalPerMotor,3,192,7912,0.2,0,0,7912
1365,globalPerMotor,3,192,7912,0.2,1,0.2,7912
1387,globalPerMotor,3,224,-910,0.2,0,0,-910
1387,globalPerMotor,3,224,-910,0.2,1,0.2,7523.66666666667
1388,globalPerMotor,3,224,-468.9,0.2,0,0,-468.9
1388,globalPerMotor,3,224,-468.9,0.2,1,0.2,7523.66666666667
1389,globalPerMotor,3,224,-27.8,0.2,0,0,-27.8
1389,globalPerMotor,3,224,-27.8,0.2,1,0.2,7523.66666666667
1390,globalPerMotor,3,224,413.3,0.2,0,0,413.3
1390,globalPerMotor,3,224,413.3,0.2,1,0.2,7567.5
1391,globalPerMotor,3,224,854.4,0.2,0,0,854.4
1391,globalPerMotor,3,224,854.4,0.2,1,0.2,7556
1392,globalPerMotor,3,224,1295.5,0.2,0,0,1295.5
1392,globalPerMotor,3,224,1295.5,0.2,1,0.2,7540.83333333333
1393,globalPerMotor,3,224,1736.6,0.2,0,0,1736.6
1393,globalPerMotor,3,224,1736.6,0.2,1,0.2,7527.66666666667
1394,globalPerMotor,3,224,2177.7,0.2,0,0,2177.7
1394,globalPerMotor,3,224,2177.7,0.2,1,0.2,7517.83333333333
1395,globalPerMotor,3,224,2618.8,0.2,0,0,2618.8
1395,globalPerMotor,3,224,2618.8,0.2,1,0.2,7513.83333333333
1396,globalPerMotor,3,224,3059.9,0.2,0,0,3059.9
1396,globalPerMotor,3,224,3059.9,0.2,1,0.2,7513.66666666667
1397,globalPerMotor,3,224,3501,0.2,0,0,3501
1397,globalPerMotor,3,224,3501,0.2,1,0.2,7513.66666666667
1398,globalPerMotor,3,224,3942.1,0.2,0,0,3942.1
1398,globalPerMotor,3,224,3942.1,0.2,1,0.2,7513.66666666667
1399,globalPerMotor,3,224,4383.2,0.2,0,0,4383.2
1399,globalPerMotor,3,224,4383.2,0.2,1,0.2,7513.66666666667
1400,globalPerMotor,3,224,4824.3,0.2,0,0,4824.3
1400,globalPerMotor,3,224,4824.3,0.2,1,0.2,7513.66666666667
1401,globalPerMotor,3,224,5265.4,0.2,0,0,5265.4
1401,globalPerMotor,3,224,5265.4,0.2,1,0.2,7513.66666666667
1402,globalPerMotor,3,224,5706.5,0.2,0,0,5706.5
1402,globalPerMotor,3,224,5706.5,0.2,1,0.2,7513.66666666667
1403,globalPerMotor,3,224,6147.6,0.2,0,0,6147.6
1403,globalPerMotor,3,224,6147.6,0.2,1,0.2,7513.66666666667
1404,globalPerMotor,3,224,6588.7,0.2,0,0,6588.7
1404,globalPerMotor,3,224,6588.7,0.2,1,0.2,7513.66666666667
1405,globalPerMotor,3,224,7029.8,0.2,0,0,7029.8
1405,globalPerMotor,3,224,7029.8,0.2,1,0.2,7513.66666666667
1406,globalPerMotor,3,224,7470.9,0.2,0,0,7470.9
1406,globalPerMotor,3,224,7470.9,0.2,1,0.2,7513.66666666667
1407,globalPerMotor,3,224,7912,0.2,0,0,7912
1407,globalPerMotor,3,224,7912,0.2,1,0.2,7912
1429,globalPerMotor,3,255,-910,0.2,0,0,-910
1429,globalPerMotor,3,255,-910,0.2,1,0.2,7509.66666666667
1430,globalPerMotor,3,255,-468.9,0.2,0,0,-468.9
1430,globalPerMotor,3,255,-468.9,0.2,1,0.2,7509.66666666667
1431,globalPerMotor,3,255,-27.8,0.2,0,0,-27.8
1431,globalPerMotor,3,255,-27.8,0.2,1,0.2,7509.66666666667
1432,globalPerMotor,3,255,413.3,0.2,0,0,413.3
1432,globalPerMotor,3,255,413.3,0.2,1,0.2,7549.83333333333
1433,globalPerMotor,3,255,854.4,0.2,0,0,854.4
1433,globalPerMotor,3,255,854.4,0.2,1,0.2,7569.33333333333
1434,globalPerMotor,3,255,1295.5,0.2,0,0,1295.5
1434,globalPerMotor,3,255,1295.5,0.2,1,0.2,7580
1435,globalPerMotor,3,255,1736.6,0.2,0,0,1736.6
1435,globalPerMotor,3,255,1736.6,0.2,1,0.2,7589
1436,globalPerMotor,3,255,2177.7,0.2,0,0,2177.7
1436,globalPerMotor,3,255,2177.7,0.2,1,0.2,7597.16666666667
1437,globalPerMotor,3,255,2618.8,0.2,0,0,2618.8
1437,globalPerMotor,3,255,2618.8,0.2,1,0.2,7602.5
1438,globalPerMotor,3,255,3059.9,0.2,0,0,3059.9
1438,globalPerMotor,3,255,3059.9,0.2,1,0.2,7602.5
1439,globalPerMotor,3,255,3501,0.2,0,0,3501
1439,globalPerMotor,3,255,3501,0.2,1,0.2,7602.5
1440,globalPerMotor,3,255,3942.1,0.2,0,0,3942.1
1440,globalPerMotor,3,255,3942.1,0.2,1,0.2,7602.5
1441,globalPerMotor,3,255,4383.2,0.2,0,0,4383.2
1441,globalPerMotor,3,255,4383.2,0.2,1,0.2,7602.5
1442,globalPerMotor,3,255,4824.3,0.2,0,0,4824.3
1442,globalPerMotor,3,255,4824.3,0.2,1,0.2,7602.5
1443,globalPerMotor,3,255,5265.4,0.2,0,0,5265.4
1443,globalPerMotor,3,255,5265.4,0.2,1,0.2,7602.5
1444,globalPerMotor,3,255,5706.5,0.2,0,0,5706.5
1444,globalPerMotor,3,255,5706.5,0.2,1,0.2,7602.5
1445,globalPerMotor,3,255,6147.6,0.2,0,0,6147.6
1445,globalPerMotor,3,255,6147.6,0.2,1,0.2,7602.5
1446,globalPerMotor,3,255,6588.7,0.2,0,0,6588.7
1446,globalPerMotor,3,255,6588.7,0.2,1,0.2,7602.5
1447,globalPerMotor,3,255,7029.8,0.2,0,0,7029.8
1447,globalPerMotor,3,255,7029.8,0.2,1,0.2,7602.5
1448,globalPerMotor,3,255,7470.9,0.2,0,0,7470.9
1448,globalPerMotor,3,255,7470.9,0.2,1,0.2,7602.5
1449,globalPerMotor,3,255,7912,0.2,0,0,7912
1449,globalPerMotor,3,255,7912,0.2,1,0.2,7912
1471,globalPerMotor,3,-64,-910,0.2,0,0,-910
1471,globalPerMotor,3,-64,-910,0.2,1,0.2,-910
1472,globalPerMotor,3,-64,-468.9,0.2,0,0,-468.9
1472,globalPerMotor,3,-64,-468.9,0.2,1,0.2,-468.9
1473,globalPerMotor,3,-64,-27.8,0.2,0,0,-27.8
1473,globalPerMotor,3,-64,-27.8,0.2,1,0.2,-27.8
1474,globalPerMotor,3,-64,413.3,0.2,0,0,413.3
1474,globalPerMotor,3,-64,413.3,0.2,1,0.2,-16.3333333333333
1475,globalPerMotor,3,-64,854.4,0.2,0,0,854.4
1475,globalPerMotor,3,-64,854.4,0.2,1,0.2,-15
1476,globalPerMotor,3,-64,1295.5,0.2,0,0,1295.5
1476,globalPerMotor,3,-64,1295.5,0.2,1,0.2,-15
1477,globalPerMotor,3,-64,1736.6,0.2,0,0,1736.6
1477,globalPerMotor,3,-64,1736.6,0.2,1,0.2,-14.3333333333333
1478,globalPerMotor,3,-64,2177.7,0.2,0,0,2177.7
1478,globalPerMotor,3,-64,2177.7,0.2,1,0.2,-14.3333333333333
1479,globalPerMotor,3,-64,2618.8,0.2,0,0,2618.8
1479,globalPerMotor,3,-64,2618.8,0.2,1,0.2,-14.3333333333333
1480,globalPerMotor,3,-64,3059.9,0.2,0,0,3059.9
1480,globalPerMotor,3,-64,3059.9,0.2,1,0.2,-14.3333333333333
1481,globalPerMotor,3,-64,3501,0.2,0,0,3501
1481,globalPerMotor,3,-64,3501,0.2,1,0.2,94.6666666666667
1482,globalPerMotor,3,-64,3942.1,0.2,0,0,3942.1
1482,globalPerMotor,3,-64,3942.1,0.2,1,0.2,377
1483,globalPerMotor,3,-64,4383.2,0.2,0,0,4383.2
1483,globalPerMotor,3,-64,4383.2,0.2,1,0.2,691.666666666667
1484,globalPerMotor,3,-64,4824.3,0.2,0,0,4824.3
1484,globalPerMotor,3,-64,4824.3,0.2,1,0.2,1054.66666666667
1485,globalPerMotor,3,-64,5265.4,0.2,0,0,5265.4
1485,globalPerMotor,3,-64,5265.4,0.2,1,0.2,1541.66666666667
1486,globalPerMotor,3,-64,5706.5,0.2,0,0,5706.5
1486,globalPerMotor,3,-64,5706.5,0.2,1,0.2,1541.66666666667
1487,globalPerMotor,3,-64,6147.6,0.2,0,0,6147.6
1487,globalPerMotor,3,-64,6147.6,0.2,1,0.2,1541.66666666667
1488,globalPerMotor,3,-64,6588.7,0.2,0,0,6588.7
1488,globalPerMotor,3,-64,6588.7,0.2,1,0.2,1541.66666666667
1489,globalPerMotor,3,-64,7029.8,0.2,0,0,7029.8
1489,globalPerMotor,3,-64,7029.8,0.2,1,0.2,1541.66666666667
1490,globalPerMotor,3,-64,7470.9,0.2,0,0,7470.9
1490,globalPerMotor,3,-64,7470.9,0.2,1,0.2,1541.66666666667
1491,globalPerMotor,3,-64,7912,0.2,0,0,7912
1491,globalPerMotor,3,-64,7912,0.2,1,0.2,1541.66666666667
1513,globalPerMotor,3,-96,-910,0.2,0,0,-910
1513,globalPerMotor,3,-96,-910,0.2,1,0.2,-910
1514,globalPerMotor,3,-96,-468.9,0.2,0,0,-468.9
1514,globalPerMotor,3,-96,-468.9,0.2,1,0.2,-468.9
1515,globalPerMotor,3,-96,-27.8,0.2,0,0,-27.8
1515,globalPerMotor,3,-96,-27.8,0.2,1,0.2,-266
1516,globalPerMotor,3,-96,413.3,0.2,0,0,413.3
1516,globalPerMotor,3,-96,413.3,0.2,1,0.2,-266
1517,globalPerMotor,3,-96,854.4,0.2,0,0,854.4
1517,globalPerMotor,3,-96,854.4,0.2,1,0.2,-266
1518,globalPerMotor,3,-96,1295.5,0.2,0,0,1295.5
1518,globalPerMotor,3,-96,1295.5,0.2,1,0.2,-266
1519,globalPerMotor,3,-96,1736.6,0.2,0,0,1736.6
1519,globalPerMotor,3,-96,1736.6,0.2,1,0.2,-266
1520,globalPerMotor,3,-96,2177.7,0.2,0,0,2177.7
1520,globalPerMotor,3,-96,2177.7,0.2,1,0.2,-266
1521,globalPerMotor,3,-96,2618.8,0.2,0,0,2618.8
1521,globalPerMotor,3,-96,2618.8,0.2,1,0.2,-266
1522,globalPerMotor,3,-96,3059.9,0.2,0,0,3059.9
1522,globalPerMotor,3,-96,3059.9,0.2,1,0.2,-266
1523,globalPerMotor,3,-96,3501,0.2,0,0,3501
1523,globalPerMotor,3,-96,3501,0.2,1,0.2,-266
1524,globalPerMotor,3,-96,3942.1,0.2,0,0,3942.1
1524,globalPerMotor,3,-96,3942.1,0.2,1,0.2,-266
1525,globalPerMotor,3,-96,4383.2,0.2,0,0,4383.2
1525,globalPerMotor,3,-96,4383.2,0.2,1,0.2,-266
1526,globalPerMotor,3,-96,4824.3,0.2,0,0,4824.3
1526,globalPerMotor,3,-96,4824.3,0.2,1,0.2,-266
1527,globalPerMotor,3,-96,5265.4,0.2,0,0,5265.4
1527,globalPerMotor,3,-96,5265.4,0.2,1,0.2,-266
1528,globalPerMotor,3,-96,5706.5,0.2,0,0,5706.5
1528,globalPerMotor,3,-96,5706.5,0.2,1,0.2,-264.5
1529,globalPerMotor,3,-96,6147.6,0.2,0,0,6147.6
1529,globalPerMotor,3,-96,6147.6,0.2,1,0.2,-238.25
1530,globalPerMotor,3,-96,6588.7,0.2,0,0,6588.7
1530,globalPerMotor,3,-96,6588.7,0.2,1,0.2,-238.25
1531,globalPerMotor,3,-96,7029.8,0.2,0,0,7029.8
1531,globalPerMotor,3,-96,7029.8,0.2,1,0.2,-238.25
1532,globalPerMotor,3,-96,7470.9,0.2,0,0,7470.9
1532,globalPerMotor,3,-96,7470.9,0.2,1,0.2,-238.25
1533,globalPerMotor,3,-96,7912,0.2,0,0,7912
1533,globalPerMotor,3,-96,7912,0.2,1,0.2,-238.25
1555,globalPerMotor,3,-128,-910,0.2,0,0,-910
1555,globalPerMotor,3,-128,-910,0.2,1,0.2,-910
1556,globalPerMotor,3,-128,-468.9,0.2,0,0,-468.9
1556,globalPerMotor,3,-128,-468.9,0.2,1,0.2,-468.9
1557,globalPerMotor,3,-128,-27.8,0.2,0,0,-27.8
1557,globalPerMotor,3,-128,-27.8,0.2,1,0.2,-453.5
1558,globalPerMotor,3,-128,413.3,0.2,0,0,413.3
1558,globalPerMotor,3,-128,413.3,0.2,1,0.2,-453.5
1559,globalPerMotor,3,-128,854.4,0.2,0,0,854.4
1559,globalPerMotor,3,-128,854.4,0.2,1,0.2,-453.5
1560,globalPerMotor,3,-128,1295.5,0.2,0,0,1295.5
1560,globalPerMotor,3,-128,1295.5,0.2,1,0.2,-453.5
1561,globalPerMotor,3,-128,1736.6,0.2,0,0,1736.6
1561,globalPerMotor,3,-128,1736.6,0.2,1,0.2,-453.5
1562,globalPerMotor,3,-128,2177.7,0.2,0,0,2177.7
1562,globalPerMotor,3,-128,2177.7,0.2,1,0.2,-453.5
1563,globalPerMotor,3,-128,2618.8,0.2,0,0,2618.8
1563,globalPerMotor,3,-128,2618.8,0.2,1,0.2,-453.5
1564,globalPerMotor,3,-128,3059.9,0.2,0,0,3059.9
1564,globalPerMotor,3,-128,3059.9,0.2,1,0.2,-453.5
1565,globalPerMotor,3,-128,3501,0.2,0,0,3501
1565,globalPerMotor,3,-128,3501,0.2,1,0.2,-453.5
1566,globalPerMotor,3,-128,3942.1,0.2,0,0,3942.1
1566,globalPerMotor,3,-128,3942.1,0.2,1,0.2,-453.5
1567,globalPerMotor,3,-128,4383.2,0.2,0,0,4383.2
1567,globalPerMotor,3,-128,4383.2,0.2,1,0.2,-453.5
1568,globalPerMotor,3,-128,4824.3,0.2,0,0,4824.3
1568,globalPerMotor,3,-128,4824.3,0.2,1,0.2,-453.5
1569,globalPerMotor,3,-128,5265.4,0.2,0,0,5265.4
1569,globalPerMotor,3,-128,5265.4,0.2,1,0.2,-453.5
1570,globalPerMotor,3,-128,5706.5,0.2,0,0,5706.5
1570,globalPerMotor,3,-128,5706.5,0.2,1,0.2,-453.5
1571,globalPerMotor,3,-128,6147.6,0.2,0,0,6147.6
1571,globalPerMotor,3,-128,6147.6,0.2,1,0.2,-453.5
1572,globalPerMotor,3,-128,6588.7,0.2,0,0,6588.7
1572,globalPerMotor,3,-128,6588.7,0.2,1,0.2,-442.5
1573,globalPerMotor,3,-128,7029.8,0.2,0,0,7029.8
1573,globalPerMotor,3,-128,7029.8,0.2,1,0.2,-373.666666666667
1574,globalPerMotor,3,-128,7470.9,0.2,0,0,7470.9
1574,globalPerMotor,3,-128,7470.9,0.2,1,0.2,-73.5
1575,globalPerMotor,3,-128,7912,0.2,0,0,7912
1575,globalPerMotor,3,-128,7912,0.2,1,0.2,-73.5
1597,globalPerMotor,3,-160,-910,0.2,0,0,-910
1597,globalPerMotor,3,-160,-910,0.2,1,0.2,-910
1598,globalPerMotor,3,-160,-468.9,0.2,0,0,-468.9
1598,globalPerMotor,3,-160,-468.9,0.2,1,0.2,-468.9
1599,globalPerMotor,3,-160,-27.8,0.2,0,0,-27.8
1599,globalPerMotor,3,-160,-27.8,0.2,1,0.2,-461
1600,globalPerMotor,3,-160,413.3,0.2,0,0,413.3
1600,globalPerMotor,3,-160,413.3,0.2,1,0.2,-461
1601,globalPerMotor,3,-160,854.4,0.2,0,0,854.4
1601,globalPerMotor,3,-160,854.4,0.2,1,0.2,-461
1602,globalPerMotor,3,-160,1295.5,0.2,0,0,1295.5
1602,globalPerMotor,3,-160,1295.5,0.2,1,0.2,-461
1603,globalPerMotor,3,-160,1736.6,0.2,0,0,1736.6
1603,globalPerMotor,3,-160,1736.6,0.2,1,0.2,-461
1604,globalPerMotor,3,-160,2177.7,0.2,0,0,2177.7
1604,globalPerMotor,3,-160,2177.7,0.2,1,0.2,-461
1605,globalPerMotor,3,-160,2618.8,0.2,0,0,2618.8
1605,globalPerMotor,3,-160,2618.8,0.2,1,0.2,-461
1606,globalPerMotor,3,-160,3059.9,0.2,0,0,3059.9
1606,globalPerMotor,3,-160,3059.9,0.2,1,0.2,-461
1607,globalPerMotor,3,-160,3501,0.2,0,0,3501
1607,globalPerMotor,3,-160,3501,0.2,1,0.2,-461
1608,globalPerMotor,3,-160,3942.1,0.2,0,0,3942.1
1608,globalPerMotor,3,-160,3942.1,0.2,1,0.2,-461
1609,globalPerMotor,3,-160,4383.2,0.2,0,0,4383.2
1609,globalPerMotor,3,-160,4383.2,0.2,1,0.2,-461
1610,globalPerMotor,3,-160,4824.3,0.2,0,0,4824.3
1610,globalPerMotor,3,-160,4824.3,0.2,1,0.2,-461
1611,globalPerMotor,3,-160,5265.4,0.2,0,0,5265.4
1611,globalPerMotor,3,-160,5265.4,0.2,1,0.2,-461
1612,globalPerMotor,3,-160,5706.5,0.2,0,0,5706.5
1612,globalPerMotor,3,-160,5706.5,0.2,1,0.2,-461
1613,globalPerMotor,3,-160,6147.6,0.2,0,0,6147.6
1613,globalPerMotor,3,-160,6147.6,0.2,1,0.2,-461
1614,globalPerMotor,3,-160,6588.7,0.2,0,0,6588.7
1614,globalPerMotor,3,-160,6588.7,0.2,1,0.2,-461
1615,globalPerMotor,3,-160,7029.8,0.2,0,0,7029.8
1615,globalPerMotor,3,-160,7029.8,0.2,1,0.2,-461
1616,globalPerMotor,3,-160,7470.9,0.2,0,0,7470.9
1616,globalPerMotor,3,-160,7470.9,0.2,1,0.2,-461
1617,globalPerMotor,3,-160,7912,0.2,0,0,7912
1617,globalPerMotor,3,-160,7912,0.2,1,0.2,-453.2
1639,globalPerMotor,3,-192,-910,0.2,0,0,-910
1639,globalPerMotor,3,-192,-910,0.2,1,0.2,-910
1640,globalPerMotor,3,-192,-468.9,0.2,0,0,-468.9
1640,globalPerMotor,3,-192,-468.9,0.2,1,0.2,-468.9
1641,globalPerMotor,3,-192,-27.8,0.2,0,0,-27.8
1641,globalPerMotor,3,-192,-27.8,0.2,1,0.2,-442.25
1642,globalPerMotor,3,-192,413.3,0.2,0,0,413.3
1642,globalPerMotor,3,-192,413.3,0.2,1,0.2,-442.25
1643,globalPerMotor,3,-192,854.4,0.2,0,0,854.4
1643,globalPerMotor,3,-192,854.4,0.2,1,0.2,-442.25
1644,globalPerMotor,3,-192,1295.5,0.2,0,0,1295.5
1644,globalPerMotor,3,-192,1295.5,0.2,1,0.2,-442.25
1645,globalPerMotor,3,-192,1736.6,0.2,0,0,1736.6
1645,globalPerMotor,3,-192,1736.6,0.2,1,0.2,-442.25
1646,globalPerMotor,3,-192,2177.7,0.2,0,0,2177.7
1646,globalPerMotor,3,-192,2177.7,0.2,1,0.2,-442.25
1647,globalPerMotor,3,-192,2618.8,0.2,0,0,2618.8
1647,globalPerMotor,3,-192,2618.8,0.2,1,0.2,-442.25
1648,globalPerMotor,3,-192,3059.9,0.2,0,0,3059.9
1648,globalPerMotor,3,-192,3059.9,0.2,1,0.2,-442.25
1649,globalPerMotor,3,-192,3501,0.2,0,0,3501
1649,globalPerMotor,3,-192,3501,0.2,1,0.2,-442.25
1650,globalPerMotor,3,-192,3942.1,0.2,0,0,3942.1
1650,globalPerMotor,3,-192,3942.1,0.2,1,0.2,-442.25
1651,globalPerMotor,3,-192,4383.2,0.2,0,0,4383.2
1651,globalPerMotor,3,-192,4383.2,0.2,1,0.2,-442.25
1652,globalPerMotor,3,-192,4824.3,0.2,0,0,4824.3
1652,globalPerMotor,3,-192,4824.3,0.2,1,0.2,-442.25
1653,globalPerMotor,3,-192,5265.4,0.2,0,0,5265.4
1653,globalPerMotor,3,-192,5265.4,0.2,1,0.2,-442.25
1654,globalPerMotor,3,-192,5706.5,0.2,0,0,5706.5
1654,globalPerMotor,3,-192,5706.5,0.2,1,0.2,-442.25
1655,globalPerMotor,3,-192,6147.6,0.2,0,0,6147.6
1655,globalPerMotor,3,-192,6147.6,0.2,1,0.2,-442.25
1656,globalPerMotor,3,-192,6588.7,0.2,0,0,6588.7
1656,globalPerMotor,3,-192,6588.7,0.2,1,0.2,-442.25
1657,globalPerMotor,3,-192,7029.8,0.2,0,0,7029.8
1657,globalPerMotor,3,-192,7029.8,0.2,1,0.2,-442.25
1658,globalPerMotor,3,-192,7470.9,0.2,0,0,7470.9
1658,globalPerMotor,3,-192,7470.9,0.2,1,0.2,-442.25
1659,globalPerMotor,3,-192,7912,0.2,0,0,7912
1659,globalPerMotor,3,-192,7912,0.2,1,0.2,-442.25
1681,globalPerMotor,3,-224,-910,0.2,0,0,-910
1681,globalPerMotor,3,-224,-910,0.2,1,0.2,-910
1682,globalPerMotor,3,-224,-468.9,0.2,0,0,-468.9
1682,globalPerMotor,3,-224,-468.9,0.2,1,0.2,-558.166666666667
1683,globalPerMotor,3,-224,-27.8,0.2,0,0,-27.8
1683,globalPerMotor,3,-224,-27.8,0.2,1,0.2,-558.166666666667
1684,globalPerMotor,3,-224,413.3,0.2,0,0,413.3
1684,globalPerMotor,3,-224,413.3,0.2,1,0.2,-558.166666666667
1685,globalPerMotor,3,-224,854.4,0.2,0,0,854.4
1685,globalPerMotor,3,-224,854.4,0.2,1,0.2,-558.166666666667
1686,globalPerMotor,3,-224,1295.5,0.2,0,0,1295.5
1686,globalPerMotor,3,-224,1295.5,0.2,1,0.2,-558.166666666667
1687,globalPerMotor,3,-224,1736.6,0.2,0,0,1736.6
1687,globalPerMotor,3,-224,1736.6,0.2,1,0.2,-558.166666666667
1688,globalPerMotor,3,-224,2177.7,0.2,0,0,2177.7
1688,globalPerMotor,3,-224,2177.7,0.2,1,0.2,-558.166666666667
1689,globalPerMotor,3,-224,2618.8,0.2,0,0,2618.8
1689,globalPerMotor,3,-224,2618.8,0.2,1,0.2,-558.166666666667
1690,globalPerMotor,3,-224,3059.9,0.2,0,0,3059.9
1690,globalPerMotor,3,-224,3059.9,0.2,1,0.2,-558.166666666667
1691,globalPerMotor,3,-224,3501,0.2,0,0,3501
1691,globalPerMotor,3,-224,3501,0.2,1,0.2,-558.166666666667
1692,globalPerMotor,3,-224,3942.1,0.2,0,0,3942.1
1692,globalPerMotor,3,-224,3942.1,0.2,1,0.2,-558.166666666667
1693,globalPerMotor,3,-224,4383.2,0.2,0,0,4383.2
1693,globalPerMotor,3,-224,4383.2,0.2,1,0.2,-558.166666666667
1694,globalPerMotor,3,-224,4824.3,0.2,0,0,4824.3
1694,globalPerMotor,3,-224,4824.3,0.2,1,0.2,-558.166666666667
1695,globalPerMotor,3,-224,5265.4,0.2,0,0,5265.4
1695,globalPerMotor,3,-224,5265.4,0.2,1,0.2,-558.166666666667
1696,globalPerMotor,3,-224,5706.5,0.2,0,0,5706.5
1696,globalPerMotor,3,-224,5706.5,0.2,1,0.2,-558.166666666667
1697,globalPerMotor,3,-224,6147.6,0.2,0,0,6147.6
1697,globalPerMotor,3,-224,6147.6,0.2,1,0.2,-558.166666666667
1698,globalPerMotor,3,-224,6588.7,0.2,0,0,6588.7
1698,globalPerMotor,3,-224,6588.7,0.2,1,0.2,-558.166666666667
1699,globalPerMotor,3,-224,7029.8,0.2,0,0,7029.8
1699,globalPerMotor,3,-224,7029.8,0.2,1,0.2,-558.166666666667
1700,globalPerMotor,3,-224,7470.9,0.2,0,0,7470.9
1700,globalPerMotor,3,-224,7470.9,0.2,1,0.2,-558.166666666667
1701,globalPerMotor,3,-224,7912,0.2,0,0,7912
1701,globalPerMotor,3,-224,7912,0.2,1,0.2,-558.166666666667
1723,globalPerMotor,3,-255,-910,0.2,0,0,-910
1723,globalPerMotor,3,-255,-910,0.2,1,0.2,-910
1724,globalPerMotor,3,-255,-468.9,0.2,0,0,-468.9
1724,globalPerMotor,3,-255,-468.9,0.2,1,0.2,-681.333333333333
1725,globalPerMotor,3,-255,-27.8,0.2,0,0,-27.8
1725,globalPerMotor,3,-255,-27.8,0.2,1,0.2,-681.333333333333
1726,globalPerMotor,3,-255,413.3,0.2,0,0,413.3
1726,globalPerMotor,3,-255,413.3,0.2,1,0.2,-681.333333333333
1727,globalPerMotor,3,-255,854.4,0.2,0,0,854.4
1727,globalPerMotor,3,-255,854.4,0.2,1,0.2,-681.333333333333
1728,globalPerMotor,3,-255,1295.5,0.2,0,0,1295.5
1728,globalPerMotor,3,-255,1295.5,0.2,1,0.2,-681.333333333333
1729,globalPerMotor,3,-255,1736.6,0.2,0,0,1736.6
1729,globalPerMotor,3,-255,1736.6,0.2,1,0.2,-681.333333333333
1730,globalPerMotor,3,-255,2177.7,0.2,0,0,2177.7
1730,globalPerMotor,3,-255,2177.7,0.2,1,0.2,-681.333333333333
1731,globalPerMotor,3,-255,2618.8,0.2,0,0,2618.8
1731,globalPerMotor,3,-255,2618.8,0.2,1,0.2,-681.333333333333
1732,globalPerMotor,3,-255,3059.9,0.2,0,0,3059.9
1732,globalPerMotor,3,-255,3059.9,0.2,1,0.2,-681.333333333333
1733,globalPerMotor,3,-255,3501,0.2,0,0,3501
1733,globalPerMotor,3,-255,3501,0.2,1,0.2,-681.333333333333
1734,globalPerMotor,3,-255,3942.1,0.2,0,0,3942.1
1734,globalPerMotor,3,-255,3942.1,0.2,1,0.2,-681.333333333333
1735,globalPerMotor,3,-255,4383.2,0.2,0,0,4383.2
1735,globalPerMotor,3,-255,4383.2,0.2,1,0.2,-681.333333333333
1736,globalPerMotor,3,-255,4824.3,0.2,0,0,4824.3
1736,globalPerMotor,3,-255,4824.3,0.2,1,0.2,-681.333333333333
1737,globalPerMotor,3,-255,5265.4,0.2,0,0,5265.4
1737,globalPerMotor,3,-255,5265.4,0.2,1,0.2,-681.333333333333
1738,globalPerMotor,3,-255,5706.5,0.2,0,0,5706.5
1738,globalPerMotor,3,-255,5706.5,0.2,1,0.2,-681.333333333333
1739,globalPerMotor,3,-255,6147.6,0.2,0,0,6147.6
1739,globalPerMotor,3,-255,6147.6,0.2,1,0.2,-681.333333333333
1740,globalPerMotor,3,-255,6588.7,0.2,0,0,6588.7
1740,globalPerMotor,3,-255,6588.7,0.2,1,0.2,-681.333333333333
1741,globalPerMotor,3,-255,7029.8,0.2,0,0,7029.8
1741,globalPerMotor,3,-255,7029.8,0.2,1,0.2,-681.333333333333
1742,globalPerMotor,3,-255,7470.9,0.2,0,0,7470.9
1742,globalPerMotor,3,-255,7470.9,0.2,1,0.2,-681.333333333333
1743,globalPerMotor,3,-255,7912,0.2,0,0,7912
1743,globalPerMotor,3,-255,7912,0.2,1,0.2,-681.333333333333
1765,globalPerMotor,4,64,-671,0.2,0,0,-671
1765,globalPerMotor,4,64,-671,0.2,1,0.2,3117.33333333333
1766,globalPerMotor,4,64,-312.35,0.2,0,0,-312.35
1766,globalPerMotor,4,64,-312.35,0.2,1,0.2,3117.33333333333
1767,globalPerMotor,4,64,46.3,0.2,0,0,46.3
1767,globalPerMotor,4,64,46.3,0.2,1,0.2,3173.33333333333
1768,globalPerMotor,4,64,404.95,0.2,0,0,404.95
1768,globalPerMotor,4,64,404.95,0.2,1,0.2,3462.66666666667
1769,globalPerMotor,4,64,763.6,0.2,0,0,763.6
1769,globalPerMotor,4,64,763.6,0.2,1,0.2,3649
1770,globalPerMotor,4,64,1122.25,0.2,0,0,1122.25
1770,globalPerMotor,4,64,1122.25,0.2,1,0.2,3802.66666666667
1771,globalPerMotor,4,64,1480.9,0.2,0,0,1480.9
1771,globalPerMotor,4,64,1480.9,0.2,1,0.2,3930
1772,globalPerMotor,4,64,1839.55,0.2,0,0,1839.55
1772,globalPerMotor,4,64,1839.55,0.2,1,0.2,4051
1773,globalPerMotor,4,64,2198.2,0.2,0,0,2198.2
1773,globalPerMotor,4,64,2198.2,0.2,1,0.2,4162.33333333333
1774,globalPerMotor,4,64,2556.85,0.2,0,0,2556.85
1774,globalPerMotor,4,64,2556.85,0.2,1,0.2,4346
1775,globalPerMotor,4,64,2915.5,0.2,0,0,2915.5
1775,globalPerMotor,4,64,2915.5,0.2,1,0.2,4581
1776,globalPerMotor,4,64,3274.15,0.2,0,0,3274.15
1776,globalPerMotor,4,64,3274.15,0.2,1,0.2,4822
1777,globalPerMotor,4,64,3632.8,0.2,0,0,3632.8
1777,globalPerMotor,4,64,3632.8,0.2,1,0.2,5051.33333333333
1778,globalPerMotor,4,64,3991.45,0.2,0,0,3991.45
1778,globalPerMotor,4,64,3991.45,0.2,1,0.2,5259.66666666667
1779,globalPerMotor,4,64,4350.1,0.2,0,0,4350.1
1779,globalPerMotor,4,64,4350.1,0.2,1,0.2,5587.66666666667
1780,globalPerMotor,4,64,4708.75,0.2,0,0,4708.75
1780,globalPerMotor,4,64,4708.75,0.2,1,0.2,5712.66666666667
1781,globalPerMotor,4,64,5067.4,0.2,0,0,5067.4
1781,globalPerMotor,4,64,5067.4,0.2,1,0.2,5723
1782,globalPerMotor,4,64,5426.05,0.2,0,0,5426.05
1782,globalPerMotor,4,64,5426.05,0.2,1,0.2,5723
1783,globalPerMotor,4,64,5784.7,0.2,0,0,5784.7
1783,globalPerMotor,4,64,5784.7,0.2,1,0.2,6024.33333333333
1784,globalPerMotor,4,64,6143.35,0.2,0,0,6143.35
1784,globalPerMotor,4,64,6143.35,0.2,1,0.2,6143.35
1785,globalPerMotor,4,64,6502,0.2,0,0,6502
1785,globalPerMotor,4,64,6502,0.2,1,0.2,6502
1807,globalPerMotor,4,96,-671,0.2,0,0,-671
1807,globalPerMotor,4,96,-671,0.2,1,0.2,4761.5
1808,globalPerMotor,4,96,-312.35,0.2,0,0,-312.35
1808,globalPerMotor,4,96,-312.35,0.2,1,0.2,4761.5
1809,globalPerMotor,4,96,46.3,0.2,0,0,46.3
1809,globalPerMotor,4,96,46.3,0.2,1,0.2,4930.75
1810,globalPerMotor,4,96,404.95,0.2,0,0,404.95
1810,globalPerMotor,4,96,404.95,0.2,1,0.2,5259.5
1811,globalPerMotor,4,96,763.6,0.2,0,0,763.6
1811,globalPerMotor,4,96,763.6,0.2,1,0.2,5511.75
1812,globalPerMotor,4,96,1122.25,0.2,0,0,1122.25
1812,globalPerMotor,4,96,1122.25,0.2,1,0.2,5738
1813,globalPerMotor,4,96,1480.9,0.2,0,0,1480.9
1813,globalPerMotor,4,96,1480.9,0.2,1,0.2,5893.75
1814,globalPerMotor,4,96,1839.55,0.2,0,0,1839.55
1814,globalPerMotor,4,96,1839.55,0.2,1,0.2,6043.5
1815,globalPerMotor,4,96,2198.2,0.2,0,0,2198.2
1815,globalPerMotor,4,96,2198.2,0.2,1,0.2,6049.75
1816,globalPerMotor,4,96,2556.85,0.2,0,0,2556.85
1816,globalPerMotor,4,96,2556.85,0.2,1,0.2,6049.75
1817,globalPerMotor,4,96,2915.5,0.2,0,0,2915.5
1817,globalPerMotor,4,96,2915.5,0.2,1,0.2,6049.75
1818,globalPerMotor,4,96,3274.15,0.2,0,0,3274.15
1818,globalPerMotor,4,96,3274.15,0.2,1,0.2,6049.75
1819,globalPerMotor,4,96,3632.8,0.2,0,0,3632.8
1819,globalPerMotor,4,96,3632.8,0.2,1,0.2,6049.75
1820,globalPerMotor,4,96,3991.45,0.2,0,0,3991.45
1820,globalPerMotor,4,96,3991.45,0.2,1,0.2,6049.75
1821,globalPerMotor,4,96,4350.1,0.2,0,0,4350.1
1821,globalPerMotor,4,96,4350.1,0.2,1,0.2,6049.75
1822,globalPerMotor,4,96,4708.75,0.2,0,0,4708.75
1822,globalPerMotor,4,96,4708.75,0.2,1,0.2,6049.75
1823,globalPerMotor,4,96,5067.4,0.2,0,0,5067.4
1823,globalPerMotor,4,96,5067.4,0.2,1,0.2,6049.75
1824,globalPerMotor,4,96,5426.05,0.2,0,0,5426.05
1824,globalPerMotor,4,96,5426.05,0.2,1,0.2,6049.75
1825,globalPerMotor,4,96,5784.7,0.2,0,0,5784.7
1825,globalPerMotor,4,96,5784.7,0.2,1,0.2,6049.75
1826,globalPerMotor,4,96,6143.35,0.2,0,0,6143.35
1826,globalPerMotor,4,96,6143.35,0.2,1,0.2,6143.35
1827,globalPerMotor,4,96,6502,0.2,0,0,6502
1827,globalPerMotor,4,96,6502,0.2,1,0.2,6502
1849,globalPerMotor,4,128,-671,0.2,0,0,-671
1849,globalPerMotor,4,128,-671,0.2,1,0.2,6146.33333333333
1850,globalPerMotor,4,128,-312.35,0.2,0,0,-312.35
1850,globalPerMotor,4,128,-312.35,0.2,1,0.2,6146.33333333333
1851,globalPerMotor,4,128,46.3,0.2,0,0,46.3
1851,globalPerMotor,4,128,46.3,0.2,1,0.2,6146.33333333333
1852,globalPerMotor,4,128,404.95,0.2,0,0,404.95
1852,globalPerMotor,4,128,404.95,0.2,1,0.2,6146.33333333333
1853,globalPerMotor,4,128,763.6,0.2,0,0,763.6
1853,globalPerMotor,4,128,763.6,0.2,1,0.2,6146.33333333333
1854,globalPerMotor,4,128,1122.25,0.2,0,0,1122.25
1854,globalPerMotor,4,128,1122.25,0.2,1,0.2,6146.33333333333
1855,globalPerMotor,4,128,1480.9,0.2,0,0,1480.9
1855,globalPerMotor,4,128,1480.9,0.2,1,0.2,6146.33333333333
1856,globalPerMotor,4,128,1839.55,0.2,0,0,1839.55
1856,globalPerMotor,4,128,1839.55,0.2,1,0.2,6146.33333333333
1857,globalPerMotor,4,128,2198.2,0.2,0,0,2198.2
1857,globalPerMotor,4,128,2198.2,0.2,1,0.2,6146.33333333333
1858,globalPerMotor,4,128,2556.85,0.2,0,0,2556.85
1858,globalPerMotor,4,128,2556.85,0.2,1,0.2,6146.33333333333
1859,globalPerMotor,4,128,2915.5,0.2,0,0,2915.5
1859,globalPerMotor,4,128,2915.5,0.2,1,0.2,6146.33333333333
1860,globalPerMotor,4,128,3274.15,0.2,0,0,3274.15
1860,globalPerMotor,4,128,3274.15,0.2,1,0.2,6146.33333333333
1861,globalPerMotor,4,128,3632.8,0.2,0,0,3632.8
1861,globalPerMotor,4,128,3632.8,0.2,1,0.2,6146.33333333333
1862,globalPerMotor,4,128,3991.45,0.2,0,0,3991.45
1862,globalPerMotor,4,128,3991.45,0.2,1,0.2,6146.33333333333
1863,globalPerMotor,4,128,4350.1,0.2,0,0,4350.1
1863,globalPerMotor,4,128,4350.1,0.2,1,0.2,6146.33333333333
1864,globalPerMotor,4,128,4708.75,0.2,0,0,4708.75
1864,globalPerMotor,4,128,4708.75,0.2,1,0.2,6146.33333333333
1865,globalPerMotor,4,128,5067.4,0.2,0,0,5067.4
1865,globalPerMotor,4,128,5067.4,0.2,1,0.2,6146.33333333333
1866,globalPerMotor,4,128,5426.05,0.2,0,0,5426.05
1866,globalPerMotor,4,128,5426.05,0.2,1,0.2,6146.33333333333
1867,globalPerMotor,4,128,5784.7,0.2,0,0,5784.7
1867,globalPerMotor,4,128,5784.7,0.2,1,0.2,6146.33333333333
1868,globalPerMotor,4,128,6143.35,0.2,0,0,6143.35
1868,globalPerMotor,4,128,6143.35,0.2,1,0.2,6146.33333333333
1869,globalPerMotor,4,128,6502,0.2,0,0,6502
1869,globalPerMotor,4,128,6502,0.2,1,0.2,6502
1891,globalPerMotor,4,160,-671,0.2,0,0,-671
1891,globalPerMotor,4,160,-671,0.2,1,0.2,6186.2
1892,globalPerMotor,4,160,-312.35,0.2,0,0,-312.35
1892,globalPerMotor,4,160,-312.35,0.2,1,0.2,6186.2
1893,globalPerMotor,4,160,46.3,0.2,0,0,46.3
1893,globalPerMotor,4,160,46.3,0.2,1,0.2,6186.2
1894,globalPerMotor,4,160,404.95,0.2,0,0,404.95
1894,globalPerMotor,4,160,404.95,0.2,1,0.2,6186.2
1895,globalPerMotor,4,160,763.6,0.2,0,0,763.6
1895,globalPerMotor,4,160,763.6,0.2,1,0.2,6186.2
1896,globalPerMotor,4,160,1122.25,0.2,0,0,1122.25
1896,globalPerMotor,4,160,1122.25,0.2,1,0.2,6186.2
1897,globalPerMotor,4,160,1480.9,0.2,0,0,1480.9
1897,globalPerMotor,4,160,1480.9,0.2,1,0.2,6186.2
1898,globalPerMotor,4,160,1839.55,0.2,0,0,1839.55
1898,globalPerMotor,4,160,1839.55,0.2,1,0.2,6186.2
1899,globalPerMotor,4,160,2198.2,0.2,0,0,2198.2
1899,globalPerMotor,4,160,2198.2,0.2,1,0.2,6186.2
1900,globalPerMotor,4,160,2556.85,0.2,0,0,2556.85
1900,globalPerMotor,4,160,2556.85,0.2,1,0.2,6186.2
1901,globalPerMotor,4,160,2915.5,0.2,0,0,2915.5
1901,globalPerMotor,4,160,2915.5,0.2,1,0.2,6186.2
1902,globalPerMotor,4,160,3274.15,0.2,0,0,3274.15
1902,globalPerMotor,4,160,3274.15,0.2,1,0.2,6186.2
1903,globalPerMotor,4,160,3632.8,0.2,0,0,3632.8
1903,globalPerMotor,4,160,3632.8,0.2,1,0.2,6186.2
1904,globalPerMotor,4,160,3991.45,0.2,0,0,3991.45
1904,globalPerMotor,4,160,3991.45,0.2,1,0.2,6186.2
1905,globalPerMotor,4,160,4350.1,0.2,0,0,4350.1
1905,globalPerMotor,4,160,4350.1,0.2,1,0.2,6186.2
1906,globalPerMotor,4,160,4708.75,0.2,0,0,4708.75
1906,globalPerMotor,4,160,4708.75,0.2,1,0.2,6186.2
1907,globalPerMotor,4,160,5067.4,0.2,0,0,5067.4
1907,globalPerMotor,4,160,5067.4,0.2,1,0.2,6186.2
1908,globalPerMotor,4,160,5426.05,0.2,0,0,5426.05
1908,globalPerMotor,4,160,5426.05,0.2,1,0.2,6186.2
1909,globalPerMotor,4,160,5784.7,0.2,0,0,5784.7
1909,globalPerMotor,4,160,5784.7,0.2,1,0.2,6186.2
1910,globalPerMotor,4,160,6143.35,0.2,0,0,6143.35
1910,globalPerMotor,4,160,6143.35,0.2,1,0.2,6186.2
1911,globalPerMotor,4,160,6502,0.2,0,0,6502
1911,globalPerMotor,4,160,6502,0.2,1,0.2,6502
1933,globalPerMotor,4,192,-671,0.2,0,0,-671
1933,globalPerMotor,4,192,-671,0.2,1,0.2,6217.33333333333
1934,globalPerMotor,4,192,-312.35,0.2,0,0,-312.35
1934,globalPerMotor,4,192,-312.35,0.2,1,0.2,6217.33333333333
1935,globalPerMotor,4,192,46.3,0.2,0,0,46.3
1935,globalPerMotor,4,192,46.3,0.2,1,0.2,6217.33333333333
1936,globalPerMotor,4,192,404.95,0.2,0,0,404.95
1936,globalPerMotor,4,192,404.95,0.2,1,0.2,6217.33333333333
1937,globalPerMotor,4,192,763.6,0.2,0,0,763.6
1937,globalPerMotor,4,192,763.6,0.2,1,0.2,6217.33333333333
1938,globalPerMotor,4,192,1122.25,0.2,0,0,1122.25
1938,globalPerMotor,4,192,1122.25,0.2,1,0.2,6217.33333333333
1939,globalPerMotor,4,192,1480.9,0.2,0,0,1480.9
1939,globalPerMotor,4,192,1480.9,0.2,1,0.2,6217.33333333333
1940,globalPerMotor,4,192,1839.55,0.2,0,0,1839.55
1940,globalPerMotor,4,192,1839.55,0.2,1,0.2,6217.33333333333
1941,globalPerMotor,4,192,2198.2,0.2,0,0,2198.2
1941,globalPerMotor,4,192,2198.2,0.2,1,0.2,6217.33333333333
1942,globalPerMotor,4,192,2556.85,0.2,0,0,2556.85
1942,globalPerMotor,4,192,2556.85,0.2,1,0.2,6217.33333333333
1943,globalPerMotor,4,192,2915.5,0.2,0,0,2915.5
1943,globalPerMotor,4,192,2915.5,0.2,1,0.2,6217.33333333333
1944,globalPerMotor,4,192,3274.15,0.2,0,0,3274.15
1944,globalPerMotor,4,192,3274.15,0.2,1,0.2,6217.33333333333
1945,globalPerMotor,4,192,3632.8,0.2,0,0,3632.8
1945,globalPerMotor,4,192,3632.8,0.2,1,0.2,6217.33333333333
1946,globalPerMotor,4,192,3991.45,0.2,0,0,3991.45
1946,globalPerMotor,4,192,3991.45,0.2,1,0.2,6217.33333333333
1947,globalPerMotor,4,192,4350.1,0.2,0,0,4350.1
1947,globalPerMotor,4,192,4350.1,0.2,1,0.2,6217.33333333333
1948,globalPerMotor,4,192,4708.75,0.2,0,0,4708.75
1948,globalPerMotor,4,192,4708.75,0.2,1,0.2,6217.33333333333
1949,globalPerMotor,4,192,5067.4,0.2,0,0,5067.4
1949,globalPerMotor,4,192,5067.4,0.2,1,0.2,6217.33333333333
1950,globalPerMotor,4,192,5426.05,0.2,0,0,5426.05
1950,globalPerMotor,4,192,5426.05,0.2,1,0.2,6217.33333333333
1951,globalPerMotor,4,192,5784.7,0.2,0,0,5784.7
1951,globalPerMotor,4,192,5784.7,0.2,1,0.2,6217.33333333333
1952,globalPerMotor,4,192,6143.35,0.2,0,0,6143.35
1952,globalPerMotor,4,192,6143.35,0.2,1,0.2,6217.33333333333
1953,globalPerMotor,4,192,6502,0.2,0,0,6502
1953,globalPerMotor,4,192,6502,0.2,1,0.2,6502
1975,globalPerMotor,4,224,-671,0.2,0,0,-671
1975,globalPerMotor,4,224,-671,0.2,1,0.2,6277.66666666667
1976,globalPerMotor,4,224,-312.35,0.2,0,0,-312.35
1976,globalPerMotor,4,224,-312.35,0.2,1,0.2,6277.66666666667
1977,globalPerMotor,4,224,46.3,0.2,0,0,46.3
1977,globalPerMotor,4,224,46.3,0.2,1,0.2,6277.66666666667
1978,globalPerMotor,4,224,404.95,0.2,0,0,404.95
1978,globalPerMotor,4,224,404.95,0.2,1,0.2,6277.66666666667
1979,globalPerMotor,4,224,763.6,0.2,0,0,763.6
1979,globalPerMotor,4,224,763.6,0.2,1,0.2,6277.66666666667
1980,globalPerMotor,4,224,1122.25,0.2,0,0,1122.25
1980,globalPerMotor,4,224,1122.25,0.2,1,0.2,6277.66666666667
1981,globalPerMotor,4,224,1480.9,0.2,0,0,1480.9
1981,globalPerMotor,4,224,1480.9,0.2,1,0.2,6277.66666666667
1982,globalPerMotor,4,224,1839.55,0.2,0,0,1839.55
1982,globalPerMotor,4,224,1839.55,0.2,1,0.2,6277.66666666667
1983,globalPerMotor,4,224,2198.2,0.2,0,0,2198.2
1983,globalPerMotor,4,224,2198.2,0.2,1,0.2,6277.66666666667
1984,globalPerMotor,4,224,2556.85,0.2,0,0,2556.85
1984,globalPerMotor,4,224,2556.85,0.2,1,0.2,6277.66666666667
1985,globalPerMotor,4,224,2915.5,0.2,0,0,2915.5
1985,globalPerMotor,4,224,2915.5,0.2,1,0.2,6277.66666666667
1986,globalPerMotor,4,224,3274.15,0.2,0,0,3274.15
1986,globalPerMotor,4,224,3274.15,0.2,1,0.2,6277.66666666667
1987,globalPerMotor,4,224,3632.8,0.2,0,0,3632.8
1987,globalPerMotor,4,224,3632.8,0.2,1,0.2,6277.66666666667
1988,globalPerMotor,4,224,3991.45,0.2,0,0,3991.45
1988,globalPerMotor,4,224,3991.45,0.2,1,0.2,6277.66666666667
1989,globalPerMotor,4,224,4350.1,0.2,0,0,4350.1
1989,globalPerMotor,4,224,4350.1,0.2,1,0.2,6277.66666666667
1990,globalPerMotor,4,224,4708.75,0.2,0,0,4708.75
1990,globalPerMotor,4,224,4708.75,0.2,1,0.2,6277.66666666667
1991,globalPerMotor,4,224,5067.4,0.2,0,0,5067.4
1991,globalPerMotor,4,224,5067.4,0.2,1,0.2,6277.66666666667
1992,globalPerMotor,4,224,5426.05,0.2,0,0,5426.05
1992,globalPerMotor,4,224,5426.05,0.2,1,0.2,6277.66666666667
1993,globalPerMotor,4,224,5784.7,0.2,0,0,5784.7
1993,globalPerMotor,4,224,5784.7,0.2,1,0.2,6277.66666666667
1994,globalPerMotor,4,224,6143.35,0.2,0,0,6143.35
1994,globalPerMotor,4,224,6143.35,0.2,1,0.2,6277.66666666667
1995,globalPerMotor,4,224,6502,0.2,0,0,6502
1995,globalPerMotor,4,224,6502,0.2,1,0.2,6502
2017,globalPerMotor,4,255,-671,0.2,0,0,-671
2017,globalPerMotor,4,255,-671,0.2,1,0.2,6280.83333333333
2018,globalPerMotor,4,255,-312.35,0.2,0,0,-312.35
2018,globalPerMotor,4,255,-312.35,0.2,1,0.2,6280.83333333333
2019,globalPerMotor,4,255,46.3,0.2,0,0,46.3
2019,globalPerMotor,4,255,46.3,0.2,1,0.2,6280.83333333333
2020,globalPerMotor,4,255,404.95,0.2,0,0,404.95
2020,globalPerMotor,4,255,404.95,0.2,1,0.2,6280.83333333333
2021,globalPerMotor,4,255,763.6,0.2,0,0,763.6
2021,globalPerMotor,4,255,763.6,0.2,1,0.2,6280.83333333333
2022,globalPerMotor,4,255,1122.25,0.2,0,0,1122.25
2022,globalPerMotor,4,255,1122.25,0.2,1,0.2,6280.83333333333
2023,globalPerMotor,4,255,1480.9,0.2,0,0,1480.9
2023,globalPerMotor,4,255,1480.9,0.2,1,0.2,6280.83333333333
2024,globalPerMotor,4,255,1839.55,0.2,0,0,1839.55
2024,globalPerMotor,4,255,1839.55,0.2,1,0.2,6280.83333333333
2025,globalPerMotor,4,255,2198.2,0.2,0,0,2198.2
2025,globalPerMotor,4,255,2198.2,0.2,1,0.2,6280.83333333333
2026,globalPerMotor,4,255,2556.85,0.2,0,0,2556.85
2026,globalPerMotor,4,255,2556.85,0.2,1,0.2,6280.83333333333
2027,globalPerMotor,4,255,2915.5,0.2,0,0,2915.5
2027,globalPerMotor,4,255,2915.5,0.2,1,0.2,6280.83333333333
2028,globalPerMotor,4,255,3274.15,0.2,0,0,3274.15
2028,globalPerMotor,4,255,3274.15,0.2,1,0.2,6280.83333333333
2029,globalPerMotor,4,255,3632.8,0.2,0,0,3632.8
2029,globalPerMotor,4,255,3632.8,0.2,1,0.2,6280.83333333333
2030,globalPerMotor,4,255,3991.45,0.2,0,0,3991.45
2030,globalPerMotor,4,255,3991.45,0.2,1,0.2,6280.83333333333
2031,globalPerMotor,4,255,4350.1,0.2,0,0,4350.1
2031,globalPerMotor,4,255,4350.1,0.2,1,0.2,6280.83333333333
2032,globalPerMotor,4,255,4708.75,0.2,0,0,4708.75
2032,globalPerMotor,4,255,4708.75,0.2,1,0.2,6280.83333333333
2033,globalPerMotor,4,255,5067.4,0.2,0,0,5067.4
2033,globalPerMotor,4,255,5067.4,0.2,1,0.2,6280.83333333333
2034,globalPerMotor,4,255,5426.05,0.2,0,0,5426.05
2034,globalPerMotor,4,255,5426.05,0.2,1,0.2,6280.83333333333
2035,globalPerMotor,4,255,5784.7,0.2,0,0,5784.7
2035,globalPerMotor,4,255,5784.7,0.2,1,0.2,6280.83333333333
2036,globalPerMotor,4,255,6143.35,0.2,0,0,6143.35
2036,globalPerMotor,4,255,6143.35,0.2,1,0.2,6280.83333333333
2037,globalPerMotor,4,255,6502,0.2,0,0,6502
2037,globalPerMotor,4,255,6502,0.2,1,0.2,6502
2059,globalPerMotor,4,-64,-671,0.2,0,0,-671
2059,globalPerMotor,4,-64,-671,0.2,1,0.2,-671
2060,globalPerMotor,4,-64,-312.35,0.2,0,0,-312.35
2060,globalPerMotor,4,-64,-312.35,0.2,1,0.2,-312.35
2061,globalPerMotor,4,-64,46.3,0.2,0,0,46.3
2061,globalPerMotor,4,-64,46.3,0.2,1,0.2,-65.6666666666667
2062,globalPerMotor,4,-64,404.95,0.2,0,0,404.95
2062,globalPerMotor,4,-64,404.95,0.2,1,0.2,-65.6666666666667
2063,globalPerMotor,4,-64,763.6,0.2,0,0,763.6
2063,globalPerMotor,4,-64,763.6,0.2,1,0.2,-65.6666666666667
2064,globalPerMotor,4,-64,1122.25,0.2,0,0,1122.25
2064,globalPerMotor,4,-64,1122.25,0.2,1,0.2,-65.6666666666667
2065,globalPerMotor,4,-64,1480.9,0.2,0,0,1480.9
2065,globalPerMotor,4,-64,1480.9,0.2,1,0.2,-65.6666666666667
2066,globalPerMotor,4,-64,1839.55,0.2,0,0,1839.55
2066,globalPerMotor,4,-64,1839.55,0.2,1,0.2,-65.6666666666667
2067,globalPerMotor,4,-64,2198.2,0.2,0,0,2198.2
2067,globalPerMotor,4,-64,2198.2,0.2,1,0.2,-59.6666666666667
2068,globalPerMotor,4,-64,2556.85,0.2,0,0,2556.85
2068,globalPerMotor,4,-64,2556.85,0.2,1,0.2,42.6666666666667
2069,globalPerMotor,4,-64,2915.5,0.2,0,0,2915.5
2069,globalPerMotor,4,-64,2915.5,0.2,1,0.2,155.666666666667
2070,globalPerMotor,4,-64,3274.15,0.2,0,0,3274.15
2070,globalPerMotor,4,-64,3274.15,0.2,1,0.2,262
2071,globalPerMotor,4,-64,3632.8,0.2,0,0,3632.8
2071,globalPerMotor,4,-64,3632.8,0.2,1,0.2,381
2072,globalPerMotor,4,-64,3991.45,0.2,0,0,3991.45
2072,globalPerMotor,4,-64,3991.45,0.2,1,0.2,602
2073,globalPerMotor,4,-64,4350.1,0.2,0,0,4350.1
2073,globalPerMotor,4,-64,4350.1,0.2,1,0.2,863.666666666667
2074,globalPerMotor,4,-64,4708.75,0.2,0,0,4708.75
2074,globalPerMotor,4,-64,4708.75,0.2,1,0.2,1257.33333333333
2075,globalPerMotor,4,-64,5067.4,0.2,0,0,5067.4
2075,globalPerMotor,4,-64,5067.4,0.2,1,0.2,1648.33333333333
2076,globalPerMotor,4,-64,5426.05,0.2,0,0,5426.05
2076,globalPerMotor,4,-64,5426.05,0.2,1,0.2,2038.33333333333
2077,globalPerMotor,4,-64,5784.7,0.2,0,0,5784.7
2077,globalPerMotor,4,-64,5784.7,0.2,1,0.2,2461.33333333333
2078,globalPerMotor,4,-64,6143.35,0.2,0,0,6143.35
2078,globalPerMotor,4,-64,6143.35,0.2,1,0.2,2976.33333333333
2079,globalPerMotor,4,-64,6502,0.2,0,0,6502
2079,globalPerMotor,4,-64,6502,0.2,1,0.2,2976.33333333333
2101,globalPerMotor,4,-96,-671,0.2,0,0,-671
2101,globalPerMotor,4,-96,-671,0.2,1,0.2,-671
2102,globalPerMotor,4,-96,-312.35,0.2,0,0,-312.35
2102,globalPerMotor,4,-96,-312.35,0.2,1,0.2,-312.35
2103,globalPerMotor,4,-96,46.3,0.2,0,0,46.3
2103,globalPerMotor,4,-96,46.3,0.2,1,0.2,-131.5
2104,globalPerMotor,4,-96,404.95,0.2,0,0,404.95
2104,globalPerMotor,4,-96,404.95,0.2,1,0.2,-131.5
2105,globalPerMotor,4,-96,763.6,0.2,0,0,763.6
2105,globalPerMotor,4,-96,763.6,0.2,1,0.2,-131.5
2106,globalPerMotor,4,-96,1122.25,0.2,0,0,1122.25
2106,globalPerMotor,4,-96,1122.25,0.2,1,0.2,-131.5
2107,globalPerMotor,4,-96,1480.9,0.2,0,0,1480.9
2107,globalPerMotor,4,-96,1480.9,0.2,1,0.2,-131.5
2108,globalPerMotor,4,-96,1839.55,0.2,0,0,1839.55
2108,globalPerMotor,4,-96,1839.55,0.2,1,0.2,-131.5
2109,globalPerMotor,4,-96,2198.2,0.2,0,0,2198.2
2109,globalPerMotor,4,-96,2198.2,0.2,1,0.2,-131.5
2110,globalPerMotor,4,-96,2556.85,0.2,0,0,2556.85
2110,globalPerMotor,4,-96,2556.85,0.2,1,0.2,-131.5
2111,globalPerMotor,4,-96,2915.5,0.2,0,0,2915.5
2111,globalPerMotor,4,-96,2915.5,0.2,1,0.2,-131.5
2112,globalPerMotor,4,-96,3274.15,0.2,0,0,3274.15
2112,globalPerMotor,4,-96,3274.15,0.2,1,0.2,-131.5
2113,globalPerMotor,4,-96,3632.8,0.2,0,0,3632.8
2113,globalPerMotor,4,-96,3632.8,0.2,1,0.2,-131.5
2114,globalPerMotor,4,-96,3991.45,0.2,0,0,3991.45
2114,globalPerMotor,4,-96,3991.45,0.2,1,0.2,-131.5
2115,globalPerMotor,4,-96,4350.1,0.2,0,0,4350.1
2115,globalPerMotor,4,-96,4350.1,0.2,1,0.2,-131.5
2116,globalPerMotor,4,-96,4708.75,0.2,0,0,4708.75
2116,globalPerMotor,4,-96,4708.75,0.2,1,0.2,-131.5
2117,globalPerMotor,4,-96,5067.4,0.2,0,0,5067.4
2117,globalPerMotor,4,-96,5067.4,0.2,1,0.2,-131.5
2118,globalPerMotor,4,-96,5426.05,0.2,0,0,5426.05
2118,globalPerMotor,4,-96,5426.05,0.2,1,0.2,-101.25
2119,globalPerMotor,4,-96,5784.7,0.2,0,0,5784.7
2119,globalPerMotor,4,-96,5784.7,0.2,1,0.2,318
2120,globalPerMotor,4,-96,6143.35,0.2,0,0,6143.35
2120,globalPerMotor,4,-96,6143.35,0.2,1,0.2,958.5
2121,globalPerMotor,4,-96,6502,0.2,0,0,6502
2121,globalPerMotor,4,-96,6502,0.2,1,0.2,958.5
2143,globalPerMotor,4,-128,-671,0.2,0,0,-671
2143,globalPerMotor,4,-128,-671,0.2,1,0.2,-671
2144,globalPerMotor,4,-128,-312.35,0.2,0,0,-312.35
2144,globalPerMotor,4,-128,-312.35,0.2,1,0.2,-312.35
2145,globalPerMotor,4,-128,46.3,0.2,0,0,46.3
2145,globalPerMotor,4,-128,46.3,0.2,1,0.2,-291
2146,globalPerMotor,4,-128,404.95,0.2,0,0,404.95
2146,globalPerMotor,4,-128,404.95,0.2,1,0.2,-291
2147,globalPerMotor,4,-128,763.6,0.2,0,0,763.6
2147,globalPerMotor,4,-128,763.6,0.2,1,0.2,-291
2148,globalPerMotor,4,-128,1122.25,0.2,0,0,1122.25
2148,globalPerMotor,4,-128,1122.25,0.2,1,0.2,-291
2149,globalPerMotor,4,-128,1480.9,0.2,0,0,1480.9
2149,globalPerMotor,4,-128,1480.9,0.2,1,0.2,-291
2150,globalPerMotor,4,-128,1839.55,0.2,0,0,1839.55
2150,globalPerMotor,4,-128,1839.55,0.2,1,0.2,-291
2151,globalPerMotor,4,-128,2198.2,0.2,0,0,2198.2
2151,globalPerMotor,4,-128,2198.2,0.2,1,0.2,-291
2152,globalPerMotor,4,-128,2556.85,0.2,0,0,2556.85
2152,globalPerMotor,4,-128,2556.85,0.2,1,0.2,-291
2153,globalPerMotor,4,-128,2915.5,0.2,0,0,2915.5
2153,globalPerMotor,4,-128,2915.5,0.2,1,0.2,-291
2154,globalPerMotor,4,-128,3274.15,0.2,0,0,3274.15
2154,globalPerMotor,4,-128,3274.15,0.2,1,0.2,-291
2155,globalPerMotor,4,-128,3632.8,0.2,0,0,3632.8
2155,globalPerMotor,4,-128,3632.8,0.2,1,0.2,-291
2156,globalPerMotor,4,-128,3991.45,0.2,0,0,3991.45
2156,globalPerMotor,4,-128,3991.45,0.2,1,0.2,-291
2157,globalPerMotor,4,-128,4350.1,0.2,0,0,4350.1
2157,globalPerMotor,4,-128,4350.1,0.2,1,0.2,-291
2158,globalPerMotor,4,-128,4708.75,0.2,0,0,4708.75
2158,globalPerMotor,4,-128,4708.75,0.2,1,0.2,-291
2159,globalPerMotor,4,-128,5067.4,0.2,0,0,5067.4
2159,globalPerMotor,4,-128,5067.4,0.2,1,0.2,-291
2160,globalPerMotor,4,-128,5426.05,0.2,0,0,5426.05
2160,globalPerMotor,4,-128,5426.05,0.2,1,0.2,-291
2161,globalPerMotor,4,-128,5784.7,0.2,0,0,5784.7
2161,globalPerMotor,4,-128,5784.7,0.2,1,0.2,-291
2162,globalPerMotor,4,-128,6143.35,0.2,0,0,6143.35
2162,globalPerMotor,4,-128,6143.35,0.2,1,0.2,-291
2163,globalPerMotor,4,-128,6502,0.2,0,0,6502
2163,globalPerMotor,4,-128,6502,0.2,1,0.2,-291
2185,globalPerMotor,4,-160,-671,0.2,0,0,-671
2185,globalPerMotor,4,-160,-671,0.2,1,0.2,-671
2186,globalPerMotor,4,-160,-312.35,0.2,0,0,-312.35
2186,globalPerMotor,4,-160,-312.35,0.2,1,0.2,-409.2
2187,globalPerMotor,4,-160,46.3,0.2,0,0,46.3
2187,globalPerMotor,4,-160,46.3,0.2,1,0.2,-409.2
2188,globalPerMotor,4,-160,404.95,0.2,0,0,404.95
2188,globalPerMotor,4,-160,404.95,0.2,1,0.2,-409.2
2189,globalPerMotor,4,-160,763.6,0.2,0,0,763.6
2189,globalPerMotor,4,-160,763.6,0.2,1,0.2,-409.2
2190,globalPerMotor,4,-160,1122.25,0.2,0,0,1122.25
2190,globalPerMotor,4,-160,1122.25,0.2,1,0.2,-409.2
2191,globalPerMotor,4,-160,1480.9,0.2,0,0,1480.9
2191,globalPerMotor,4,-160,1480.9,0.2,1,0.2,-409.2
2192,globalPerMotor,4,-160,1839.55,0.2,0,0,1839.55
2192,globalPerMotor,4,-160,1839.55,0.2,1,0.2,-409.2
2193,globalPerMotor,4,-160,2198.2,0.2,0,0,2198.2
2193,globalPerMotor,4,-160,2198.2,0.2,1,0.2,-409.2
2194,globalPerMotor,4,-160,2556.85,0.2,0,0,2556.85
2194,globalPerMotor,4,-160,2556.85,0.2,1,0.2,-409.2
2195,globalPerMotor,4,-160,2915.5,0.2,0,0,2915.5
2195,globalPerMotor,4,-160,2915.5,0.2,1,0.2,-409.2
2196,globalPerMotor,4,-160,3274.15,0.2,0,0,3274.15
2196,globalPerMotor,4,-160,3274.15,0.2,1,0.2,-409.2
2197,globalPerMotor,4,-160,3632.8,0.2,0,0,3632.8
2197,globalPerMotor,4,-160,3632.8,0.2,1,0.2,-409.2
2198,globalPerMotor,4,-160,3991.45,0.2,0,0,3991.45
2198,globalPerMotor,4,-160,3991.45,0.2,1,0.2,-409.2
2199,globalPerMotor,4,-160,4350.1,0.2,0,0,4350.1
2199,globalPerMotor,4,-160,4350.1,0.2,1,0.2,-409.2
2200,globalPerMotor,4,-160,4708.75,0.2,0,0,4708.75
2200,globalPerMotor,4,-160,4708.75,0.2,1,0.2,-409.2
2201,globalPerMotor,4,-160,5067.4,0.2,0,0,5067.4
2201,globalPerMotor,4,-160,5067.4,0.2,1,0.2,-409.2
2202,globalPerMotor,4,-160,5426.05,0.2,0,0,5426.05
2202,globalPerMotor,4,-160,5426.05,0.2,1,0.2,-409.2
2203,globalPerMotor,4,-160,5784.7,0.2,0,0,5784.7
2203,globalPerMotor,4,-160,5784.7,0.2,1,0.2,-409.2
2204,globalPerMotor,4,-160,6143.35,0.2,0,0,6143.35
2204,globalPerMotor,4,-160,6143.35,0.2,1,0.2,-409.2
2205,globalPerMotor,4,-160,6502,0.2,0,0,6502
2205,globalPerMotor,4,-160,6502,0.2,1,0.2,-409.2
2227,globalPerMotor,4,-192,-671,0.2,0,0,-671
2227,globalPerMotor,4,-192,-671,0.2,1,0.2,-671
2228,globalPerMotor,4,-192,-312.35,0.2,0,0,-312.35
2228,globalPerMotor,4,-192,-312.35,0.2,1,0.2,-468.5
2229,globalPerMotor,4,-192,46.3,0.2,0,0,46.3
2229,globalPerMotor,4,-192,46.3,0.2,1,0.2,-468.5
2230,globalPerMotor,4,-192,404.95,0.2,0,0,404.95
2230,globalPerMotor,4,-192,404.95,0.2,1,0.2,-468.5
2231,globalPerMotor,4,-192,763.6,0.2,0,0,763.6
2231,globalPerMotor,4,-192,763.6,0.2,1,0.2,-468.5
2232,globalPerMotor,4,-192,1122.25,0.2,0,0,1122.25
2232,globalPerMotor,4,-192,1122.25,0.2,1,0.2,-468.5
2233,globalPerMotor,4,-192,1480.9,0.2,0,0,1480.9
2233,globalPerMotor,4,-192,1480.9,0.2,1,0.2,-468.5
2234,globalPerMotor,4,-192,1839.55,0.2,0,0,1839.55
2234,globalPerMotor,4,-192,1839.55,0.2,1,0.2,-468.5
2235,globalPerMotor,4,-192,2198.2,0.2,0,0,2198.2
2235,globalPerMotor,4,-192,2198.2,0.2,1,0.2,-468.5
2236,globalPerMotor,4,-192,2556.85,0.2,0,0,2556.85
2236,globalPerMotor,4,-192,2556.85,0.2,1,0.2,-468.5
2237,globalPerMotor,4,-192,2915.5,0.2,0,0,2915.5
2237,globalPerMotor,4,-192,2915.5,0.2,1,0.2,-468.5
2238,globalPerMotor,4,-192,3274.15,0.2,0,0,3274.15
2238,globalPerMotor,4,-192,3274.15,0.2,1,0.2,-468.5
2239,globalPerMotor,4,-192,3632.8,0.2,0,0,3632.8
2239,globalPerMotor,4,-192,3632.8,0.2,1,0.2,-468.5
2240,globalPerMotor,4,-192,3991.45,0.2,0,0,3991.45
2240,globalPerMotor,4,-192,3991.45,0.2,1,0.2,-468.5
2241,globalPerMotor,4,-192,4350.1,0.2,0,0,4350.1
2241,globalPerMotor,4,-192,4350.1,0.2,1,0.2,-468.5
2242,globalPerMotor,4,-192,4708.75,0.2,0,0,4708.75
2242,globalPerMotor,4,-192,4708.75,0.2,1,0.2,-468.5
2243,globalPerMotor,4,-192,5067.4,0.2,0,0,5067.4
2243,globalPerMotor,4,-192,5067.4,0.2,1,0.2,-468.5
2244,globalPerMotor,4,-192,5426.05,0.2,0,0,5426.05
2244,globalPerMotor,4,-192,5426.05,0.2,1,0.2,-468.5
2245,globalPerMotor,4,-192,5784.7,0.2,0,0,5784.7
2245,globalPerMotor,4,-192,5784.7,0.2,1,0.2,-468.5
2246,globalPerMotor,4,-192,6143.35,0.2,0,0,6143.35
2246,globalPerMotor,4,-192,6143.35,0.2,1,0.2,-468.5
2247,globalPerMotor,4,-192,6502,0.2,0,0,6502
2247,globalPerMotor,4,-192,6502,0.2,1,0.2,-468.5
2269,globalPerMotor,4,-224,-671,0.2,0,0,-671
2269,globalPerMotor,4,-224,-671,0.2,1,0.2,-671
2270,globalPerMotor,4,-224,-312.35,0.2,0,0,-312.35
2270,globalPerMotor,4,-224,-312.35,0.2,1,0.2,-490
2271,globalPerMotor,4,-224,46.3,0.2,0,0,46.3
2271,globalPerMotor,4,-224,46.3,0.2,1,0.2,-490
2272,globalPerMotor,4,-224,404.95,0.2,0,0,404.95
2272,globalPerMotor,4,-224,404.95,0.2,1,0.2,-490
2273,globalPerMotor,4,-224,763.6,0.2,0,0,763.6
2273,globalPerMotor,4,-224,763.6,0.2,1,0.2,-490
2274,globalPerMotor,4,-224,1122.25,0.2,0,0,1122.25
2274,globalPerMotor,4,-224,1122.25,0.2,1,0.2,-490
2275,globalPerMotor,4,-224,1480.9,0.2,0,0,1480.9
2275,globalPerMotor,4,-224,1480.9,0.2,1,0.2,-490
2276,globalPerMotor,4,-224,1839.55,0.2,0,0,1839.55
2276,globalPerMotor,4,-224,1839.55,0.2,1,0.2,-490
2277,globalPerMotor,4,-224,2198.2,0.2,0,0,2198.2
2277,globalPerMotor,4,-224,2198.2,0.2,1,0.2,-490
2278,globalPerMotor,4,-224,2556.85,0.2,0,0,2556.85
2278,globalPerMotor,4,-224,2556.85,0.2,1,0.2,-490
2279,globalPerMotor,4,-224,2915.5,0.2,0,0,2915.5
2279,globalPerMotor,4,-224,2915.5,0.2,1,0.2,-490
2280,globalPerMotor,4,-224,3274.15,0.2,0,0,3274.15
2280,globalPerMotor,4,-224,3274.15,0.2,1,0.2,-490
2281,globalPerMotor,4,-224,3632.8,0.2,0,0,3632.8
2281,globalPerMotor,4,-224,3632.8,0.2,1,0.2,-490
2282,globalPerMotor,4,-224,3991.45,0.2,0,0,3991.45
2282,globalPerMotor,4,-224,3991.45,0.2,1,0.2,-490
2283,globalPerMotor,4,-224,4350.1,0.2,0,0,4350.1
2283,globalPerMotor,4,-224,4350.1,0.2,1,0.2,-490
2284,globalPerMotor,4,-224,4708.75,0.2,0,0,4708.75
2284,globalPerMotor,4,-224,4708.75,0.2,1,0.2,-490
2285,globalPerMotor,4,-224,5067.4,0.2,0,0,5067.4
2285,globalPerMotor,4,-224,5067.4,0.2,1,0.2,-490
2286,globalPerMotor,4,-224,5426.05,0.2,0,0,5426.05
2286,globalPerMotor,4,-224,5426.05,0.2,1,0.2,-490
2287,globalPerMotor,4,-224,5784.7,0.2,0,0,5784.7
2287,globalPerMotor,4,-224,5784.7,0.2,1,0.2,-490
2288,globalPerMotor,4,-224,6143.35,0.2,0,0,6143.35
2288,globalPerMotor,4,-224,6143.35,0.2,1,0.2,-490
2289,globalPerMotor,4,-224,6502,0.2,0,0,6502
2289,globalPerMotor,4,-224,6502,0.2,1,0.2,-490
2311,globalPerMotor,4,-255,-671,0.2,0,0,-671
2311,globalPerMotor,4,-255,-671,0.2,1,0.2,-671
2312,globalPerMotor,4,-255,-312.35,0.2,0,0,-312.35
2312,globalPerMotor,4,-255,-312.35,0.2,1,0.2,-562.166666666667
2313,globalPerMotor,4,-255,46.3,0.2,0,0,46.3
2313,globalPerMotor,4,-255,46.3,0.2,1,0.2,-562.166666666667
2314,globalPerMotor,4,-255,404.95,0.2,0,0,404.95
2314,globalPerMotor,4,-255,404.95,0.2,1,0.2,-562.166666666667
2315,globalPerMotor,4,-255,763.6,0.2,0,0,763.6
2315,globalPerMotor,4,-255,763.6,0.2,1,0.2,-562.166666666667
2316,globalPerMotor,4,-255,1122.25,0.2,0,0,1122.25
2316,globalPerMotor,4,-255,1122.25,0.2,1,0.2,-562.166666666667
2317,globalPerMotor,4,-255,1480.9,0.2,0,0,1480.9
2317,globalPerMotor,4,-255,1480.9,0.2,1,0.2,-562.166666666667
2318,globalPerMotor,4,-255,1839.55,0.2,0,0,1839.55
2318,globalPerMotor,4,-255,1839.55,0.2,1,0.2,-562.166666666667
2319,globalPerMotor,4,-255,2198.2,0.2,0,0,2198.2
2319,globalPerMotor,4,-255,2198.2,0.2,1,0.2,-562.166666666667
2320,globalPerMotor,4,-255,2556.85,0.2,0,0,2556.85
2320,globalPerMotor,4,-255,2556.85,0.2,1,0.2,-562.166666666667
2321,globalPerMotor,4,-255,2915.5,0.2,0,0,2915.5
2321,globalPerMotor,4,-255,2915.5,0.2,1,0.2,-562.166666666667
2322,globalPerMotor,4,-255,3274.15,0.2,0,0,3274.15
2322,globalPerMotor,4,-255,3274.15,0.2,1,0.2,-562.166666666667
2323,globalPerMotor,4,-255,3632.8,0.2,0,0,3632.8
2323,globalPerMotor,4,-255,3632.8,0.2,1,0.2,-562.166666666667
2324,globalPerMotor,4,-255,3991.45,0.2,0,0,3991.45
2324,globalPerMotor,4,-255,3991.45,0.2,1,0.2,-562.166666666667
2325,globalPerMotor,4,-255,4350.1,0.2,0,0,4350.1
2325,globalPerMotor,4,-255,4350.1,0.2,1,0.2,-562.166666666667
2326,globalPerMotor,4,-255,4708.75,0.2,0,0,4708.75
2326,globalPerMotor,4,-255,4708.75,0.2,1,0.2,-562.166666666667
2327,globalPerMotor,4,-255,5067.4,0.2,0,0,5067.4
2327,globalPerMotor,4,-255,5067.4,0.2,1,0.2,-562.166666666667
2328,globalPerMotor,4,-255,5426.05,0.2,0,0,5426.05
2328,globalPerMotor,4,-255,5426.05,0.2,1,0.2,-562.166666666667
2329,globalPerMotor,4,-255,5784.7,0.2,0,0,5784.7
2329,globalPerMotor,4,-255,5784.7,0.2,1,0.2,-562.166666666667
2330,globalPerMotor,4,-255,6143.35,0.2,0,0,6143.35
2330,globalPerMotor,4,-255,6143.35,0.2,1,0.2,-562.166666666667
2331,globalPerMotor,4,-255,6502,0.2,0,0,6502
2331,globalPerMotor,4,-255,6502,0.2,1,0.2,-562.166666666667
