case_id,grid,motor,direction,pwm,initial_index,q_initial,duration,n_points,first,q_final,trajectory_sum,displacement,abs_stroke_fraction,monotonic,n_reverse_steps,minimum_directed_step,out_of_curve_domain,held_initial
1,perCombination,1,closing,64,1,0,0.2,1,3925.33333333333,3925.33333333333,3925.33333333333,3925.33333333333,0.215133910628814,1,0,3925.33333333333,0,0
2,perCombination,1,closing,64,2,850.8,0.2,1,4926,4926,4926,4075.2,0.223347583031897,1,0,4075.2,0,0
3,perCombination,1,closing,64,3,1701.6,0.2,1,5603.66666666667,5603.66666666667,5603.66666666667,3902.06666666667,0.213858745295773,1,0,3902.06666666667,0,0
4,perCombination,1,closing,64,4,2552.4,0.2,1,6204.33333333333,6204.33333333333,6204.33333333333,3651.93333333333,0.200149804523366,1,0,3651.93333333333,0,0
5,perCombination,1,closing,64,5,3403.2,0.2,1,6772.66666666667,6772.66666666667,6772.66666666667,3369.46666666667,0.184668785852607,1,0,3369.46666666667,0,0
6,perCombination,1,closing,64,6,4254,0.2,1,7367.66666666667,7367.66666666667,7367.66666666667,3113.66666666667,0.170649274726881,1,0,3113.66666666667,0,0
7,perCombination,1,closing,64,7,5104.8,0.2,1,7975.66666666667,7975.66666666667,7975.66666666667,2870.86666666667,0.157342248529358,1,0,2870.86666666667,0,0
8,perCombination,1,closing,64,8,5955.6,0.2,1,8579.33333333333,8579.33333333333,8579.33333333333,2623.73333333333,0.143797727355767,1,0,2623.73333333333,0,0
9,perCombination,1,closing,64,9,6806.4,0.2,1,9241,9241,9241,2434.6,0.133431985092623,1,0,2434.6,0,0
10,perCombination,1,closing,64,10,7657.2,0.2,1,9808.66666666667,9808.66666666667,9808.66666666667,2151.46666666667,0.117914428733238,1,0,2151.46666666667,0,0
11,perCombination,1,closing,64,11,8508,0.2,1,10471.3333333333,10471.3333333333,10471.3333333333,1963.33333333333,0.107603493003033,1,0,1963.33333333333,0,0
12,perCombination,1,closing,64,12,9358.8,0.2,1,11226,11226,11226,1867.2,0.10233475830319,1,0,1867.2,0,0
13,perCombination,1,closing,64,13,10209.6,0.2,1,11961.3333333333,11961.3333333333,11961.3333333333,1751.73333333333,0.0960064306331982,1,0,1751.73333333333,0,0
14,perCombination,1,closing,64,14,11060.4,0.2,1,12431,12431,12431,1370.6,0.0751178340458183,1,0,1370.6,0,0
15,perCombination,1,closing,64,15,11911.2,0.2,1,13073.3333333333,13073.3333333333,13073.3333333333,1162.13333333333,0.0636924988125251,1,0,1162.13333333333,0,0
16,perCombination,1,closing,64,16,12762,0.2,1,13593.3333333333,13593.3333333333,13593.3333333333,831.333333333334,0.0455624977163945,1,0,831.333333333334,0,0
17,perCombination,1,closing,64,17,13612.8,0.2,1,14258.6666666667,14258.6666666667,14258.6666666667,645.866666666667,0.035397712740692,1,0,645.866666666667,0,0
18,perCombination,1,closing,64,18,14463.6,0.2,1,14463.6,14463.6,14463.6,0,0,1,0,0,1,1
19,perCombination,1,closing,64,19,15314.4,0.2,1,15314.4,15314.4,15314.4,0,0,1,0,0,1,1
20,perCombination,1,closing,64,20,16165.2,0.2,1,16165.2,16165.2,16165.2,0,0,1,0,0,1,1
21,perCombination,1,closing,64,21,17016,0.2,1,17016,17016,17016,0,0,1,0,0,1,1
43,perCombination,1,closing,96,1,0,0.2,1,6279.75,6279.75,6279.75,6279.75,0.344171325221966,1,0,6279.75,0,0
44,perCombination,1,closing,96,2,852.3,0.2,1,7280.75,7280.75,7280.75,6428.45,0.352321056669955,1,0,6428.45,0,0
45,perCombination,1,closing,96,3,1704.6,0.2,1,7966.5,7966.5,7966.5,6261.9,0.34319302860901,1,0,6261.9,0,0
46,perCombination,1,closing,96,4,2556.9,0.2,1,8610,8610,8610,6053.1,0.331749424531404,1,0,6053.1,0,0
47,perCombination,1,closing,96,5,3409.2,0.2,1,9256,9256,9256,5846.8,0.320442836786145,1,0,5846.8,0,0
48,perCombination,1,closing,96,6,4261.5,0.2,1,9877.25,9877.25,9877.25,5615.75,0.307779787350652,1,0,5615.75,0,0
49,perCombination,1,closing,96,7,5113.8,0.2,1,10529.75,10529.75,10529.75,5415.95,0.296829442069495,1,0,5415.95,0,0
50,perCombination,1,closing,96,8,5966.1,0.2,1,11222.25,11222.25,11222.25,5256.15,0.288071358105886,1,0,5256.15,0,0
51,perCombination,1,closing,96,9,6818.4,0.2,1,11947.75,11947.75,11947.75,5129.35,0.281121889729256,1,0,5129.35,0,0
52,perCombination,1,closing,96,10,7670.7,0.2,1,12667.75,12667.75,12667.75,4997.05,0.273870985421462,1,0,4997.05,0,0
53,perCombination,1,closing,96,11,8523,0.2,1,13361.25,13361.25,13361.25,4838.25,0.265167707990792,1,0,4838.25,0,0
54,perCombination,1,closing,96,12,9375.3,0.2,1,14059,14059,14059,4683.7,0.256697358325112,1,0,4683.7,0,0
55,perCombination,1,closing,96,13,10227.6,0.2,1,14719.75,14719.75,14719.75,4492.15,0.246199166940699,1,0,4492.15,0,0
56,perCombination,1,closing,96,14,11079.9,0.2,1,15347.75,15347.75,15347.75,4267.85,0.233906061602543,1,0,4267.85,0,0
57,perCombination,1,closing,96,15,11932.2,0.2,1,15966,15966,15966,4033.8,0.221078592568234,1,0,4033.8,0,0
58,perCombination,1,closing,96,16,12784.5,0.2,1,16399.5,16399.5,16399.5,3615,0.198125616573496,1,0,3615,0,0
59,perCombination,1,closing,96,17,13636.8,0.2,1,16577.75,16577.75,16577.75,2940.95,0.161183273046147,1,0,2940.95,0,0
60,perCombination,1,closing,96,18,14489.1,0.2,1,16716.5,16716.5,16716.5,2227.4,0.122076071467719,1,0,2227.4,0,0
61,perCombination,1,closing,96,19,15341.4,0.2,1,16732.25,16732.25,16732.25,1390.85,0.0762276663378275,1,0,1390.85,0,0
62,perCombination,1,closing,96,20,16193.7,0.2,1,16789.5,16789.5,16789.5,595.799999999999,0.0326537323248931,1,0,595.799999999999,0,0
63,perCombination,1,closing,96,21,17046,0.2,1,17046,17046,17046,0,0,1,0,0,1,1
85,perCombination,1,closing,128,1,0,0.2,1,7999.5,7999.5,7999.5,7999.5,0.438424860243341,1,0,7999.5,0,0
86,perCombination,1,closing,128,2,858.6,0.2,1,9189.5,9189.5,9189.5,8330.9,0.456587745259235,1,0,8330.9,0,0
87,perCombination,1,closing,128,3,1717.2,0.2,1,9969.66666666667,9969.66666666667,9969.66666666667,8252.46666666667,0.452289086192407,1,0,8252.46666666667,0,0
88,perCombination,1,closing,128,4,2575.8,0.2,1,10746.8333333333,10746.8333333333,10746.8333333333,8171.03333333333,0.447826007526764,1,0,8171.03333333333,0,0
89,perCombination,1,closing,128,5,3434.4,0.2,1,11505.1666666667,11505.1666666667,11505.1666666667,8070.76666666667,0.442330739157441,1,0,8070.76666666667,0,0
90,perCombination,1,closing,128,6,4293,0.2,1,12236.1666666667,12236.1666666667,12236.1666666667,7943.16666666667,0.435337425554459,1,0,7943.16666666667,0,0
91,perCombination,1,closing,128,7,5151.6,0.2,1,12993.1666666667,12993.1666666667,12993.1666666667,7841.56666666667,0.429769081807885,1,0,7841.56666666667,0,0
92,perCombination,1,closing,128,8,6010.2,0.2,1,13722.5,13722.5,13722.5,7712.3,0.422684423983339,1,0,7712.3,0,0
93,perCombination,1,closing,128,9,6868.8,0.2,1,14464.6666666667,14464.6666666667,14464.6666666667,7595.86666666667,0.41630311666484,1,0,7595.86666666667,0,0
94,perCombination,1,closing,128,10,7727.4,0.2,1,15131,15131,15131,7403.6,0.405765647265154,1,0,7403.6,0,0
95,perCombination,1,closing,128,11,8586,0.2,1,15688.5,15688.5,15688.5,7102.5,0.389263400197304,1,0,7102.5,0,0
96,perCombination,1,closing,128,12,9444.6,0.2,1,16220.5,16220.5,16220.5,6775.9,0.371363586539516,1,0,6775.9,0,0
97,perCombination,1,closing,128,13,10303.2,0.2,1,16686.6666666667,16686.6666666667,16686.6666666667,6383.46666666667,0.349855676129928,1,0,6383.46666666667,0,0
98,perCombination,1,closing,128,14,11161.8,0.2,1,16922,16922,16922,5760.2,0.315696591033651,1,0,5760.2,0,0
99,perCombination,1,closing,128,15,12020.4,0.2,1,17099.6666666667,17099.6666666667,17099.6666666667,5079.26666666667,0.278376995871241,1,0,5079.26666666667,0,0
100,perCombination,1,closing,128,16,12879,0.2,1,17101,17101,17101,4222,0.231393182067302,1,0,4222,0,0
101,perCombination,1,closing,128,17,13737.6,0.2,1,17101,17101,17101,3363.4,0.184336292886112,1,0,3363.4,0,0
102,perCombination,1,closing,128,18,14596.2,0.2,1,17101,17101,17101,2504.8,0.137279403704922,1,0,2504.8,0,0
103,perCombination,1,closing,128,19,15454.8,0.2,1,17101,17101,17101,1646.2,0.0902225145237313,1,0,1646.2,0,0
104,perCombination,1,closing,128,20,16313.4,0.2,1,17101,17101,17101,787.6,0.0431656253425408,1,0,787.6,0,0
105,perCombination,1,closing,128,21,17172,0.2,1,17172,17172,17172,0,0,1,0,0,1,1
127,perCombination,1,closing,160,1,0,0.2,1,9023.8,9023.8,9023.8,9023.8,0.494563191932478,1,0,9023.8,0,0
128,perCombination,1,closing,160,2,860.05,0.2,1,10189.6,10189.6,10189.6,9329.55,0.511320289378494,1,0,9329.55,0,0
129,perCombination,1,closing,160,3,1720.1,0.2,1,10982.8,10982.8,10982.8,9262.7,0.50765647265154,1,0,9262.7,0,0
130,perCombination,1,closing,160,4,2580.15,0.2,1,11710.4,11710.4,11710.4,9130.25,0.500397347363806,1,0,9130.25,0,0
131,perCombination,1,closing,160,5,3440.2,0.2,1,12455.8,12455.8,12455.8,9015.6,0.494113778362381,1,0,9015.6,0,0
132,perCombination,1,closing,160,6,4300.25,0.2,1,13194.2,13194.2,13194.2,8893.95,0.487446563630385,1,0,8893.95,0,0
133,perCombination,1,closing,160,7,5160.3,0.2,1,13908.6,13908.6,13908.6,8748.3,0.479463992107859,1,0,8748.3,0,0
134,perCombination,1,closing,160,8,6020.35,0.2,1,14663.8,14663.8,14663.8,8643.45,0.473717527129234,1,0,8643.45,0,0
135,perCombination,1,closing,160,9,6880.4,0.2,1,15381,15381,15381,8500.6,0.465888413898937,1,0,8500.6,0,0
136,perCombination,1,closing,160,10,7740.45,0.2,1,16024.2,16024.2,16024.2,8283.75,0.454003617231174,1,0,8283.75,0,0
137,perCombination,1,closing,160,11,8600.5,0.2,1,16496,16496,16496,7895.5,0.432724980817713,1,0,7895.5,0,0
138,perCombination,1,closing,160,12,9460.55,0.2,1,16830.2,16830.2,16830.2,7369.65,0.403904965471884,1,0,7369.65,0,0
139,perCombination,1,closing,160,13,10320.6,0.2,1,16935.2,16935.2,16935.2,6614.6,0.362523292776499,1,0,6614.6,0,0
140,perCombination,1,closing,160,14,11180.65,0.2,1,17028.2,17028.2,17028.2,5847.55,0.320483941685849,1,0,5847.55,0,0
141,perCombination,1,closing,160,15,12040.7,0.2,1,17113.2,17113.2,17113.2,5072.5,0.278006138331689,1,0,5072.5,0,0
142,perCombination,1,closing,160,16,12900.75,0.2,1,17116.6,17116.6,17116.6,4215.85,0.231056121889729,1,0,4215.85,0,0
143,perCombination,1,closing,160,17,13760.8,0.2,1,17116.6,17116.6,17116.6,3355.8,0.183919763235778,1,0,3355.8,0,0
144,perCombination,1,closing,160,18,14620.85,0.2,1,17116.6,17116.6,17116.6,2495.75,0.136783404581826,1,0,2495.75,0,0
145,perCombination,1,closing,160,19,15480.9,0.2,1,17116.6,17116.6,17116.6,1635.7,0.0896470459278745,1,0,1635.7,0,0
146,perCombination,1,closing,160,20,16340.95,0.2,1,17116.6,17116.6,17116.6,775.649999999998,0.0425106872739229,1,0,775.649999999998,0,0
147,perCombination,1,closing,160,21,17201,0.2,1,17201,17201,17201,0,0,1,0,0,1,1
169,perCombination,1,closing,192,1,0,0.2,1,9863.66666666667,9863.66666666667,9863.66666666667,9863.66666666667,0.540593372063283,1,0,9863.66666666667,0,0
170,perCombination,1,closing,192,2,864.4,0.2,1,11039,11039,11039,10174.6,0.557634550038365,1,0,10174.6,0,0
171,perCombination,1,closing,192,3,1728.8,0.2,1,11831,11831,11831,10102.2,0.553666557053601,1,0,10102.2,0,0
172,perCombination,1,closing,192,4,2593.2,0.2,1,12678,12678,12678,10084.8,0.552712923380467,1,0,10084.8,0,0
173,perCombination,1,closing,192,5,3457.6,0.2,1,13458.3333333333,13458.3333333333,13458.3333333333,10000.7333333333,0.548105520844751,1,0,10000.7333333333,0,0
174,perCombination,1,closing,192,6,4322,0.2,1,14285.3333333333,14285.3333333333,14285.3333333333,9963.33333333333,0.546055756512843,1,0,9963.33333333333,0,0
175,perCombination,1,closing,192,7,5186.4,0.2,1,15099.6666666667,15099.6666666667,15099.6666666667,9913.26666666667,0.543311776097044,1,0,9913.26666666667,0,0
176,perCombination,1,closing,192,8,6050.8,0.2,1,15899,15899,15899,9848.2,0.539745697687164,1,0,9848.2,0,0
177,perCombination,1,closing,192,9,6915.2,0.2,1,16581.3333333333,16581.3333333333,16581.3333333333,9666.13333333333,0.529767254923453,1,0,9666.13333333333,0,0
178,perCombination,1,closing,192,10,7779.6,0.2,1,16916.3333333333,16916.3333333333,16916.3333333333,9136.73333333333,0.500752676385692,1,0,9136.73333333333,0,0
179,perCombination,1,closing,192,11,8644,0.2,1,17169,17169,17169,8525,0.467225693302642,1,0,8525,0,0
180,perCombination,1,closing,192,12,9508.4,0.2,1,17209,17209,17209,7700.6,0.422043187547956,1,0,7700.6,0,0
181,perCombination,1,closing,192,13,10372.8,0.2,1,17209,17209,17209,6836.2,0.374668420475721,1,0,6836.2,0,0
182,perCombination,1,closing,192,14,11237.2,0.2,1,17209,17209,17209,5971.8,0.327293653403486,1,0,5971.8,0,0
183,perCombination,1,closing,192,15,12101.6,0.2,1,17209,17209,17209,5107.4,0.279918886331251,1,0,5107.4,0,0
184,perCombination,1,closing,192,16,12966,0.2,1,17209,17209,17209,4243,0.232544119259016,1,0,4243,0,0
185,perCombination,1,closing,192,17,13830.4,0.2,1,17209,17209,17209,3378.6,0.185169352186781,1,0,3378.6,0,0
186,perCombination,1,closing,192,18,14694.8,0.2,1,17209,17209,17209,2514.2,0.137794585114546,1,0,2514.2,0,0
187,perCombination,1,closing,192,19,15559.2,0.2,1,17209,17209,17209,1649.8,0.0904198180423106,1,0,1649.8,0,0
188,perCombination,1,closing,192,20,16423.6,0.2,1,17209,17209,17209,785.400000000001,0.0430450509700757,1,0,785.400000000001,0,0
189,perCombination,1,closing,192,21,17288,0.2,1,17288,17288,17288,0,0,1,0,0,1,1
211,perCombination,1,closing,224,1,0,0.2,1,10436.8333333333,10436.8333333333,10436.8333333333,10436.8333333333,0.57200664985933,1,0,10436.8333333333,0,0
212,perCombination,1,closing,224,2,864.1,0.2,1,11599.6666666667,11599.6666666667,11599.6666666667,10735.5666666667,0.588379188132559,1,0,10735.5666666667,0,0
213,perCombination,1,closing,224,3,1728.2,0.2,1,12441.8333333333,12441.8333333333,12441.8333333333,10713.6333333333,0.587177098176769,1,0,10713.6333333333,0,0
214,perCombination,1,closing,224,4,2592.3,0.2,1,13277.6666666667,13277.6666666667,13277.6666666667,10685.3666666667,0.585627900179035,1,0,10685.3666666667,0,0
215,perCombination,1,closing,224,5,3456.4,0.2,1,14054.3333333333,14054.3333333333,14054.3333333333,10597.9333333333,0.580835982315759,1,0,10597.9333333333,0,0
216,perCombination,1,closing,224,6,4320.5,0.2,1,14862.3333333333,14862.3333333333,14862.3333333333,10541.8333333333,0.577761335817896,1,0,10541.8333333333,0,0
217,perCombination,1,closing,224,7,5184.6,0.2,1,15653.8333333333,15653.8333333333,15653.8333333333,10469.2333333333,0.573782381526545,1,0,10469.2333333333,0,0
218,perCombination,1,closing,224,8,6048.7,0.2,1,16436.6666666667,16436.6666666667,16436.6666666667,10387.9666666667,0.569328437283057,1,0,10387.9666666667,0,0
219,perCombination,1,closing,224,9,6912.8,0.2,1,16967,16967,16967,10054.2,0.551035843472542,1,0,10054.2,0,0
220,perCombination,1,closing,224,10,7776.9,0.2,1,17094.6666666667,17094.6666666667,17094.6666666667,9317.76666666667,0.510674485732033,1,0,9317.76666666667,0,0
221,perCombination,1,closing,224,11,8641,0.2,1,17210.5,17210.5,17210.5,8569.5,0.469664584018415,1,0,8569.5,0,0
222,perCombination,1,closing,224,12,9505.1,0.2,1,17213.8333333333,17213.8333333333,17213.8333333333,7708.73333333333,0.422488947349191,1,0,7708.73333333333,0,0
223,perCombination,1,closing,224,13,10369.2,0.2,1,17213.8333333333,17213.8333333333,17213.8333333333,6844.63333333333,0.375130622236837,1,0,6844.63333333333,0,0
224,perCombination,1,closing,224,14,11233.3,0.2,1,17213.8333333333,17213.8333333333,17213.8333333333,5980.53333333333,0.327772297124484,1,0,5980.53333333333,0,0
225,perCombination,1,closing,224,15,12097.4,0.2,1,17213.8333333333,17213.8333333333,17213.8333333333,5116.43333333333,0.28041397201213,1,0,5116.43333333333,0,0
226,perCombination,1,closing,224,16,12961.5,0.2,1,17213.8333333333,17213.8333333333,17213.8333333333,4252.33333333333,0.233055646899777,1,0,4252.33333333333,0,0
227,perCombination,1,closing,224,17,13825.6,0.2,1,17213.8333333333,17213.8333333333,17213.8333333333,3388.23333333333,0.185697321787424,1,0,3388.23333333333,0,0
228,perCombination,1,closing,224,18,14689.7,0.2,1,17213.8333333333,17213.8333333333,17213.8333333333,2524.13333333333,0.13833899667507,1,0,2524.13333333333,0,0
229,perCombination,1,closing,224,19,15553.8,0.2,1,17213.8333333333,17213.8333333333,17213.8333333333,1660.03333333333,0.0909806715627169,1,0,1660.03333333333,0,0
230,perCombination,1,closing,224,20,16417.9,0.2,1,17213.8333333333,17213.8333333333,17213.8333333333,795.933333333331,0.0436223464503634,1,0,795.933333333331,0,0
231,perCombination,1,closing,224,21,17282,0.2,1,17282,17282,17282,0,0,1,0,0,1,1
253,perCombination,1,closing,255,1,0,0.2,1,11176.6666666667,11176.6666666667,11176.6666666667,11176.6666666667,0.612554349811831,1,0,11176.6666666667,0,0
254,perCombination,1,closing,255,2,868.75,0.2,1,12353,12353,12353,11484.25,0.629411925901567,1,0,11484.25,0,0
255,perCombination,1,closing,255,3,1737.5,0.2,1,13184.5,13184.5,13184.5,11447,0.6273703825496,1,0,11447,0,0
256,perCombination,1,closing,255,4,2606.25,0.2,1,14008.5,14008.5,14008.5,11402.25,0.624917790200592,1,0,11402.25,0,0
257,perCombination,1,closing,255,5,3475,0.2,1,14824.6666666667,14824.6666666667,14824.6666666667,11349.6666666667,0.62203588001023,1,0,11349.6666666667,0,0
258,perCombination,1,closing,255,6,4343.75,0.2,1,15576,15576,15576,11232.25,0.615600679601008,1,0,11232.25,0,0
259,perCombination,1,closing,255,7,5212.5,0.2,1,16352.3333333333,16352.3333333333,16352.3333333333,11139.8333333333,0.610535642515254,1,0,11139.8333333333,0,0
260,perCombination,1,closing,255,8,6081.25,0.2,1,16948.6666666667,16948.6666666667,16948.6666666667,10867.4166666667,0.59560542950053,1,0,10867.4166666667,0,0
261,perCombination,1,closing,255,9,6950,0.2,1,17156.5,17156.5,17156.5,10206.5,0.55938287843911,1,0,10206.5,0,0
262,perCombination,1,closing,255,10,7818.75,0.2,1,17246.5,17246.5,17246.5,9427.75,0.516702290913077,1,0,9427.75,0,0
263,perCombination,1,closing,255,11,8687.5,0.2,1,17246.5,17246.5,17246.5,8559,0.469089115422558,1,0,8559,0,0
264,perCombination,1,closing,255,12,9556.25,0.2,1,17246.5,17246.5,17246.5,7690.25,0.42147593993204,1,0,7690.25,0,0
265,perCombination,1,closing,255,13,10425,0.2,1,17246.5,17246.5,17246.5,6821.5,0.373862764441521,1,0,6821.5,0,0
266,perCombination,1,closing,255,14,11293.75,0.2,1,17246.5,17246.5,17246.5,5952.75,0.326249588951003,1,0,5952.75,0,0
267,perCombination,1,closing,255,15,12162.5,0.2,1,17246.5,17246.5,17246.5,5084,0.278636413460485,1,0,5084,0,0
268,perCombination,1,closing,255,16,13031.25,0.2,1,17246.5,17246.5,17246.5,4215.25,0.231023237969966,1,0,4215.25,0,0
269,perCombination,1,closing,255,17,13900,0.2,1,17246.5,17246.5,17246.5,3346.5,0.183410062479448,1,0,3346.5,0,0
270,perCombination,1,closing,255,18,14768.75,0.2,1,17246.5,17246.5,17246.5,2477.75,0.135796886988929,1,0,2477.75,0,0
271,perCombination,1,closing,255,19,15637.5,0.2,1,17246.5,17246.5,17246.5,1609,0.0881837114984106,1,0,1609,0,0
272,perCombination,1,closing,255,20,16506.25,0.2,1,17246.5,17246.5,17246.5,740.25,0.0405705360078921,1,0,740.25,0,0
273,perCombination,1,closing,255,21,17375,0.2,1,17375,17375,17375,0,0,1,0,0,1,1
295,perCombination,1,opening,-64,1,-194,0.2,1,-194,-194,-194,0,0,1,0,-0,1,1
296,perCombination,1,opening,-64,2,666.5,0.2,1,-145.333333333333,-145.333333333333,-145.333333333333,-811.833333333333,0.0444937703240893,1,0,811.833333333333,0,0
297,perCombination,1,opening,-64,3,1527,0.2,1,-145.333333333333,-145.333333333333,-145.333333333333,-1672.33333333333,0.0916547919178633,1,0,1672.33333333333,0,0
298,perCombination,1,opening,-64,4,2387.5,0.2,1,110.666666666667,110.666666666667,110.666666666667,-2276.83333333333,0.124785341079323,1,0,2276.83333333333,0,0
299,perCombination,1,opening,-64,5,3248,0.2,1,403,403,403,-2845,0.155924586210676,1,0,2845,0,0
300,perCombination,1,opening,-64,6,4108.5,0.2,1,694.333333333333,694.333333333333,694.333333333333,-3414.16666666667,0.187118637874968,1,0,3414.16666666667,0,0
301,perCombination,1,opening,-64,7,4969,0.2,1,982.333333333333,982.333333333333,982.333333333333,-3986.66666666667,0.218495377982389,1,0,3986.66666666667,0,0
302,perCombination,1,opening,-64,8,5829.5,0.2,1,1431.66666666667,1431.66666666667,1431.66666666667,-4397.83333333333,0.241029997442362,1,0,4397.83333333333,0,0
303,perCombination,1,opening,-64,9,6690,0.2,1,2047,2047,2047,-4643,0.254466732434506,1,0,4643,0,0
304,perCombination,1,opening,-64,10,7550.5,0.2,1,2737.66666666667,2737.66666666667,2737.66666666667,-4812.83333333333,0.263774708611933,1,0,4812.83333333333,0,0
305,perCombination,1,opening,-64,11,8411,0.2,1,3634.66666666667,3634.66666666667,3634.66666666667,-4776.33333333333,0.26177427015967,1,0,4776.33333333333,0,0
306,perCombination,1,opening,-64,12,9271.5,0.2,1,4524.66666666667,4524.66666666667,4524.66666666667,-4746.83333333333,0.260157477437977,1,0,4746.83333333333,0,0
307,perCombination,1,opening,-64,13,10132,0.2,1,5438.66666666667,5438.66666666667,5438.66666666667,-4693.33333333333,0.257225327925755,1,0,4693.33333333333,0,0
308,perCombination,1,opening,-64,14,10992.5,0.2,1,6353.33333333333,6353.33333333333,6353.33333333333,-4639.16666666667,0.254256640724908,1,0,4639.16666666667,0,0
309,perCombination,1,opening,-64,15,11853,0.2,1,7256.66666666667,7256.66666666667,7256.66666666667,-4596.33333333333,0.251909094230699,1,0,4596.33333333333,0,0
310,perCombination,1,opening,-64,16,12713.5,0.2,1,8166.66666666667,8166.66666666667,8166.66666666667,-4546.83333333333,0.249196170850232,1,0,4546.83333333333,0,0
311,perCombination,1,opening,-64,17,13574,0.2,1,9067,9067,9067,-4507,0.247013043954839,1,0,4507,0,0
312,perCombination,1,opening,-64,18,14434.5,0.2,1,10362,10362,10362,-4072.5,0.223199605392963,1,0,4072.5,0,0
313,perCombination,1,opening,-64,19,15295,0.2,1,10362,10362,10362,-4933,0.270360626986737,1,0,4933,0,0
314,perCombination,1,opening,-64,20,16155.5,0.2,1,10362,10362,10362,-5793.5,0.317521648580511,1,0,5793.5,0,0
315,perCombination,1,opening,-64,21,17016,0.2,1,10362,10362,10362,-6654,0.364682670174285,1,0,6654,0,0
337,perCombination,1,opening,-96,1,-368,0.2,1,-368,-368,-368,0,0,1,0,-0,1,1
338,perCombination,1,opening,-96,2,502.7,0.2,1,-320,-320,-320,-822.7,0.0450893346486901,1,0,822.7,0,0
339,perCombination,1,opening,-96,3,1373.4,0.2,1,-320,-320,-320,-1693.4,0.0928093828784391,1,0,1693.4,0,0
340,perCombination,1,opening,-96,4,2244.1,0.2,1,-320,-320,-320,-2564.1,0.140529431108188,1,0,2564.1,0,0
341,perCombination,1,opening,-96,5,3114.8,0.2,1,-320,-320,-320,-3434.8,0.188249479337937,1,0,3434.8,0,0
342,perCombination,1,opening,-96,6,3985.5,0.2,1,-320,-320,-320,-4305.5,0.235969527567686,1,0,4305.5,0,0
343,perCombination,1,opening,-96,7,4856.2,0.2,1,-320,-320,-320,-5176.2,0.283689575797435,1,0,5176.2,0,0
344,perCombination,1,opening,-96,8,5726.9,0.2,1,-320,-320,-320,-6046.9,0.331409624027184,1,0,6046.9,0,0
345,perCombination,1,opening,-96,9,6597.6,0.2,1,-301.75,-301.75,-301.75,-6899.35,0.378129453030801,1,0,6899.35,0,0
346,perCombination,1,opening,-96,10,7468.3,0.2,1,-71.5,-71.5,-71.5,-7539.8,0.413230297051409,1,0,7539.8,0,0
347,perCombination,1,opening,-96,11,8339,0.2,1,395.5,395.5,395.5,-7943.5,0.435355694398772,1,0,7943.5,0,0
348,perCombination,1,opening,-96,12,9209.7,0.2,1,1336.75,1336.75,1336.75,-7872.95,0.431489093499945,1,0,7872.95,0,0
349,perCombination,1,opening,-96,13,10080.4,0.2,1,2256.25,2256.25,2256.25,-7824.15,0.428814534692535,1,0,7824.15,0,0
350,perCombination,1,opening,-96,14,10951.1,0.2,1,3173.25,3173.25,3173.25,-7777.85,0.426276992217472,1,0,7777.85,0,0
351,perCombination,1,opening,-96,15,11821.8,0.2,1,4125.75,4125.75,4125.75,-7696.05,0.421793817823084,1,0,7696.05,0,0
352,perCombination,1,opening,-96,16,12692.5,0.2,1,5078.25,5078.25,5078.25,-7614.25,0.417310643428697,1,0,7614.25,0,0
353,perCombination,1,opening,-96,17,13563.2,0.2,1,6027.25,6027.25,6027.25,-7535.95,0.413019291899594,1,0,7535.95,0,0
354,perCombination,1,opening,-96,18,14433.9,0.2,1,6975,6975,6975,-7458.9,0.408796448536666,1,0,7458.9,0,0
355,perCombination,1,opening,-96,19,15304.6,0.2,1,7909.5,7909.5,7909.5,-7395.1,0.405299791735175,1,0,7395.1,0,0
356,perCombination,1,opening,-96,20,16175.3,0.2,1,8898,8898,8898,-7277.3,0.398843582154993,1,0,7277.3,0,0
357,perCombination,1,opening,-96,21,17046,0.2,1,9800.75,9800.75,9800.75,-7245.25,0.397087032774307,1,0,7245.25,0,0
379,perCombination,1,opening,-128,1,-557,0.2,1,-557,-557,-557,0,0,1,0,-0,1,1
380,perCombination,1,opening,-128,2,329.45,0.2,1,-493,-493,-493,-822.45,0.0450756330154554,1,0,822.45,0,0
381,perCombination,1,opening,-128,3,1215.9,0.2,1,-493,-493,-493,-1708.9,0.0936588841389894,1,0,1708.9,0,0
382,perCombination,1,opening,-128,4,2102.35,0.2,1,-493,-493,-493,-2595.35,0.142242135262523,1,0,2595.35,0,0
383,perCombination,1,opening,-128,5,2988.8,0.2,1,-493,-493,-493,-3481.8,0.190825386386057,1,0,3481.8,0,0
384,perCombination,1,opening,-128,6,3875.25,0.2,1,-493,-493,-493,-4368.25,0.239408637509591,1,0,4368.25,0,0
385,perCombination,1,opening,-128,7,4761.7,0.2,1,-493,-493,-493,-5254.7,0.287991888633125,1,0,5254.7,0,0
386,perCombination,1,opening,-128,8,5648.15,0.2,1,-493,-493,-493,-6141.15,0.336575139756659,1,0,6141.15,0,0
387,perCombination,1,opening,-128,9,6534.6,0.2,1,-493,-493,-493,-7027.6,0.385158390880193,1,0,7027.6,0,0
388,perCombination,1,opening,-128,10,7421.05,0.2,1,-484.5,-484.5,-484.5,-7905.55,0.433275786473748,1,0,7905.55,0,0
389,perCombination,1,opening,-128,11,8307.5,0.2,1,-361.666666666667,-361.666666666667,-361.666666666667,-8669.16666666667,0.475126968467975,1,0,8669.16666666667,0,0
390,perCombination,1,opening,-128,12,9193.95,0.2,1,-92.1666666666667,-92.1666666666667,-92.1666666666667,-9286.11666666667,0.508939858964522,1,0,9286.11666666667,0,0
391,perCombination,1,opening,-128,13,10080.4,0.2,1,487.166666666667,487.166666666667,487.166666666667,-9593.23333333333,0.52577185867222,1,0,9593.23333333333,0,0
392,perCombination,1,opening,-128,14,10966.85,0.2,1,1355.33333333333,1355.33333333333,1355.33333333333,-9611.51666666667,0.526773904782783,1,0,9611.51666666667,0,0
393,perCombination,1,opening,-128,15,11853.3,0.2,1,2287.83333333333,2287.83333333333,2287.83333333333,-9565.46666666667,0.524250063940955,1,0,9565.46666666667,0,0
394,perCombination,1,opening,-128,16,12739.75,0.2,1,3268.5,3268.5,3268.5,-9471.25,0.519086375095911,1,0,9471.25,0,0
395,perCombination,1,opening,-128,17,13626.2,0.2,1,4196.66666666667,4196.66666666667,4196.66666666667,-9429.53333333333,0.516800029230151,1,0,9429.53333333333,0,0
396,perCombination,1,opening,-128,18,14512.65,0.2,1,5170,5170,5170,-9342.65,0.512038254959991,1,0,9342.65,0,0
397,perCombination,1,opening,-128,19,15399.1,0.2,1,6141.66666666667,6141.66666666667,6141.66666666667,-9257.43333333333,0.507367824911396,1,0,9257.43333333333,0,0
398,perCombination,1,opening,-128,20,16285.55,0.2,1,7108.83333333333,7108.83333333333,7108.83333333333,-9176.71666666667,0.502944024261025,1,0,9176.71666666667,0,0
399,perCombination,1,opening,-128,21,17172,0.2,1,8448.83333333333,8448.83333333333,8448.83333333333,-8723.16666666667,0.478086521246666,1,0,8723.16666666667,0,0
421,perCombination,1,opening,-160,1,-688,0.2,1,-688,-688,-688,0,0,1,0,-0,1,1
422,perCombination,1,opening,-160,2,206.4,0.2,1,-595.8,-595.8,-595.8,-802.2,0.0439658007234462,1,0,802.2,0,0
423,perCombination,1,opening,-160,3,1100.8,0.2,1,-595.8,-595.8,-595.8,-1696.6,0.092984763783843,1,0,1696.6,0,0
424,perCombination,1,opening,-160,4,1995.2,0.2,1,-595.8,-595.8,-595.8,-2591,0.14200372684424,1,0,2591,0,0
425,perCombination,1,opening,-160,5,2889.6,0.2,1,-595.8,-595.8,-595.8,-3485.4,0.191022689904637,1,0,3485.4,0,0
426,perCombination,1,opening,-160,6,3784,0.2,1,-595.8,-595.8,-595.8,-4379.8,0.240041652965033,1,0,4379.8,0,0
427,perCombination,1,opening,-160,7,4678.4,0.2,1,-595.8,-595.8,-595.8,-5274.2,0.28906061602543,1,0,5274.2,0,0
428,perCombination,1,opening,-160,8,5572.8,0.2,1,-595.8,-595.8,-595.8,-6168.6,0.338079579085827,1,0,6168.6,0,0
429,perCombination,1,opening,-160,9,6467.2,0.2,1,-595.8,-595.8,-595.8,-7063,0.387098542146224,1,0,7063,0,0
430,perCombination,1,opening,-160,10,7361.6,0.2,1,-595.8,-595.8,-595.8,-7957.4,0.436117505206621,1,0,7957.4,0,0
431,perCombination,1,opening,-160,11,8256,0.2,1,-588.4,-588.4,-588.4,-8844.4,0.484730899923271,1,0,8844.4,0,0
432,perCombination,1,opening,-160,12,9150.4,0.2,1,-483.4,-483.4,-483.4,-9633.8,0.527995177025101,1,0,9633.8,0,0
433,perCombination,1,opening,-160,13,10044.8,0.2,1,-263.4,-263.4,-263.4,-10308.2,0.564956702838978,1,0,10308.2,0,0
434,perCombination,1,opening,-160,14,10939.2,0.2,1,322.8,322.8,322.8,-10616.4,0.581848076290694,1,0,10616.4,0,0
435,perCombination,1,opening,-160,15,11833.6,0.2,1,1192.2,1192.2,1192.2,-10641.4,0.583218239614162,1,0,10641.4,0,0
436,perCombination,1,opening,-160,16,12728,0.2,1,2163.2,2163.2,2163.2,-10564.8,0.579020059191055,1,0,10564.8,0,0
437,perCombination,1,opening,-160,17,13622.4,0.2,1,3079.8,3079.8,3079.8,-10542.6,0.577803354159816,1,0,10542.6,0,0
438,perCombination,1,opening,-160,18,14516.8,0.2,1,4049.6,4049.6,4049.6,-10467.2,0.573670941576236,1,0,10467.2,0,0
439,perCombination,1,opening,-160,19,15411.2,0.2,1,5018.6,5018.6,5018.6,-10392.6,0.569582374219007,1,0,10392.6,0,0
440,perCombination,1,opening,-160,20,16305.6,0.2,1,5983.8,5983.8,5983.8,-10321.8,0.565702071686945,1,0,10321.8,0,0
441,perCombination,1,opening,-160,21,17200,0.2,1,7267.2,7267.2,7267.2,-9932.8,0.54438233037378,1,0,9932.8,0,0
463,perCombination,1,opening,-192,1,-707,0.2,1,-707,-707,-707,0,0,1,0,-0,1,1
464,perCombination,1,opening,-192,2,192.75,0.2,1,-659.25,-659.25,-659.25,-852,0.0466951660637948,1,0,852,0,0
465,perCombination,1,opening,-192,3,1092.5,0.2,1,-659.25,-659.25,-659.25,-1751.75,0.0960073440754138,1,0,1751.75,0,0
466,perCombination,1,opening,-192,4,1992.25,0.2,1,-659.25,-659.25,-659.25,-2651.5,0.145319522087033,1,0,2651.5,0,0
467,perCombination,1,opening,-192,5,2892,0.2,1,-659.25,-659.25,-659.25,-3551.25,0.194631700098652,1,0,3551.25,0,0
468,perCombination,1,opening,-192,6,3791.75,0.2,1,-659.25,-659.25,-659.25,-4451,0.243943878110271,1,0,4451,0,0
469,perCombination,1,opening,-192,7,4691.5,0.2,1,-659.25,-659.25,-659.25,-5350.75,0.29325605612189,1,0,5350.75,0,0
470,perCombination,1,opening,-192,8,5591.25,0.2,1,-659.25,-659.25,-659.25,-6250.5,0.342568234133509,1,0,6250.5,0,0
471,perCombination,1,opening,-192,9,6491,0.2,1,-659.25,-659.25,-659.25,-7150.25,0.391880412145128,1,0,7150.25,0,0
472,perCombination,1,opening,-192,10,7390.75,0.2,1,-659.25,-659.25,-659.25,-8050,0.441192590156747,1,0,8050,0,0
473,perCombination,1,opening,-192,11,8290.5,0.2,1,-659.25,-659.25,-659.25,-8949.75,0.490504768168366,1,0,8949.75,0,0
474,perCombination,1,opening,-192,12,9190.25,0.2,1,-659.25,-659.25,-659.25,-9849.5,0.539816946179985,1,0,9849.5,0,0
475,perCombination,1,opening,-192,13,10090,0.2,1,-658,-658,-658,-10748,0.58906061602543,1,0,10748,0,0
476,perCombination,1,opening,-192,14,10989.75,0.2,1,-504.75,-504.75,-504.75,-11494.5,0.629973692864189,1,0,11494.5,0,0
477,perCombination,1,opening,-192,15,11889.5,0.2,1,218.5,218.5,218.5,-11671,0.639647045927875,1,0,11671,0,0
478,perCombination,1,opening,-192,16,12789.25,0.2,1,1160.75,1160.75,1160.75,-11628.5,0.637317768277979,1,0,11628.5,0,0
479,perCombination,1,opening,-192,17,13689,0.2,1,2112.5,2112.5,2112.5,-11576.5,0.634467828565165,1,0,11576.5,0,0
480,perCombination,1,opening,-192,18,14588.75,0.2,1,3126,3126,3126,-11462.75,0.628233585443385,1,0,11462.75,0,0
481,perCombination,1,opening,-192,19,15488.5,0.2,1,4082,4082,4082,-11406.5,0.625150717965582,1,0,11406.5,0,0
482,perCombination,1,opening,-192,20,16388.25,0.2,1,5038,5038,5038,-11350.25,0.622067850487778,1,0,11350.25,0,0
483,perCombination,1,opening,-192,21,17288,0.2,1,6347.75,6347.75,6347.75,-10940.25,0.5995971719829,1,0,10940.25,0,0
505,perCombination,1,opening,-224,1,-788,0.2,1,-788,-788,-788,0,0,1,0,-0,1,1
506,perCombination,1,opening,-224,2,115.45,0.2,1,-706.333333333333,-706.333333333333,-706.333333333333,-821.783333333333,0.0450390953268296,1,0,821.783333333333,0,0
507,perCombination,1,opening,-224,3,1018.9,0.2,1,-706.333333333333,-706.333333333333,-706.333333333333,-1725.23333333333,0.0945540575103219,1,0,1725.23333333333,0,0
508,perCombination,1,opening,-224,4,1922.35,0.2,1,-706.333333333333,-706.333333333333,-706.333333333333,-2628.68333333333,0.144069019693814,1,0,2628.68333333333,0,0
509,perCombination,1,opening,-224,5,2825.8,0.2,1,-706.333333333333,-706.333333333333,-706.333333333333,-3532.13333333333,0.193583981877306,1,0,3532.13333333333,0,0
510,perCombination,1,opening,-224,6,3729.25,0.2,1,-706.333333333333,-706.333333333333,-706.333333333333,-4435.58333333333,0.243098944060799,1,0,4435.58333333333,0,0
511,perCombination,1,opening,-224,7,4632.7,0.2,1,-706.333333333333,-706.333333333333,-706.333333333333,-5339.03333333333,0.292613906244291,1,0,5339.03333333333,0,0
512,perCombination,1,opening,-224,8,5536.15,0.2,1,-706.333333333333,-706.333333333333,-706.333333333333,-6242.48333333333,0.342128868427783,1,0,6242.48333333333,0,0
513,perCombination,1,opening,-224,9,6439.6,0.2,1,-706.333333333333,-706.333333333333,-706.333333333333,-7145.93333333333,0.391643830611276,1,0,7145.93333333333,0,0
514,perCombination,1,opening,-224,10,7343.05,0.2,1,-706.333333333333,-706.333333333333,-706.333333333333,-8049.38333333333,0.441158792794768,1,0,8049.38333333333,0,0
515,perCombination,1,opening,-224,11,8246.5,0.2,1,-706.333333333333,-706.333333333333,-706.333333333333,-8952.83333333333,0.49067375497826,1,0,8952.83333333333,0,0
516,perCombination,1,opening,-224,12,9149.95,0.2,1,-706.333333333333,-706.333333333333,-706.333333333333,-9856.28333333333,0.540188717161752,1,0,9856.28333333333,0,0
517,perCombination,1,opening,-224,13,10053.4,0.2,1,-706.333333333333,-706.333333333333,-706.333333333333,-10759.7333333333,0.589703679345245,1,0,10759.7333333333,0,0
518,perCombination,1,opening,-224,14,10956.85,0.2,1,-650.666666666667,-650.666666666667,-650.666666666667,-11607.5166666667,0.636167744528481,1,0,11607.5166666667,0,0
519,perCombination,1,opening,-224,15,11860.3,0.2,1,-237.666666666667,-237.666666666667,-237.666666666667,-12097.9666666667,0.663047608608279,1,0,12097.9666666667,0,0
520,perCombination,1,opening,-224,16,12763.75,0.2,1,573.666666666667,573.666666666667,573.666666666667,-12190.0833333333,0.668096203734152,1,0,12190.0833333333,0,0
521,perCombination,1,opening,-224,17,13667.2,0.2,1,1596.83333333333,1596.83333333333,1596.83333333333,-12070.3666666667,0.661534948299171,1,0,12070.3666666667,0,0
522,perCombination,1,opening,-224,18,14570.65,0.2,1,2556.16666666667,2556.16666666667,2556.16666666667,-12014.4833333333,0.658472176550111,1,0,12014.4833333333,0,0
523,perCombination,1,opening,-224,19,15474.1,0.2,1,3546.5,3546.5,3546.5,-11927.6,0.653710402279952,1,0,11927.6,0,0
524,perCombination,1,opening,-224,20,16377.55,0.2,1,4535.83333333333,4535.83333333333,4535.83333333333,-11841.7166666667,0.649003434542731,1,0,11841.7166666667,0,0
525,perCombination,1,opening,-224,21,17281,0.2,1,5833.66666666667,5833.66666666667,5833.66666666667,-11447.3333333333,0.627388651393913,1,0,11447.3333333333,0,0
547,perCombination,1,opening,-255,1,-871,0.2,1,-871,-871,-871,0,0,1,0,-0,1,1
548,perCombination,1,opening,-255,2,41.3,0.2,1,-788.666666666667,-788.666666666667,-788.666666666667,-829.966666666667,0.0454875954547115,1,0,829.966666666667,0,0
549,perCombination,1,opening,-255,3,953.6,0.2,1,-788.666666666667,-788.666666666667,-788.666666666667,-1742.26666666667,0.0954875954547115,1,0,1742.26666666667,0,0
550,perCombination,1,opening,-255,4,1865.9,0.2,1,-788.666666666667,-788.666666666667,-788.666666666667,-2654.56666666667,0.145487595454712,1,0,2654.56666666667,0,0
551,perCombination,1,opening,-255,5,2778.2,0.2,1,-788.666666666667,-788.666666666667,-788.666666666667,-3566.86666666667,0.195487595454712,1,0,3566.86666666667,0,0
552,perCombination,1,opening,-255,6,3690.5,0.2,1,-788.666666666667,-788.666666666667,-788.666666666667,-4479.16666666667,0.245487595454712,1,0,4479.16666666667,0,0
553,perCombination,1,opening,-255,7,4602.8,0.2,1,-788.666666666667,-788.666666666667,-788.666666666667,-5391.46666666667,0.295487595454712,1,0,5391.46666666667,0,0
554,perCombination,1,opening,-255,8,5515.1,0.2,1,-788.666666666667,-788.666666666667,-788.666666666667,-6303.76666666667,0.345487595454712,1,0,6303.76666666667,0,0
555,perCombination,1,opening,-255,9,6427.4,0.2,1,-788.666666666667,-788.666666666667,-788.666666666667,-7216.06666666667,0.395487595454712,1,0,7216.06666666667,0,0
556,perCombination,1,opening,-255,10,7339.7,0.2,1,-788.666666666667,-788.666666666667,-788.666666666667,-8128.36666666667,0.445487595454712,1,0,8128.36666666667,0,0
557,perCombination,1,opening,-255,11,8252,0.2,1,-788.666666666667,-788.666666666667,-788.666666666667,-9040.66666666667,0.495487595454711,1,0,9040.66666666667,0,0
558,perCombination,1,opening,-255,12,9164.3,0.2,1,-788.666666666667,-788.666666666667,-788.666666666667,-9952.96666666667,0.545487595454711,1,0,9952.96666666667,0,0
559,perCombination,1,opening,-255,13,10076.6,0.2,1,-788.666666666667,-788.666666666667,-788.666666666667,-10865.2666666667,0.595487595454712,1,0,10865.2666666667,0,0
560,perCombination,1,opening,-255,14,10988.9,0.2,1,-787.833333333333,-787.833333333333,-787.833333333333,-11776.7333333333,0.645441923343929,1,0,11776.7333333333,0,0
561,perCombination,1,opening,-255,15,11901.2,0.2,1,-642.333333333333,-642.333333333333,-642.333333333333,-12543.5333333333,0.687467572801345,1,0,12543.5333333333,0,0
562,perCombination,1,opening,-255,16,12813.5,0.2,1,-17.6666666666667,-17.6666666666667,-17.6666666666667,-12831.1666666667,0.703231758558953,1,0,12831.1666666667,0,0
563,perCombination,1,opening,-255,17,13725.8,0.2,1,875.666666666667,875.666666666667,875.666666666667,-12850.1333333333,0.704271255800358,1,0,12850.1333333333,0,0
564,perCombination,1,opening,-255,18,14638.1,0.2,1,1851.16666666667,1851.16666666667,1851.16666666667,-12786.9333333333,0.700807482918631,1,0,12786.9333333333,0,0
565,perCombination,1,opening,-255,19,15550.4,0.2,1,2825.83333333333,2825.83333333333,2825.83333333333,-12724.5666666667,0.697389382147685,1,0,12724.5666666667,0,0
566,perCombination,1,opening,-255,20,16462.7,0.2,1,3801,3801,3801,-12661.7,0.693943878110271,1,0,12661.7,0,0
567,perCombination,1,opening,-255,21,17375,0.2,1,5034.33333333333,5034.33333333333,5034.33333333333,-12340.6666666667,0.676349154152508,1,0,12340.6666666667,0,0
589,perCombination,2,closing,64,1,0,0.2,1,1868.33333333333,1868.33333333333,1868.33333333333,1868.33333333333,0.256006211747511,1,0,1868.33333333333,0,0
590,perCombination,2,closing,64,2,263.25,0.2,1,2081,2081,2081,1817.75,0.249075089065497,1,0,1817.75,0,0
591,perCombination,2,closing,64,3,526.5,0.2,1,2175.66666666667,2175.66666666667,2175.66666666667,1649.16666666667,0.225975153009957,1,0,1649.16666666667,0,0
592,perCombination,2,closing,64,4,789.75,0.2,1,2252,2252,2252,1462.25,0.200363113181694,1,0,1462.25,0,0
593,perCombination,2,closing,64,5,1053,0.2,1,2312.33333333333,2312.33333333333,2312.33333333333,1259.33333333333,0.172558691879054,1,0,1259.33333333333,0,0
594,perCombination,2,closing,64,6,1316.25,0.2,1,2362.33333333333,2362.33333333333,2362.33333333333,1046.08333333333,0.143338357540879,1,0,1046.08333333333,0,0
595,perCombination,2,closing,64,7,1579.5,0.2,1,2402,2402,2402,822.5,0.112702110167169,1,0,822.5,0,0
596,perCombination,2,closing,64,8,1842.75,0.2,1,2426.66666666667,2426.66666666667,2426.66666666667,583.916666666667,0.0800105051612314,1,0,583.916666666667,0,0
597,perCombination,2,closing,64,9,2106,0.2,1,2434.33333333333,2434.33333333333,2434.33333333333,328.333333333333,0.0449894948387686,1,0,328.333333333333,0,0
598,perCombination,2,closing,64,10,2369.25,0.2,1,2473,2473,2473,103.75,0.0142162236229104,1,0,103.75,0,0
599,perCombination,2,closing,64,11,2632.5,0.2,1,2703.66666666667,2703.66666666667,2703.66666666667,71.1666666666665,0.00975153009957064,1,0,71.1666666666665,0,0
600,perCombination,2,closing,64,12,2895.75,0.2,1,3238,3238,3238,342.25,0.0468964099753357,1,0,342.25,0,0
601,perCombination,2,closing,64,13,3159,0.2,1,3522.66666666667,3522.66666666667,3522.66666666667,363.666666666667,0.0498310039280168,1,0,363.666666666667,0,0
602,perCombination,2,closing,64,14,3422.25,0.2,1,3598,3598,3598,175.75,0.0240819402576048,1,0,175.75,0,0
603,perCombination,2,closing,64,15,3685.5,0.2,1,3685.5,3685.5,3685.5,0,0,1,0,0,1,1
604,perCombination,2,closing,64,16,3948.75,0.2,1,3948.75,3948.75,3948.75,0,0,1,0,0,1,1
605,perCombination,2,closing,64,17,4212,0.2,1,4212,4212,4212,0,0,1,0,0,1,1
606,perCombination,2,closing,64,18,4475.25,0.2,1,4475.25,4475.25,4475.25,0,0,1,0,0,1,1
607,perCombination,2,closing,64,19,4738.5,0.2,1,4738.5,4738.5,4738.5,0,0,1,0,0,1,1
608,perCombination,2,closing,64,20,5001.75,0.2,1,5001.75,5001.75,5001.75,0,0,1,0,0,1,1
609,perCombination,2,closing,64,21,5265,0.2,1,5265,5265,5265,0,0,1,0,0,1,1
631,perCombination,2,closing,96,1,0,0.2,1,3618.75,3618.75,3618.75,3618.75,0.495855028775007,1,0,3618.75,0,0
632,perCombination,2,closing,96,2,325.25,0.2,1,3780,3780,3780,3454.75,0.473383118662647,1,0,3454.75,0,0
633,perCombination,2,closing,96,3,650.5,0.2,1,3866.5,3866.5,3866.5,3216,0.440668676349685,1,0,3216,0,0
634,perCombination,2,closing,96,4,975.75,0.2,1,3944.5,3944.5,3944.5,2968.75,0.40678953137846,1,0,2968.75,0,0
635,perCombination,2,closing,96,5,1301,0.2,1,4015.25,4015.25,4015.25,2714.25,0.371916963551658,1,0,2714.25,0,0
636,perCombination,2,closing,96,6,1626.25,0.2,1,4079.75,4079.75,4079.75,2453.5,0.336187996711428,1,0,2453.5,0,0
637,perCombination,2,closing,96,7,1951.5,0.2,1,4149,4149,4149,2197.5,0.301109893121403,1,0,2197.5,0,0
638,perCombination,2,closing,96,8,2276.75,0.2,1,4211.75,4211.75,4211.75,1935,0.265141134557413,1,0,1935,0,0
639,perCombination,2,closing,96,9,2602,0.2,1,4268.25,4268.25,4268.25,1666.25,0.228315976979995,1,0,1666.25,0,0
640,perCombination,2,closing,96,10,2927.25,0.2,1,4300.25,4300.25,4300.25,1373,0.188133735269937,1,0,1373,0,0
641,perCombination,2,closing,96,11,3252.5,0.2,1,4314.25,4314.25,4314.25,1061.75,0.145485064401206,1,0,1061.75,0,0
642,perCombination,2,closing,96,12,3577.75,0.2,1,4324.25,4324.25,4324.25,746.5,0.102288298163881,1,0,746.5,0,0
643,perCombination,2,closing,96,13,3903,0.2,1,4335.25,4335.25,4335.25,432.25,0.0592285557687038,1,0,432.25,0,0
644,perCombination,2,closing,96,14,4228.25,0.2,1,4337.25,4337.25,4337.25,109,0.0149355987941902,1,0,109,0,0
645,perCombination,2,closing,96,15,4553.5,0.2,1,5190.75,5190.75,5190.75,637.25,0.0873184434091532,1,0,637.25,0,0
646,perCombination,2,closing,96,16,4878.75,0.2,1,5425.25,5425.25,5425.25,546.5,0.0748835297341737,1,0,546.5,0,0
647,perCombination,2,closing,96,17,5204,0.2,1,5433.75,5433.75,5433.75,229.75,0.0314812277336257,1,0,229.75,0,0
648,perCombination,2,closing,96,18,5529.25,0.2,1,5529.25,5529.25,5529.25,0,0,1,0,0,1,1
649,perCombination,2,closing,96,19,5854.5,0.2,1,5854.5,5854.5,5854.5,0,0,1,0,0,1,1
650,perCombination,2,closing,96,20,6179.75,0.2,1,6179.75,6179.75,6179.75,0,0,1,0,0,1,1
651,perCombination,2,closing,96,21,6505,0.2,1,6505,6505,6505,0,0,1,0,0,1,1
673,perCombination,2,closing,128,1,0,0.2,1,5522.66666666667,5522.66666666667,5522.66666666667,5522.66666666667,0.756737005572303,1,0,5522.66666666667,0,0
674,perCombination,2,closing,128,2,331.9,0.2,1,5745,5745,5745,5413.1,0.741723759934229,1,0,5413.1,0,0
675,perCombination,2,closing,128,3,663.8,0.2,1,5838.83333333333,5838.83333333333,5838.83333333333,5175.03333333333,0.709102950580068,1,0,5175.03333333333,0,0
676,perCombination,2,closing,128,4,995.7,0.2,1,5888.33333333333,5888.33333333333,5888.33333333333,4892.63333333333,0.670407417557322,1,0,4892.63333333333,0,0
677,perCombination,2,closing,128,5,1327.6,0.2,1,5921.33333333333,5921.33333333333,5921.33333333333,4593.73333333333,0.629450991139125,1,0,4593.73333333333,0,0
678,perCombination,2,closing,128,6,1659.5,0.2,1,5953,5953,5953,4293.5,0.58831186626473,1,0,4293.5,0,0
679,perCombination,2,closing,128,7,1991.4,0.2,1,5980.66666666667,5980.66666666667,5980.66666666667,3989.26666666667,0.546624646021741,1,0,3989.26666666667,0,0
680,perCombination,2,closing,128,8,2323.3,0.2,1,6000.83333333333,6000.83333333333,6000.83333333333,3677.53333333333,0.503909746962638,1,0,3677.53333333333,0,0
681,perCombination,2,closing,128,9,2655.2,0.2,1,6018.16666666667,6018.16666666667,6018.16666666667,3362.96666666667,0.460806613684114,1,0,3362.96666666667,0,0
682,perCombination,2,closing,128,10,2987.1,0.2,1,6033.33333333333,6033.33333333333,6033.33333333333,3046.23333333333,0.417406595414269,1,0,3046.23333333333,0,0
683,perCombination,2,closing,128,11,3319,0.2,1,6034.66666666667,6034.66666666667,6034.66666666667,2715.66666666667,0.372111080661368,1,0,2715.66666666667,0,0
684,perCombination,2,closing,128,12,3650.9,0.2,1,6035.16666666667,6035.16666666667,6035.16666666667,2384.26666666667,0.326701379373344,1,0,2384.26666666667,0,0
685,perCombination,2,closing,128,13,3982.8,0.2,1,6036.16666666667,6036.16666666667,6036.16666666667,2053.36666666667,0.281360190006394,1,0,2053.36666666667,0,0
686,perCombination,2,closing,128,14,4314.7,0.2,1,6038.16666666667,6038.16666666667,6038.16666666667,1723.46666666667,0.236156024481593,1,0,1723.46666666667,0,0
687,perCombination,2,closing,128,15,4646.6,0.2,1,6049,6049,6049,1402.4,0.192162236229104,1,0,1402.4,0,0
688,perCombination,2,closing,128,16,4978.5,0.2,1,6064.16666666667,6064.16666666667,6064.16666666667,1085.66666666667,0.148762217959258,1,0,1085.66666666667,0,0
689,perCombination,2,closing,128,17,5310.4,0.2,1,6076.66666666667,6076.66666666667,6076.66666666667,766.266666666667,0.104996802777017,1,0,766.266666666667,0,0
690,perCombination,2,closing,128,18,5642.3,0.2,1,6082.66666666667,6082.66666666667,6082.66666666667,440.366666666667,0.0603407326208094,1,0,440.366666666667,0,0
691,perCombination,2,closing,128,19,5974.2,0.2,1,6095.5,6095.5,6095.5,121.3,0.0166209920526172,1,0,121.3,0,0
692,perCombination,2,closing,128,20,6306.1,0.2,1,6306.1,6306.1,6306.1,0,0,1,0,0,1,1
693,perCombination,2,closing,128,21,6638,0.2,1,6638,6638,6638,0,0,1,0,0,1,1
715,perCombination,2,closing,160,1,0,0.2,1,6205.6,6205.6,6205.6,6205.6,0.850315154836942,1,0,6205.6,0,0
716,perCombination,2,closing,160,2,332.9,0.2,1,6269.6,6269.6,6269.6,5936.7,0.813469443683201,1,0,5936.7,0,0
717,perCombination,2,closing,160,3,665.8,0.2,1,6297.6,6297.6,6297.6,5631.8,0.771690874212113,1,0,5631.8,0,0
718,perCombination,2,closing,160,4,998.7,0.2,1,6320.6,6320.6,6320.6,5321.9,0.729227185530282,1,0,5321.9,0,0
719,perCombination,2,closing,160,5,1331.6,0.2,1,6345,6345,6345,5013.4,0.68695533022746,1,0,5013.4,0,0
720,perCombination,2,closing,160,6,1664.5,0.2,1,6368.2,6368.2,6368.2,4703.7,0.644519046314059,1,0,4703.7,0,0
721,perCombination,2,closing,160,7,1997.4,0.2,1,6389.4,6389.4,6389.4,4392,0.601808714716361,1,0,4392,0,0
722,perCombination,2,closing,160,8,2330.3,0.2,1,6409.4,6409.4,6409.4,4079.1,0.558933954508084,1,0,4079.1,0,0
723,perCombination,2,closing,160,9,2663.2,0.2,1,6422,6422,6422,3758.8,0.515045217867909,1,0,3758.8,0,0
724,perCombination,2,closing,160,10,2996.1,0.2,1,6435.6,6435.6,6435.6,3439.5,0.471293505069882,1,0,3439.5,0,0
725,perCombination,2,closing,160,11,3329,0.2,1,6443.6,6443.6,6443.6,3114.6,0.426774458755824,1,0,3114.6,0,0
726,perCombination,2,closing,160,12,3661.9,0.2,1,6444.4,6444.4,6444.4,2782.5,0.381268840778295,1,0,2782.5,0,0
727,perCombination,2,closing,160,13,3994.8,0.2,1,6444.4,6444.4,6444.4,2449.6,0.335653603727048,1,0,2449.6,0,0
728,perCombination,2,closing,160,14,4327.7,0.2,1,6446,6446,6446,2118.3,0.290257604823239,1,0,2118.3,0,0
729,perCombination,2,closing,160,15,4660.6,0.2,1,6454,6454,6454,1793.4,0.245738558509181,1,0,1793.4,0,0
730,perCombination,2,closing,160,16,4993.5,0.2,1,6464.2,6464.2,6464.2,1470.7,0.201520964647849,1,0,1470.7,0,0
731,perCombination,2,closing,160,17,5326.4,0.2,1,6465.4,6465.4,6465.4,1139,0.15607015620718,1,0,1139,0,0
732,perCombination,2,closing,160,18,5659.3,0.2,1,6467.4,6467.4,6467.4,808.099999999999,0.11072896684023,1,0,808.099999999999,0,0
733,perCombination,2,closing,160,19,5992.2,0.2,1,6479.6,6479.6,6479.6,487.400000000001,0.0667854206631955,1,0,487.400000000001,0,0
734,perCombination,2,closing,160,20,6325.1,0.2,1,6482.8,6482.8,6482.8,157.7,0.0216086599068238,1,0,157.7,0,0
735,perCombination,2,closing,160,21,6658,0.2,1,6658,6658,6658,0,0,1,0,0,1,1
757,perCombination,2,closing,192,1,0,0.2,1,6521,6521,6521,6521,0.893532474650589,1,0,6521,0,0
758,perCombination,2,closing,192,2,326.25,0.2,1,6521,6521,6521,6194.75,0.84882844614963,1,0,6194.75,0,0
759,perCombination,2,closing,192,3,652.5,0.2,1,6521,6521,6521,5868.5,0.804124417648671,1,0,5868.5,0,0
760,perCombination,2,closing,192,4,978.75,0.2,1,6521,6521,6521,5542.25,0.759420389147712,1,0,5542.25,0,0
761,perCombination,2,closing,192,5,1305,0.2,1,6521,6521,6521,5216,0.714716360646752,1,0,5216,0,0
762,perCombination,2,closing,192,6,1631.25,0.2,1,6521,6521,6521,4889.75,0.670012332145793,1,0,4889.75,0,0
763,perCombination,2,closing,192,7,1957.5,0.2,1,6521,6521,6521,4563.5,0.625308303644834,1,0,4563.5,0,0
764,perCombination,2,closing,192,8,2283.75,0.2,1,6521,6521,6521,4237.25,0.580604275143875,1,0,4237.25,0,0
765,perCombination,2,closing,192,9,2610,0.2,1,6521,6521,6521,3911,0.535900246642916,1,0,3911,0,0
766,perCombination,2,closing,192,10,2936.25,0.2,1,6521,6521,6521,3584.75,0.491196218141957,1,0,3584.75,0,0
767,perCombination,2,closing,192,11,3262.5,0.2,1,6521,6521,6521,3258.5,0.446492189640998,1,0,3258.5,0,0
768,perCombination,2,closing,192,12,3588.75,0.2,1,6521,6521,6521,2932.25,0.401788161140038,1,0,2932.25,0,0
769,perCombination,2,closing,192,13,3915,0.2,1,6521,6521,6521,2606,0.357084132639079,1,0,2606,0,0
770,perCombination,2,closing,192,14,4241.25,0.2,1,6521,6521,6521,2279.75,0.31238010413812,1,0,2279.75,0,0
771,perCombination,2,closing,192,15,4567.5,0.2,1,6521,6521,6521,1953.5,0.267676075637161,1,0,1953.5,0,0
772,perCombination,2,closing,192,16,4893.75,0.2,1,6521,6521,6521,1627.25,0.222972047136202,1,0,1627.25,0,0
773,perCombination,2,closing,192,17,5220,0.2,1,6521,6521,6521,1301,0.178268018635243,1,0,1301,0,0
774,perCombination,2,closing,192,18,5546.25,0.2,1,6521,6521,6521,974.75,0.133563990134283,1,0,974.75,0,0
775,perCombination,2,closing,192,19,5872.5,0.2,1,6521,6521,6521,648.5,0.0888599616333242,1,0,648.5,0,0
776,perCombination,2,closing,192,20,6198.75,0.2,1,6521,6521,6521,322.25,0.044155933132365,1,0,322.25,0,0
777,perCombination,2,closing,192,21,6525,0.2,1,6525,6525,6525,0,0,1,0,0,1,1
799,perCombination,2,closing,224,1,0,0.2,1,6596.83333333333,6596.83333333333,6596.83333333333,6596.83333333333,0.903923449346853,1,0,6596.83333333333,0,0
800,perCombination,2,closing,224,2,337,0.2,1,6596.83333333333,6596.83333333333,6596.83333333333,6259.83333333333,0.857746414542797,1,0,6259.83333333333,0,0
801,perCombination,2,closing,224,3,674,0.2,1,6596.83333333333,6596.83333333333,6596.83333333333,5922.83333333333,0.811569379738741,1,0,5922.83333333333,0,0
802,perCombination,2,closing,224,4,1011,0.2,1,6596.83333333333,6596.83333333333,6596.83333333333,5585.83333333333,0.765392344934685,1,0,5585.83333333333,0,0
803,perCombination,2,closing,224,5,1348,0.2,1,6596.83333333333,6596.83333333333,6596.83333333333,5248.83333333333,0.719215310130629,1,0,5248.83333333333,0,0
804,perCombination,2,closing,224,6,1685,0.2,1,6596.83333333333,6596.83333333333,6596.83333333333,4911.83333333333,0.673038275326573,1,0,4911.83333333333,0,0
805,perCombination,2,closing,224,7,2022,0.2,1,6596.83333333333,6596.83333333333,6596.83333333333,4574.83333333333,0.626861240522518,1,0,4574.83333333333,0,0
806,perCombination,2,closing,224,8,2359,0.2,1,6596.83333333333,6596.83333333333,6596.83333333333,4237.83333333333,0.580684205718462,1,0,4237.83333333333,0,0
807,perCombination,2,closing,224,9,2696,0.2,1,6596.83333333333,6596.83333333333,6596.83333333333,3900.83333333333,0.534507170914406,1,0,3900.83333333333,0,0
808,perCombination,2,closing,224,10,3033,0.2,1,6596.83333333333,6596.83333333333,6596.83333333333,3563.83333333333,0.48833013611035,1,0,3563.83333333333,0,0
809,perCombination,2,closing,224,11,3370,0.2,1,6596.83333333333,6596.83333333333,6596.83333333333,3226.83333333333,0.442153101306294,1,0,3226.83333333333,0,0
810,perCombination,2,closing,224,12,3707,0.2,1,6596.83333333333,6596.83333333333,6596.83333333333,2889.83333333333,0.395976066502238,1,0,2889.83333333333,0,0
811,perCombination,2,closing,224,13,4044,0.2,1,6596.83333333333,6596.83333333333,6596.83333333333,2552.83333333333,0.349799031698182,1,0,2552.83333333333,0,0
812,perCombination,2,closing,224,14,4381,0.2,1,6596.83333333333,6596.83333333333,6596.83333333333,2215.83333333333,0.303621996894126,1,0,2215.83333333333,0,0
813,perCombination,2,closing,224,15,4718,0.2,1,6596.83333333333,6596.83333333333,6596.83333333333,1878.83333333333,0.25744496209007,1,0,1878.83333333333,0,0
814,perCombination,2,closing,224,16,5055,0.2,1,6596.83333333333,6596.83333333333,6596.83333333333,1541.83333333333,0.211267927286014,1,0,1541.83333333333,0,0
815,perCombination,2,closing,224,17,5392,0.2,1,6596.83333333333,6596.83333333333,6596.83333333333,1204.83333333333,0.165090892481958,1,0,1204.83333333333,0,0
816,perCombination,2,closing,224,18,5729,0.2,1,6596.83333333333,6596.83333333333,6596.83333333333,867.833333333333,0.118913857677903,1,0,867.833333333333,0,0
817,perCombination,2,closing,224,19,6066,0.2,1,6596.83333333333,6596.83333333333,6596.83333333333,530.833333333333,0.0727368228738467,1,0,530.833333333333,0,0
818,perCombination,2,closing,224,20,6403,0.2,1,6596.83333333333,6596.83333333333,6596.83333333333,193.833333333333,0.0265597880697908,1,0,193.833333333333,0,0
819,perCombination,2,closing,224,21,6740,0.2,1,6740,6740,6740,0,0,1,0,0,1,1
841,perCombination,2,closing,255,1,0,0.2,1,6665.16666666667,6665.16666666667,6665.16666666667,6665.16666666667,0.913286745227003,1,0,6665.16666666667,0,0
842,perCombination,2,closing,255,2,341.05,0.2,1,6665.16666666667,6665.16666666667,6665.16666666667,6324.11666666667,0.866554763862245,1,0,6324.11666666667,0,0
843,perCombination,2,closing,255,3,682.1,0.2,1,6665.16666666667,6665.16666666667,6665.16666666667,5983.06666666667,0.819822782497488,1,0,5983.06666666667,0,0
844,perCombination,2,closing,255,4,1023.15,0.2,1,6665.16666666667,6665.16666666667,6665.16666666667,5642.01666666667,0.773090801132731,1,0,5642.01666666667,0,0
845,perCombination,2,closing,255,5,1364.2,0.2,1,6665.16666666667,6665.16666666667,6665.16666666667,5300.96666666667,0.726358819767973,1,0,5300.96666666667,0,0
846,perCombination,2,closing,255,6,1705.25,0.2,1,6665.16666666667,6665.16666666667,6665.16666666667,4959.91666666667,0.679626838403216,1,0,4959.91666666667,0,0
847,perCombination,2,closing,255,7,2046.3,0.2,1,6665.16666666667,6665.16666666667,6665.16666666667,4618.86666666667,0.632894857038458,1,0,4618.86666666667,0,0
848,perCombination,2,closing,255,8,2387.35,0.2,1,6665.16666666667,6665.16666666667,6665.16666666667,4277.81666666667,0.586162875673701,1,0,4277.81666666667,0,0
849,perCombination,2,closing,255,9,2728.4,0.2,1,6665.16666666667,6665.16666666667,6665.16666666667,3936.76666666667,0.539430894308943,1,0,3936.76666666667,0,0
850,perCombination,2,closing,255,10,3069.45,0.2,1,6665.16666666667,6665.16666666667,6665.16666666667,3595.71666666667,0.492698912944186,1,0,3595.71666666667,0,0
851,perCombination,2,closing,255,11,3410.5,0.2,1,6665.16666666667,6665.16666666667,6665.16666666667,3254.66666666667,0.445966931579428,1,0,3254.66666666667,0,0
852,perCombination,2,closing,255,12,3751.55,0.2,1,6665.16666666667,6665.16666666667,6665.16666666667,2913.61666666667,0.399234950214671,1,0,2913.61666666667,0,0
853,perCombination,2,closing,255,13,4092.6,0.2,1,6665.16666666667,6665.16666666667,6665.16666666667,2572.56666666667,0.352502968849913,1,0,2572.56666666667,0,0
854,perCombination,2,closing,255,14,4433.65,0.2,1,6665.16666666667,6665.16666666667,6665.16666666667,2231.51666666667,0.305770987485156,1,0,2231.51666666667,0,0
855,perCombination,2,closing,255,15,4774.7,0.2,1,6665.16666666667,6665.16666666667,6665.16666666667,1890.46666666667,0.259039006120398,1,0,1890.46666666667,0,0
856,perCombination,2,closing,255,16,5115.75,0.2,1,6665.16666666667,6665.16666666667,6665.16666666667,1549.41666666667,0.212307024755641,1,0,1549.41666666667,0,0
857,perCombination,2,closing,255,17,5456.8,0.2,1,6665.16666666667,6665.16666666667,6665.16666666667,1208.36666666667,0.165575043390883,1,0,1208.36666666667,0,0
858,perCombination,2,closing,255,18,5797.85,0.2,1,6665.16666666667,6665.16666666667,6665.16666666667,867.316666666667,0.118843062026126,1,0,867.316666666667,0,0
859,perCombination,2,closing,255,19,6138.9,0.2,1,6665.16666666667,6665.16666666667,6665.16666666667,526.266666666667,0.0721110806613685,1,0,526.266666666667,0,0
860,perCombination,2,closing,255,20,6479.95,0.2,1,6665.16666666667,6665.16666666667,6665.16666666667,185.216666666667,0.025379099296611,1,0,185.216666666667,0,0
861,perCombination,2,closing,255,21,6821,0.2,1,6821,6821,6821,0,0,1,0,0,1,1
883,perCombination,2,opening,-64,1,-24,0.2,1,-24,-24,-24,0,0,1,0,-0,1,1
884,perCombination,2,opening,-64,2,254.7,0.2,1,-15,-15,-15,-269.7,0.0369553302274596,1,0,269.7,0,0
885,perCombination,2,opening,-64,3,533.4,0.2,1,-14,-14,-14,-547.4,0.0750068511921074,1,0,547.4,0,0
886,perCombination,2,opening,-64,4,812.1,0.2,1,72,72,72,-740.1,0.10141134557413,1,0,740.1,0,0
887,perCombination,2,opening,-64,5,1090.8,0.2,1,166.666666666667,166.666666666667,166.666666666667,-924.133333333333,0.126628299990865,1,0,924.133333333333,0,0
888,perCombination,2,opening,-64,6,1369.5,0.2,1,274.333333333333,274.333333333333,274.333333333333,-1095.16666666667,0.150063944459669,1,0,1095.16666666667,0,0
889,perCombination,2,opening,-64,7,1648.2,0.2,1,389.666666666667,389.666666666667,389.666666666667,-1258.53333333333,0.172449072805335,1,0,1258.53333333333,0,0
890,perCombination,2,opening,-64,8,1926.9,0.2,1,676.666666666667,676.666666666667,676.666666666667,-1250.23333333333,0.171311774915502,1,0,1250.23333333333,0,0
891,perCombination,2,opening,-64,9,2205.6,0.2,1,948.333333333333,948.333333333333,948.333333333333,-1257.26666666667,0.172275509271947,1,0,1257.26666666667,0,0
892,perCombination,2,opening,-64,10,2484.3,0.2,1,1135.33333333333,1135.33333333333,1135.33333333333,-1348.96666666667,0.184840595596967,1,0,1348.96666666667,0,0
893,perCombination,2,opening,-64,11,2763,0.2,1,1329,1329,1329,-1434,0.196492189640998,1,0,1434,0,0
894,perCombination,2,opening,-64,12,3041.7,0.2,1,1511,1511,1511,-1530.7,0.209742395176761,1,0,1530.7,0,0
895,perCombination,2,opening,-64,13,3320.4,0.2,1,1703,1703,1703,-1617.4,0.221622362291039,1,0,1617.4,0,0
896,perCombination,2,opening,-64,14,3599.1,0.2,1,1901.33333333333,1901.33333333333,1901.33333333333,-1697.76666666667,0.232634511738376,1,0,1697.76666666667,0,0
897,perCombination,2,opening,-64,15,3877.8,0.2,1,2099,2099,2099,-1778.8,0.243738010413812,1,0,1778.8,0,0
898,perCombination,2,opening,-64,16,4156.5,0.2,1,2410,2410,2410,-1746.5,0.239312140312414,1,0,1746.5,0,0
899,perCombination,2,opening,-64,17,4435.2,0.2,1,2410,2410,2410,-2025.2,0.277500685119211,1,0,2025.2,0,0
900,perCombination,2,opening,-64,18,4713.9,0.2,1,2410,2410,2410,-2303.9,0.315689229926007,1,0,2303.9,0,0
901,perCombination,2,opening,-64,19,4992.6,0.2,1,2410,2410,2410,-2582.6,0.353877774732804,1,0,2582.6,0,0
902,perCombination,2,opening,-64,20,5271.3,0.2,1,2410,2410,2410,-2861.3,0.3920663195396,1,0,2861.3,0,0
903,perCombination,2,opening,-64,21,5550,0.2,1,2410,2410,2410,-3140,0.430254864346396,1,0,3140,0,0
925,perCombination,2,opening,-96,1,-178,0.2,1,-178,-178,-178,0,0,1,0,-0,1,1
926,perCombination,2,opening,-96,2,156.15,0.2,1,-123.5,-123.5,-123.5,-279.65,0.0383187174568375,1,0,279.65,0,0
927,perCombination,2,opening,-96,3,490.3,0.2,1,-123.5,-123.5,-123.5,-613.8,0.0841052343107701,1,0,613.8,0,0
928,perCombination,2,opening,-96,4,824.45,0.2,1,-123.5,-123.5,-123.5,-947.95,0.129891751164703,1,0,947.95,0,0
929,perCombination,2,opening,-96,5,1158.6,0.2,1,-123.5,-123.5,-123.5,-1282.1,0.175678268018635,1,0,1282.1,0,0
930,perCombination,2,opening,-96,6,1492.75,0.2,1,-123.5,-123.5,-123.5,-1616.25,0.221464784872568,1,0,1616.25,0,0
931,perCombination,2,opening,-96,7,1826.9,0.2,1,-123.5,-123.5,-123.5,-1950.4,0.2672513017265,1,0,1950.4,0,0
932,perCombination,2,opening,-96,8,2161.05,0.2,1,-123.5,-123.5,-123.5,-2284.55,0.313037818580433,1,0,2284.55,0,0
933,perCombination,2,opening,-96,9,2495.2,0.2,1,-123.5,-123.5,-123.5,-2618.7,0.358824335434366,1,0,2618.7,0,0
934,perCombination,2,opening,-96,10,2829.35,0.2,1,-123.5,-123.5,-123.5,-2952.85,0.404610852288298,1,0,2952.85,0,0
935,perCombination,2,opening,-96,11,3163.5,0.2,1,-123.5,-123.5,-123.5,-3287,0.450397369142231,1,0,3287,0,0
936,perCombination,2,opening,-96,12,3497.65,0.2,1,-123.5,-123.5,-123.5,-3621.15,0.496183885996163,1,0,3621.15,0,0
937,perCombination,2,opening,-96,13,3831.8,0.2,1,-123.5,-123.5,-123.5,-3955.3,0.541970402850096,1,0,3955.3,0,0
938,perCombination,2,opening,-96,14,4165.95,0.2,1,-123.5,-123.5,-123.5,-4289.45,0.587756919704028,1,0,4289.45,0,0
939,perCombination,2,opening,-96,15,4500.1,0.2,1,-122,-122,-122,-4622.1,0.633337900794738,1,0,4622.1,0,0
940,perCombination,2,opening,-96,16,4834.25,0.2,1,-45.25,-45.25,-45.25,-4879.5,0.668607837763771,1,0,4879.5,0,0
941,perCombination,2,opening,-96,17,5168.4,0.2,1,175.25,175.25,175.25,-4993.15,0.684180597423952,1,0,4993.15,0,0
942,perCombination,2,opening,-96,18,5502.55,0.2,1,459.5,459.5,459.5,-5043.05,0.691018087147164,1,0,5043.05,0,0
943,perCombination,2,opening,-96,19,5836.7,0.2,1,459.5,459.5,459.5,-5377.2,0.736804604001096,1,0,5377.2,0,0
944,perCombination,2,opening,-96,20,6170.85,0.2,1,459.5,459.5,459.5,-5711.35,0.782591120855029,1,0,5711.35,0,0
945,perCombination,2,opening,-96,21,6505,0.2,1,459.5,459.5,459.5,-6045.5,0.828377637708961,1,0,6045.5,0,0
967,perCombination,2,opening,-128,1,-278,0.2,1,-278,-278,-278,0,0,1,0,-0,1,1
968,perCombination,2,opening,-128,2,67.8,0.2,1,-223.5,-223.5,-223.5,-291.3,0.0399150452178679,1,0,291.3,0,0
969,perCombination,2,opening,-128,3,413.6,0.2,1,-223.5,-223.5,-223.5,-637.1,0.0872978898328309,1,0,637.1,0,0
970,perCombination,2,opening,-128,4,759.4,0.2,1,-223.5,-223.5,-223.5,-982.9,0.134680734447794,1,0,982.9,0,0
971,perCombination,2,opening,-128,5,1105.2,0.2,1,-223.5,-223.5,-223.5,-1328.7,0.182063579062757,1,0,1328.7,0,0
972,perCombination,2,opening,-128,6,1451,0.2,1,-223.5,-223.5,-223.5,-1674.5,0.22944642367772,1,0,1674.5,0,0
973,perCombination,2,opening,-128,7,1796.8,0.2,1,-223.5,-223.5,-223.5,-2020.3,0.276829268292683,1,0,2020.3,0,0
974,perCombination,2,opening,-128,8,2142.6,0.2,1,-223.5,-223.5,-223.5,-2366.1,0.324212112907646,1,0,2366.1,0,0
975,perCombination,2,opening,-128,9,2488.4,0.2,1,-223.5,-223.5,-223.5,-2711.9,0.371594957522609,1,0,2711.9,0,0
976,perCombination,2,opening,-128,10,2834.2,0.2,1,-223.5,-223.5,-223.5,-3057.7,0.418977802137572,1,0,3057.7,0,0
977,perCombination,2,opening,-128,11,3180,0.2,1,-223.5,-223.5,-223.5,-3403.5,0.466360646752535,1,0,3403.5,0,0
978,perCombination,2,opening,-128,12,3525.8,0.2,1,-223.5,-223.5,-223.5,-3749.3,0.513743491367498,1,0,3749.3,0,0
979,perCombination,2,opening,-128,13,3871.6,0.2,1,-223.5,-223.5,-223.5,-4095.1,0.561126335982461,1,0,4095.1,0,0
980,perCombination,2,opening,-128,14,4217.4,0.2,1,-223.5,-223.5,-223.5,-4440.9,0.608509180597424,1,0,4440.9,0,0
981,perCombination,2,opening,-128,15,4563.2,0.2,1,-223.5,-223.5,-223.5,-4786.7,0.655892025212387,1,0,4786.7,0,0
982,perCombination,2,opening,-128,16,4909,0.2,1,-223.5,-223.5,-223.5,-5132.5,0.70327486982735,1,0,5132.5,0,0
983,perCombination,2,opening,-128,17,5254.8,0.2,1,-223.5,-223.5,-223.5,-5478.3,0.750657714442313,1,0,5478.3,0,0
984,perCombination,2,opening,-128,18,5600.6,0.2,1,-223.5,-223.5,-223.5,-5824.1,0.798040559057276,1,0,5824.1,0,0
985,perCombination,2,opening,-128,19,5946.4,0.2,1,-196.666666666667,-196.666666666667,-196.666666666667,-6143.06666666667,0.841746597241253,1,0,6143.06666666667,0,0
986,perCombination,2,opening,-128,20,6292.2,0.2,1,-104,-104,-104,-6396.2,0.876431899150452,1,0,6396.2,0,0
987,perCombination,2,opening,-128,21,6638,0.2,1,-104,-104,-104,-6742,0.923814743765415,1,0,6742,0,0
1009,perCombination,2,opening,-160,1,-420,0.2,1,-420,-420,-420,0,0,1,0,-0,1,1
1010,perCombination,2,opening,-160,2,-66.1,0.2,1,-300.4,-300.4,-300.4,-234.3,0.0321046862154015,1,0,234.3,0,0
1011,perCombination,2,opening,-160,3,287.8,0.2,1,-300.4,-300.4,-300.4,-588.2,0.0805974239517676,1,0,588.2,0,0
1012,perCombination,2,opening,-160,4,641.7,0.2,1,-300.4,-300.4,-300.4,-942.1,0.129090161688134,1,0,942.1,0,0
1013,perCombination,2,opening,-160,5,995.6,0.2,1,-300.4,-300.4,-300.4,-1296,0.1775828994245,1,0,1296,0,0
1014,perCombination,2,opening,-160,6,1349.5,0.2,1,-300.4,-300.4,-300.4,-1649.9,0.226075637160866,1,0,1649.9,0,0
1015,perCombination,2,opening,-160,7,1703.4,0.2,1,-300.4,-300.4,-300.4,-2003.8,0.274568374897232,1,0,2003.8,0,0
1016,perCombination,2,opening,-160,8,2057.3,0.2,1,-300.4,-300.4,-300.4,-2357.7,0.323061112633598,1,0,2357.7,0,0
1017,perCombination,2,opening,-160,9,2411.2,0.2,1,-300.4,-300.4,-300.4,-2711.6,0.371553850369964,1,0,2711.6,0,0
1018,perCombination,2,opening,-160,10,2765.1,0.2,1,-300.4,-300.4,-300.4,-3065.5,0.42004658810633,1,0,3065.5,0,0
1019,perCombination,2,opening,-160,11,3119,0.2,1,-300.4,-300.4,-300.4,-3419.4,0.468539325842697,1,0,3419.4,0,0
1020,perCombination,2,opening,-160,12,3472.9,0.2,1,-300.4,-300.4,-300.4,-3773.3,0.517032063579063,1,0,3773.3,0,0
1021,perCombination,2,opening,-160,13,3826.8,0.2,1,-300.4,-300.4,-300.4,-4127.2,0.565524801315429,1,0,4127.2,0,0
1022,perCombination,2,opening,-160,14,4180.7,0.2,1,-300.4,-300.4,-300.4,-4481.1,0.614017539051795,1,0,4481.1,0,0
1023,perCombination,2,opening,-160,15,4534.6,0.2,1,-300.4,-300.4,-300.4,-4835,0.662510276788161,1,0,4835,0,0
1024,perCombination,2,opening,-160,16,4888.5,0.2,1,-300.4,-300.4,-300.4,-5188.9,0.711003014524527,1,0,5188.9,0,0
1025,perCombination,2,opening,-160,17,5242.4,0.2,1,-300.4,-300.4,-300.4,-5542.8,0.759495752260893,1,0,5542.8,0,0
1026,perCombination,2,opening,-160,18,5596.3,0.2,1,-300.4,-300.4,-300.4,-5896.7,0.807988489997259,1,0,5896.7,0,0
1027,perCombination,2,opening,-160,19,5950.2,0.2,1,-300.4,-300.4,-300.4,-6250.6,0.856481227733626,1,0,6250.6,0,0
1028,perCombination,2,opening,-160,20,6304.1,0.2,1,-300.4,-300.4,-300.4,-6604.5,0.904973965469992,1,0,6604.5,0,0
1029,perCombination,2,opening,-160,21,6658,0.2,1,-300.4,-300.4,-300.4,-6958.4,0.953466703206358,1,0,6958.4,0,0
1051,perCombination,2,opening,-192,1,-427,0.2,1,-427,-427,-427,0,0,1,0,-0,1,1
1052,perCombination,2,opening,-192,2,-79.45,0.2,1,-363.75,-363.75,-363.75,-284.3,0.0389558783228282,1,0,284.3,0,0
1053,perCombination,2,opening,-192,3,268.1,0.2,1,-363.75,-363.75,-363.75,-631.85,0.0865785146615511,1,0,631.85,0,0
1054,perCombination,2,opening,-192,4,615.65,0.2,1,-363.75,-363.75,-363.75,-979.4,0.134201151000274,1,0,979.4,0,0
1055,perCombination,2,opening,-192,5,963.2,0.2,1,-363.75,-363.75,-363.75,-1326.95,0.181823787338997,1,0,1326.95,0,0
1056,perCombination,2,opening,-192,6,1310.75,0.2,1,-363.75,-363.75,-363.75,-1674.5,0.22944642367772,1,0,1674.5,0,0
1057,perCombination,2,opening,-192,7,1658.3,0.2,1,-363.75,-363.75,-363.75,-2022.05,0.277069060016443,1,0,2022.05,0,0
1058,perCombination,2,opening,-192,8,2005.85,0.2,1,-363.75,-363.75,-363.75,-2369.6,0.324691696355166,1,0,2369.6,0,0
1059,perCombination,2,opening,-192,9,2353.4,0.2,1,-363.75,-363.75,-363.75,-2717.15,0.372314332693889,1,0,2717.15,0,0
1060,perCombination,2,opening,-192,10,2700.95,0.2,1,-363.75,-363.75,-363.75,-3064.7,0.419936969032612,1,0,3064.7,0,0
1061,perCombination,2,opening,-192,11,3048.5,0.2,1,-363.75,-363.75,-363.75,-3412.25,0.467559605371335,1,0,3412.25,0,0
1062,perCombination,2,opening,-192,12,3396.05,0.2,1,-363.75,-363.75,-363.75,-3759.8,0.515182241710058,1,0,3759.8,0,0
1063,perCombination,2,opening,-192,13,3743.6,0.2,1,-363.75,-363.75,-363.75,-4107.35,0.562804878048781,1,0,4107.35,0,0
1064,perCombination,2,opening,-192,14,4091.15,0.2,1,-363.75,-363.75,-363.75,-4454.9,0.610427514387503,1,0,4454.9,0,0
1065,perCombination,2,opening,-192,15,4438.7,0.2,1,-363.75,-363.75,-363.75,-4802.45,0.658050150726226,1,0,4802.45,0,0
1066,perCombination,2,opening,-192,16,4786.25,0.2,1,-363.75,-363.75,-363.75,-5150,0.705672787064949,1,0,5150,0,0
1067,perCombination,2,opening,-192,17,5133.8,0.2,1,-363.75,-363.75,-363.75,-5497.55,0.753295423403672,1,0,5497.55,0,0
1068,perCombination,2,opening,-192,18,5481.35,0.2,1,-363.75,-363.75,-363.75,-5845.1,0.800918059742395,1,0,5845.1,0,0
1069,perCombination,2,opening,-192,19,5828.9,0.2,1,-363.75,-363.75,-363.75,-6192.65,0.848540696081118,1,0,6192.65,0,0
1070,perCombination,2,opening,-192,20,6176.45,0.2,1,-363.75,-363.75,-363.75,-6540.2,0.896163332419841,1,0,6540.2,0,0
1071,perCombination,2,opening,-192,21,6524,0.2,1,-363.75,-363.75,-363.75,-6887.75,0.943785968758564,1,0,6887.75,0,0
1093,perCombination,2,opening,-224,1,-438,0.2,1,-438,-438,-438,0,0,1,0,-0,1,1
1094,perCombination,2,opening,-224,2,-79.1,0.2,1,-394,-394,-394,-314.9,0.0431488078925733,1,0,314.9,0,0
1095,perCombination,2,opening,-224,3,279.8,0.2,1,-394,-394,-394,-673.8,0.0923266648396821,1,0,673.8,0,0
1096,perCombination,2,opening,-224,4,638.7,0.2,1,-394,-394,-394,-1032.7,0.141504521786791,1,0,1032.7,0,0
1097,perCombination,2,opening,-224,5,997.6,0.2,1,-394,-394,-394,-1391.6,0.1906823787339,1,0,1391.6,0,0
1098,perCombination,2,opening,-224,6,1356.5,0.2,1,-394,-394,-394,-1750.5,0.239860235681009,1,0,1750.5,0,0
1099,perCombination,2,opening,-224,7,1715.4,0.2,1,-394,-394,-394,-2109.4,0.289038092628117,1,0,2109.4,0,0
1100,perCombination,2,opening,-224,8,2074.3,0.2,1,-394,-394,-394,-2468.3,0.338215949575226,1,0,2468.3,0,0
1101,perCombination,2,opening,-224,9,2433.2,0.2,1,-394,-394,-394,-2827.2,0.387393806522335,1,0,2827.2,0,0
1102,perCombination,2,opening,-224,10,2792.1,0.2,1,-394,-394,-394,-3186.1,0.436571663469444,1,0,3186.1,0,0
1103,perCombination,2,opening,-224,11,3151,0.2,1,-394,-394,-394,-3545,0.485749520416553,1,0,3545,0,0
1104,perCombination,2,opening,-224,12,3509.9,0.2,1,-394,-394,-394,-3903.9,0.534927377363661,1,0,3903.9,0,0
1105,perCombination,2,opening,-224,13,3868.8,0.2,1,-394,-394,-394,-4262.8,0.58410523431077,1,0,4262.8,0,0
1106,perCombination,2,opening,-224,14,4227.7,0.2,1,-394,-394,-394,-4621.7,0.633283091257879,1,0,4621.7,0,0
1107,perCombination,2,opening,-224,15,4586.6,0.2,1,-394,-394,-394,-4980.6,0.682460948204988,1,0,4980.6,0,0
1108,perCombination,2,opening,-224,16,4945.5,0.2,1,-394,-394,-394,-5339.5,0.731638805152096,1,0,5339.5,0,0
1109,perCombination,2,opening,-224,17,5304.4,0.2,1,-394,-394,-394,-5698.4,0.780816662099205,1,0,5698.4,0,0
1110,perCombination,2,opening,-224,18,5663.3,0.2,1,-394,-394,-394,-6057.3,0.829994519046314,1,0,6057.3,0,0
1111,perCombination,2,opening,-224,19,6022.2,0.2,1,-394,-394,-394,-6416.2,0.879172375993423,1,0,6416.2,0,0
1112,perCombination,2,opening,-224,20,6381.1,0.2,1,-394,-394,-394,-6775.1,0.928350232940532,1,0,6775.1,0,0
1113,perCombination,2,opening,-224,21,6740,0.2,1,-394,-394,-394,-7134,0.97752808988764,1,0,7134,0,0
1135,perCombination,2,opening,-255,1,-477,0.2,1,-477,-477,-477,0,0,1,0,-0,1,1
1136,perCombination,2,opening,-255,2,-112.1,0.2,1,-437.333333333333,-437.333333333333,-437.333333333333,-325.233333333333,0.0445647209281082,1,0,325.233333333333,0,0
1137,perCombination,2,opening,-255,3,252.8,0.2,1,-437.333333333333,-437.333333333333,-437.333333333333,-690.133333333333,0.0945647209281081,1,0,690.133333333333,0,0
1138,perCombination,2,opening,-255,4,617.7,0.2,1,-437.333333333333,-437.333333333333,-437.333333333333,-1055.03333333333,0.144564720928108,1,0,1055.03333333333,0,0
1139,perCombination,2,opening,-255,5,982.6,0.2,1,-437.333333333333,-437.333333333333,-437.333333333333,-1419.93333333333,0.194564720928108,1,0,1419.93333333333,0,0
1140,perCombination,2,opening,-255,6,1347.5,0.2,1,-437.333333333333,-437.333333333333,-437.333333333333,-1784.83333333333,0.244564720928108,1,0,1784.83333333333,0,0
1141,perCombination,2,opening,-255,7,1712.4,0.2,1,-437.333333333333,-437.333333333333,-437.333333333333,-2149.73333333333,0.294564720928108,1,0,2149.73333333333,0,0
1142,perCombination,2,opening,-255,8,2077.3,0.2,1,-437.333333333333,-437.333333333333,-437.333333333333,-2514.63333333333,0.344564720928108,1,0,2514.63333333333,0,0
1143,perCombination,2,opening,-255,9,2442.2,0.2,1,-437.333333333333,-437.333333333333,-437.333333333333,-2879.53333333333,0.394564720928108,1,0,2879.53333333333,0,0
1144,perCombination,2,opening,-255,10,2807.1,0.2,1,-437.333333333333,-437.333333333333,-437.333333333333,-3244.43333333333,0.444564720928108,1,0,3244.43333333333,0,0
1145,perCombination,2,opening,-255,11,3172,0.2,1,-437.333333333333,-437.333333333333,-437.333333333333,-3609.33333333333,0.494564720928108,1,0,3609.33333333333,0,0
1146,perCombination,2,opening,-255,12,3536.9,0.2,1,-437.333333333333,-437.333333333333,-437.333333333333,-3974.23333333333,0.544564720928108,1,0,3974.23333333333,0,0
1147,perCombination,2,opening,-255,13,3901.8,0.2,1,-437.333333333333,-437.333333333333,-437.333333333333,-4339.13333333333,0.594564720928108,1,0,4339.13333333333,0,0
1148,perCombination,2,opening,-255,14,4266.7,0.2,1,-437.333333333333,-437.333333333333,-437.333333333333,-4704.03333333333,0.644564720928108,1,0,4704.03333333333,0,0
1149,perCombination,2,opening,-255,15,4631.6,0.2,1,-437.333333333333,-437.333333333333,-437.333333333333,-5068.93333333333,0.694564720928108,1,0,5068.93333333333,0,0
1150,perCombination,2,opening,-255,16,4996.5,0.2,1,-437.333333333333,-437.333333333333,-437.333333333333,-5433.83333333333,0.744564720928108,1,0,5433.83333333333,0,0
1151,perCombination,2,opening,-255,17,5361.4,0.2,1,-437.333333333333,-437.333333333333,-437.333333333333,-5798.73333333333,0.794564720928108,1,0,5798.73333333333,0,0
1152,perCombination,2,opening,-255,18,5726.3,0.2,1,-437.333333333333,-437.333333333333,-437.333333333333,-6163.63333333333,0.844564720928108,1,0,6163.63333333333,0,0
1153,perCombination,2,opening,-255,19,6091.2,0.2,1,-437.333333333333,-437.333333333333,-437.333333333333,-6528.53333333333,0.894564720928108,1,0,6528.53333333333,0,0
1154,perCombination,2,opening,-255,20,6456.1,0.2,1,-437.333333333333,-437.333333333333,-437.333333333333,-6893.43333333333,0.944564720928108,1,0,6893.43333333333,0,0
1155,perCombination,2,opening,-255,21,6821,0.2,1,-437.333333333333,-437.333333333333,-437.333333333333,-7258.33333333333,0.994564720928108,1,0,7258.33333333333,0,0
1177,perCombination,3,closing,64,1,0,0.2,1,3181.66666666667,3181.66666666667,3181.66666666667,3181.66666666667,0.360651401798534,1,0,3181.66666666667,0,0
1178,perCombination,3,closing,64,2,233.85,0.2,1,3492.33333333333,3492.33333333333,3492.33333333333,3258.48333333333,0.369358799969773,1,0,3258.48333333333,0,0
1179,perCombination,3,closing,64,3,467.7,0.2,1,3659,3659,3659,3191.3,0.361743368850601,1,0,3191.3,0,0
1180,perCombination,3,closing,64,4,701.55,0.2,1,3775.33333333333,3775.33333333333,3775.33333333333,3073.78333333333,0.348422504345198,1,0,3073.78333333333,0,0
1181,perCombination,3,closing,64,5,935.4,0.2,1,3861,3861,3861,2925.6,0.33162548175017,1,0,2925.6,0,0
1182,perCombination,3,closing,64,6,1169.25,0.2,1,3933.33333333333,3933.33333333333,3933.33333333333,2764.08333333333,0.313317086072697,1,0,2764.08333333333,0,0
1183,perCombination,3,closing,64,7,1403.1,0.2,1,4000,4000,4000,2596.9,0.294366356835185,1,0,2596.9,0,0
1184,perCombination,3,closing,64,8,1636.95,0.2,1,4063.66666666667,4063.66666666667,4063.66666666667,2426.71666666667,0.275075568654122,1,0,2426.71666666667,0,0
1185,perCombination,3,closing,64,9,1870.8,0.2,1,4107,4107,4107,2236.2,0.253479936522331,1,0,2236.2,0,0
1186,perCombination,3,closing,64,10,2104.65,0.2,1,4136.66666666667,4136.66666666667,4136.66666666667,2032.01666666667,0.230335146981032,1,0,2032.01666666667,0,0
1187,perCombination,3,closing,64,11,2338.5,0.2,1,4150,4150,4150,1811.5,0.205338925413738,1,0,1811.5,0,0
1188,perCombination,3,closing,64,12,2572.35,0.2,1,4156.33333333333,4156.33333333333,4156.33333333333,1583.98333333333,0.179549232978161,1,0,1583.98333333333,0,0
1189,perCombination,3,closing,64,13,2806.2,0.2,1,4157.33333333333,4157.33333333333,4157.33333333333,1351.13333333333,0.153154991309605,1,0,1351.13333333333,0,0
1190,perCombination,3,closing,64,14,3040.05,0.2,1,4157.66666666667,4157.66666666667,4157.66666666667,1117.61666666667,0.126685180986927,1,0,1117.61666666667,0,0
1191,perCombination,3,closing,64,15,3273.9,0.2,1,4160,4160,4160,886.1,0.100442076626615,1,0,886.1,0,0
1192,perCombination,3,closing,64,16,3507.75,0.2,1,4160.33333333333,4160.33333333333,4160.33333333333,652.583333333333,0.0739722663039371,1,0,652.583333333333,0,0
1193,perCombination,3,closing,64,17,3741.6,0.2,1,4161.33333333333,4161.33333333333,4161.33333333333,419.733333333333,0.0475780246353812,1,0,419.733333333333,0,0
1194,perCombination,3,closing,64,18,3975.45,0.2,1,4189,4189,4189,213.55,0.0242065291317162,1,0,213.55,0,0
1195,perCombination,3,closing,64,19,4209.3,0.2,1,4223.66666666667,4223.66666666667,4223.66666666667,14.3666666666668,0.00162850449633493,1,0,14.3666666666668,0,0
1196,perCombination,3,closing,64,20,4443.15,0.2,1,4524.33333333333,4524.33333333333,4524.33333333333,81.1833333333334,0.00920237285573945,1,0,81.1833333333334,0,0
1197,perCombination,3,closing,64,21,4677,0.2,1,4677,4677,4677,0,0,1,0,0,1,1
1219,perCombination,3,closing,96,1,0,0.2,1,3427.75,3427.75,3427.75,3427.75,0.388545681251417,1,0,3427.75,0,0
1220,perCombination,3,closing,96,2,303.85,0.2,1,3486.75,3486.75,3486.75,3182.9,0.36079120380866,1,0,3182.9,0,0
1221,perCombination,3,closing,96,3,607.7,0.2,1,3505.5,3505.5,3505.5,2897.8,0.328474268873271,1,0,2897.8,0,0
1222,perCombination,3,closing,96,4,911.55,0.2,1,3519,3519,3519,2607.45,0.29556223078667,1,0,2607.45,0,0
1223,perCombination,3,closing,96,5,1215.4,0.2,1,3535.5,3535.5,3535.5,2320.1,0.262990251643618,1,0,2320.1,0,0
1224,perCombination,3,closing,96,6,1519.25,0.2,1,3555.75,3555.75,3555.75,2036.5,0.230843346180005,1,0,2036.5,0,0
1225,perCombination,3,closing,96,7,1823.1,0.2,1,3575,3575,3575,1751.9,0.198583087735207,1,0,1751.9,0,0
1226,perCombination,3,closing,96,8,2126.95,0.2,1,3612,3612,3612,1485.05,0.168334844706416,1,0,1485.05,0,0
1227,perCombination,3,closing,96,9,2430.8,0.2,1,3650,3650,3650,1219.2,0.138199954658807,1,0,1219.2,0,0
1228,perCombination,3,closing,96,10,2734.65,0.2,1,3684.5,3684.5,3684.5,949.85,0.107668329177057,1,0,949.85,0,0
1229,perCombination,3,closing,96,11,3038.5,0.2,1,3705.75,3705.75,3705.75,667.25,0.0756347766946271,1,0,667.25,0,0
1230,perCombination,3,closing,96,12,3342.35,0.2,1,3718,3718,3718,375.65,0.0425810473815461,1,0,375.65,0,0
1231,perCombination,3,closing,96,13,3646.2,0.2,1,3761.25,3761.25,3761.25,115.05,0.0130412604851508,1,0,115.05,0,0
1232,perCombination,3,closing,96,14,3950.05,0.2,1,4518.5,4518.5,4518.5,568.45,0.0644355021537066,1,0,568.45,0,0
1233,perCombination,3,closing,96,15,4253.9,0.2,1,4583.75,4583.75,4583.75,329.85,0.0373894808433462,1,0,329.85,0,0
1234,perCombination,3,closing,96,16,4557.75,0.2,1,4944.5,4944.5,4944.5,386.75,0.0438392654726819,1,0,386.75,0,0
1235,perCombination,3,closing,96,17,4861.6,0.2,1,4944.5,4944.5,4944.5,82.8999999999996,0.00939696214010424,1,0,82.8999999999996,0,0
1236,perCombination,3,closing,96,18,5165.45,0.2,1,5165.45,5165.45,5165.45,0,0,1,0,0,1,1
1237,perCombination,3,closing,96,19,5469.3,0.2,1,5469.3,5469.3,5469.3,0,0,1,0,0,1,1
1238,perCombination,3,closing,96,20,5773.15,0.2,1,5773.15,5773.15,5773.15,0,0,1,0,0,1,1
1239,perCombination,3,closing,96,21,6077,0.2,1,6077,6077,6077,0,0,1,0,0,1,1
1261,perCombination,3,closing,128,1,0,0.2,1,6414.83333333333,6414.83333333333,6414.83333333333,6414.83333333333,0.727140482128013,1,0,6414.83333333333,0,0
1262,perCombination,3,closing,128,2,391.9,0.2,1,6824.66666666667,6824.66666666667,6824.66666666667,6432.76666666667,0.729173278923902,1,0,6432.76666666667,0,0
1263,perCombination,3,closing,128,3,783.8,0.2,1,6953.66666666667,6953.66666666667,6953.66666666667,6169.86666666667,0.699372780170785,1,0,6169.86666666667,0,0
1264,perCombination,3,closing,128,4,1175.7,0.2,1,7042.16666666667,7042.16666666667,7042.16666666667,5866.46666666667,0.66498148567974,1,0,5866.46666666667,0,0
1265,perCombination,3,closing,128,5,1567.6,0.2,1,7108.33333333333,7108.33333333333,7108.33333333333,5540.73333333333,0.628058641275599,1,0,5540.73333333333,0,0
1266,perCombination,3,closing,128,6,1959.5,0.2,1,7169.83333333333,7169.83333333333,7169.83333333333,5210.33333333333,0.590606816292602,1,0,5210.33333333333,0,0
1267,perCombination,3,closing,128,7,2351.4,0.2,1,7207.33333333333,7207.33333333333,7207.33333333333,4855.93333333333,0.550434519761203,1,0,4855.93333333333,0,0
1268,perCombination,3,closing,128,8,2743.3,0.2,1,7226.83333333333,7226.83333333333,7226.83333333333,4483.53333333333,0.508221869568503,1,0,4483.53333333333,0,0
1269,perCombination,3,closing,128,9,3135.2,0.2,1,7243,7243,7243,4107.8,0.465631376105192,1,0,4107.8,0,0
1270,perCombination,3,closing,128,10,3527.1,0.2,1,7258,7258,7258,3730.9,0.422908637497166,1,0,3730.9,0,0
1271,perCombination,3,closing,128,11,3919,0.2,1,7274.33333333333,7274.33333333333,7274.33333333333,3355.33333333333,0.380337036197385,1,0,3355.33333333333,0,0
1272,perCombination,3,closing,128,12,4310.9,0.2,1,7293,7293,7293,2982.1,0.338029925187032,1,0,2982.1,0,0
1273,perCombination,3,closing,128,13,4702.8,0.2,1,7314.83333333333,7314.83333333333,7314.83333333333,2612.03333333333,0.29608176528376,1,0,2612.03333333333,0,0
1274,perCombination,3,closing,128,14,5094.7,0.2,1,7320.66666666667,7320.66666666667,7320.66666666667,2225.96666666667,0.252319957681554,1,0,2225.96666666667,0,0
1275,perCombination,3,closing,128,15,5486.6,0.2,1,7321.16666666667,7321.16666666667,7321.16666666667,1834.56666666667,0.207953600846369,1,0,1834.56666666667,0,0
1276,perCombination,3,closing,128,16,5878.5,0.2,1,7322.16666666667,7322.16666666667,7322.16666666667,1443.66666666667,0.163643920501776,1,0,1443.66666666667,0,0
1277,perCombination,3,closing,128,17,6270.4,0.2,1,7324,7324,7324,1053.6,0.119428700974836,1,0,1053.6,0,0
1278,perCombination,3,closing,128,18,6662.3,0.2,1,7330.33333333333,7330.33333333333,7330.33333333333,668.033333333333,0.0757235698632207,1,0,668.033333333333,0,0
1279,perCombination,3,closing,128,19,7054.2,0.2,1,7334.5,7334.5,7334.5,280.3,0.0317728406257085,1,0,280.3,0,0
1280,perCombination,3,closing,128,20,7446.1,0.2,1,7446.1,7446.1,7446.1,0,0,1,0,0,1,1
1281,perCombination,3,closing,128,21,7838,0.2,1,7838,7838,7838,0,0,1,0,0,1,1
1303,perCombination,3,closing,160,1,0,0.2,1,7464.4,7464.4,7464.4,7464.4,0.846111992745409,1,0,7464.4,0,0
1304,perCombination,3,closing,160,2,395.15,0.2,1,7510,7510,7510,7114.85,0.80648945817275,1,0,7114.85,0,0
1305,perCombination,3,closing,160,3,790.3,0.2,1,7531.4,7531.4,7531.4,6741.1,0.764123781455452,1,0,6741.1,0,0
1306,perCombination,3,closing,160,4,1185.45,0.2,1,7550.4,7550.4,7550.4,6364.95,0.721486057583314,1,0,6364.95,0,0
1307,perCombination,3,closing,160,5,1580.6,0.2,1,7567.6,7567.6,7567.6,5987,0.678644298345046,1,0,5987,0,0
1308,perCombination,3,closing,160,6,1975.75,0.2,1,7583.8,7583.8,7583.8,5608.05,0.635689186125595,1,0,5608.05,0,0
1309,perCombination,3,closing,160,7,2370.9,0.2,1,7597.2,7597.2,7597.2,5226.3,0.59241668555883,1,0,5226.3,0,0
1310,perCombination,3,closing,160,8,2766.05,0.2,1,7606.8,7606.8,7606.8,4840.75,0.548713443663568,1,0,4840.75,0,0
1311,perCombination,3,closing,160,9,3161.2,0.2,1,7614,7614,7614,4452.8,0.504738154613466,1,0,4452.8,0,0
1312,perCombination,3,closing,160,10,3556.35,0.2,1,7617.6,7617.6,7617.6,4061.25,0.460354794831104,1,0,4061.25,0,0
1313,perCombination,3,closing,160,11,3951.5,0.2,1,7618,7618,7618,3666.5,0.415608705508955,1,0,3666.5,0,0
1314,perCombination,3,closing,160,12,4346.65,0.2,1,7618,7618,7618,3271.35,0.370817274994332,1,0,3271.35,0,0
1315,perCombination,3,closing,160,13,4741.8,0.2,1,7618,7618,7618,2876.2,0.32602584447971,1,0,2876.2,0,0
1316,perCombination,3,closing,160,14,5136.95,0.2,1,7618.2,7618.2,7618.2,2481.25,0.281257084561324,1,0,2481.25,0,0
1317,perCombination,3,closing,160,15,5532.1,0.2,1,7619.8,7619.8,7619.8,2087.7,0.236647018816595,1,0,2087.7,0,0
1318,perCombination,3,closing,160,16,5927.25,0.2,1,7625.6,7625.6,7625.6,1698.35,0.192513035592836,1,0,1698.35,0,0
1319,perCombination,3,closing,160,17,6322.4,0.2,1,7634.4,7634.4,7634.4,1312,0.148719111312628,1,0,1312,0,0
1320,perCombination,3,closing,160,18,6717.55,0.2,1,7640.8,7640.8,7640.8,923.25,0.104653139877579,1,0,923.25,0,0
1321,perCombination,3,closing,160,19,7112.7,0.2,1,7642.8,7642.8,7642.8,530.1,0.0600884153253231,1,0,530.1,0,0
1322,perCombination,3,closing,160,20,7507.85,0.2,1,7646.4,7646.4,7646.4,138.549999999999,0.0157050555429607,1,0,138.549999999999,0,0
1323,perCombination,3,closing,160,21,7903,0.2,1,7903,7903,7903,0,0,1,0,0,1,1
1345,perCombination,3,closing,192,1,0,0.2,1,7510,7510,7510,7510,0.851280888687373,1,0,7510,0,0
1346,perCombination,3,closing,192,2,395.6,0.2,1,7619,7619,7619,7223.4,0.818793924280208,1,0,7223.4,0,0
1347,perCombination,3,closing,192,3,791.2,0.2,1,7647.33333333333,7647.33333333333,7647.33333333333,6856.13333333333,0.77716315272425,1,0,6856.13333333333,0,0
1348,perCombination,3,closing,192,4,1186.8,0.2,1,7647,7647,7647,6460.2,0.732282929041034,1,0,6460.2,0,0
1349,perCombination,3,closing,192,5,1582.4,0.2,1,7647,7647,7647,6064.6,0.687440489684879,1,0,6064.6,0,0
1350,perCombination,3,closing,192,6,1978,0.2,1,7647,7647,7647,5669,0.642598050328724,1,0,5669,0,0
1351,perCombination,3,closing,192,7,2373.6,0.2,1,7647,7647,7647,5273.4,0.597755610972569,1,0,5273.4,0,0
1352,perCombination,3,closing,192,8,2769.2,0.2,1,7647,7647,7647,4877.8,0.552913171616414,1,0,4877.8,0,0
1353,perCombination,3,closing,192,9,3164.8,0.2,1,7647,7647,7647,4482.2,0.508070732260258,1,0,4482.2,0,0
1354,perCombination,3,closing,192,10,3560.4,0.2,1,7647,7647,7647,4086.6,0.463228292904103,1,0,4086.6,0,0
1355,perCombination,3,closing,192,11,3956,0.2,1,7647,7647,7647,3691,0.418385853547948,1,0,3691,0,0
1356,perCombination,3,closing,192,12,4351.6,0.2,1,7647,7647,7647,3295.4,0.373543414191793,1,0,3295.4,0,0
1357,perCombination,3,closing,192,13,4747.2,0.2,1,7647,7647,7647,2899.8,0.328700974835638,1,0,2899.8,0,0
1358,perCombination,3,closing,192,14,5142.8,0.2,1,7647,7647,7647,2504.2,0.283858535479483,1,0,2504.2,0,0
1359,perCombination,3,closing,192,15,5538.4,0.2,1,7647,7647,7647,2108.6,0.239016096123328,1,0,2108.6,0,0
1360,perCombination,3,closing,192,16,5934,0.2,1,7647,7647,7647,1713,0.194173656767173,1,0,1713,0,0
1361,perCombination,3,closing,192,17,6329.6,0.2,1,7647,7647,7647,1317.4,0.149331217411018,1,0,1317.4,0,0
1362,perCombination,3,closing,192,18,6725.2,0.2,1,7647,7647,7647,921.8,0.104488778054863,1,0,921.8,0,0
1363,perCombination,3,closing,192,19,7120.8,0.2,1,7647,7647,7647,526.2,0.0596463386987078,1,0,526.2,0,0
1364,perCombination,3,closing,192,20,7516.4,0.2,1,7647,7647,7647,130.6,0.0148038993425528,1,0,130.6,0,0
1365,perCombination,3,closing,192,21,7912,0.2,1,7912,7912,7912,0,0,1,0,0,1,1
1387,perCombination,3,closing,224,1,0,0.2,1,7523.66666666667,7523.66666666667,7523.66666666667,7523.66666666667,0.852830046096879,1,0,7523.66666666667,0,0
1388,perCombination,3,closing,224,2,387.4,0.2,1,7567.5,7567.5,7567.5,7180.1,0.813885740194967,1,0,7180.1,0,0
1389,perCombination,3,closing,224,3,774.8,0.2,1,7557.5,7557.5,7557.5,6782.7,0.768839265472682,1,0,6782.7,0,0
1390,perCombination,3,closing,224,4,1162.2,0.2,1,7546,7546,7546,6383.8,0.723622761278622,1,0,6383.8,0,0
1391,perCombination,3,closing,224,5,1549.6,0.2,1,7532.5,7532.5,7532.5,5982.9,0.678179551122195,1,0,5982.9,0,0
1392,perCombination,3,closing,224,6,1937,0.2,1,7522.5,7522.5,7522.5,5585.5,0.633133076399909,1,0,5585.5,0,0
1393,perCombination,3,closing,224,7,2324.4,0.2,1,7515.66666666667,7515.66666666667,7515.66666666667,5191.26666666667,0.588445552784705,1,0,5191.26666666667,0,0
1394,perCombination,3,closing,224,8,2711.8,0.2,1,7513.66666666667,7513.66666666667,7513.66666666667,4801.86666666667,0.544305901911887,1,0,4801.86666666667,0,0
1395,perCombination,3,closing,224,9,3099.2,0.2,1,7513.66666666667,7513.66666666667,7513.66666666667,4414.46666666667,0.500392957001436,1,0,4414.46666666667,0,0
1396,perCombination,3,closing,224,10,3486.6,0.2,1,7513.66666666667,7513.66666666667,7513.66666666667,4027.06666666667,0.456480012090985,1,0,4027.06666666667,0,0
1397,perCombination,3,closing,224,11,3874,0.2,1,7513.66666666667,7513.66666666667,7513.66666666667,3639.66666666667,0.412567067180534,1,0,3639.66666666667,0,0
1398,perCombination,3,closing,224,12,4261.4,0.2,1,7513.66666666667,7513.66666666667,7513.66666666667,3252.26666666667,0.368654122270082,1,0,3252.26666666667,0,0
1399,perCombination,3,closing,224,13,4648.8,0.2,1,7513.66666666667,7513.66666666667,7513.66666666667,2864.86666666667,0.324741177359631,1,0,2864.86666666667,0,0
1400,perCombination,3,closing,224,14,5036.2,0.2,1,7513.66666666667,7513.66666666667,7513.66666666667,2477.46666666667,0.28082823244918,1,0,2477.46666666667,0,0
1401,perCombination,3,closing,224,15,5423.6,0.2,1,7513.66666666667,7513.66666666667,7513.66666666667,2090.06666666667,0.236915287538729,1,0,2090.06666666667,0,0
1402,perCombination,3,closing,224,16,5811,0.2,1,7513.66666666667,7513.66666666667,7513.66666666667,1702.66666666667,0.193002342628278,1,0,1702.66666666667,0,0
1403,perCombination,3,closing,224,17,6198.4,0.2,1,7513.66666666667,7513.66666666667,7513.66666666667,1315.26666666667,0.149089397717827,1,0,1315.26666666667,0,0
1404,perCombination,3,closing,224,18,6585.8,0.2,1,7513.66666666667,7513.66666666667,7513.66666666667,927.866666666667,0.105176452807376,1,0,927.866666666667,0,0
1405,perCombination,3,closing,224,19,6973.2,0.2,1,7513.66666666667,7513.66666666667,7513.66666666667,540.466666666667,0.0612635078969244,1,0,540.466666666667,0,0
1406,perCombination,3,closing,224,20,7360.6,0.2,1,7513.66666666667,7513.66666666667,7513.66666666667,153.066666666667,0.0173505629864732,1,0,153.066666666667,0,0
1407,perCombination,3,closing,224,21,7748,0.2,1,7748,7748,7748,0,0,1,0,0,1,1
1429,perCombination,3,closing,255,1,0,0.2,1,7509.66666666667,7509.66666666667,7509.66666666667,7509.66666666667,0.851243104360311,1,0,7509.66666666667,0,0
1430,perCombination,3,closing,255,2,389.75,0.2,1,7549.83333333333,7549.83333333333,7549.83333333333,7160.08333333333,0.811616791354946,1,0,7160.08333333333,0,0
1431,perCombination,3,closing,255,3,779.5,0.2,1,7563,7563,7563,6783.5,0.768929947857629,1,0,6783.5,0,0
1432,perCombination,3,closing,255,4,1169.25,0.2,1,7576.66666666667,7576.66666666667,7576.66666666667,6407.41666666667,0.726299780850903,1,0,6407.41666666667,0,0
1433,perCombination,3,closing,255,5,1559,0.2,1,7585.5,7585.5,7585.5,6026.5,0.683121741101791,1,0,6026.5,0,0
1434,perCombination,3,closing,255,6,1948.75,0.2,1,7593,7593,7593,5644.25,0.639792564044434,1,0,5644.25,0,0
1435,perCombination,3,closing,255,7,2338.5,0.2,1,7600.16666666667,7600.16666666667,7600.16666666667,5261.66666666667,0.596425602660017,1,0,5261.66666666667,0,0
1436,perCombination,3,closing,255,8,2728.25,0.2,1,7602.5,7602.5,7602.5,4874.25,0.552510768533212,1,0,4874.25,0,0
1437,perCombination,3,closing,255,9,3118,0.2,1,7602.5,7602.5,7602.5,4484.5,0.50833144411698,1,0,4484.5,0,0
1438,perCombination,3,closing,255,10,3507.75,0.2,1,7602.5,7602.5,7602.5,4094.75,0.464152119700748,1,0,4094.75,0,0
1439,perCombination,3,closing,255,11,3897.5,0.2,1,7602.5,7602.5,7602.5,3705,0.419972795284516,1,0,3705,0,0
1440,perCombination,3,closing,255,12,4287.25,0.2,1,7602.5,7602.5,7602.5,3315.25,0.375793470868284,1,0,3315.25,0,0
1441,perCombination,3,closing,255,13,4677,0.2,1,7602.5,7602.5,7602.5,2925.5,0.331614146452052,1,0,2925.5,0,0
1442,perCombination,3,closing,255,14,5066.75,0.2,1,7602.5,7602.5,7602.5,2535.75,0.28743482203582,1,0,2535.75,0,0
1443,perCombination,3,closing,255,15,5456.5,0.2,1,7602.5,7602.5,7602.5,2146,0.243255497619587,1,0,2146,0,0
1444,perCombination,3,closing,255,16,5846.25,0.2,1,7602.5,7602.5,7602.5,1756.25,0.199076173203355,1,0,1756.25,0,0
1445,perCombination,3,closing,255,17,6236,0.2,1,7602.5,7602.5,7602.5,1366.5,0.154896848787123,1,0,1366.5,0,0
1446,perCombination,3,closing,255,18,6625.75,0.2,1,7602.5,7602.5,7602.5,976.75,0.110717524370891,1,0,976.75,0,0
1447,perCombination,3,closing,255,19,7015.5,0.2,1,7602.5,7602.5,7602.5,587,0.0665381999546588,1,0,587,0,0
1448,perCombination,3,closing,255,20,7405.25,0.2,1,7602.5,7602.5,7602.5,197.25,0.0223588755384267,1,0,197.25,0,0
1449,perCombination,3,closing,255,21,7795,0.2,1,7795,7795,7795,0,0,1,0,0,1,1
1471,perCombination,3,opening,-64,1,-112,0.2,1,-112,-112,-112,0,0,1,0,-0,1,1
1472,perCombination,3,opening,-64,2,226.8,0.2,1,-16.3333333333333,-16.3333333333333,-16.3333333333333,-243.133333333333,0.0275598881583919,1,0,243.133333333333,0,0
1473,perCombination,3,opening,-64,3,565.6,0.2,1,-15.6666666666667,-15.6666666666667,-15.6666666666667,-581.266666666667,0.0658883095292073,1,0,581.266666666667,0,0
1474,perCombination,3,opening,-64,4,904.4,0.2,1,-15,-15,-15,-919.4,0.104216730900023,1,0,919.4,0,0
1475,perCombination,3,opening,-64,5,1243.2,0.2,1,-15,-15,-15,-1258.2,0.14262072092496,1,0,1258.2,0,0
1476,perCombination,3,opening,-64,6,1582,0.2,1,-14.3333333333333,-14.3333333333333,-14.3333333333333,-1596.33333333333,0.180949142295776,1,0,1596.33333333333,0,0
1477,perCombination,3,opening,-64,7,1920.8,0.2,1,-14.3333333333333,-14.3333333333333,-14.3333333333333,-1935.13333333333,0.219353132320713,1,0,1935.13333333333,0,0
1478,perCombination,3,opening,-64,8,2259.6,0.2,1,-14.3333333333333,-14.3333333333333,-14.3333333333333,-2273.93333333333,0.257757122345651,1,0,2273.93333333333,0,0
1479,perCombination,3,opening,-64,9,2598.4,0.2,1,-14.3333333333333,-14.3333333333333,-14.3333333333333,-2612.73333333333,0.296161112370589,1,0,2612.73333333333,0,0
1480,perCombination,3,opening,-64,10,2937.2,0.2,1,-14.3333333333333,-14.3333333333333,-14.3333333333333,-2951.53333333333,0.334565102395526,1,0,2951.53333333333,0,0
1481,perCombination,3,opening,-64,11,3276,0.2,1,4.66666666666667,4.66666666666667,4.66666666666667,-3271.33333333333,0.370815385777979,1,0,3271.33333333333,0,0
1482,perCombination,3,opening,-64,12,3614.8,0.2,1,166.333333333333,166.333333333333,166.333333333333,-3448.46666666667,0.390893977178266,1,0,3448.46666666667,0,0
1483,perCombination,3,opening,-64,13,3953.6,0.2,1,391.333333333333,391.333333333333,391.333333333333,-3562.26666666667,0.403793546436938,1,0,3562.26666666667,0,0
1484,perCombination,3,opening,-64,14,4292.4,0.2,1,633.666666666667,633.666666666667,633.666666666667,-3658.73333333333,0.41472833068843,1,0,3658.73333333333,0,0
1485,perCombination,3,opening,-64,15,4631.2,0.2,1,892,892,892,-3739.2,0.423849467240988,1,0,3739.2,0,0
1486,perCombination,3,opening,-64,16,4970,0.2,1,1189.66666666667,1189.66666666667,1189.66666666667,-3780.33333333333,0.428512053200332,1,0,3780.33333333333,0,0
1487,perCombination,3,opening,-64,17,5308.8,0.2,1,1541.66666666667,1541.66666666667,1541.66666666667,-3767.13333333333,0.427015793848712,1,0,3767.13333333333,0,0
1488,perCombination,3,opening,-64,18,5647.6,0.2,1,1541.66666666667,1541.66666666667,1541.66666666667,-4105.93333333333,0.465419783873649,1,0,4105.93333333333,0,0
1489,perCombination,3,opening,-64,19,5986.4,0.2,1,1541.66666666667,1541.66666666667,1541.66666666667,-4444.73333333333,0.503823773898587,1,0,4444.73333333333,0,0
1490,perCombination,3,opening,-64,20,6325.2,0.2,1,1541.66666666667,1541.66666666667,1541.66666666667,-4783.53333333333,0.542227763923524,1,0,4783.53333333333,0,0
1491,perCombination,3,opening,-64,21,6664,0.2,1,1541.66666666667,1541.66666666667,1541.66666666667,-5122.33333333333,0.580631753948462,1,0,5122.33333333333,0,0
1513,perCombination,3,opening,-96,1,-308,0.2,1,-308,-308,-308,0,0,1,0,-0,1,1
1514,perCombination,3,opening,-96,2,19.85,0.2,1,-266,-266,-266,-285.85,0.0324019496712764,1,0,285.85,0,0
1515,perCombination,3,opening,-96,3,347.7,0.2,1,-266,-266,-266,-613.7,0.0695647245522557,1,0,613.7,0,0
1516,perCombination,3,opening,-96,4,675.55,0.2,1,-266,-266,-266,-941.55,0.106727499433235,1,0,941.55,0,0
1517,perCombination,3,opening,-96,5,1003.4,0.2,1,-266,-266,-266,-1269.4,0.143890274314214,1,0,1269.4,0,0
1518,perCombination,3,opening,-96,6,1331.25,0.2,1,-266,-266,-266,-1597.25,0.181053049195194,1,0,1597.25,0,0
1519,perCombination,3,opening,-96,7,1659.1,0.2,1,-266,-266,-266,-1925.1,0.218215824076173,1,0,1925.1,0,0
1520,perCombination,3,opening,-96,8,1986.95,0.2,1,-266,-266,-266,-2252.95,0.255378598957153,1,0,2252.95,0,0
1521,perCombination,3,opening,-96,9,2314.8,0.2,1,-266,-266,-266,-2580.8,0.292541373838132,1,0,2580.8,0,0
1522,perCombination,3,opening,-96,10,2642.65,0.2,1,-266,-266,-266,-2908.65,0.329704148719111,1,0,2908.65,0,0
1523,perCombination,3,opening,-96,11,2970.5,0.2,1,-266,-266,-266,-3236.5,0.366866923600091,1,0,3236.5,0,0
1524,perCombination,3,opening,-96,12,3298.35,0.2,1,-266,-266,-266,-3564.35,0.40402969848107,1,0,3564.35,0,0
1525,perCombination,3,opening,-96,13,3626.2,0.2,1,-266,-266,-266,-3892.2,0.441192473362049,1,0,3892.2,0,0
1526,perCombination,3,opening,-96,14,3954.05,0.2,1,-266,-266,-266,-4220.05,0.478355248243029,1,0,4220.05,0,0
1527,perCombination,3,opening,-96,15,4281.9,0.2,1,-266,-266,-266,-4547.9,0.515518023124008,1,0,4547.9,0,0
1528,perCombination,3,opening,-96,16,4609.75,0.2,1,-266,-266,-266,-4875.75,0.552680798004987,1,0,4875.75,0,0
1529,perCombination,3,opening,-96,17,4937.6,0.2,1,-266,-266,-266,-5203.6,0.589843572885967,1,0,5203.6,0,0
1530,perCombination,3,opening,-96,18,5265.45,0.2,1,-266,-266,-266,-5531.45,0.627006347766946,1,0,5531.45,0,0
1531,perCombination,3,opening,-96,19,5593.3,0.2,1,-266,-266,-266,-5859.3,0.664169122647926,1,0,5859.3,0,0
1532,perCombination,3,opening,-96,20,5921.15,0.2,1,-238.25,-238.25,-238.25,-6159.4,0.698186352301066,1,0,6159.4,0,0
1533,perCombination,3,opening,-96,21,6249,0.2,1,-238.25,-238.25,-238.25,-6487.25,0.735349127182045,1,0,6487.25,0,0
1555,perCombination,3,opening,-128,1,-532,0.2,1,-532,-532,-532,0,0,1,0,-0,1,1
1556,perCombination,3,opening,-128,2,-113.5,0.2,1,-453.5,-453.5,-453.5,-340,0.0385400136023577,1,0,340,0,0
1557,perCombination,3,opening,-128,3,305,0.2,1,-453.5,-453.5,-453.5,-758.5,0.0859782362276128,1,0,758.5,0,0
1558,perCombination,3,opening,-128,4,723.5,0.2,1,-453.5,-453.5,-453.5,-1177,0.133416458852868,1,0,1177,0,0
1559,perCombination,3,opening,-128,5,1142,0.2,1,-453.5,-453.5,-453.5,-1595.5,0.180854681478123,1,0,1595.5,0,0
1560,perCombination,3,opening,-128,6,1560.5,0.2,1,-453.5,-453.5,-453.5,-2014,0.228292904103378,1,0,2014,0,0
1561,perCombination,3,opening,-128,7,1979,0.2,1,-453.5,-453.5,-453.5,-2432.5,0.275731126728633,1,0,2432.5,0,0
1562,perCombination,3,opening,-128,8,2397.5,0.2,1,-453.5,-453.5,-453.5,-2851,0.323169349353888,1,0,2851,0,0
1563,perCombination,3,opening,-128,9,2816,0.2,1,-453.5,-453.5,-453.5,-3269.5,0.370607571979143,1,0,3269.5,0,0
1564,perCombination,3,opening,-128,10,3234.5,0.2,1,-453.5,-453.5,-453.5,-3688,0.418045794604398,1,0,3688,0,0
1565,perCombination,3,opening,-128,11,3653,0.2,1,-453.5,-453.5,-453.5,-4106.5,0.465484017229653,1,0,4106.5,0,0
1566,perCombination,3,opening,-128,12,4071.5,0.2,1,-453.5,-453.5,-453.5,-4525,0.512922239854908,1,0,4525,0,0
1567,perCombination,3,opening,-128,13,4490,0.2,1,-453.5,-453.5,-453.5,-4943.5,0.560360462480163,1,0,4943.5,0,0
1568,perCombination,3,opening,-128,14,4908.5,0.2,1,-453.5,-453.5,-453.5,-5362,0.607798685105418,1,0,5362,0,0
1569,perCombination,3,opening,-128,15,5327,0.2,1,-453.5,-453.5,-453.5,-5780.5,0.655236907730673,1,0,5780.5,0,0
1570,perCombination,3,opening,-128,16,5745.5,0.2,1,-453.5,-453.5,-453.5,-6199,0.702675130355928,1,0,6199,0,0
1571,perCombination,3,opening,-128,17,6164,0.2,1,-453.5,-453.5,-453.5,-6617.5,0.750113352981183,1,0,6617.5,0,0
1572,perCombination,3,opening,-128,18,6582.5,0.2,1,-445,-445,-445,-7027.5,0.79658807526638,1,0,7027.5,0,0
1573,perCombination,3,opening,-128,19,7001,0.2,1,-373.666666666667,-373.666666666667,-373.666666666667,-7374.66666666667,0.835940451900552,1,0,7374.66666666667,0,0
1574,perCombination,3,opening,-128,20,7419.5,0.2,1,-73.5,-73.5,-73.5,-7493,0.849353888007255,1,0,7493,0,0
1575,perCombination,3,opening,-128,21,7838,0.2,1,-73.5,-73.5,-73.5,-7911.5,0.89679211063251,1,0,7911.5,0,0
1597,perCombination,3,opening,-160,1,-539,0.2,1,-539,-539,-539,0,0,1,0,-0,1,1
1598,perCombination,3,opening,-160,2,-116.9,0.2,1,-461,-461,-461,-344.1,0.0390047608252097,1,0,344.1,0,0
1599,perCombination,3,opening,-160,3,305.2,0.2,1,-461,-461,-461,-766.2,0.086851054182725,1,0,766.2,0,0
1600,perCombination,3,opening,-160,4,727.3,0.2,1,-461,-461,-461,-1188.3,0.13469734754024,1,0,1188.3,0,0
1601,perCombination,3,opening,-160,5,1149.4,0.2,1,-461,-461,-461,-1610.4,0.182543640897756,1,0,1610.4,0,0
1602,perCombination,3,opening,-160,6,1571.5,0.2,1,-461,-461,-461,-2032.5,0.230389934255271,1,0,2032.5,0,0
1603,perCombination,3,opening,-160,7,1993.6,0.2,1,-461,-461,-461,-2454.6,0.278236227612786,1,0,2454.6,0,0
1604,perCombination,3,opening,-160,8,2415.7,0.2,1,-461,-461,-461,-2876.7,0.326082520970301,1,0,2876.7,0,0
1605,perCombination,3,opening,-160,9,2837.8,0.2,1,-461,-461,-461,-3298.8,0.373928814327817,1,0,3298.8,0,0
1606,perCombination,3,opening,-160,10,3259.9,0.2,1,-461,-461,-461,-3720.9,0.421775107685332,1,0,3720.9,0,0
1607,perCombination,3,opening,-160,11,3682,0.2,1,-461,-461,-461,-4143,0.469621401042847,1,0,4143,0,0
1608,perCombination,3,opening,-160,12,4104.1,0.2,1,-461,-461,-461,-4565.1,0.517467694400363,1,0,4565.1,0,0
1609,perCombination,3,opening,-160,13,4526.2,0.2,1,-461,-461,-461,-4987.2,0.565313987757878,1,0,4987.2,0,0
1610,perCombination,3,opening,-160,14,4948.3,0.2,1,-461,-461,-461,-5409.3,0.613160281115393,1,0,5409.3,0,0
1611,perCombination,3,opening,-160,15,5370.4,0.2,1,-461,-461,-461,-5831.4,0.661006574472909,1,0,5831.4,0,0
1612,perCombination,3,opening,-160,16,5792.5,0.2,1,-461,-461,-461,-6253.5,0.708852867830424,1,0,6253.5,0,0
1613,perCombination,3,opening,-160,17,6214.6,0.2,1,-461,-461,-461,-6675.6,0.756699161187939,1,0,6675.6,0,0
1614,perCombination,3,opening,-160,18,6636.7,0.2,1,-461,-461,-461,-7097.7,0.804545454545455,1,0,7097.7,0,0
1615,perCombination,3,opening,-160,19,7058.8,0.2,1,-461,-461,-461,-7519.8,0.85239174790297,1,0,7519.8,0,0
1616,perCombination,3,opening,-160,20,7480.9,0.2,1,-461,-461,-461,-7941.9,0.900238041260485,1,0,7941.9,0,0
1617,perCombination,3,opening,-160,21,7903,0.2,1,-453.2,-453.2,-453.2,-8356.2,0.94720018136477,1,0,8356.2,0,0
1639,perCombination,3,opening,-192,1,-562,0.2,1,-562,-562,-562,0,0,1,0,-0,1,1
1640,perCombination,3,opening,-192,2,-138.3,0.2,1,-442.25,-442.25,-442.25,-303.95,0.034453638630696,1,0,303.95,0,0
1641,perCombination,3,opening,-192,3,285.4,0.2,1,-442.25,-442.25,-442.25,-727.65,0.0824812967581047,1,0,727.65,0,0
1642,perCombination,3,opening,-192,4,709.1,0.2,1,-442.25,-442.25,-442.25,-1151.35,0.130508954885513,1,0,1151.35,0,0
1643,perCombination,3,opening,-192,5,1132.8,0.2,1,-442.25,-442.25,-442.25,-1575.05,0.178536613012922,1,0,1575.05,0,0
1644,perCombination,3,opening,-192,6,1556.5,0.2,1,-442.25,-442.25,-442.25,-1998.75,0.226564271140331,1,0,1998.75,0,0
1645,perCombination,3,opening,-192,7,1980.2,0.2,1,-442.25,-442.25,-442.25,-2422.45,0.27459192926774,1,0,2422.45,0,0
1646,perCombination,3,opening,-192,8,2403.9,0.2,1,-442.25,-442.25,-442.25,-2846.15,0.322619587395149,1,0,2846.15,0,0
1647,perCombination,3,opening,-192,9,2827.6,0.2,1,-442.25,-442.25,-442.25,-3269.85,0.370647245522557,1,0,3269.85,0,0
1648,perCombination,3,opening,-192,10,3251.3,0.2,1,-442.25,-442.25,-442.25,-3693.55,0.418674903649966,1,0,3693.55,0,0
1649,perCombination,3,opening,-192,11,3675,0.2,1,-442.25,-442.25,-442.25,-4117.25,0.466702561777375,1,0,4117.25,0,0
1650,perCombination,3,opening,-192,12,4098.7,0.2,1,-442.25,-442.25,-442.25,-4540.95,0.514730219904784,1,0,4540.95,0,0
1651,perCombination,3,opening,-192,13,4522.4,0.2,1,-442.25,-442.25,-442.25,-4964.65,0.562757878032192,1,0,4964.65,0,0
1652,perCombination,3,opening,-192,14,4946.1,0.2,1,-442.25,-442.25,-442.25,-5388.35,0.610785536159601,1,0,5388.35,0,0
1653,perCombination,3,opening,-192,15,5369.8,0.2,1,-442.25,-442.25,-442.25,-5812.05,0.65881319428701,1,0,5812.05,0,0
1654,perCombination,3,opening,-192,16,5793.5,0.2,1,-442.25,-442.25,-442.25,-6235.75,0.706840852414419,1,0,6235.75,0,0
1655,perCombination,3,opening,-192,17,6217.2,0.2,1,-442.25,-442.25,-442.25,-6659.45,0.754868510541827,1,0,6659.45,0,0
1656,perCombination,3,opening,-192,18,6640.9,0.2,1,-442.25,-442.25,-442.25,-7083.15,0.802896168669236,1,0,7083.15,0,0
1657,perCombination,3,opening,-192,19,7064.6,0.2,1,-442.25,-442.25,-442.25,-7506.85,0.850923826796645,1,0,7506.85,0,0
1658,perCombination,3,opening,-192,20,7488.3,0.2,1,-442.25,-442.25,-442.25,-7930.55,0.898951484924054,1,0,7930.55,0,0
1659,perCombination,3,opening,-192,21,7912,0.2,1,-442.25,-442.25,-442.25,-8354.25,0.946979143051462,1,0,8354.25,0,0
1681,perCombination,3,opening,-224,1,-745,0.2,1,-745,-745,-745,0,0,1,0,-0,1,1
1682,perCombination,3,opening,-224,2,-320.35,0.2,1,-558.166666666667,-558.166666666667,-558.166666666667,-237.816666666667,0.0269572281417668,1,0,237.816666666667,0,0
1683,perCombination,3,opening,-224,3,104.3,0.2,1,-558.166666666667,-558.166666666667,-558.166666666667,-662.466666666667,0.0750925716012998,1,0,662.466666666667,0,0
1684,perCombination,3,opening,-224,4,528.95,0.2,1,-558.166666666667,-558.166666666667,-558.166666666667,-1087.11666666667,0.123227915060833,1,0,1087.11666666667,0,0
1685,perCombination,3,opening,-224,5,953.6,0.2,1,-558.166666666667,-558.166666666667,-558.166666666667,-1511.76666666667,0.171363258520366,1,0,1511.76666666667,0,0
1686,perCombination,3,opening,-224,6,1378.25,0.2,1,-558.166666666667,-558.166666666667,-558.166666666667,-1936.41666666667,0.219498601979899,1,0,1936.41666666667,0,0
1687,perCombination,3,opening,-224,7,1802.9,0.2,1,-558.166666666667,-558.166666666667,-558.166666666667,-2361.06666666667,0.267633945439432,1,0,2361.06666666667,0,0
1688,perCombination,3,opening,-224,8,2227.55,0.2,1,-558.166666666667,-558.166666666667,-558.166666666667,-2785.71666666667,0.315769288898965,1,0,2785.71666666667,0,0
1689,perCombination,3,opening,-224,9,2652.2,0.2,1,-558.166666666667,-558.166666666667,-558.166666666667,-3210.36666666667,0.363904632358498,1,0,3210.36666666667,0,0
1690,perCombination,3,opening,-224,10,3076.85,0.2,1,-558.166666666667,-558.166666666667,-558.166666666667,-3635.01666666667,0.412039975818031,1,0,3635.01666666667,0,0
1691,perCombination,3,opening,-224,11,3501.5,0.2,1,-558.166666666667,-558.166666666667,-558.166666666667,-4059.66666666667,0.460175319277564,1,0,4059.66666666667,0,0
1692,perCombination,3,opening,-224,12,3926.15,0.2,1,-558.166666666667,-558.166666666667,-558.166666666667,-4484.31666666667,0.508310662737097,1,0,4484.31666666667,0,0
1693,perCombination,3,opening,-224,13,4350.8,0.2,1,-558.166666666667,-558.166666666667,-558.166666666667,-4908.96666666667,0.55644600619663,1,0,4908.96666666667,0,0
1694,perCombination,3,opening,-224,14,4775.45,0.2,1,-558.166666666667,-558.166666666667,-558.166666666667,-5333.61666666667,0.604581349656163,1,0,5333.61666666667,0,0
1695,perCombination,3,opening,-224,15,5200.1,0.2,1,-558.166666666667,-558.166666666667,-558.166666666667,-5758.26666666667,0.652716693115696,1,0,5758.26666666667,0,0
1696,perCombination,3,opening,-224,16,5624.75,0.2,1,-558.166666666667,-558.166666666667,-558.166666666667,-6182.91666666667,0.700852036575229,1,0,6182.91666666667,0,0
1697,perCombination,3,opening,-224,17,6049.4,0.2,1,-558.166666666667,-558.166666666667,-558.166666666667,-6607.56666666667,0.748987380034762,1,0,6607.56666666667,0,0
1698,perCombination,3,opening,-224,18,6474.05,0.2,1,-558.166666666667,-558.166666666667,-558.166666666667,-7032.21666666667,0.797122723494295,1,0,7032.21666666667,0,0
1699,perCombination,3,opening,-224,19,6898.7,0.2,1,-558.166666666667,-558.166666666667,-558.166666666667,-7456.86666666667,0.845258066953828,1,0,7456.86666666667,0,0
1700,perCombination,3,opening,-224,20,7323.35,0.2,1,-558.166666666667,-558.166666666667,-558.166666666667,-7881.51666666667,0.893393410413361,1,0,7881.51666666667,0,0
1701,perCombination,3,opening,-224,21,7748,0.2,1,-558.166666666667,-558.166666666667,-558.166666666667,-8306.16666666667,0.941528753872893,1,0,8306.16666666667,0,0
1723,perCombination,3,opening,-255,1,-910,0.2,1,-910,-910,-910,0,0,1,0,-0,1,1
1724,perCombination,3,opening,-255,2,-474.75,0.2,1,-681.333333333333,-681.333333333333,-681.333333333333,-206.583333333333,0.0234168366961384,1,0,206.583333333333,0,0
1725,perCombination,3,opening,-255,3,-39.5,0.2,1,-681.333333333333,-681.333333333333,-681.333333333333,-641.833333333333,0.0727537217562155,1,0,641.833333333333,0,0
1726,perCombination,3,opening,-255,4,395.75,0.2,1,-681.333333333333,-681.333333333333,-681.333333333333,-1077.08333333333,0.122090606816293,1,0,1077.08333333333,0,0
1727,perCombination,3,opening,-255,5,831,0.2,1,-681.333333333333,-681.333333333333,-681.333333333333,-1512.33333333333,0.17142749187637,1,0,1512.33333333333,0,0
1728,perCombination,3,opening,-255,6,1266.25,0.2,1,-681.333333333333,-681.333333333333,-681.333333333333,-1947.58333333333,0.220764376936447,1,0,1947.58333333333,0,0
1729,perCombination,3,opening,-255,7,1701.5,0.2,1,-681.333333333333,-681.333333333333,-681.333333333333,-2382.83333333333,0.270101261996524,1,0,2382.83333333333,0,0
1730,perCombination,3,opening,-255,8,2136.75,0.2,1,-681.333333333333,-681.333333333333,-681.333333333333,-2818.08333333333,0.319438147056601,1,0,2818.08333333333,0,0
1731,perCombination,3,opening,-255,9,2572,0.2,1,-681.333333333333,-681.333333333333,-681.333333333333,-3253.33333333333,0.368775032116678,1,0,3253.33333333333,0,0
1732,perCombination,3,opening,-255,10,3007.25,0.2,1,-681.333333333333,-681.333333333333,-681.333333333333,-3688.58333333333,0.418111917176755,1,0,3688.58333333333,0,0
1733,perCombination,3,opening,-255,11,3442.5,0.2,1,-681.333333333333,-681.333333333333,-681.333333333333,-4123.83333333333,0.467448802236832,1,0,4123.83333333333,0,0
1734,perCombination,3,opening,-255,12,3877.75,0.2,1,-681.333333333333,-681.333333333333,-681.333333333333,-4559.08333333333,0.516785687296909,1,0,4559.08333333333,0,0
1735,perCombination,3,opening,-255,13,4313,0.2,1,-681.333333333333,-681.333333333333,-681.333333333333,-4994.33333333333,0.566122572356986,1,0,4994.33333333333,0,0
1736,perCombination,3,opening,-255,14,4748.25,0.2,1,-681.333333333333,-681.333333333333,-681.333333333333,-5429.58333333333,0.615459457417063,1,0,5429.58333333333,0,0
1737,perCombination,3,opening,-255,15,5183.5,0.2,1,-681.333333333333,-681.333333333333,-681.333333333333,-5864.83333333333,0.66479634247714,1,0,5864.83333333333,0,0
1738,perCombination,3,opening,-255,16,5618.75,0.2,1,-681.333333333333,-681.333333333333,-681.333333333333,-6300.08333333333,0.714133227537218,1,0,6300.08333333333,0,0
1739,perCombination,3,opening,-255,17,6054,0.2,1,-681.333333333333,-681.333333333333,-681.333333333333,-6735.33333333333,0.763470112597295,1,0,6735.33333333333,0,0
1740,perCombination,3,opening,-255,18,6489.25,0.2,1,-681.333333333333,-681.333333333333,-681.333333333333,-7170.58333333333,0.812806997657372,1,0,7170.58333333333,0,0
1741,perCombination,3,opening,-255,19,6924.5,0.2,1,-681.333333333333,-681.333333333333,-681.333333333333,-7605.83333333333,0.862143882717449,1,0,7605.83333333333,0,0
1742,perCombination,3,opening,-255,20,7359.75,0.2,1,-681.333333333333,-681.333333333333,-681.333333333333,-8041.08333333333,0.911480767777526,1,0,8041.08333333333,0,0
1743,perCombination,3,opening,-255,21,7795,0.2,1,-681.333333333333,-681.333333333333,-681.333333333333,-8476.33333333333,0.960817652837603,1,0,8476.33333333333,0,0
1765,perCombination,4,closing,64,1,0,0.2,1,3117.33333333333,3117.33333333333,3117.33333333333,3117.33333333333,0.434592685533714,1,0,3117.33333333333,0,0
1766,perCombination,4,closing,64,2,302.5,0.2,1,3403.33333333333,3403.33333333333,3403.33333333333,3100.83333333333,0.432292392769181,1,0,3100.83333333333,0,0
1767,perCombination,4,closing,64,3,605,0.2,1,3573,3573,3573,2968,0.413773874250662,1,0,2968,0,0
1768,perCombination,4,closing,64,4,907.5,0.2,1,3712.33333333333,3712.33333333333,3712.33333333333,2804.83333333333,0.391026534690274,1,0,2804.83333333333,0,0
1769,perCombination,4,closing,64,5,1210,0.2,1,3837.66666666667,3837.66666666667,3837.66666666667,2627.66666666667,0.366327431572099,1,0,2627.66666666667,0,0
1770,perCombination,4,closing,64,6,1512.5,0.2,1,3942.66666666667,3942.66666666667,3942.66666666667,2430.16666666667,0.338793624239045,1,0,2430.16666666667,0,0
1771,perCombination,4,closing,64,7,1815,0.2,1,4039.66666666667,4039.66666666667,4039.66666666667,2224.66666666667,0.310144523444398,1,0,2224.66666666667,0,0
1772,perCombination,4,closing,64,8,2117.5,0.2,1,4135,4135,4135,2017.5,0.281263069845253,1,0,2017.5,0,0
1773,perCombination,4,closing,64,9,2420,0.2,1,4271.66666666667,4271.66666666667,4271.66666666667,1851.66666666667,0.258143965797667,1,0,1851.66666666667,0,0
1774,perCombination,4,closing,64,10,2722.5,0.2,1,4447.66666666667,4447.66666666667,4447.66666666667,1725.16666666667,0.240508387936242,1,0,1725.16666666667,0,0
1775,perCombination,4,closing,64,11,3025,0.2,1,4649.33333333333,4649.33333333333,4649.33333333333,1624.33333333333,0.226451043264092,1,0,1624.33333333333,0,0
1776,perCombination,4,closing,64,12,3327.5,0.2,1,4856,4856,4856,1528.5,0.213090757005437,1,0,1528.5,0,0
1777,perCombination,4,closing,64,13,3630,0.2,1,5051.33333333333,5051.33333333333,5051.33333333333,1421.33333333333,0.198150471676193,1,0,1421.33333333333,0,0
1778,perCombination,4,closing,64,14,3932.5,0.2,1,5226.33333333333,5226.33333333333,5226.33333333333,1293.83333333333,0.180375482132069,1,0,1293.83333333333,0,0
1779,perCombination,4,closing,64,15,4235,0.2,1,5517,5517,5517,1282,0.178725777220131,1,0,1282,0,0
1780,perCombination,4,closing,64,16,4537.5,0.2,1,5685.33333333333,5685.33333333333,5685.33333333333,1147.83333333333,0.160021376458014,1,0,1147.83333333333,0,0
1781,perCombination,4,closing,64,17,4840,0.2,1,5713.66666666667,5713.66666666667,5713.66666666667,873.666666666667,0.121799340118035,1,0,873.666666666667,0,0
1782,perCombination,4,closing,64,18,5142.5,0.2,1,5723,5723,5723,580.5,0.0809284818067754,1,0,580.5,0,0
1783,perCombination,4,closing,64,19,5445,0.2,1,5723,5723,5723,278,0.0387564477903248,1,0,278,0,0
1784,perCombination,4,closing,64,20,5747.5,0.2,1,6024.33333333333,6024.33333333333,6024.33333333333,276.833333333333,0.0385938008271759,1,0,276.833333333333,0,0
1785,perCombination,4,closing,64,21,6050,0.2,1,6050,6050,6050,0,0,1,0,0,1,1
1807,perCombination,4,closing,96,1,0,0.2,1,4761.5,4761.5,4761.5,4761.5,0.663808727171337,1,0,4761.5,0,0
1808,perCombination,4,closing,96,2,304.75,0.2,1,5179.25,5179.25,5179.25,4874.5,0.679562247316325,1,0,4874.5,0,0
1809,perCombination,4,closing,96,3,609.5,0.2,1,5416.5,5416.5,5416.5,4807,0.670151958734142,1,0,4807,0,0
1810,perCombination,4,closing,96,4,914.25,0.2,1,5605.25,5605.25,5605.25,4691,0.653980203541057,1,0,4691,0,0
1811,perCombination,4,closing,96,5,1219,0.2,1,5777.75,5777.75,5777.75,4558.75,0.635543008504113,1,0,4558.75,0,0
1812,perCombination,4,closing,96,6,1523.75,0.2,1,5906.75,5906.75,5906.75,4383,0.611041405269762,1,0,4383,0,0
1813,perCombination,4,closing,96,7,1828.5,0.2,1,6043.5,6043.5,6043.5,4215,0.587620242576328,1,0,4215,0,0
1814,perCombination,4,closing,96,8,2133.25,0.2,1,6049.75,6049.75,6049.75,3916.5,0.546005855290673,1,0,3916.5,0,0
1815,perCombination,4,closing,96,9,2438,0.2,1,6049.75,6049.75,6049.75,3611.75,0.50352014498815,1,0,3611.75,0,0
1816,perCombination,4,closing,96,10,2742.75,0.2,1,6049.75,6049.75,6049.75,3307,0.461034434685627,1,0,3307,0,0
1817,perCombination,4,closing,96,11,3047.5,0.2,1,6049.75,6049.75,6049.75,3002.25,0.418548724383103,1,0,3002.25,0,0
1818,perCombination,4,closing,96,12,3352.25,0.2,1,6049.75,6049.75,6049.75,2697.5,0.37606301408058,1,0,2697.5,0,0
1819,perCombination,4,closing,96,13,3657,0.2,1,6049.75,6049.75,6049.75,2392.75,0.333577303778057,1,0,2392.75,0,0
1820,perCombination,4,closing,96,14,3961.75,0.2,1,6049.75,6049.75,6049.75,2088,0.291091593475533,1,0,2088,0,0
1821,perCombination,4,closing,96,15,4266.5,0.2,1,6049.75,6049.75,6049.75,1783.25,0.24860588317301,1,0,1783.25,0,0
1822,perCombination,4,closing,96,16,4571.25,0.2,1,6049.75,6049.75,6049.75,1478.5,0.206120172870487,1,0,1478.5,0,0
1823,perCombination,4,closing,96,17,4876,0.2,1,6049.75,6049.75,6049.75,1173.75,0.163634462567963,1,0,1173.75,0,0
1824,perCombination,4,closing,96,18,5180.75,0.2,1,6049.75,6049.75,6049.75,869,0.12114875226544,1,0,869,0,0
1825,perCombination,4,closing,96,19,5485.5,0.2,1,6049.75,6049.75,6049.75,564.25,0.0786630419629165,1,0,564.25,0,0
1826,perCombination,4,closing,96,20,5790.25,0.2,1,6049.75,6049.75,6049.75,259.5,0.0361773316603931,1,0,259.5,0,0
1827,perCombination,4,closing,96,21,6095,0.2,1,6095,6095,6095,0,0,1,0,0,1,1
1849,perCombination,4,closing,128,1,0,0.2,1,6146.33333333333,6146.33333333333,6146.33333333333,6146.33333333333,0.856870672429016,1,0,6146.33333333333,0,0
1850,perCombination,4,closing,128,2,309.2,0.2,1,6146.33333333333,6146.33333333333,6146.33333333333,5837.13333333333,0.813764580138482,1,0,5837.13333333333,0,0
1851,perCombination,4,closing,128,3,618.4,0.2,1,6146.33333333333,6146.33333333333,6146.33333333333,5527.93333333333,0.770658487847948,1,0,5527.93333333333,0,0
1852,perCombination,4,closing,128,4,927.6,0.2,1,6146.33333333333,6146.33333333333,6146.33333333333,5218.73333333333,0.727552395557414,1,0,5218.73333333333,0,0
1853,perCombination,4,closing,128,5,1236.8,0.2,1,6146.33333333333,6146.33333333333,6146.33333333333,4909.53333333333,0.68444630326688,1,0,4909.53333333333,0,0
1854,perCombination,4,closing,128,6,1546,0.2,1,6146.33333333333,6146.33333333333,6146.33333333333,4600.33333333333,0.641340210976346,1,0,4600.33333333333,0,0
1855,perCombination,4,closing,128,7,1855.2,0.2,1,6146.33333333333,6146.33333333333,6146.33333333333,4291.13333333333,0.598234118685813,1,0,4291.13333333333,0,0
1856,perCombination,4,closing,128,8,2164.4,0.2,1,6146.33333333333,6146.33333333333,6146.33333333333,3981.93333333333,0.555128026395279,1,0,3981.93333333333,0,0
1857,perCombination,4,closing,128,9,2473.6,0.2,1,6146.33333333333,6146.33333333333,6146.33333333333,3672.73333333333,0.512021934104745,1,0,3672.73333333333,0,0
1858,perCombination,4,closing,128,10,2782.8,0.2,1,6146.33333333333,6146.33333333333,6146.33333333333,3363.53333333333,0.468915841814211,1,0,3363.53333333333,0,0
1859,perCombination,4,closing,128,11,3092,0.2,1,6146.33333333333,6146.33333333333,6146.33333333333,3054.33333333333,0.425809749523677,1,0,3054.33333333333,0,0
1860,perCombination,4,closing,128,12,3401.2,0.2,1,6146.33333333333,6146.33333333333,6146.33333333333,2745.13333333333,0.382703657233143,1,0,2745.13333333333,0,0
1861,perCombination,4,closing,128,13,3710.4,0.2,1,6146.33333333333,6146.33333333333,6146.33333333333,2435.93333333333,0.339597564942609,1,0,2435.93333333333,0,0
1862,perCombination,4,closing,128,14,4019.6,0.2,1,6146.33333333333,6146.33333333333,6146.33333333333,2126.73333333333,0.296491472652075,1,0,2126.73333333333,0,0
1863,perCombination,4,closing,128,15,4328.8,0.2,1,6146.33333333333,6146.33333333333,6146.33333333333,1817.53333333333,0.253385380361541,1,0,1817.53333333333,0,0
1864,perCombination,4,closing,128,16,4638,0.2,1,6146.33333333333,6146.33333333333,6146.33333333333,1508.33333333333,0.210279288071007,1,0,1508.33333333333,0,0
1865,perCombination,4,closing,128,17,4947.2,0.2,1,6146.33333333333,6146.33333333333,6146.33333333333,1199.13333333333,0.167173195780473,1,0,1199.13333333333,0,0
1866,perCombination,4,closing,128,18,5256.4,0.2,1,6146.33333333333,6146.33333333333,6146.33333333333,889.933333333333,0.124067103489939,1,0,889.933333333333,0,0
1867,perCombination,4,closing,128,19,5565.6,0.2,1,6146.33333333333,6146.33333333333,6146.33333333333,580.733333333333,0.0809610111994051,1,0,580.733333333333,0,0
1868,perCombination,4,closing,128,20,5874.8,0.2,1,6146.33333333333,6146.33333333333,6146.33333333333,271.533333333333,0.0378549189088712,1,0,271.533333333333,0,0
1869,perCombination,4,closing,128,21,6184,0.2,1,6184,6184,6184,0,0,1,0,0,1,1
1891,perCombination,4,closing,160,1,0,0.2,1,6186.2,6186.2,6186.2,6186.2,0.862428551512617,1,0,6186.2,0,0
1892,perCombination,4,closing,160,2,315.35,0.2,1,6186.2,6186.2,6186.2,5870.85,0.818465077373484,1,0,5870.85,0,0
1893,perCombination,4,closing,160,3,630.7,0.2,1,6186.2,6186.2,6186.2,5555.5,0.774501603234351,1,0,5555.5,0,0
1894,perCombination,4,closing,160,4,946.05,0.2,1,6186.2,6186.2,6186.2,5240.15,0.730538129095218,1,0,5240.15,0,0
1895,perCombination,4,closing,160,5,1261.4,0.2,1,6186.2,6186.2,6186.2,4924.8,0.686574654956085,1,0,4924.8,0,0
1896,perCombination,4,closing,160,6,1576.75,0.2,1,6186.2,6186.2,6186.2,4609.45,0.642611180816952,1,0,4609.45,0,0
1897,perCombination,4,closing,160,7,1892.1,0.2,1,6186.2,6186.2,6186.2,4294.1,0.59864770667782,1,0,4294.1,0,0
1898,perCombination,4,closing,160,8,2207.45,0.2,1,6186.2,6186.2,6186.2,3978.75,0.554684232538687,1,0,3978.75,0,0
1899,perCombination,4,closing,160,9,2522.8,0.2,1,6186.2,6186.2,6186.2,3663.4,0.510720758399554,1,0,3663.4,0,0
1900,perCombination,4,closing,160,10,2838.15,0.2,1,6186.2,6186.2,6186.2,3348.05,0.466757284260421,1,0,3348.05,0,0
1901,perCombination,4,closing,160,11,3153.5,0.2,1,6186.2,6186.2,6186.2,3032.7,0.422793810121288,1,0,3032.7,0,0
1902,perCombination,4,closing,160,12,3468.85,0.2,1,6186.2,6186.2,6186.2,2717.35,0.378830335982155,1,0,2717.35,0,0
1903,perCombination,4,closing,160,13,3784.2,0.2,1,6186.2,6186.2,6186.2,2402,0.334866861843022,1,0,2402,0,0
1904,perCombination,4,closing,160,14,4099.55,0.2,1,6186.2,6186.2,6186.2,2086.65,0.29090338770389,1,0,2086.65,0,0
1905,perCombination,4,closing,160,15,4414.9,0.2,1,6186.2,6186.2,6186.2,1771.3,0.246939913564757,1,0,1771.3,0,0
1906,perCombination,4,closing,160,16,4730.25,0.2,1,6186.2,6186.2,6186.2,1455.95,0.202976439425624,1,0,1455.95,0,0
1907,perCombination,4,closing,160,17,5045.6,0.2,1,6186.2,6186.2,6186.2,1140.6,0.159012965286491,1,0,1140.6,0,0
1908,perCombination,4,closing,160,18,5360.95,0.2,1,6186.2,6186.2,6186.2,825.25,0.115049491147358,1,0,825.25,0,0
1909,perCombination,4,closing,160,19,5676.3,0.2,1,6186.2,6186.2,6186.2,509.9,0.0710860170082252,1,0,509.9,0,0
1910,perCombination,4,closing,160,20,5991.65,0.2,1,6186.2,6186.2,6186.2,194.55,0.0271225428690925,1,0,194.55,0,0
1911,perCombination,4,closing,160,21,6307,0.2,1,6307,6307,6307,0,0,1,0,0,1,1
1933,perCombination,4,closing,192,1,0,0.2,1,6217.33333333333,6217.33333333333,6217.33333333333,6217.33333333333,0.866768901900646,1,0,6217.33333333333,0,0
1934,perCombination,4,closing,192,2,312.45,0.2,1,6217.33333333333,6217.33333333333,6217.33333333333,5904.88333333333,0.82320972164134,1,0,5904.88333333333,0,0
1935,perCombination,4,closing,192,3,624.9,0.2,1,6217.33333333333,6217.33333333333,6217.33333333333,5592.43333333333,0.779650541382034,1,0,5592.43333333333,0,0
1936,perCombination,4,closing,192,4,937.35,0.2,1,6217.33333333333,6217.33333333333,6217.33333333333,5279.98333333333,0.736091361122729,1,0,5279.98333333333,0,0
1937,perCombination,4,closing,192,5,1249.8,0.2,1,6217.33333333333,6217.33333333333,6217.33333333333,4967.53333333333,0.692532180863423,1,0,4967.53333333333,0,0
1938,perCombination,4,closing,192,6,1562.25,0.2,1,6217.33333333333,6217.33333333333,6217.33333333333,4655.08333333333,0.648973000604117,1,0,4655.08333333333,0,0
1939,perCombination,4,closing,192,7,1874.7,0.2,1,6217.33333333333,6217.33333333333,6217.33333333333,4342.63333333333,0.605413820344812,1,0,4342.63333333333,0,0
1940,perCombination,4,closing,192,8,2187.15,0.2,1,6217.33333333333,6217.33333333333,6217.33333333333,4030.18333333333,0.561854640085506,1,0,4030.18333333333,0,0
1941,perCombination,4,closing,192,9,2499.6,0.2,1,6217.33333333333,6217.33333333333,6217.33333333333,3717.73333333333,0.5182954598262,1,0,3717.73333333333,0,0
1942,perCombination,4,closing,192,10,2812.05,0.2,1,6217.33333333333,6217.33333333333,6217.33333333333,3405.28333333333,0.474736279566894,1,0,3405.28333333333,0,0
1943,perCombination,4,closing,192,11,3124.5,0.2,1,6217.33333333333,6217.33333333333,6217.33333333333,3092.83333333333,0.431177099307589,1,0,3092.83333333333,0,0
1944,perCombination,4,closing,192,12,3436.95,0.2,1,6217.33333333333,6217.33333333333,6217.33333333333,2780.38333333333,0.387617919048283,1,0,2780.38333333333,0,0
1945,perCombination,4,closing,192,13,3749.4,0.2,1,6217.33333333333,6217.33333333333,6217.33333333333,2467.93333333333,0.344058738788977,1,0,2467.93333333333,0,0
1946,perCombination,4,closing,192,14,4061.85,0.2,1,6217.33333333333,6217.33333333333,6217.33333333333,2155.48333333333,0.300499558529671,1,0,2155.48333333333,0,0
1947,perCombination,4,closing,192,15,4374.3,0.2,1,6217.33333333333,6217.33333333333,6217.33333333333,1843.03333333333,0.256940378270366,1,0,1843.03333333333,0,0
1948,perCombination,4,closing,192,16,4686.75,0.2,1,6217.33333333333,6217.33333333333,6217.33333333333,1530.58333333333,0.21338119801106,1,0,1530.58333333333,0,0
1949,perCombination,4,closing,192,17,4999.2,0.2,1,6217.33333333333,6217.33333333333,6217.33333333333,1218.13333333333,0.169822017751754,1,0,1218.13333333333,0,0
1950,perCombination,4,closing,192,18,5311.65,0.2,1,6217.33333333333,6217.33333333333,6217.33333333333,905.683333333333,0.126262837492449,1,0,905.683333333333,0,0
1951,perCombination,4,closing,192,19,5624.1,0.2,1,6217.33333333333,6217.33333333333,6217.33333333333,593.233333333333,0.0827036572331427,1,0,593.233333333333,0,0
1952,perCombination,4,closing,192,20,5936.55,0.2,1,6217.33333333333,6217.33333333333,6217.33333333333,280.783333333333,0.039144476973837,1,0,280.783333333333,0,0
1953,perCombination,4,closing,192,21,6249,0.2,1,6249,6249,6249,0,0,1,0,0,1,1
1975,perCombination,4,closing,224,1,0,0.2,1,6277.66666666667,6277.66666666667,6277.66666666667,6277.66666666667,0.875180073423486,1,0,6277.66666666667,0,0
1976,perCombination,4,closing,224,2,320.3,0.2,1,6277.66666666667,6277.66666666667,6277.66666666667,5957.36666666667,0.830526511454993,1,0,5957.36666666667,0,0
1977,perCombination,4,closing,224,3,640.6,0.2,1,6277.66666666667,6277.66666666667,6277.66666666667,5637.06666666667,0.7858729494865,1,0,5637.06666666667,0,0
1978,perCombination,4,closing,224,4,960.9,0.2,1,6277.66666666667,6277.66666666667,6277.66666666667,5316.76666666667,0.741219387518007,1,0,5316.76666666667,0,0
1979,perCombination,4,closing,224,5,1281.2,0.2,1,6277.66666666667,6277.66666666667,6277.66666666667,4996.46666666667,0.696565825549514,1,0,4996.46666666667,0,0
1980,perCombination,4,closing,224,6,1601.5,0.2,1,6277.66666666667,6277.66666666667,6277.66666666667,4676.16666666667,0.651912263581022,1,0,4676.16666666667,0,0
1981,perCombination,4,closing,224,7,1921.8,0.2,1,6277.66666666667,6277.66666666667,6277.66666666667,4355.86666666667,0.607258701612528,1,0,4355.86666666667,0,0
1982,perCombination,4,closing,224,8,2242.1,0.2,1,6277.66666666667,6277.66666666667,6277.66666666667,4035.56666666667,0.562605139644036,1,0,4035.56666666667,0,0
1983,perCombination,4,closing,224,9,2562.4,0.2,1,6277.66666666667,6277.66666666667,6277.66666666667,3715.26666666667,0.517951577675543,1,0,3715.26666666667,0,0
1984,perCombination,4,closing,224,10,2882.7,0.2,1,6277.66666666667,6277.66666666667,6277.66666666667,3394.96666666667,0.47329801570705,1,0,3394.96666666667,0,0
1985,perCombination,4,closing,224,11,3203,0.2,1,6277.66666666667,6277.66666666667,6277.66666666667,3074.66666666667,0.428644453738557,1,0,3074.66666666667,0,0
1986,perCombination,4,closing,224,12,3523.3,0.2,1,6277.66666666667,6277.66666666667,6277.66666666667,2754.36666666667,0.383990891770064,1,0,2754.36666666667,0,0
1987,perCombination,4,closing,224,13,3843.6,0.2,1,6277.66666666667,6277.66666666667,6277.66666666667,2434.06666666667,0.339337329801571,1,0,2434.06666666667,0,0
1988,perCombination,4,closing,224,14,4163.9,0.2,1,6277.66666666667,6277.66666666667,6277.66666666667,2113.76666666667,0.294683767833078,1,0,2113.76666666667,0,0
1989,perCombination,4,closing,224,15,4484.2,0.2,1,6277.66666666667,6277.66666666667,6277.66666666667,1793.46666666667,0.250030205864585,1,0,1793.46666666667,0,0
1990,perCombination,4,closing,224,16,4804.5,0.2,1,6277.66666666667,6277.66666666667,6277.66666666667,1473.16666666667,0.205376643896092,1,0,1473.16666666667,0,0
1991,perCombination,4,closing,224,17,5124.8,0.2,1,6277.66666666667,6277.66666666667,6277.66666666667,1152.86666666667,0.160723081927599,1,0,1152.86666666667,0,0
1992,perCombination,4,closing,224,18,5445.1,0.2,1,6277.66666666667,6277.66666666667,6277.66666666667,832.566666666667,0.116069519959106,1,0,832.566666666667,0,0
1993,perCombination,4,closing,224,19,5765.4,0.2,1,6277.66666666667,6277.66666666667,6277.66666666667,512.266666666667,0.071415957990613,1,0,512.266666666667,0,0
1994,perCombination,4,closing,224,20,6085.7,0.2,1,6277.66666666667,6277.66666666667,6277.66666666667,191.966666666667,0.0267623960221201,1,0,191.966666666667,0,0
1995,perCombination,4,closing,224,21,6406,0.2,1,6406,6406,6406,0,0,1,0,0,1,1
2017,perCombination,4,closing,255,1,0,0.2,1,6280.83333333333,6280.83333333333,6280.83333333333,6280.83333333333,0.875621543752033,1,0,6280.83333333333,0,0
2018,perCombination,4,closing,255,2,325.1,0.2,1,6280.83333333333,6280.83333333333,6280.83333333333,5955.73333333333,0.830298805706585,1,0,5955.73333333333,0,0
2019,perCombination,4,closing,255,3,650.2,0.2,1,6280.83333333333,6280.83333333333,6280.83333333333,5630.63333333333,0.784976067661137,1,0,5630.63333333333,0,0
2020,perCombination,4,closing,255,4,975.3,0.2,1,6280.83333333333,6280.83333333333,6280.83333333333,5305.53333333333,0.739653329615688,1,0,5305.53333333333,0,0
2021,perCombination,4,closing,255,5,1300.4,0.2,1,6280.83333333333,6280.83333333333,6280.83333333333,4980.43333333333,0.69433059157024,1,0,4980.43333333333,0,0
2022,perCombination,4,closing,255,6,1625.5,0.2,1,6280.83333333333,6280.83333333333,6280.83333333333,4655.33333333333,0.649007853524792,1,0,4655.33333333333,0,0
2023,perCombination,4,closing,255,7,1950.6,0.2,1,6280.83333333333,6280.83333333333,6280.83333333333,4330.23333333333,0.603685115479344,1,0,4330.23333333333,0,0
2024,perCombination,4,closing,255,8,2275.7,0.2,1,6280.83333333333,6280.83333333333,6280.83333333333,4005.13333333333,0.558362377433896,1,0,4005.13333333333,0,0
2025,perCombination,4,closing,255,9,2600.8,0.2,1,6280.83333333333,6280.83333333333,6280.83333333333,3680.03333333333,0.513039639388447,1,0,3680.03333333333,0,0
2026,perCombination,4,closing,255,10,2925.9,0.2,1,6280.83333333333,6280.83333333333,6280.83333333333,3354.93333333333,0.467716901342999,1,0,3354.93333333333,0,0
2027,perCombination,4,closing,255,11,3251,0.2,1,6280.83333333333,6280.83333333333,6280.83333333333,3029.83333333333,0.422394163297551,1,0,3029.83333333333,0,0
2028,perCombination,4,closing,255,12,3576.1,0.2,1,6280.83333333333,6280.83333333333,6280.83333333333,2704.73333333333,0.377071425252103,1,0,2704.73333333333,0,0
2029,perCombination,4,closing,255,13,3901.2,0.2,1,6280.83333333333,6280.83333333333,6280.83333333333,2379.63333333333,0.331748687206655,1,0,2379.63333333333,0,0
2030,perCombination,4,closing,255,14,4226.3,0.2,1,6280.83333333333,6280.83333333333,6280.83333333333,2054.53333333333,0.286425949161206,1,0,2054.53333333333,0,0
2031,perCombination,4,closing,255,15,4551.4,0.2,1,6280.83333333333,6280.83333333333,6280.83333333333,1729.43333333333,0.241103211115758,1,0,1729.43333333333,0,0
2032,perCombination,4,closing,255,16,4876.5,0.2,1,6280.83333333333,6280.83333333333,6280.83333333333,1404.33333333333,0.19578047307031,1,0,1404.33333333333,0,0
2033,perCombination,4,closing,255,17,5201.6,0.2,1,6280.83333333333,6280.83333333333,6280.83333333333,1079.23333333333,0.150457735024862,1,0,1079.23333333333,0,0
2034,perCombination,4,closing,255,18,5526.7,0.2,1,6280.83333333333,6280.83333333333,6280.83333333333,754.133333333333,0.105134996979414,1,0,754.133333333333,0,0
2035,perCombination,4,closing,255,19,5851.8,0.2,1,6280.83333333333,6280.83333333333,6280.83333333333,429.033333333333,0.0598122589339653,1,0,429.033333333333,0,0
2036,perCombination,4,closing,255,20,6176.9,0.2,1,6280.83333333333,6280.83333333333,6280.83333333333,103.933333333333,0.0144895208885171,1,0,103.933333333333,0,0
2037,perCombination,4,closing,255,21,6502,0.2,1,6502,6502,6502,0,0,1,0,0,1,1
2059,perCombination,4,opening,-64,1,-90,0.2,1,-90,-90,-90,0,0,1,0,-0,1,1
2060,perCombination,4,opening,-64,2,217,0.2,1,-65.6666666666667,-65.6666666666667,-65.6666666666667,-282.666666666667,0.0394070356429202,1,0,282.666666666667,0,0
2061,perCombination,4,opening,-64,3,524,0.2,1,-65.6666666666667,-65.6666666666667,-65.6666666666667,-589.666666666667,0.0822064222315163,1,0,589.666666666667,0,0
2062,perCombination,4,opening,-64,4,831,0.2,1,-65.6666666666667,-65.6666666666667,-65.6666666666667,-896.666666666667,0.125005808820112,1,0,896.666666666667,0,0
2063,perCombination,4,opening,-64,5,1138,0.2,1,-65.6666666666667,-65.6666666666667,-65.6666666666667,-1203.66666666667,0.167805195408709,1,0,1203.66666666667,0,0
2064,perCombination,4,opening,-64,6,1445,0.2,1,-65.6666666666667,-65.6666666666667,-65.6666666666667,-1510.66666666667,0.210604581997305,1,0,1510.66666666667,0,0
2065,perCombination,4,opening,-64,7,1752,0.2,1,-65.6666666666667,-65.6666666666667,-65.6666666666667,-1817.66666666667,0.253403968585901,1,0,1817.66666666667,0,0
2066,perCombination,4,opening,-64,8,2059,0.2,1,-65.6666666666667,-65.6666666666667,-65.6666666666667,-2124.66666666667,0.296203355174497,1,0,2124.66666666667,0,0
2067,perCombination,4,opening,-64,9,2366,0.2,1,-15.3333333333333,-15.3333333333333,-15.3333333333333,-2381.33333333333,0.331985687067243,1,0,2381.33333333333,0,0
2068,perCombination,4,opening,-64,10,2673,0.2,1,80.6666666666667,80.6666666666667,80.6666666666667,-2592.33333333333,0.361401552116734,1,0,2592.33333333333,0,0
2069,perCombination,4,opening,-64,11,2980,0.2,1,171.333333333333,171.333333333333,171.333333333333,-2808.66666666667,0.39156094614062,1,0,2808.66666666667,0,0
2070,perCombination,4,opening,-64,12,3287,0.2,1,272.666666666667,272.666666666667,272.666666666667,-3014.33333333333,0.420233282215716,1,0,3014.33333333333,0,0
2071,perCombination,4,opening,-64,13,3594,0.2,1,364,364,364,-3230,0.450299735117803,1,0,3230,0,0
2072,perCombination,4,opening,-64,14,3901,0.2,1,535,535,535,-3366,0.469259723964868,1,0,3366,0,0
2073,perCombination,4,opening,-64,15,4208,0.2,1,748,748,748,-3460,0.482364422138575,1,0,3460,0,0
2074,perCombination,4,opening,-64,16,4515,0.2,1,1042.66666666667,1042.66666666667,1042.66666666667,-3472.33333333333,0.484083832891863,1,0,3472.33333333333,0,0
2075,perCombination,4,opening,-64,17,4822,0.2,1,1392.66666666667,1392.66666666667,1392.66666666667,-3429.33333333333,0.478089130535806,1,0,3429.33333333333,0,0
2076,perCombination,4,opening,-64,18,5129,0.2,1,1701.66666666667,1701.66666666667,1701.66666666667,-3427.33333333333,0.477810307170408,1,0,3427.33333333333,0,0
2077,perCombination,4,opening,-64,19,5436,0.2,1,2056.33333333333,2056.33333333333,2056.33333333333,-3379.66666666667,0.471165016961755,1,0,3379.66666666667,0,0
2078,perCombination,4,opening,-64,20,5743,0.2,1,2409,2409,2409,-3334,0.4647985501185,1,0,3334,0,0
2079,perCombination,4,opening,-64,21,6050,0.2,1,2976.33333333333,2976.33333333333,2976.33333333333,-3073.66666666667,0.428505042055858,1,0,3073.66666666667,0,0
2101,perCombination,4,opening,-96,1,-177,0.2,1,-177,-177,-177,0,0,1,0,-0,1,1
2102,perCombination,4,opening,-96,2,136.6,0.2,1,-131.5,-131.5,-131.5,-268.1,0.0373762721316046,1,0,268.1,0,0
2103,perCombination,4,opening,-96,3,450.2,0.2,1,-131.5,-131.5,-131.5,-581.7,0.0810957758260142,1,0,581.7,0,0
2104,perCombination,4,opening,-96,4,763.8,0.2,1,-131.5,-131.5,-131.5,-895.3,0.124815279520424,1,0,895.3,0,0
2105,perCombination,4,opening,-96,5,1077.4,0.2,1,-131.5,-131.5,-131.5,-1208.9,0.168534783214833,1,0,1208.9,0,0
2106,perCombination,4,opening,-96,6,1391,0.2,1,-131.5,-131.5,-131.5,-1522.5,0.212254286909243,1,0,1522.5,0,0
2107,perCombination,4,opening,-96,7,1704.6,0.2,1,-131.5,-131.5,-131.5,-1836.1,0.255973790603653,1,0,1836.1,0,0
2108,perCombination,4,opening,-96,8,2018.2,0.2,1,-131.5,-131.5,-131.5,-2149.7,0.299693294298062,1,0,2149.7,0,0
2109,perCombination,4,opening,-96,9,2331.8,0.2,1,-131.5,-131.5,-131.5,-2463.3,0.343412797992472,1,0,2463.3,0,0
2110,perCombination,4,opening,-96,10,2645.4,0.2,1,-131.5,-131.5,-131.5,-2776.9,0.387132301686881,1,0,2776.9,0,0
2111,perCombination,4,opening,-96,11,2959,0.2,1,-131.5,-131.5,-131.5,-3090.5,0.430851805381291,1,0,3090.5,0,0
2112,perCombination,4,opening,-96,12,3272.6,0.2,1,-131.5,-131.5,-131.5,-3404.1,0.474571309075701,1,0,3404.1,0,0
2113,perCombination,4,opening,-96,13,3586.2,0.2,1,-131.5,-131.5,-131.5,-3717.7,0.51829081277011,1,0,3717.7,0,0
2114,perCombination,4,opening,-96,14,3899.8,0.2,1,-131.5,-131.5,-131.5,-4031.3,0.56201031646452,1,0,4031.3,0,0
2115,perCombination,4,opening,-96,15,4213.4,0.2,1,-131.5,-131.5,-131.5,-4344.9,0.605729820158929,1,0,4344.9,0,0
2116,perCombination,4,opening,-96,16,4527,0.2,1,-131.5,-131.5,-131.5,-4658.5,0.649449323853339,1,0,4658.5,0,0
2117,perCombination,4,opening,-96,17,4840.6,0.2,1,-131.5,-131.5,-131.5,-4972.1,0.693168827547749,1,0,4972.1,0,0
2118,perCombination,4,opening,-96,18,5154.2,0.2,1,-131.5,-131.5,-131.5,-5285.7,0.736888331242158,1,0,5285.7,0,0
2119,perCombination,4,opening,-96,19,5467.8,0.2,1,-71.5,-71.5,-71.5,-5539.3,0.772243133974627,1,0,5539.3,0,0
2120,perCombination,4,opening,-96,20,5781.4,0.2,1,318,318,318,-5463.4,0.761661787257772,1,0,5463.4,0,0
2121,perCombination,4,opening,-96,21,6095,0.2,1,958.5,958.5,958.5,-5136.5,0.716088108183466,1,0,5136.5,0,0
2143,perCombination,4,opening,-128,1,-452,0.2,1,-452,-452,-452,0,0,1,0,-0,1,1
2144,perCombination,4,opening,-128,2,-120.2,0.2,1,-291,-291,-291,-170.8,0.0238115154049909,1,0,170.8,0,0
2145,perCombination,4,opening,-128,3,211.6,0.2,1,-291,-291,-291,-502.6,0.0700683117245225,1,0,502.6,0,0
2146,perCombination,4,opening,-128,4,543.4,0.2,1,-291,-291,-291,-834.4,0.116325108044054,1,0,834.4,0,0
2147,perCombination,4,opening,-128,5,875.2,0.2,1,-291,-291,-291,-1166.2,0.162581904363586,1,0,1166.2,0,0
2148,perCombination,4,opening,-128,6,1207,0.2,1,-291,-291,-291,-1498,0.208838700683117,1,0,1498,0,0
2149,perCombination,4,opening,-128,7,1538.8,0.2,1,-291,-291,-291,-1829.8,0.255095497002649,1,0,1829.8,0,0
2150,perCombination,4,opening,-128,8,1870.6,0.2,1,-291,-291,-291,-2161.6,0.30135229332218,1,0,2161.6,0,0
2151,perCombination,4,opening,-128,9,2202.4,0.2,1,-291,-291,-291,-2493.4,0.347609089641712,1,0,2493.4,0,0
2152,perCombination,4,opening,-128,10,2534.2,0.2,1,-291,-291,-291,-2825.2,0.393865885961244,1,0,2825.2,0,0
2153,perCombination,4,opening,-128,11,2866,0.2,1,-291,-291,-291,-3157,0.440122682280775,1,0,3157,0,0
2154,perCombination,4,opening,-128,12,3197.8,0.2,1,-291,-291,-291,-3488.8,0.486379478600307,1,0,3488.8,0,0
2155,perCombination,4,opening,-128,13,3529.6,0.2,1,-291,-291,-291,-3820.6,0.532636274919838,1,0,3820.6,0,0
2156,perCombination,4,opening,-128,14,3861.4,0.2,1,-291,-291,-291,-4152.4,0.57889307123937,1,0,4152.4,0,0
2157,perCombination,4,opening,-128,15,4193.2,0.2,1,-291,-291,-291,-4484.2,0.625149867558901,1,0,4484.2,0,0
2158,perCombination,4,opening,-128,16,4525,0.2,1,-291,-291,-291,-4816,0.671406663878433,1,0,4816,0,0
2159,perCombination,4,opening,-128,17,4856.8,0.2,1,-291,-291,-291,-5147.8,0.717663460197965,1,0,5147.8,0,0
2160,perCombination,4,opening,-128,18,5188.6,0.2,1,-291,-291,-291,-5479.6,0.763920256517496,1,0,5479.6,0,0
2161,perCombination,4,opening,-128,19,5520.4,0.2,1,-291,-291,-291,-5811.4,0.810177052837028,1,0,5811.4,0,0
2162,perCombination,4,opening,-128,20,5852.2,0.2,1,-291,-291,-291,-6143.2,0.856433849156559,1,0,6143.2,0,0
2163,perCombination,4,opening,-128,21,6184,0.2,1,-291,-291,-291,-6475,0.902690645476091,1,0,6475,0,0
2185,perCombination,4,opening,-160,1,-514,0.2,1,-514,-514,-514,0,0,1,0,-0,1,1
2186,perCombination,4,opening,-160,2,-172.95,0.2,1,-409.2,-409.2,-409.2,-236.25,0.0329360100376412,1,0,236.25,0,0
2187,perCombination,4,opening,-160,3,168.1,0.2,1,-409.2,-409.2,-409.2,-577.3,0.0804823644221386,1,0,577.3,0,0
2188,perCombination,4,opening,-160,4,509.15,0.2,1,-409.2,-409.2,-409.2,-918.35,0.128028718806636,1,0,918.35,0,0
2189,perCombination,4,opening,-160,5,850.2,0.2,1,-409.2,-409.2,-409.2,-1259.4,0.175575073191133,1,0,1259.4,0,0
2190,perCombination,4,opening,-160,6,1191.25,0.2,1,-409.2,-409.2,-409.2,-1600.45,0.223121427575631,1,0,1600.45,0,0
2191,perCombination,4,opening,-160,7,1532.3,0.2,1,-409.2,-409.2,-409.2,-1941.5,0.270667781960128,1,0,1941.5,0,0
2192,perCombination,4,opening,-160,8,1873.35,0.2,1,-409.2,-409.2,-409.2,-2282.55,0.318214136344626,1,0,2282.55,0,0
2193,perCombination,4,opening,-160,9,2214.4,0.2,1,-409.2,-409.2,-409.2,-2623.6,0.365760490729123,1,0,2623.6,0,0
2194,perCombination,4,opening,-160,10,2555.45,0.2,1,-409.2,-409.2,-409.2,-2964.65,0.41330684511362,1,0,2964.65,0,0
2195,perCombination,4,opening,-160,11,2896.5,0.2,1,-409.2,-409.2,-409.2,-3305.7,0.460853199498118,1,0,3305.7,0,0
2196,perCombination,4,opening,-160,12,3237.55,0.2,1,-409.2,-409.2,-409.2,-3646.75,0.508399553882615,1,0,3646.75,0,0
2197,perCombination,4,opening,-160,13,3578.6,0.2,1,-409.2,-409.2,-409.2,-3987.8,0.555945908267113,1,0,3987.8,0,0
2198,perCombination,4,opening,-160,14,3919.65,0.2,1,-409.2,-409.2,-409.2,-4328.85,0.60349226265161,1,0,4328.85,0,0
2199,perCombination,4,opening,-160,15,4260.7,0.2,1,-409.2,-409.2,-409.2,-4669.9,0.651038617036108,1,0,4669.9,0,0
2200,perCombination,4,opening,-160,16,4601.75,0.2,1,-409.2,-409.2,-409.2,-5010.95,0.698584971420605,1,0,5010.95,0,0
2201,perCombination,4,opening,-160,17,4942.8,0.2,1,-409.2,-409.2,-409.2,-5352,0.746131325805102,1,0,5352,0,0
2202,perCombination,4,opening,-160,18,5283.85,0.2,1,-409.2,-409.2,-409.2,-5693.05,0.7936776801896,1,0,5693.05,0,0
2203,perCombination,4,opening,-160,19,5624.9,0.2,1,-409.2,-409.2,-409.2,-6034.1,0.841224034574097,1,0,6034.1,0,0
2204,perCombination,4,opening,-160,20,5965.95,0.2,1,-409.2,-409.2,-409.2,-6375.15,0.888770388958595,1,0,6375.15,0,0
2205,perCombination,4,opening,-160,21,6307,0.2,1,-409.2,-409.2,-409.2,-6716.2,0.936316743343092,1,0,6716.2,0,0
2227,perCombination,4,opening,-192,1,-552,0.2,1,-552,-552,-552,0,0,1,0,-0,1,1
2228,perCombination,4,opening,-192,2,-211.95,0.2,1,-468.5,-468.5,-468.5,-256.55,0.0357660671964311,1,0,256.55,0,0
2229,perCombination,4,opening,-192,3,128.1,0.2,1,-468.5,-468.5,-468.5,-596.6,0.0831730098982295,1,0,596.6,0,0
2230,perCombination,4,opening,-192,4,468.15,0.2,1,-468.5,-468.5,-468.5,-936.65,0.130579952600028,1,0,936.65,0,0
2231,perCombination,4,opening,-192,5,808.2,0.2,1,-468.5,-468.5,-468.5,-1276.7,0.177986895301826,1,0,1276.7,0,0
2232,perCombination,4,opening,-192,6,1148.25,0.2,1,-468.5,-468.5,-468.5,-1616.75,0.225393838003625,1,0,1616.75,0,0
2233,perCombination,4,opening,-192,7,1488.3,0.2,1,-468.5,-468.5,-468.5,-1956.8,0.272800780705423,1,0,1956.8,0,0
2234,perCombination,4,opening,-192,8,1828.35,0.2,1,-468.5,-468.5,-468.5,-2296.85,0.320207723407222,1,0,2296.85,0,0
2235,perCombination,4,opening,-192,9,2168.4,0.2,1,-468.5,-468.5,-468.5,-2636.9,0.36761466610902,1,0,2636.9,0,0
2236,perCombination,4,opening,-192,10,2508.45,0.2,1,-468.5,-468.5,-468.5,-2976.95,0.415021608810818,1,0,2976.95,0,0
2237,perCombination,4,opening,-192,11,2848.5,0.2,1,-468.5,-468.5,-468.5,-3317,0.462428551512617,1,0,3317,0,0
2238,perCombination,4,opening,-192,12,3188.55,0.2,1,-468.5,-468.5,-468.5,-3657.05,0.509835494214415,1,0,3657.05,0,0
2239,perCombination,4,opening,-192,13,3528.6,0.2,1,-468.5,-468.5,-468.5,-3997.1,0.557242436916214,1,0,3997.1,0,0
2240,perCombination,4,opening,-192,14,3868.65,0.2,1,-468.5,-468.5,-468.5,-4337.15,0.604649379618012,1,0,4337.15,0,0
2241,perCombination,4,opening,-192,15,4208.7,0.2,1,-468.5,-468.5,-468.5,-4677.2,0.65205632231981,1,0,4677.2,0,0
2242,perCombination,4,opening,-192,16,4548.75,0.2,1,-468.5,-468.5,-468.5,-5017.25,0.699463265021609,1,0,5017.25,0,0
2243,perCombination,4,opening,-192,17,4888.8,0.2,1,-468.5,-468.5,-468.5,-5357.3,0.746870207723407,1,0,5357.3,0,0
2244,perCombination,4,opening,-192,18,5228.85,0.2,1,-468.5,-468.5,-468.5,-5697.35,0.794277150425206,1,0,5697.35,0,0
2245,perCombination,4,opening,-192,19,5568.9,0.2,1,-468.5,-468.5,-468.5,-6037.4,0.841684093127004,1,0,6037.4,0,0
2246,perCombination,4,opening,-192,20,5908.95,0.2,1,-468.5,-468.5,-468.5,-6377.45,0.889091035828802,1,0,6377.45,0,0
2247,perCombination,4,opening,-192,21,6249,0.2,1,-468.5,-468.5,-468.5,-6717.5,0.936497978530601,1,0,6717.5,0,0
2269,perCombination,4,opening,-224,1,-567,0.2,1,-567,-567,-567,0,0,1,0,-0,1,1
2270,perCombination,4,opening,-224,2,-218.35,0.2,1,-490,-490,-490,-271.65,0.0378711836051861,1,0,271.65,0,0
2271,perCombination,4,opening,-224,3,130.3,0.2,1,-490,-490,-490,-620.3,0.086477066778196,1,0,620.3,0,0
2272,perCombination,4,opening,-224,4,478.95,0.2,1,-490,-490,-490,-968.95,0.135082949951206,1,0,968.95,0,0
2273,perCombination,4,opening,-224,5,827.6,0.2,1,-490,-490,-490,-1317.6,0.183688833124216,1,0,1317.6,0,0
2274,perCombination,4,opening,-224,6,1176.25,0.2,1,-490,-490,-490,-1666.25,0.232294716297226,1,0,1666.25,0,0
2275,perCombination,4,opening,-224,7,1524.9,0.2,1,-490,-490,-490,-2014.9,0.280900599470236,1,0,2014.9,0,0
2276,perCombination,4,opening,-224,8,1873.55,0.2,1,-490,-490,-490,-2363.55,0.329506482643246,1,0,2363.55,0,0
2277,perCombination,4,opening,-224,9,2222.2,0.2,1,-490,-490,-490,-2712.2,0.378112365816255,1,0,2712.2,0,0
2278,perCombination,4,opening,-224,10,2570.85,0.2,1,-490,-490,-490,-3060.85,0.426718248989265,1,0,3060.85,0,0
2279,perCombination,4,opening,-224,11,2919.5,0.2,1,-490,-490,-490,-3409.5,0.475324132162275,1,0,3409.5,0,0
2280,perCombination,4,opening,-224,12,3268.15,0.2,1,-490,-490,-490,-3758.15,0.523930015335285,1,0,3758.15,0,0
2281,perCombination,4,opening,-224,13,3616.8,0.2,1,-490,-490,-490,-4106.8,0.572535898508295,1,0,4106.8,0,0
2282,perCombination,4,opening,-224,14,3965.45,0.2,1,-490,-490,-490,-4455.45,0.621141781681305,1,0,4455.45,0,0
2283,perCombination,4,opening,-224,15,4314.1,0.2,1,-490,-490,-490,-4804.1,0.669747664854315,1,0,4804.1,0,0
2284,perCombination,4,opening,-224,16,4662.75,0.2,1,-490,-490,-490,-5152.75,0.718353548027325,1,0,5152.75,0,0
2285,perCombination,4,opening,-224,17,5011.4,0.2,1,-490,-490,-490,-5501.4,0.766959431200334,1,0,5501.4,0,0
2286,perCombination,4,opening,-224,18,5360.05,0.2,1,-490,-490,-490,-5850.05,0.815565314373345,1,0,5850.05,0,0
2287,perCombination,4,opening,-224,19,5708.7,0.2,1,-490,-490,-490,-6198.7,0.864171197546354,1,0,6198.7,0,0
2288,perCombination,4,opening,-224,20,6057.35,0.2,1,-490,-490,-490,-6547.35,0.912777080719364,1,0,6547.35,0,0
2289,perCombination,4,opening,-224,21,6406,0.2,1,-490,-490,-490,-6896,0.961382963892374,1,0,6896,0,0
2311,perCombination,4,opening,-255,1,-671,0.2,1,-671,-671,-671,0,0,1,0,-0,1,1
2312,perCombination,4,opening,-255,2,-312.35,0.2,1,-562.166666666667,-562.166666666667,-562.166666666667,-249.816666666667,0.0348273618662577,1,0,249.816666666667,0,0
2313,perCombination,4,opening,-255,3,46.3,0.2,1,-562.166666666667,-562.166666666667,-562.166666666667,-608.466666666667,0.0848273618662577,1,0,608.466666666667,0,0
2314,perCombination,4,opening,-255,4,404.95,0.2,1,-562.166666666667,-562.166666666667,-562.166666666667,-967.116666666667,0.134827361866258,1,0,967.116666666667,0,0
2315,perCombination,4,opening,-255,5,763.6,0.2,1,-562.166666666667,-562.166666666667,-562.166666666667,-1325.76666666667,0.184827361866258,1,0,1325.76666666667,0,0
2316,perCombination,4,opening,-255,6,1122.25,0.2,1,-562.166666666667,-562.166666666667,-562.166666666667,-1684.41666666667,0.234827361866258,1,0,1684.41666666667,0,0
2317,perCombination,4,opening,-255,7,1480.9,0.2,1,-562.166666666667,-562.166666666667,-562.166666666667,-2043.06666666667,0.284827361866258,1,0,2043.06666666667,0,0
2318,perCombination,4,opening,-255,8,1839.55,0.2,1,-562.166666666667,-562.166666666667,-562.166666666667,-2401.71666666667,0.334827361866258,1,0,2401.71666666667,0,0
2319,perCombination,4,opening,-255,9,2198.2,0.2,1,-562.166666666667,-562.166666666667,-562.166666666667,-2760.36666666667,0.384827361866258,1,0,2760.36666666667,0,0
2320,perCombination,4,opening,-255,10,2556.85,0.2,1,-562.166666666667,-562.166666666667,-562.166666666667,-3119.01666666667,0.434827361866258,1,0,3119.01666666667,0,0
2321,perCombination,4,opening,-255,11,2915.5,0.2,1,-562.166666666667,-562.166666666667,-562.166666666667,-3477.66666666667,0.484827361866258,1,0,3477.66666666667,0,0
2322,perCombination,4,opening,-255,12,3274.15,0.2,1,-562.166666666667,-562.166666666667,-562.166666666667,-3836.31666666667,0.534827361866258,1,0,3836.31666666667,0,0
2323,perCombination,4,opening,-255,13,3632.8,0.2,1,-562.166666666667,-562.166666666667,-562.166666666667,-4194.96666666667,0.584827361866258,1,0,4194.96666666667,0,0
2324,perCombination,4,opening,-255,14,3991.45,0.2,1,-562.166666666667,-562.166666666667,-562.166666666667,-4553.61666666667,0.634827361866258,1,0,4553.61666666667,0,0
2325,perCombination,4,opening,-255,15,4350.1,0.2,1,-562.166666666667,-562.166666666667,-562.166666666667,-4912.26666666667,0.684827361866258,1,0,4912.26666666667,0,0
2326,perCombination,4,opening,-255,16,4708.75,0.2,1,-562.166666666667,-562.166666666667,-562.166666666667,-5270.91666666667,0.734827361866258,1,0,5270.91666666667,0,0
2327,perCombination,4,opening,-255,17,5067.4,0.2,1,-562.166666666667,-562.166666666667,-562.166666666667,-5629.56666666667,0.784827361866258,1,0,5629.56666666667,0,0
2328,perCombination,4,opening,-255,18,5426.05,0.2,1,-562.166666666667,-562.166666666667,-562.166666666667,-5988.21666666667,0.834827361866258,1,0,5988.21666666667,0,0
2329,perCombination,4,opening,-255,19,5784.7,0.2,1,-562.166666666667,-562.166666666667,-562.166666666667,-6346.86666666667,0.884827361866258,1,0,6346.86666666667,0,0
2330,perCombination,4,opening,-255,20,6143.35,0.2,1,-562.166666666667,-562.166666666667,-562.166666666667,-6705.51666666667,0.934827361866258,1,0,6705.51666666667,0,0
2331,perCombination,4,opening,-255,21,6502,0.2,1,-562.166666666667,-562.166666666667,-562.166666666667,-7064.16666666667,0.984827361866258,1,0,7064.16666666667,0,0
