case_id,grid,motor,direction,pwm,initial_index,q_initial,duration,n_points,first,q_final,trajectory_sum,displacement,abs_stroke_fraction,monotonic,n_reverse_steps,minimum_directed_step,out_of_curve_domain,held_initial
1,globalPerMotor,1,closing,64,1,-871,0.2,1,3925.33333333333,3925.33333333333,3925.33333333333,4796.33333333333,0.262870400818444,1,0,4796.33333333333,0,0
2,globalPerMotor,1,closing,64,2,41.3,0.2,1,4023.33333333333,4023.33333333333,4023.33333333333,3982.03333333333,0.218241441046439,1,0,3982.03333333333,0,0
3,globalPerMotor,1,closing,64,3,953.6,0.2,1,4996,4996,4996,4042.4,0.221549928751507,1,0,4042.4,0,0
4,globalPerMotor,1,closing,64,4,1865.9,0.2,1,5715,5715,5715,3849.1,0.210955825934451,1,0,3849.1,0,0
5,globalPerMotor,1,closing,64,5,2778.2,0.2,1,6351.66666666667,6351.66666666667,6351.66666666667,3573.46666666667,0.195849318572107,1,0,3573.46666666667,0,0
6,globalPerMotor,1,closing,64,6,3690.5,0.2,1,6963.66666666667,6963.66666666667,6963.66666666667,3273.16666666667,0.179390916730608,1,0,3273.16666666667,0,0
7,globalPerMotor,1,closing,64,7,4602.8,0.2,1,7613,7613,7613,3010.2,0.164978625452154,1,0,3010.2,0,0
8,globalPerMotor,1,closing,64,8,5515.1,0.2,1,8266,8266,8266,2750.9,0.150767291461142,1,0,2750.9,0,0
9,globalPerMotor,1,closing,64,9,6427.4,0.2,1,8944.33333333333,8944.33333333333,8944.33333333333,2516.93333333333,0.137944389637912,1,0,2516.93333333333,0,0
10,globalPerMotor,1,closing,64,10,7339.7,0.2,1,9600,9600,9600,2260.3,0.123879206401403,1,0,2260.3,0,0
11,globalPerMotor,1,closing,64,11,8252,0.2,1,10250,10250,10250,1998,0.109503452811575,1,0,1998,0,0
12,globalPerMotor,1,closing,64,12,9164.3,0.2,1,11036.3333333333,11036.3333333333,11036.3333333333,1872.03333333333,0.102599656545727,1,0,1872.03333333333,0,0
13,globalPerMotor,1,closing,64,13,10076.6,0.2,1,11880.3333333333,11880.3333333333,11880.3333333333,1803.73333333333,0.0988563703460119,1,0,1803.73333333333,0,0
14,globalPerMotor,1,closing,64,14,10988.9,0.2,1,12388.6666666667,12388.6666666667,12388.6666666667,1399.76666666667,0.0767163579231978,1,0,1399.76666666667,0,0
15,globalPerMotor,1,closing,64,15,11901.2,0.2,1,13062,13062,13062,1160.8,0.0636194234352735,1,0,1160.8,0,0
16,globalPerMotor,1,closing,64,16,12813.5,0.2,1,13604.6666666667,13604.6666666667,13604.6666666667,791.166666666666,0.0433611019766889,1,0,791.166666666666,0,0
17,globalPerMotor,1,closing,64,17,13725.8,0.2,1,14316,14316,14316,590.200000000001,0.0323468157404363,1,0,590.200000000001,0,0
18,globalPerMotor,1,closing,64,18,14638.1,0.2,1,14638.1,14638.1,14638.1,0,0,1,0,0,1,1
19,globalPerMotor,1,closing,64,19,15550.4,0.2,1,15550.4,15550.4,15550.4,0,0,1,0,0,1,1
20,globalPerMotor,1,closing,64,20,16462.7,0.2,1,16462.7,16462.7,16462.7,0,0,1,0,0,1,1
21,globalPerMotor,1,closing,64,21,17375,0.2,1,17375,17375,17375,0,0,1,0,0,1,1
43,globalPerMotor,1,closing,96,1,-871,0.2,1,6279.75,6279.75,6279.75,7150.75,0.391907815411597,1,0,7150.75,0,0
44,globalPerMotor,1,closing,96,2,41.3,0.2,1,6479.5,6479.5,6479.5,6438.2,0.352855420366108,1,0,6438.2,0,0
45,globalPerMotor,1,closing,96,3,953.6,0.2,1,7361.75,7361.75,7361.75,6408.15,0.351208484051299,1,0,6408.15,0,0
46,globalPerMotor,1,closing,96,4,1865.9,0.2,1,8073.75,8073.75,8073.75,6207.85,0.340230735503672,1,0,6207.85,0,0
47,globalPerMotor,1,closing,96,5,2778.2,0.2,1,8794.5,8794.5,8794.5,6016.3,0.329732544119259,1,0,6016.3,0,0
48,globalPerMotor,1,closing,96,6,3690.5,0.2,1,9459.5,9459.5,9459.5,5769,0.316178888523512,1,0,5769,0,0
49,globalPerMotor,1,closing,96,7,4602.8,0.2,1,10151.5,10151.5,10151.5,5548.7,0.304105009317111,1,0,5548.7,0,0
50,globalPerMotor,1,closing,96,8,5515.1,0.2,1,10870.75,10870.75,10870.75,5355.65,0.293524608133289,1,0,5355.65,0,0
51,globalPerMotor,1,closing,96,9,6427.4,0.2,1,11619,11619,11619,5191.6,0.284533596404691,1,0,5191.6,0,0
52,globalPerMotor,1,closing,96,10,7339.7,0.2,1,12393.25,12393.25,12393.25,5053.55,0.2769675545325,1,0,5053.55,0,0
53,globalPerMotor,1,closing,96,11,8252,0.2,1,13136.25,13136.25,13136.25,4884.25,0.267688808505974,1,0,4884.25,0,0
54,globalPerMotor,1,closing,96,12,9164.3,0.2,1,13899.25,13899.25,13899.25,4734.95,0.259506193138222,1,0,4734.95,0,0
55,globalPerMotor,1,closing,96,13,10076.6,0.2,1,14604.5,14604.5,14604.5,4527.9,0.248158500493259,1,0,4527.9,0,0
56,globalPerMotor,1,closing,96,14,10988.9,0.2,1,15279,15279,15279,4290.1,0.23512550696043,1,0,4290.1,0,0
57,globalPerMotor,1,closing,96,15,11901.2,0.2,1,15948.5,15948.5,15948.5,4047.3,0.221818480762907,1,0,4047.3,0,0
58,globalPerMotor,1,closing,96,16,12813.5,0.2,1,16405.25,16405.25,16405.25,3591.75,0.19685136468267,1,0,3591.75,0,0
59,globalPerMotor,1,closing,96,17,13725.8,0.2,1,16593.75,16593.75,16593.75,2867.95,0.15718239614162,1,0,2867.95,0,0
60,globalPerMotor,1,closing,96,18,14638.1,0.2,1,16728.75,16728.75,16728.75,2090.65,0.114581278088348,1,0,2090.65,0,0
61,globalPerMotor,1,closing,96,19,15550.4,0.2,1,16739.5,16739.5,16739.5,1189.1,0.0651704483174394,1,0,1189.1,0,0
62,globalPerMotor,1,closing,96,20,16462.7,0.2,1,16836.5,16836.5,16836.5,373.799999999999,0.0204866820124959,1,0,373.799999999999,0,0
63,globalPerMotor,1,closing,96,21,17375,0.2,1,17375,17375,17375,0,0,1,0,0,1,1
85,globalPerMotor,1,closing,128,1,-871,0.2,1,7999.5,7999.5,7999.5,8870.5,0.486161350432972,1,0,8870.5,0,0
86,globalPerMotor,1,closing,128,2,41.3,0.2,1,8215.16666666667,8215.16666666667,8215.16666666667,8173.86666666667,0.447981292703424,1,0,8173.86666666667,0,0
87,globalPerMotor,1,closing,128,3,953.6,0.2,1,9262,9262,9262,8308.4,0.455354598268114,1,0,8308.4,0,0
88,globalPerMotor,1,closing,128,4,1865.9,0.2,1,10125.1666666667,10125.1666666667,10125.1666666667,8259.26666666667,0.452661770616391,1,0,8259.26666666667,0,0
89,globalPerMotor,1,closing,128,5,2778.2,0.2,1,10901,10901,10901,8122.8,0.445182505754686,1,0,8122.8,0,0
90,globalPerMotor,1,closing,128,6,3690.5,0.2,1,11746.1666666667,11746.1666666667,11746.1666666667,8055.66666666667,0.441503160510066,1,0,8055.66666666667,0,0
91,globalPerMotor,1,closing,128,7,4602.8,0.2,1,12490.1666666667,12490.1666666667,12490.1666666667,7887.36666666667,0.432279221016478,1,0,7887.36666666667,0,0
92,globalPerMotor,1,closing,128,8,5515.1,0.2,1,13272.6666666667,13272.6666666667,13272.6666666667,7757.56666666667,0.425165333041032,1,0,7757.56666666667,0,0
93,globalPerMotor,1,closing,128,9,6427.4,0.2,1,14070.3333333333,14070.3333333333,14070.3333333333,7642.93333333333,0.418882677481823,1,0,7642.93333333333,0,0
94,globalPerMotor,1,closing,128,10,7339.7,0.2,1,14815,14815,14815,7475.3,0.409695275676861,1,0,7475.3,0,0
95,globalPerMotor,1,closing,128,11,8252,0.2,1,15473.1666666667,15473.1666666667,15473.1666666667,7221.16666666667,0.395767108772699,1,0,7221.16666666667,0,0
96,globalPerMotor,1,closing,128,12,9164.3,0.2,1,16044.6666666667,16044.6666666667,16044.6666666667,6880.36666666667,0.377089042347181,1,0,6880.36666666667,0,0
97,globalPerMotor,1,closing,128,13,10076.6,0.2,1,16582.5,16582.5,16582.5,6505.9,0.356565822646059,1,0,6505.9,0,0
98,globalPerMotor,1,closing,128,14,10988.9,0.2,1,16889.8333333333,16889.8333333333,16889.8333333333,5900.93333333333,0.323409697102561,1,0,5900.93333333333,0,0
99,globalPerMotor,1,closing,128,15,11901.2,0.2,1,17083,17083,17083,5181.8,0.283996492381892,1,0,5181.8,0,0
100,globalPerMotor,1,closing,128,16,12813.5,0.2,1,17101,17101,17101,4287.5,0.234983009974789,1,0,4287.5,0,0
101,globalPerMotor,1,closing,128,17,13725.8,0.2,1,17101,17101,17101,3375.2,0.184983009974789,1,0,3375.2,0,0
102,globalPerMotor,1,closing,128,18,14638.1,0.2,1,17101,17101,17101,2462.9,0.134983009974789,1,0,2462.9,0,0
103,globalPerMotor,1,closing,128,19,15550.4,0.2,1,17101,17101,17101,1550.6,0.0849830099747889,1,0,1550.6,0,0
104,globalPerMotor,1,closing,128,20,16462.7,0.2,1,17101,17101,17101,638.299999999999,0.034983009974789,1,0,638.299999999999,0,0
105,globalPerMotor,1,closing,128,21,17375,0.2,1,17375,17375,17375,0,0,1,0,0,1,1
127,globalPerMotor,1,closing,160,1,-871,0.2,1,9023.8,9023.8,9023.8,9894.8,0.542299682122109,1,0,9894.8,0,0
128,globalPerMotor,1,closing,160,2,41.3,0.2,1,9249,9249,9249,9207.7,0.50464211333991,1,0,9207.7,0,0
129,globalPerMotor,1,closing,160,3,953.6,0.2,1,10279.2,10279.2,10279.2,9325.6,0.511103803573386,1,0,9325.6,0,0
130,globalPerMotor,1,closing,160,4,1865.9,0.2,1,11113.8,11113.8,11113.8,9247.9,0.506845335964047,1,0,9247.9,0,0
131,globalPerMotor,1,closing,160,5,2778.2,0.2,1,11876.4,11876.4,11876.4,9098.2,0.49864079798312,1,0,9098.2,0,0
132,globalPerMotor,1,closing,160,6,3690.5,0.2,1,12661.8,12661.8,12661.8,8971.3,0.491685848953195,1,0,8971.3,0,0
133,globalPerMotor,1,closing,160,7,4602.8,0.2,1,13433.8,13433.8,13433.8,8831,0.483996492381892,1,0,8831,0,0
134,globalPerMotor,1,closing,160,8,5515.1,0.2,1,14225.2,14225.2,14225.2,8710.1,0.4773703825496,1,0,8710.1,0,0
135,globalPerMotor,1,closing,160,9,6427.4,0.2,1,15011.6,15011.6,15011.6,8584.2,0.470470240052614,1,0,8584.2,0,0
136,globalPerMotor,1,closing,160,10,7339.7,0.2,1,15754.8,15754.8,15754.8,8415.1,0.461202455332676,1,0,8415.1,0,0
137,globalPerMotor,1,closing,160,11,8252,0.2,1,16325.4,16325.4,16325.4,8073.4,0.442475063027513,1,0,8073.4,0,0
138,globalPerMotor,1,closing,160,12,9164.3,0.2,1,16734.6,16734.6,16734.6,7570.3,0.41490189630604,1,0,7570.3,0,0
139,globalPerMotor,1,closing,160,13,10076.6,0.2,1,16912,16912,16912,6835.4,0.37462457524937,1,0,6835.4,0,0
140,globalPerMotor,1,closing,160,14,10988.9,0.2,1,17009.8,17009.8,17009.8,6020.9,0.329984654170777,1,0,6020.9,0,0
141,globalPerMotor,1,closing,160,15,11901.2,0.2,1,17101.6,17101.6,17101.6,5200.4,0.285015893894552,1,0,5200.4,0,0
142,globalPerMotor,1,closing,160,16,12813.5,0.2,1,17116.6,17116.6,17116.6,4303.1,0.235837991888633,1,0,4303.1,0,0
143,globalPerMotor,1,closing,160,17,13725.8,0.2,1,17116.6,17116.6,17116.6,3390.8,0.185837991888633,1,0,3390.8,0,0
144,globalPerMotor,1,closing,160,18,14638.1,0.2,1,17116.6,17116.6,17116.6,2478.5,0.135837991888633,1,0,2478.5,0,0
145,globalPerMotor,1,closing,160,19,15550.4,0.2,1,17116.6,17116.6,17116.6,1566.2,0.085837991888633,1,0,1566.2,0,0
146,globalPerMotor,1,closing,160,20,16462.7,0.2,1,17116.6,17116.6,17116.6,653.899999999998,0.035837991888633,1,0,653.899999999998,0,0
147,globalPerMotor,1,closing,160,21,17375,0.2,1,17375,17375,17375,0,0,1,0,0,1,1
169,globalPerMotor,1,closing,192,1,-871,0.2,1,9863.66666666667,9863.66666666667,9863.66666666667,10734.6666666667,0.588329862252914,1,0,10734.6666666667,0,0
170,globalPerMotor,1,closing,192,2,41.3,0.2,1,10093,10093,10093,10051.7,0.550898827140195,1,0,10051.7,0,0
171,globalPerMotor,1,closing,192,3,953.6,0.2,1,11088.3333333333,11088.3333333333,11088.3333333333,10134.7333333333,0.555449596258541,1,0,10134.7333333333,0,0
172,globalPerMotor,1,closing,192,4,1865.9,0.2,1,11981,11981,11981,10115.1,0.55437356132851,1,0,10115.1,0,0
173,globalPerMotor,1,closing,192,5,2778.2,0.2,1,12825.6666666667,12825.6666666667,12825.6666666667,10047.4666666667,0.550666812817421,1,0,10047.4666666667,0,0
174,globalPerMotor,1,closing,192,6,3690.5,0.2,1,13703,13703,13703,10012.5,0.548750411048997,1,0,10012.5,0,0
175,globalPerMotor,1,closing,192,7,4602.8,0.2,1,14525.6666666667,14525.6666666667,14525.6666666667,9922.86666666666,0.543837918813256,1,0,9922.86666666666,0,0
176,globalPerMotor,1,closing,192,8,5515.1,0.2,1,15386.3333333333,15386.3333333333,15386.3333333333,9871.23333333333,0.541008074829186,1,0,9871.23333333333,0,0
177,globalPerMotor,1,closing,192,9,6427.4,0.2,1,16175.6666666667,16175.6666666667,16175.6666666667,9748.26666666667,0.534268698162154,1,0,9748.26666666667,0,0
178,globalPerMotor,1,closing,192,10,7339.7,0.2,1,16785.3333333333,16785.3333333333,16785.3333333333,9445.63333333333,0.517682414410464,1,0,9445.63333333333,0,0
179,globalPerMotor,1,closing,192,11,8252,0.2,1,17057.6666666667,17057.6666666667,17057.6666666667,8805.66666666667,0.482608060214111,1,0,8805.66666666667,0,0
180,globalPerMotor,1,closing,192,12,9164.3,0.2,1,17209,17209,17209,8044.7,0.440902115532171,1,0,8044.7,0,0
181,globalPerMotor,1,closing,192,13,10076.6,0.2,1,17209,17209,17209,7132.4,0.390902115532171,1,0,7132.4,0,0
182,globalPerMotor,1,closing,192,14,10988.9,0.2,1,17209,17209,17209,6220.1,0.340902115532171,1,0,6220.1,0,0
183,globalPerMotor,1,closing,192,15,11901.2,0.2,1,17209,17209,17209,5307.8,0.290902115532171,1,0,5307.8,0,0
184,globalPerMotor,1,closing,192,16,12813.5,0.2,1,17209,17209,17209,4395.5,0.240902115532171,1,0,4395.5,0,0
185,globalPerMotor,1,closing,192,17,13725.8,0.2,1,17209,17209,17209,3483.2,0.190902115532171,1,0,3483.2,0,0
186,globalPerMotor,1,closing,192,18,14638.1,0.2,1,17209,17209,17209,2570.9,0.140902115532171,1,0,2570.9,0,0
187,globalPerMotor,1,closing,192,19,15550.4,0.2,1,17209,17209,17209,1658.6,0.0909021155321714,1,0,1658.6,0,0
188,globalPerMotor,1,closing,192,20,16462.7,0.2,1,17209,17209,17209,746.299999999999,0.0409021155321714,1,0,746.299999999999,0,0
189,globalPerMotor,1,closing,192,21,17375,0.2,1,17375,17375,17375,0,0,1,0,0,1,1
211,globalPerMotor,1,closing,224,1,-871,0.2,1,10436.8333333333,10436.8333333333,10436.8333333333,11307.8333333333,0.619743140048961,1,0,11307.8333333333,0,0
212,globalPerMotor,1,closing,224,2,41.3,0.2,1,10701,10701,10701,10659.7,0.584221199166941,1,0,10659.7,0,0
213,globalPerMotor,1,closing,224,3,953.6,0.2,1,11705.5,11705.5,11705.5,10751.9,0.589274361503891,1,0,10751.9,0,0
214,globalPerMotor,1,closing,224,4,1865.9,0.2,1,12546.1666666667,12546.1666666667,12546.1666666667,10680.2666666667,0.585348386861047,1,0,10680.2666666667,0,0
215,globalPerMotor,1,closing,224,5,2778.2,0.2,1,13434.8333333333,13434.8333333333,13434.8333333333,10656.6333333333,0.584053125799262,1,0,10656.6333333333,0,0
216,globalPerMotor,1,closing,224,6,3690.5,0.2,1,14309.6666666667,14309.6666666667,14309.6666666667,10619.1666666667,0.581999707698491,1,0,10619.1666666667,0,0
217,globalPerMotor,1,closing,224,7,4602.8,0.2,1,15111.8333333333,15111.8333333333,15111.8333333333,10509.0333333333,0.575963681537506,1,0,10509.0333333333,0,0
218,globalPerMotor,1,closing,224,8,5515.1,0.2,1,15947.6666666667,15947.6666666667,15947.6666666667,10432.5666666667,0.571772808652125,1,0,10432.5666666667,0,0
219,globalPerMotor,1,closing,224,9,6427.4,0.2,1,16750.1666666667,16750.1666666667,16750.1666666667,10322.7666666667,0.565755051335453,1,0,10322.7666666667,0,0
220,globalPerMotor,1,closing,224,10,7339.7,0.2,1,17033.5,17033.5,17033.5,9693.8,0.531283569001425,1,0,9693.8,0,0
221,globalPerMotor,1,closing,224,11,8252,0.2,1,17162.5,17162.5,17162.5,8910.5,0.488353611750521,1,0,8910.5,0,0
222,globalPerMotor,1,closing,224,12,9164.3,0.2,1,17213.8333333333,17213.8333333333,17213.8333333333,8049.53333333333,0.441167013774709,1,0,8049.53333333333,0,0
223,globalPerMotor,1,closing,224,13,10076.6,0.2,1,17213.8333333333,17213.8333333333,17213.8333333333,7137.23333333333,0.391167013774709,1,0,7137.23333333333,0,0
224,globalPerMotor,1,closing,224,14,10988.9,0.2,1,17213.8333333333,17213.8333333333,17213.8333333333,6224.93333333333,0.341167013774709,1,0,6224.93333333333,0,0
225,globalPerMotor,1,closing,224,15,11901.2,0.2,1,17213.8333333333,17213.8333333333,17213.8333333333,5312.63333333333,0.291167013774708,1,0,5312.63333333333,0,0
226,globalPerMotor,1,closing,224,16,12813.5,0.2,1,17213.8333333333,17213.8333333333,17213.8333333333,4400.33333333333,0.241167013774709,1,0,4400.33333333333,0,0
227,globalPerMotor,1,closing,224,17,13725.8,0.2,1,17213.8333333333,17213.8333333333,17213.8333333333,3488.03333333333,0.191167013774709,1,0,3488.03333333333,0,0
228,globalPerMotor,1,closing,224,18,14638.1,0.2,1,17213.8333333333,17213.8333333333,17213.8333333333,2575.73333333333,0.141167013774709,1,0,2575.73333333333,0,0
229,globalPerMotor,1,closing,224,19,15550.4,0.2,1,17213.8333333333,17213.8333333333,17213.8333333333,1663.43333333333,0.0911670137747085,1,0,1663.43333333333,0,0
230,globalPerMotor,1,closing,224,20,16462.7,0.2,1,17213.8333333333,17213.8333333333,17213.8333333333,751.133333333331,0.0411670137747085,1,0,751.133333333331,0,0
231,globalPerMotor,1,closing,224,21,17375,0.2,1,17375,17375,17375,0,0,1,0,0,1,1
253,globalPerMotor,1,closing,255,1,-871,0.2,1,11176.6666666667,11176.6666666667,11176.6666666667,12047.6666666667,0.660290840001461,1,0,12047.6666666667,0,0
254,globalPerMotor,1,closing,255,2,41.3,0.2,1,11394.3333333333,11394.3333333333,11394.3333333333,11353.0333333333,0.622220395337791,1,0,11353.0333333333,0,0
255,globalPerMotor,1,closing,255,3,953.6,0.2,1,12408.6666666667,12408.6666666667,12408.6666666667,11455.0666666667,0.627812488581972,1,0,11455.0666666667,0,0
256,globalPerMotor,1,closing,255,4,1865.9,0.2,1,13304,13304,13304,11438.1,0.626882604406445,1,0,11438.1,0,0
257,globalPerMotor,1,closing,255,5,2778.2,0.2,1,14172,14172,14172,11393.8,0.62445467499726,1,0,11393.8,0,0
258,globalPerMotor,1,closing,255,6,3690.5,0.2,1,14987,14987,14987,11296.5,0.619121999342322,1,0,11296.5,0,0
259,globalPerMotor,1,closing,255,7,4602.8,0.2,1,15841,15841,15841,11238.2,0.615926778471994,1,0,11238.2,0,0
260,globalPerMotor,1,closing,255,8,5515.1,0.2,1,16626.5,16626.5,16626.5,11111.4,0.608977310095363,1,0,11111.4,0,0
261,globalPerMotor,1,closing,255,9,6427.4,0.2,1,17064.3333333333,17064.3333333333,17064.3333333333,10636.9333333333,0.582973437100369,1,0,10636.9333333333,0,0
262,globalPerMotor,1,closing,255,10,7339.7,0.2,1,17209.5,17209.5,17209.5,9869.8,0.540929518798641,1,0,9869.8,0,0
263,globalPerMotor,1,closing,255,11,8252,0.2,1,17246.5,17246.5,17246.5,8994.5,0.492957360517374,1,0,8994.5,0,0
264,globalPerMotor,1,closing,255,12,9164.3,0.2,1,17246.5,17246.5,17246.5,8082.2,0.442957360517374,1,0,8082.2,0,0
265,globalPerMotor,1,closing,255,13,10076.6,0.2,1,17246.5,17246.5,17246.5,7169.9,0.392957360517374,1,0,7169.9,0,0
266,globalPerMotor,1,closing,255,14,10988.9,0.2,1,17246.5,17246.5,17246.5,6257.6,0.342957360517374,1,0,6257.6,0,0
267,globalPerMotor,1,closing,255,15,11901.2,0.2,1,17246.5,17246.5,17246.5,5345.3,0.292957360517374,1,0,5345.3,0,0
268,globalPerMotor,1,closing,255,16,12813.5,0.2,1,17246.5,17246.5,17246.5,4433,0.242957360517374,1,0,4433,0,0
269,globalPerMotor,1,closing,255,17,13725.8,0.2,1,17246.5,17246.5,17246.5,3520.7,0.192957360517374,1,0,3520.7,0,0
270,globalPerMotor,1,closing,255,18,14638.1,0.2,1,17246.5,17246.5,17246.5,2608.4,0.142957360517374,1,0,2608.4,0,0
271,globalPerMotor,1,closing,255,19,15550.4,0.2,1,17246.5,17246.5,17246.5,1696.1,0.0929573605173736,1,0,1696.1,0,0
272,globalPerMotor,1,closing,255,20,16462.7,0.2,1,17246.5,17246.5,17246.5,783.799999999999,0.0429573605173736,1,0,783.799999999999,0,0
273,globalPerMotor,1,closing,255,21,17375,0.2,1,17375,17375,17375,0,0,1,0,0,1,1
295,globalPerMotor,1,opening,-64,1,-871,0.2,1,-871,-871,-871,0,0,1,0,-0,1,1
296,globalPerMotor,1,opening,-64,2,41.3,0.2,1,-145.333333333333,-145.333333333333,-145.333333333333,-186.633333333333,0.0102287259307976,1,0,186.633333333333,0,0
297,globalPerMotor,1,opening,-64,3,953.6,0.2,1,-145.333333333333,-145.333333333333,-145.333333333333,-1098.93333333333,0.0602287259307976,1,0,1098.93333333333,0,0
298,globalPerMotor,1,opening,-64,4,1865.9,0.2,1,-128.666666666667,-128.666666666667,-128.666666666667,-1994.56666666667,0.109315283715152,1,0,1994.56666666667,0,0
299,globalPerMotor,1,opening,-64,5,2778.2,0.2,1,248,248,248,-2530.2,0.138671489641565,1,0,2530.2,0,0
300,globalPerMotor,1,opening,-64,6,3690.5,0.2,1,557.333333333333,557.333333333333,557.333333333333,-3133.16666666667,0.171718002119186,1,0,3133.16666666667,0,0
301,globalPerMotor,1,opening,-64,7,4602.8,0.2,1,862.333333333333,862.333333333333,862.333333333333,-3740.46666666667,0.205002009572874,1,0,3740.46666666667,0,0
302,globalPerMotor,1,opening,-64,8,5515.1,0.2,1,1211,1211,1211,-4304.1,0.235892798421572,1,0,4304.1,0,0
303,globalPerMotor,1,opening,-64,9,6427.4,0.2,1,1859.33333333333,1859.33333333333,1859.33333333333,-4568.06666666667,0.250359896232964,1,0,4568.06666666667,0,0
304,globalPerMotor,1,opening,-64,10,7339.7,0.2,1,2522.33333333333,2522.33333333333,2522.33333333333,-4817.36666666667,0.264023164894589,1,0,4817.36666666667,0,0
305,globalPerMotor,1,opening,-64,11,8252,0.2,1,3465.33333333333,3465.33333333333,3465.33333333333,-4786.66666666667,0.26234060433337,1,0,4786.66666666667,0,0
306,globalPerMotor,1,opening,-64,12,9164.3,0.2,1,4428.66666666667,4428.66666666667,4428.66666666667,-4735.63333333333,0.259543644269063,1,0,4735.63333333333,0,0
307,globalPerMotor,1,opening,-64,13,10076.6,0.2,1,5366,5366,5366,-4710.6,0.258171654061164,1,0,4710.6,0,0
308,globalPerMotor,1,opening,-64,14,10988.9,0.2,1,6353.33333333333,6353.33333333333,6353.33333333333,-4635.56666666667,0.254059337206328,1,0,4635.56666666667,0,0
309,globalPerMotor,1,opening,-64,15,11901.2,0.2,1,7303.66666666667,7303.66666666667,7303.66666666667,-4597.53333333333,0.251974862070225,1,0,4597.53333333333,0,0
310,globalPerMotor,1,opening,-64,16,12813.5,0.2,1,8259,8259,8259,-4554.5,0.249616354269429,1,0,4554.5,0,0
311,globalPerMotor,1,opening,-64,17,13725.8,0.2,1,9228,9228,9228,-4497.8,0.246508823851803,1,0,4497.8,0,0
312,globalPerMotor,1,opening,-64,18,14638.1,0.2,1,10362,10362,10362,-4276.1,0.234358215499288,1,0,4276.1,0,0
313,globalPerMotor,1,opening,-64,19,15550.4,0.2,1,10362,10362,10362,-5188.4,0.284358215499288,1,0,5188.4,0,0
314,globalPerMotor,1,opening,-64,20,16462.7,0.2,1,10362,10362,10362,-6100.7,0.334358215499288,1,0,6100.7,0,0
315,globalPerMotor,1,opening,-64,21,17375,0.2,1,10362,10362,10362,-7013,0.384358215499288,1,0,7013,0,0
337,globalPerMotor,1,opening,-96,1,-871,0.2,1,-871,-871,-871,0,0,1,0,-0,1,1
338,globalPerMotor,1,opening,-96,2,41.3,0.2,1,-320,-320,-320,-361.3,0.0198016003507618,1,0,361.3,0,0
339,globalPerMotor,1,opening,-96,3,953.6,0.2,1,-320,-320,-320,-1273.6,0.0698016003507618,1,0,1273.6,0,0
340,globalPerMotor,1,opening,-96,4,1865.9,0.2,1,-320,-320,-320,-2185.9,0.119801600350762,1,0,2185.9,0,0
341,globalPerMotor,1,opening,-96,5,2778.2,0.2,1,-320,-320,-320,-3098.2,0.169801600350762,1,0,3098.2,0,0
342,globalPerMotor,1,opening,-96,6,3690.5,0.2,1,-320,-320,-320,-4010.5,0.219801600350762,1,0,4010.5,0,0
343,globalPerMotor,1,opening,-96,7,4602.8,0.2,1,-320,-320,-320,-4922.8,0.269801600350762,1,0,4922.8,0,0
344,globalPerMotor,1,opening,-96,8,5515.1,0.2,1,-320,-320,-320,-5835.1,0.319801600350762,1,0,5835.1,0,0
345,globalPerMotor,1,opening,-96,9,6427.4,0.2,1,-316,-316,-316,-6743.4,0.369582374219007,1,0,6743.4,0,0
346,globalPerMotor,1,opening,-96,10,7339.7,0.2,1,-121.75,-121.75,-121.75,-7461.45,0.408936205195659,1,0,7461.45,0,0
347,globalPerMotor,1,opening,-96,11,8252,0.2,1,365,365,365,-7887,0.432259125287734,1,0,7887,0,0
348,globalPerMotor,1,opening,-96,12,9164.3,0.2,1,1296.75,1296.75,1296.75,-7867.55,0.431193138222076,1,0,7867.55,0,0
349,globalPerMotor,1,opening,-96,13,10076.6,0.2,1,2256.25,2256.25,2256.25,-7820.35,0.428606269867368,1,0,7820.35,0,0
350,globalPerMotor,1,opening,-96,14,10988.9,0.2,1,3213,3213,3213,-7775.9,0.426170119478242,1,0,7775.9,0,0
351,globalPerMotor,1,opening,-96,15,11901.2,0.2,1,4205,4205,4205,-7696.2,0.421802038803025,1,0,7696.2,0,0
352,globalPerMotor,1,opening,-96,16,12813.5,0.2,1,5197.25,5197.25,5197.25,-7616.25,0.417420256494574,1,0,7616.25,0,0
353,globalPerMotor,1,opening,-96,17,13725.8,0.2,1,6185.25,6185.25,6185.25,-7540.55,0.413271401951113,1,0,7540.55,0,0
354,globalPerMotor,1,opening,-96,18,14638.1,0.2,1,7170.75,7170.75,7170.75,-7467.35,0.409259563739998,1,0,7467.35,0,0
355,globalPerMotor,1,opening,-96,19,15550.4,0.2,1,8179.25,8179.25,8179.25,-7371.15,0.403987175271292,1,0,7371.15,0,0
356,globalPerMotor,1,opening,-96,20,16462.7,0.2,1,9273.75,9273.75,9273.75,-7188.95,0.394001424969856,1,0,7188.95,0,0
357,globalPerMotor,1,opening,-96,21,17375,0.2,1,9800.75,9800.75,9800.75,-7574.25,0.415118382111148,1,0,7574.25,0,0
379,globalPerMotor,1,opening,-128,1,-871,0.2,1,-871,-871,-871,0,0,1,0,-0,1,1
380,globalPerMotor,1,opening,-128,2,41.3,0.2,1,-493,-493,-493,-534.3,0.0292831305491615,1,0,534.3,0,0
381,globalPerMotor,1,opening,-128,3,953.6,0.2,1,-493,-493,-493,-1446.6,0.0792831305491615,1,0,1446.6,0,0
382,globalPerMotor,1,opening,-128,4,1865.9,0.2,1,-493,-493,-493,-2358.9,0.129283130549161,1,0,2358.9,0,0
383,globalPerMotor,1,opening,-128,5,2778.2,0.2,1,-493,-493,-493,-3271.2,0.179283130549161,1,0,3271.2,0,0
384,globalPerMotor,1,opening,-128,6,3690.5,0.2,1,-493,-493,-493,-4183.5,0.229283130549161,1,0,4183.5,0,0
385,globalPerMotor,1,opening,-128,7,4602.8,0.2,1,-493,-493,-493,-5095.8,0.279283130549161,1,0,5095.8,0,0
386,globalPerMotor,1,opening,-128,8,5515.1,0.2,1,-493,-493,-493,-6008.1,0.329283130549161,1,0,6008.1,0,0
387,globalPerMotor,1,opening,-128,9,6427.4,0.2,1,-493,-493,-493,-6920.4,0.379283130549161,1,0,6920.4,0,0
388,globalPerMotor,1,opening,-128,10,7339.7,0.2,1,-488.5,-488.5,-488.5,-7828.2,0.429036501150937,1,0,7828.2,0,0
389,globalPerMotor,1,opening,-128,11,8252,0.2,1,-383.166666666667,-383.166666666667,-383.166666666667,-8635.16666666667,0.473263546348058,1,0,8635.16666666667,0,0
390,globalPerMotor,1,opening,-128,12,9164.3,0.2,1,-92.1666666666667,-92.1666666666667,-92.1666666666667,-9256.46666666667,0.507314845262889,1,0,9256.46666666667,0,0
391,globalPerMotor,1,opening,-128,13,10076.6,0.2,1,487.166666666667,487.166666666667,487.166666666667,-9589.43333333333,0.525563593847053,1,0,9589.43333333333,0,0
392,globalPerMotor,1,opening,-128,14,10988.9,0.2,1,1355.33333333333,1355.33333333333,1355.33333333333,-9633.56666666667,0.527982388834082,1,0,9633.56666666667,0,0
393,globalPerMotor,1,opening,-128,15,11901.2,0.2,1,2336.83333333333,2336.83333333333,2336.83333333333,-9564.36666666667,0.524189776754723,1,0,9564.36666666667,0,0
394,globalPerMotor,1,opening,-128,16,12813.5,0.2,1,3317.5,3317.5,3317.5,-9496,0.520442836786145,1,0,9496,0,0
395,globalPerMotor,1,opening,-128,17,13725.8,0.2,1,4294.16666666667,4294.16666666667,4294.16666666667,-9431.63333333333,0.516915122949322,1,0,9431.63333333333,0,0
396,globalPerMotor,1,opening,-128,18,14638.1,0.2,1,5315.83333333333,5315.83333333333,5315.83333333333,-9322.26666666667,0.510921115130257,1,0,9322.26666666667,0,0
397,globalPerMotor,1,opening,-128,19,15550.4,0.2,1,6287.16666666667,6287.16666666667,6287.16666666667,-9263.23333333333,0.507685702802441,1,0,9263.23333333333,0,0
398,globalPerMotor,1,opening,-128,20,16462.7,0.2,1,7302.16666666667,7302.16666666667,7302.16666666667,-9160.53333333333,0.502057071869634,1,0,9160.53333333333,0,0
399,globalPerMotor,1,opening,-128,21,17375,0.2,1,8448.83333333333,8448.83333333333,8448.83333333333,-8926.16666666667,0.489212247433227,1,0,8926.16666666667,0,0
421,globalPerMotor,1,opening,-160,1,-871,0.2,1,-871,-871,-871,0,0,1,0,-0,1,1
422,globalPerMotor,1,opening,-160,2,41.3,0.2,1,-595.8,-595.8,-595.8,-637.1,0.0349172421352625,1,0,637.1,0,0
423,globalPerMotor,1,opening,-160,3,953.6,0.2,1,-595.8,-595.8,-595.8,-1549.4,0.0849172421352625,1,0,1549.4,0,0
424,globalPerMotor,1,opening,-160,4,1865.9,0.2,1,-595.8,-595.8,-595.8,-2461.7,0.134917242135263,1,0,2461.7,0,0
425,globalPerMotor,1,opening,-160,5,2778.2,0.2,1,-595.8,-595.8,-595.8,-3374,0.184917242135263,1,0,3374,0,0
426,globalPerMotor,1,opening,-160,6,3690.5,0.2,1,-595.8,-595.8,-595.8,-4286.3,0.234917242135263,1,0,4286.3,0,0
427,globalPerMotor,1,opening,-160,7,4602.8,0.2,1,-595.8,-595.8,-595.8,-5198.6,0.284917242135263,1,0,5198.6,0,0
428,globalPerMotor,1,opening,-160,8,5515.1,0.2,1,-595.8,-595.8,-595.8,-6110.9,0.334917242135263,1,0,6110.9,0,0
429,globalPerMotor,1,opening,-160,9,6427.4,0.2,1,-595.8,-595.8,-595.8,-7023.2,0.384917242135263,1,0,7023.2,0,0
430,globalPerMotor,1,opening,-160,10,7339.7,0.2,1,-595.8,-595.8,-595.8,-7935.5,0.434917242135263,1,0,7935.5,0,0
431,globalPerMotor,1,opening,-160,11,8252,0.2,1,-588.4,-588.4,-588.4,-8840.4,0.484511673791516,1,0,8840.4,0,0
432,globalPerMotor,1,opening,-160,12,9164.3,0.2,1,-483.4,-483.4,-483.4,-9647.7,0.52875698783295,1,0,9647.7,0,0
433,globalPerMotor,1,opening,-160,13,10076.6,0.2,1,-243.8,-243.8,-243.8,-10320.4,0.565625342540831,1,0,10320.4,0,0
434,globalPerMotor,1,opening,-160,14,10988.9,0.2,1,322.8,322.8,322.8,-10666.1,0.584571960977749,1,0,10666.1,0,0
435,globalPerMotor,1,opening,-160,15,11901.2,0.2,1,1295.4,1295.4,1295.4,-10605.8,0.581267127041543,1,0,10605.8,0,0
436,globalPerMotor,1,opening,-160,16,12813.5,0.2,1,2217.2,2217.2,2217.2,-10596.3,0.580746464978625,1,0,10596.3,0,0
437,globalPerMotor,1,opening,-160,17,13725.8,0.2,1,3187.4,3187.4,3187.4,-10538.4,0.577573166721473,1,0,10538.4,0,0
438,globalPerMotor,1,opening,-160,18,14638.1,0.2,1,4157.4,4157.4,4157.4,-10480.7,0.574410829770909,1,0,10480.7,0,0
439,globalPerMotor,1,opening,-160,19,15550.4,0.2,1,5126,5126,5126,-10424.4,0.571325221966459,1,0,10424.4,0,0
440,globalPerMotor,1,opening,-160,20,16462.7,0.2,1,6198,6198,6198,-10264.7,0.562572618656144,1,0,10264.7,0,0
441,globalPerMotor,1,opening,-160,21,17375,0.2,1,7267.2,7267.2,7267.2,-10107.8,0.553973473638058,1,0,10107.8,0,0
463,globalPerMotor,1,opening,-192,1,-871,0.2,1,-871,-871,-871,0,0,1,0,-0,1,1
464,globalPerMotor,1,opening,-192,2,41.3,0.2,1,-659.25,-659.25,-659.25,-700.55,0.0383947166502247,1,0,700.55,0,0
465,globalPerMotor,1,opening,-192,3,953.6,0.2,1,-659.25,-659.25,-659.25,-1612.85,0.0883947166502247,1,0,1612.85,0,0
466,globalPerMotor,1,opening,-192,4,1865.9,0.2,1,-659.25,-659.25,-659.25,-2525.15,0.138394716650225,1,0,2525.15,0,0
467,globalPerMotor,1,opening,-192,5,2778.2,0.2,1,-659.25,-659.25,-659.25,-3437.45,0.188394716650225,1,0,3437.45,0,0
468,globalPerMotor,1,opening,-192,6,3690.5,0.2,1,-659.25,-659.25,-659.25,-4349.75,0.238394716650225,1,0,4349.75,0,0
469,globalPerMotor,1,opening,-192,7,4602.8,0.2,1,-659.25,-659.25,-659.25,-5262.05,0.288394716650225,1,0,5262.05,0,0
470,globalPerMotor,1,opening,-192,8,5515.1,0.2,1,-659.25,-659.25,-659.25,-6174.35,0.338394716650225,1,0,6174.35,0,0
471,globalPerMotor,1,opening,-192,9,6427.4,0.2,1,-659.25,-659.25,-659.25,-7086.65,0.388394716650225,1,0,7086.65,0,0
472,globalPerMotor,1,opening,-192,10,7339.7,0.2,1,-659.25,-659.25,-659.25,-7998.95,0.438394716650225,1,0,7998.95,0,0
473,globalPerMotor,1,opening,-192,11,8252,0.2,1,-659.25,-659.25,-659.25,-8911.25,0.488394716650225,1,0,8911.25,0,0
474,globalPerMotor,1,opening,-192,12,9164.3,0.2,1,-659.25,-659.25,-659.25,-9823.55,0.538394716650225,1,0,9823.55,0,0
475,globalPerMotor,1,opening,-192,13,10076.6,0.2,1,-658,-658,-658,-10734.6,0.588326208484051,1,0,10734.6,0,0
476,globalPerMotor,1,opening,-192,14,10988.9,0.2,1,-504.75,-504.75,-504.75,-11493.65,0.629927107311192,1,0,11493.65,0,0
477,globalPerMotor,1,opening,-192,15,11901.2,0.2,1,218.5,218.5,218.5,-11682.7,0.640288282363258,1,0,11682.7,0,0
478,globalPerMotor,1,opening,-192,16,12813.5,0.2,1,1160.75,1160.75,1160.75,-11652.75,0.638646826701743,1,0,11652.75,0,0
479,globalPerMotor,1,opening,-192,17,13725.8,0.2,1,2172,2172,2172,-11553.8,0.633223720267456,1,0,11553.8,0,0
480,globalPerMotor,1,opening,-192,18,14638.1,0.2,1,3126,3126,3126,-11512.1,0.630938287843911,1,0,11512.1,0,0
481,globalPerMotor,1,opening,-192,19,15550.4,0.2,1,4142,4142,4142,-11408.4,0.625254850378165,1,0,11408.4,0,0
482,globalPerMotor,1,opening,-192,20,16462.7,0.2,1,5157,5157,5157,-11305.7,0.619626219445358,1,0,11305.7,0,0
483,globalPerMotor,1,opening,-192,21,17375,0.2,1,6347.75,6347.75,6347.75,-11027.25,0.60436534034857,1,0,11027.25,0,0
505,globalPerMotor,1,opening,-224,1,-871,0.2,1,-871,-871,-871,0,0,1,0,-0,1,1
506,globalPerMotor,1,opening,-224,2,41.3,0.2,1,-706.333333333333,-706.333333333333,-706.333333333333,-747.633333333333,0.0409751909094231,1,0,747.633333333333,0,0
507,globalPerMotor,1,opening,-224,3,953.6,0.2,1,-706.333333333333,-706.333333333333,-706.333333333333,-1659.93333333333,0.0909751909094231,1,0,1659.93333333333,0,0
508,globalPerMotor,1,opening,-224,4,1865.9,0.2,1,-706.333333333333,-706.333333333333,-706.333333333333,-2572.23333333333,0.140975190909423,1,0,2572.23333333333,0,0
509,globalPerMotor,1,opening,-224,5,2778.2,0.2,1,-706.333333333333,-706.333333333333,-706.333333333333,-3484.53333333333,0.190975190909423,1,0,3484.53333333333,0,0
510,globalPerMotor,1,opening,-224,6,3690.5,0.2,1,-706.333333333333,-706.333333333333,-706.333333333333,-4396.83333333333,0.240975190909423,1,0,4396.83333333333,0,0
511,globalPerMotor,1,opening,-224,7,4602.8,0.2,1,-706.333333333333,-706.333333333333,-706.333333333333,-5309.13333333333,0.290975190909423,1,0,5309.13333333333,0,0
512,globalPerMotor,1,opening,-224,8,5515.1,0.2,1,-706.333333333333,-706.333333333333,-706.333333333333,-6221.43333333333,0.340975190909423,1,0,6221.43333333333,0,0
513,globalPerMotor,1,opening,-224,9,6427.4,0.2,1,-706.333333333333,-706.333333333333,-706.333333333333,-7133.73333333333,0.390975190909423,1,0,7133.73333333333,0,0
514,globalPerMotor,1,opening,-224,10,7339.7,0.2,1,-706.333333333333,-706.333333333333,-706.333333333333,-8046.03333333333,0.440975190909423,1,0,8046.03333333333,0,0
515,globalPerMotor,1,opening,-224,11,8252,0.2,1,-706.333333333333,-706.333333333333,-706.333333333333,-8958.33333333333,0.490975190909423,1,0,8958.33333333333,0,0
516,globalPerMotor,1,opening,-224,12,9164.3,0.2,1,-706.333333333333,-706.333333333333,-706.333333333333,-9870.63333333333,0.540975190909423,1,0,9870.63333333333,0,0
517,globalPerMotor,1,opening,-224,13,10076.6,0.2,1,-706.333333333333,-706.333333333333,-706.333333333333,-10782.9333333333,0.590975190909423,1,0,10782.9333333333,0,0
518,globalPerMotor,1,opening,-224,14,10988.9,0.2,1,-640,-640,-640,-11628.9,0.637339690891154,1,0,11628.9,0,0
519,globalPerMotor,1,opening,-224,15,11901.2,0.2,1,-237.666666666667,-237.666666666667,-237.666666666667,-12138.8666666667,0.665289195805473,1,0,12138.8666666667,0,0
520,globalPerMotor,1,opening,-224,16,12813.5,0.2,1,635,635,635,-12178.5,0.667461361394278,1,0,12178.5,0,0
521,globalPerMotor,1,opening,-224,17,13725.8,0.2,1,1658.66666666667,1658.66666666667,1658.66666666667,-12067.1333333333,0.661357740509335,1,0,12067.1333333333,0,0
522,globalPerMotor,1,opening,-224,18,14638.1,0.2,1,2618.16666666667,2618.16666666667,2618.16666666667,-12019.9333333333,0.658770872154628,1,0,12019.9333333333,0,0
523,globalPerMotor,1,opening,-224,19,15550.4,0.2,1,3608.16666666667,3608.16666666667,3608.16666666667,-11942.2333333333,0.654512404545289,1,0,11942.2333333333,0,0
524,globalPerMotor,1,opening,-224,20,16462.7,0.2,1,4597.33333333333,4597.33333333333,4597.33333333333,-11865.3666666667,0.650299609046732,1,0,11865.3666666667,0,0
525,globalPerMotor,1,opening,-224,21,17375,0.2,1,5833.66666666667,5833.66666666667,5833.66666666667,-11541.3333333333,0.632540465490153,1,0,11541.3333333333,0,0
547,globalPerMotor,1,opening,-255,1,-871,0.2,1,-871,-871,-871,0,0,1,0,-0,1,1
548,globalPerMotor,1,opening,-255,2,41.3,0.2,1,-788.666666666667,-788.666666666667,-788.666666666667,-829.966666666667,0.0454875954547115,1,0,829.966666666667,0,0
549,globalPerMotor,1,opening,-255,3,953.6,0.2,1,-788.666666666667,-788.666666666667,-788.666666666667,-1742.26666666667,0.0954875954547115,1,0,1742.26666666667,0,0
550,globalPerMotor,1,opening,-255,4,1865.9,0.2,1,-788.666666666667,-788.666666666667,-788.666666666667,-2654.56666666667,0.145487595454712,1,0,2654.56666666667,0,0
551,globalPerMotor,1,opening,-255,5,2778.2,0.2,1,-788.666666666667,-788.666666666667,-788.666666666667,-3566.86666666667,0.195487595454712,1,0,3566.86666666667,0,0
552,globalPerMotor,1,opening,-255,6,3690.5,0.2,1,-788.666666666667,-788.666666666667,-788.666666666667,-4479.16666666667,0.245487595454712,1,0,4479.16666666667,0,0
553,globalPerMotor,1,opening,-255,7,4602.8,0.2,1,-788.666666666667,-788.666666666667,-788.666666666667,-5391.46666666667,0.295487595454712,1,0,5391.46666666667,0,0
554,globalPerMotor,1,opening,-255,8,5515.1,0.2,1,-788.666666666667,-788.666666666667,-788.666666666667,-6303.76666666667,0.345487595454712,1,0,6303.76666666667,0,0
555,globalPerMotor,1,opening,-255,9,6427.4,0.2,1,-788.666666666667,-788.666666666667,-788.666666666667,-7216.06666666667,0.395487595454712,1,0,7216.06666666667,0,0
556,globalPerMotor,1,opening,-255,10,7339.7,0.2,1,-788.666666666667,-788.666666666667,-788.666666666667,-8128.36666666667,0.445487595454712,1,0,8128.36666666667,0,0
557,globalPerMotor,1,opening,-255,11,8252,0.2,1,-788.666666666667,-788.666666666667,-788.666666666667,-9040.66666666667,0.495487595454711,1,0,9040.66666666667,0,0
558,globalPerMotor,1,opening,-255,12,9164.3,0.2,1,-788.666666666667,-788.666666666667,-788.666666666667,-9952.96666666667,0.545487595454711,1,0,9952.96666666667,0,0
559,globalPerMotor,1,opening,-255,13,10076.6,0.2,1,-788.666666666667,-788.666666666667,-788.666666666667,-10865.2666666667,0.595487595454712,1,0,10865.2666666667,0,0
560,globalPerMotor,1,opening,-255,14,10988.9,0.2,1,-787.833333333333,-787.833333333333,-787.833333333333,-11776.7333333333,0.645441923343929,1,0,11776.7333333333,0,0
561,globalPerMotor,1,opening,-255,15,11901.2,0.2,1,-642.333333333333,-642.333333333333,-642.333333333333,-12543.5333333333,0.687467572801345,1,0,12543.5333333333,0,0
562,globalPerMotor,1,opening,-255,16,12813.5,0.2,1,-17.6666666666667,-17.6666666666667,-17.6666666666667,-12831.1666666667,0.703231758558953,1,0,12831.1666666667,0,0
563,globalPerMotor,1,opening,-255,17,13725.8,0.2,1,875.666666666667,875.666666666667,875.666666666667,-12850.1333333333,0.704271255800358,1,0,12850.1333333333,0,0
564,globalPerMotor,1,opening,-255,18,14638.1,0.2,1,1851.16666666667,1851.16666666667,1851.16666666667,-12786.9333333333,0.700807482918631,1,0,12786.9333333333,0,0
565,globalPerMotor,1,opening,-255,19,15550.4,0.2,1,2825.83333333333,2825.83333333333,2825.83333333333,-12724.5666666667,0.697389382147685,1,0,12724.5666666667,0,0
566,globalPerMotor,1,opening,-255,20,16462.7,0.2,1,3801,3801,3801,-12661.7,0.693943878110271,1,0,12661.7,0,0
567,globalPerMotor,1,opening,-255,21,17375,0.2,1,5034.33333333333,5034.33333333333,5034.33333333333,-12340.6666666667,0.676349154152508,1,0,12340.6666666667,0,0
589,globalPerMotor,2,closing,64,1,-477,0.2,1,1868.33333333333,1868.33333333333,1868.33333333333,2345.33333333333,0.321366584452361,1,0,2345.33333333333,0,0
590,globalPerMotor,2,closing,64,2,-112.1,0.2,1,1868.33333333333,1868.33333333333,1868.33333333333,1980.43333333333,0.271366584452361,1,0,1980.43333333333,0,0
591,globalPerMotor,2,closing,64,3,252.8,0.2,1,2076,2076,2076,1823.2,0.249821869005207,1,0,1823.2,0,0
592,globalPerMotor,2,closing,64,4,617.7,0.2,1,2204.66666666667,2204.66666666667,2204.66666666667,1586.96666666667,0.217452270028318,1,0,1586.96666666667,0,0
593,globalPerMotor,2,closing,64,5,982.6,0.2,1,2298.33333333333,2298.33333333333,2298.33333333333,1315.73333333333,0.180286836576231,1,0,1315.73333333333,0,0
594,globalPerMotor,2,closing,64,6,1347.5,0.2,1,2367.33333333333,2367.33333333333,2367.33333333333,1019.83333333333,0.13974148168448,1,0,1019.83333333333,0,0
595,globalPerMotor,2,closing,64,7,1712.4,0.2,1,2417.33333333333,2417.33333333333,2417.33333333333,704.933333333333,0.0965926737919065,1,0,704.933333333333,0,0
596,globalPerMotor,2,closing,64,8,2077.3,0.2,1,2434.33333333333,2434.33333333333,2434.33333333333,357.033333333333,0.0489220791084315,1,0,357.033333333333,0,0
597,globalPerMotor,2,closing,64,9,2442.2,0.2,1,2477,2477,2477,34.8000000000002,0.004768429706769,1,0,34.8000000000002,0,0
598,globalPerMotor,2,closing,64,10,2807.1,0.2,1,3220.33333333333,3220.33333333333,3220.33333333333,413.233333333334,0.0566228190371792,1,0,413.233333333334,0,0
599,globalPerMotor,2,closing,64,11,3172,0.2,1,3544.33333333333,3544.33333333333,3544.33333333333,372.333333333333,0.0510185438933041,1,0,372.333333333333,0,0
600,globalPerMotor,2,closing,64,12,3536.9,0.2,1,3598,3598,3598,61.0999999999999,0.00837215675527541,1,0,61.0999999999999,0,0
601,globalPerMotor,2,closing,64,13,3901.8,0.2,1,3901.8,3901.8,3901.8,0,0,1,0,0,1,1
602,globalPerMotor,2,closing,64,14,4266.7,0.2,1,4266.7,4266.7,4266.7,0,0,1,0,0,1,1
603,globalPerMotor,2,closing,64,15,4631.6,0.2,1,4631.6,4631.6,4631.6,0,0,1,0,0,1,1
604,globalPerMotor,2,closing,64,16,4996.5,0.2,1,4996.5,4996.5,4996.5,0,0,1,0,0,1,1
605,globalPerMotor,2,closing,64,17,5361.4,0.2,1,5361.4,5361.4,5361.4,0,0,1,0,0,1,1
606,globalPerMotor,2,closing,64,18,5726.3,0.2,1,5726.3,5726.3,5726.3,0,0,1,0,0,1,1
607,globalPerMotor,2,closing,64,19,6091.2,0.2,1,6091.2,6091.2,6091.2,0,0,1,0,0,1,1
608,globalPerMotor,2,closing,64,20,6456.1,0.2,1,6456.1,6456.1,6456.1,0,0,1,0,0,1,1
609,globalPerMotor,2,closing,64,21,6821,0.2,1,6821,6821,6821,0,0,1,0,0,1,1
631,globalPerMotor,2,closing,96,1,-477,0.2,1,3618.75,3618.75,3618.75,4095.75,0.561215401479857,1,0,4095.75,0,0
632,globalPerMotor,2,closing,96,2,-112.1,0.2,1,3618.75,3618.75,3618.75,3730.85,0.511215401479857,1,0,3730.85,0,0
633,globalPerMotor,2,closing,96,3,252.8,0.2,1,3758,3758,3758,3505.2,0.480295971499041,1,0,3505.2,0,0
634,globalPerMotor,2,closing,96,4,617.7,0.2,1,3859.5,3859.5,3859.5,3241.8,0.444203891477117,1,0,3241.8,0,0
635,globalPerMotor,2,closing,96,5,982.6,0.2,1,3944.5,3944.5,3944.5,2961.9,0.405850918059742,1,0,2961.9,0,0
636,globalPerMotor,2,closing,96,6,1347.5,0.2,1,4026.25,4026.25,4026.25,2678.75,0.367052617155385,1,0,2678.75,0,0
637,globalPerMotor,2,closing,96,7,1712.4,0.2,1,4100,4100,4100,2387.6,0.327158125513839,1,0,2387.6,0,0
638,globalPerMotor,2,closing,96,8,2077.3,0.2,1,4173,4173,4173,2095.7,0.287160865990682,1,0,2095.7,0,0
639,globalPerMotor,2,closing,96,9,2442.2,0.2,1,4244.5,4244.5,4244.5,1802.3,0.246958070704303,1,0,1802.3,0,0
640,globalPerMotor,2,closing,96,10,2807.1,0.2,1,4288.25,4288.25,4288.25,1481.15,0.202952863798301,1,0,1481.15,0,0
641,globalPerMotor,2,closing,96,11,3172,0.2,1,4313.25,4313.25,4313.25,1141.25,0.156378459852014,1,0,1141.25,0,0
642,globalPerMotor,2,closing,96,12,3536.9,0.2,1,4323.5,4323.5,4323.5,786.6,0.107782954234037,1,0,786.6,0,0
643,globalPerMotor,2,closing,96,13,3901.8,0.2,1,4335.25,4335.25,4335.25,433.45,0.059392984379282,1,0,433.45,0,0
644,globalPerMotor,2,closing,96,14,4266.7,0.2,1,4338,4338,4338,71.3000000000002,0.00976979994519049,1,0,71.3000000000002,0,0
645,globalPerMotor,2,closing,96,15,4631.6,0.2,1,5303.75,5303.75,5303.75,672.15,0.092100575500137,1,0,672.15,0,0
646,globalPerMotor,2,closing,96,16,4996.5,0.2,1,5427.75,5427.75,5427.75,431.25,0.0590915319265552,1,0,431.25,0,0
647,globalPerMotor,2,closing,96,17,5361.4,0.2,1,5435.75,5435.75,5435.75,74.3500000000004,0.0101877226637435,1,0,74.3500000000004,0,0
648,globalPerMotor,2,closing,96,18,5726.3,0.2,1,5726.3,5726.3,5726.3,0,0,1,0,0,1,1
649,globalPerMotor,2,closing,96,19,6091.2,0.2,1,6091.2,6091.2,6091.2,0,0,1,0,0,1,1
650,globalPerMotor,2,closing,96,20,6456.1,0.2,1,6456.1,6456.1,6456.1,0,0,1,0,0,1,1
651,globalPerMotor,2,closing,96,21,6821,0.2,1,6821,6821,6821,0,0,1,0,0,1,1
673,globalPerMotor,2,closing,128,1,-477,0.2,1,5522.66666666667,5522.66666666667,5522.66666666667,5999.66666666667,0.822097378277154,1,0,5999.66666666667,0,0
674,globalPerMotor,2,closing,128,2,-112.1,0.2,1,5522.66666666667,5522.66666666667,5522.66666666667,5634.76666666667,0.772097378277154,1,0,5634.76666666667,0,0
675,globalPerMotor,2,closing,128,3,252.8,0.2,1,5717.66666666667,5717.66666666667,5717.66666666667,5464.86666666667,0.748817027496118,1,0,5464.86666666667,0,0
676,globalPerMotor,2,closing,128,4,617.7,0.2,1,5831.5,5831.5,5831.5,5213.8,0.714414908194026,1,0,5213.8,0,0
677,globalPerMotor,2,closing,128,5,982.6,0.2,1,5888.33333333333,5888.33333333333,5888.33333333333,4905.73333333333,0.672202429889467,1,0,4905.73333333333,0,0
678,globalPerMotor,2,closing,128,6,1347.5,0.2,1,5924.83333333333,5924.83333333333,5924.83333333333,4577.33333333333,0.627203800127889,1,0,4577.33333333333,0,0
679,globalPerMotor,2,closing,128,7,1712.4,0.2,1,5958.66666666667,5958.66666666667,5958.66666666667,4246.26666666667,0.581839773453914,1,0,4246.26666666667,0,0
680,globalPerMotor,2,closing,128,8,2077.3,0.2,1,5986.16666666667,5986.16666666667,5986.16666666667,3908.86666666667,0.535607929112999,1,0,3908.86666666667,0,0
681,globalPerMotor,2,closing,128,9,2442.2,0.2,1,6007.83333333333,6007.83333333333,6007.83333333333,3565.63333333333,0.488576779026217,1,0,3565.63333333333,0,0
682,globalPerMotor,2,closing,128,10,2807.1,0.2,1,6026.5,6026.5,6026.5,3219.4,0.44113455741299,1,0,3219.4,0,0
683,globalPerMotor,2,closing,128,11,3172,0.2,1,6034.33333333333,6034.33333333333,6034.33333333333,2862.33333333333,0.392207910843153,1,0,2862.33333333333,0,0
684,globalPerMotor,2,closing,128,12,3536.9,0.2,1,6034.66666666667,6034.66666666667,6034.66666666667,2497.76666666667,0.342253585457203,1,0,2497.76666666667,0,0
685,globalPerMotor,2,closing,128,13,3901.8,0.2,1,6036,6036,6036,2134.2,0.292436283913401,1,0,2134.2,0,0
686,globalPerMotor,2,closing,128,14,4266.7,0.2,1,6037.83333333333,6037.83333333333,6037.83333333333,1771.13333333333,0.242687494290673,1,0,1771.13333333333,0,0
687,globalPerMotor,2,closing,128,15,4631.6,0.2,1,6048,6048,6048,1416.4,0.194080570019183,1,0,1416.4,0,0
688,globalPerMotor,2,closing,128,16,4996.5,0.2,1,6065.16666666667,6065.16666666667,6065.16666666667,1068.66666666667,0.146432812642733,1,0,1068.66666666667,0,0
689,globalPerMotor,2,closing,128,17,5361.4,0.2,1,6078.33333333333,6078.33333333333,6078.33333333333,716.933333333333,0.0982369598976889,1,0,716.933333333333,0,0
690,globalPerMotor,2,closing,128,18,5726.3,0.2,1,6082.83333333333,6082.83333333333,6082.83333333333,356.533333333333,0.0488535671873572,1,0,356.533333333333,0,0
691,globalPerMotor,2,closing,128,19,6091.2,0.2,1,6113.83333333333,6113.83333333333,6113.83333333333,22.6333333333332,0.0031013062939618,1,0,22.6333333333332,0,0
692,globalPerMotor,2,closing,128,20,6456.1,0.2,1,6456.1,6456.1,6456.1,0,0,1,0,0,1,1
693,globalPerMotor,2,closing,128,21,6821,0.2,1,6821,6821,6821,0,0,1,0,0,1,1
715,globalPerMotor,2,closing,160,1,-477,0.2,1,6205.6,6205.6,6205.6,6682.6,0.915675527541792,1,0,6682.6,0,0
716,globalPerMotor,2,closing,160,2,-112.1,0.2,1,6205.6,6205.6,6205.6,6317.7,0.865675527541792,1,0,6317.7,0,0
717,globalPerMotor,2,closing,160,3,252.8,0.2,1,6261.8,6261.8,6261.8,6009,0.82337626747054,1,0,6009,0,0
718,globalPerMotor,2,closing,160,4,617.7,0.2,1,6294.2,6294.2,6294.2,5676.5,0.777815839956152,1,0,5676.5,0,0
719,globalPerMotor,2,closing,160,5,982.6,0.2,1,6320.6,6320.6,6320.6,5338,0.731433269388874,1,0,5338,0,0
720,globalPerMotor,2,closing,160,6,1347.5,0.2,1,6345,6345,6345,4997.5,0.684776651137298,1,0,4997.5,0,0
721,globalPerMotor,2,closing,160,7,1712.4,0.2,1,6371.2,6371.2,6371.2,4658.8,0.638366675801589,1,0,4658.8,0,0
722,globalPerMotor,2,closing,160,8,2077.3,0.2,1,6394.4,6394.4,6394.4,4317.1,0.591545628939435,1,0,4317.1,0,0
723,globalPerMotor,2,closing,160,9,2442.2,0.2,1,6409.8,6409.8,6409.8,3967.6,0.543655796108523,1,0,3967.6,0,0
724,globalPerMotor,2,closing,160,10,2807.1,0.2,1,6429.8,6429.8,6429.8,3622.7,0.496396272951494,1,0,3622.7,0,0
725,globalPerMotor,2,closing,160,11,3172,0.2,1,6441,6441,6441,3269,0.447930939983557,1,0,3269,0,0
726,globalPerMotor,2,closing,160,12,3536.9,0.2,1,6444,6444,6444,2907.1,0.398342011510003,1,0,2907.1,0,0
727,globalPerMotor,2,closing,160,13,3901.8,0.2,1,6444.4,6444.4,6444.4,2542.6,0.348396821046862,1,0,2542.6,0,0
728,globalPerMotor,2,closing,160,14,4266.7,0.2,1,6445.6,6445.6,6445.6,2178.9,0.29856124965744,1,0,2178.9,0,0
729,globalPerMotor,2,closing,160,15,4631.6,0.2,1,6452.8,6452.8,6452.8,1821.2,0.24954782132091,1,0,1821.2,0,0
730,globalPerMotor,2,closing,160,16,4996.5,0.2,1,6464.2,6464.2,6464.2,1467.7,0.201109893121403,1,0,1467.7,0,0
731,globalPerMotor,2,closing,160,17,5361.4,0.2,1,6465.4,6465.4,6465.4,1104,0.151274321731981,1,0,1104,0,0
732,globalPerMotor,2,closing,160,18,5726.3,0.2,1,6469.2,6469.2,6469.2,742.9,0.101795012332146,1,0,742.9,0,0
733,globalPerMotor,2,closing,160,19,6091.2,0.2,1,6482,6482,6482,390.8,0.0535489175116471,1,0,390.8,0,0
734,globalPerMotor,2,closing,160,20,6456.1,0.2,1,6482.8,6482.8,6482.8,26.6999999999998,0.00365853658536583,1,0,26.6999999999998,0,0
735,globalPerMotor,2,closing,160,21,6821,0.2,1,6821,6821,6821,0,0,1,0,0,1,1
757,globalPerMotor,2,closing,192,1,-477,0.2,1,6521,6521,6521,6998,0.95889284735544,1,0,6998,0,0
758,globalPerMotor,2,closing,192,2,-112.1,0.2,1,6521,6521,6521,6633.1,0.90889284735544,1,0,6633.1,0,0
759,globalPerMotor,2,closing,192,3,252.8,0.2,1,6521,6521,6521,6268.2,0.85889284735544,1,0,6268.2,0,0
760,globalPerMotor,2,closing,192,4,617.7,0.2,1,6521,6521,6521,5903.3,0.80889284735544,1,0,5903.3,0,0
761,globalPerMotor,2,closing,192,5,982.6,0.2,1,6521,6521,6521,5538.4,0.75889284735544,1,0,5538.4,0,0
762,globalPerMotor,2,closing,192,6,1347.5,0.2,1,6521,6521,6521,5173.5,0.70889284735544,1,0,5173.5,0,0
763,globalPerMotor,2,closing,192,7,1712.4,0.2,1,6521,6521,6521,4808.6,0.65889284735544,1,0,4808.6,0,0
764,globalPerMotor,2,closing,192,8,2077.3,0.2,1,6521,6521,6521,4443.7,0.60889284735544,1,0,4443.7,0,0
765,globalPerMotor,2,closing,192,9,2442.2,0.2,1,6521,6521,6521,4078.8,0.55889284735544,1,0,4078.8,0,0
766,globalPerMotor,2,closing,192,10,2807.1,0.2,1,6521,6521,6521,3713.9,0.50889284735544,1,0,3713.9,0,0
767,globalPerMotor,2,closing,192,11,3172,0.2,1,6521,6521,6521,3349,0.45889284735544,1,0,3349,0,0
768,globalPerMotor,2,closing,192,12,3536.9,0.2,1,6521,6521,6521,2984.1,0.40889284735544,1,0,2984.1,0,0
769,globalPerMotor,2,closing,192,13,3901.8,0.2,1,6521,6521,6521,2619.2,0.35889284735544,1,0,2619.2,0,0
770,globalPerMotor,2,closing,192,14,4266.7,0.2,1,6521,6521,6521,2254.3,0.30889284735544,1,0,2254.3,0,0
771,globalPerMotor,2,closing,192,15,4631.6,0.2,1,6521,6521,6521,1889.4,0.25889284735544,1,0,1889.4,0,0
772,globalPerMotor,2,closing,192,16,4996.5,0.2,1,6521,6521,6521,1524.5,0.20889284735544,1,0,1524.5,0,0
773,globalPerMotor,2,closing,192,17,5361.4,0.2,1,6521,6521,6521,1159.6,0.15889284735544,1,0,1159.6,0,0
774,globalPerMotor,2,closing,192,18,5726.3,0.2,1,6521,6521,6521,794.7,0.10889284735544,1,0,794.7,0,0
775,globalPerMotor,2,closing,192,19,6091.2,0.2,1,6521,6521,6521,429.8,0.0588928473554399,1,0,429.8,0,0
776,globalPerMotor,2,closing,192,20,6456.1,0.2,1,6521,6521,6521,64.8999999999996,0.0088928473554398,1,0,64.8999999999996,0,0
777,globalPerMotor,2,closing,192,21,6821,0.2,1,6821,6821,6821,0,0,1,0,0,1,1
799,globalPerMotor,2,closing,224,1,-477,0.2,1,6596.83333333333,6596.83333333333,6596.83333333333,7073.83333333333,0.969283822051704,1,0,7073.83333333333,0,0
800,globalPerMotor,2,closing,224,2,-112.1,0.2,1,6596.83333333333,6596.83333333333,6596.83333333333,6708.93333333333,0.919283822051704,1,0,6708.93333333333,0,0
801,globalPerMotor,2,closing,224,3,252.8,0.2,1,6596.83333333333,6596.83333333333,6596.83333333333,6344.03333333333,0.869283822051704,1,0,6344.03333333333,0,0
802,globalPerMotor,2,closing,224,4,617.7,0.2,1,6596.83333333333,6596.83333333333,6596.83333333333,5979.13333333333,0.819283822051704,1,0,5979.13333333333,0,0
803,globalPerMotor,2,closing,224,5,982.6,0.2,1,6596.83333333333,6596.83333333333,6596.83333333333,5614.23333333333,0.769283822051704,1,0,5614.23333333333,0,0
804,globalPerMotor,2,closing,224,6,1347.5,0.2,1,6596.83333333333,6596.83333333333,6596.83333333333,5249.33333333333,0.719283822051704,1,0,5249.33333333333,0,0
805,globalPerMotor,2,closing,224,7,1712.4,0.2,1,6596.83333333333,6596.83333333333,6596.83333333333,4884.43333333333,0.669283822051704,1,0,4884.43333333333,0,0
806,globalPerMotor,2,closing,224,8,2077.3,0.2,1,6596.83333333333,6596.83333333333,6596.83333333333,4519.53333333333,0.619283822051704,1,0,4519.53333333333,0,0
807,globalPerMotor,2,closing,224,9,2442.2,0.2,1,6596.83333333333,6596.83333333333,6596.83333333333,4154.63333333333,0.569283822051704,1,0,4154.63333333333,0,0
808,globalPerMotor,2,closing,224,10,2807.1,0.2,1,6596.83333333333,6596.83333333333,6596.83333333333,3789.73333333333,0.519283822051704,1,0,3789.73333333333,0,0
809,globalPerMotor,2,closing,224,11,3172,0.2,1,6596.83333333333,6596.83333333333,6596.83333333333,3424.83333333333,0.469283822051704,1,0,3424.83333333333,0,0
810,globalPerMotor,2,closing,224,12,3536.9,0.2,1,6596.83333333333,6596.83333333333,6596.83333333333,3059.93333333333,0.419283822051704,1,0,3059.93333333333,0,0
811,globalPerMotor,2,closing,224,13,3901.8,0.2,1,6596.83333333333,6596.83333333333,6596.83333333333,2695.03333333333,0.369283822051704,1,0,2695.03333333333,0,0
812,globalPerMotor,2,closing,224,14,4266.7,0.2,1,6596.83333333333,6596.83333333333,6596.83333333333,2330.13333333333,0.319283822051704,1,0,2330.13333333333,0,0
813,globalPerMotor,2,closing,224,15,4631.6,0.2,1,6596.83333333333,6596.83333333333,6596.83333333333,1965.23333333333,0.269283822051704,1,0,1965.23333333333,0,0
814,globalPerMotor,2,closing,224,16,4996.5,0.2,1,6596.83333333333,6596.83333333333,6596.83333333333,1600.33333333333,0.219283822051704,1,0,1600.33333333333,0,0
815,globalPerMotor,2,closing,224,17,5361.4,0.2,1,6596.83333333333,6596.83333333333,6596.83333333333,1235.43333333333,0.169283822051704,1,0,1235.43333333333,0,0
816,globalPerMotor,2,closing,224,18,5726.3,0.2,1,6596.83333333333,6596.83333333333,6596.83333333333,870.533333333333,0.119283822051704,1,0,870.533333333333,0,0
817,globalPerMotor,2,closing,224,19,6091.2,0.2,1,6596.83333333333,6596.83333333333,6596.83333333333,505.633333333333,0.0692838220517037,1,0,505.633333333333,0,0
818,globalPerMotor,2,closing,224,20,6456.1,0.2,1,6596.83333333333,6596.83333333333,6596.83333333333,140.733333333333,0.0192838220517036,1,0,140.733333333333,0,0
819,globalPerMotor,2,closing,224,21,6821,0.2,1,6821,6821,6821,0,0,1,0,0,1,1
841,globalPerMotor,2,closing,255,1,-477,0.2,1,6665.16666666667,6665.16666666667,6665.16666666667,7142.16666666667,0.978647117931854,1,0,7142.16666666667,0,0
842,globalPerMotor,2,closing,255,2,-112.1,0.2,1,6665.16666666667,6665.16666666667,6665.16666666667,6777.26666666667,0.928647117931854,1,0,6777.26666666667,0,0
843,globalPerMotor,2,closing,255,3,252.8,0.2,1,6665.16666666667,6665.16666666667,6665.16666666667,6412.36666666667,0.878647117931853,1,0,6412.36666666667,0,0
844,globalPerMotor,2,closing,255,4,617.7,0.2,1,6665.16666666667,6665.16666666667,6665.16666666667,6047.46666666667,0.828647117931854,1,0,6047.46666666667,0,0
845,globalPerMotor,2,closing,255,5,982.6,0.2,1,6665.16666666667,6665.16666666667,6665.16666666667,5682.56666666667,0.778647117931854,1,0,5682.56666666667,0,0
846,globalPerMotor,2,closing,255,6,1347.5,0.2,1,6665.16666666667,6665.16666666667,6665.16666666667,5317.66666666667,0.728647117931854,1,0,5317.66666666667,0,0
847,globalPerMotor,2,closing,255,7,1712.4,0.2,1,6665.16666666667,6665.16666666667,6665.16666666667,4952.76666666667,0.678647117931853,1,0,4952.76666666667,0,0
848,globalPerMotor,2,closing,255,8,2077.3,0.2,1,6665.16666666667,6665.16666666667,6665.16666666667,4587.86666666667,0.628647117931853,1,0,4587.86666666667,0,0
849,globalPerMotor,2,closing,255,9,2442.2,0.2,1,6665.16666666667,6665.16666666667,6665.16666666667,4222.96666666667,0.578647117931854,1,0,4222.96666666667,0,0
850,globalPerMotor,2,closing,255,10,2807.1,0.2,1,6665.16666666667,6665.16666666667,6665.16666666667,3858.06666666667,0.528647117931853,1,0,3858.06666666667,0,0
851,globalPerMotor,2,closing,255,11,3172,0.2,1,6665.16666666667,6665.16666666667,6665.16666666667,3493.16666666667,0.478647117931853,1,0,3493.16666666667,0,0
852,globalPerMotor,2,closing,255,12,3536.9,0.2,1,6665.16666666667,6665.16666666667,6665.16666666667,3128.26666666667,0.428647117931854,1,0,3128.26666666667,0,0
853,globalPerMotor,2,closing,255,13,3901.8,0.2,1,6665.16666666667,6665.16666666667,6665.16666666667,2763.36666666667,0.378647117931854,1,0,2763.36666666667,0,0
854,globalPerMotor,2,closing,255,14,4266.7,0.2,1,6665.16666666667,6665.16666666667,6665.16666666667,2398.46666666667,0.328647117931854,1,0,2398.46666666667,0,0
855,globalPerMotor,2,closing,255,15,4631.6,0.2,1,6665.16666666667,6665.16666666667,6665.16666666667,2033.56666666667,0.278647117931853,1,0,2033.56666666667,0,0
856,globalPerMotor,2,closing,255,16,4996.5,0.2,1,6665.16666666667,6665.16666666667,6665.16666666667,1668.66666666667,0.228647117931854,1,0,1668.66666666667,0,0
857,globalPerMotor,2,closing,255,17,5361.4,0.2,1,6665.16666666667,6665.16666666667,6665.16666666667,1303.76666666667,0.178647117931854,1,0,1303.76666666667,0,0
858,globalPerMotor,2,closing,255,18,5726.3,0.2,1,6665.16666666667,6665.16666666667,6665.16666666667,938.866666666667,0.128647117931853,1,0,938.866666666667,0,0
859,globalPerMotor,2,closing,255,19,6091.2,0.2,1,6665.16666666667,6665.16666666667,6665.16666666667,573.966666666667,0.0786471179318535,1,0,573.966666666667,0,0
860,globalPerMotor,2,closing,255,20,6456.1,0.2,1,6665.16666666667,6665.16666666667,6665.16666666667,209.066666666667,0.0286471179318535,1,0,209.066666666667,0,0
861,globalPerMotor,2,closing,255,21,6821,0.2,1,6821,6821,6821,0,0,1,0,0,1,1
883,globalPerMotor,2,opening,-64,1,-477,0.2,1,-477,-477,-477,0,0,1,0,-0,1,1
884,globalPerMotor,2,opening,-64,2,-112.1,0.2,1,-112.1,-112.1,-112.1,0,0,1,0,-0,1,1
885,globalPerMotor,2,opening,-64,3,252.8,0.2,1,-15,-15,-15,-267.8,0.0366949849273774,1,0,267.8,0,0
886,globalPerMotor,2,opening,-64,4,617.7,0.2,1,10.3333333333333,10.3333333333333,10.3333333333333,-607.366666666667,0.0832237142596145,1,0,607.366666666667,0,0
887,globalPerMotor,2,opening,-64,5,982.6,0.2,1,128.333333333333,128.333333333333,128.333333333333,-854.266666666667,0.117054900886087,1,0,854.266666666667,0,0
888,globalPerMotor,2,opening,-64,6,1347.5,0.2,1,267,267,267,-1080.5,0.148054261441491,1,0,1080.5,0,0
889,globalPerMotor,2,opening,-64,7,1712.4,0.2,1,445.666666666667,445.666666666667,445.666666666667,-1266.73333333333,0.173572668310953,1,0,1266.73333333333,0,0
890,globalPerMotor,2,opening,-64,8,2077.3,0.2,1,833.333333333333,833.333333333333,833.333333333333,-1243.96666666667,0.170453092171371,1,0,1243.96666666667,0,0
891,globalPerMotor,2,opening,-64,9,2442.2,0.2,1,1110.33333333333,1110.33333333333,1110.33333333333,-1331.86666666667,0.182497487896227,1,0,1331.86666666667,0,0
892,globalPerMotor,2,opening,-64,10,2807.1,0.2,1,1353,1353,1353,-1454.1,0.199246368868183,1,0,1454.1,0,0
893,globalPerMotor,2,opening,-64,11,3172,0.2,1,1603.33333333333,1603.33333333333,1603.33333333333,-1568.66666666667,0.214944733717,1,0,1568.66666666667,0,0
894,globalPerMotor,2,opening,-64,12,3536.9,0.2,1,1858.33333333333,1858.33333333333,1858.33333333333,-1678.56666666667,0.230003653969124,1,0,1678.56666666667,0,0
895,globalPerMotor,2,opening,-64,13,3901.8,0.2,1,2117.33333333333,2117.33333333333,2117.33333333333,-1784.46666666667,0.244514478852654,1,0,1784.46666666667,0,0
896,globalPerMotor,2,opening,-64,14,4266.7,0.2,1,2410,2410,2410,-1856.7,0.254412167717183,1,0,1856.7,0,0
897,globalPerMotor,2,opening,-64,15,4631.6,0.2,1,2410,2410,2410,-2221.6,0.304412167717183,1,0,2221.6,0,0
898,globalPerMotor,2,opening,-64,16,4996.5,0.2,1,2410,2410,2410,-2586.5,0.354412167717183,1,0,2586.5,0,0
899,globalPerMotor,2,opening,-64,17,5361.4,0.2,1,2410,2410,2410,-2951.4,0.404412167717183,1,0,2951.4,0,0
900,globalPerMotor,2,opening,-64,18,5726.3,0.2,1,2410,2410,2410,-3316.3,0.454412167717183,1,0,3316.3,0,0
901,globalPerMotor,2,opening,-64,19,6091.2,0.2,1,2410,2410,2410,-3681.2,0.504412167717183,1,0,3681.2,0,0
902,globalPerMotor,2,opening,-64,20,6456.1,0.2,1,2410,2410,2410,-4046.1,0.554412167717183,1,0,4046.1,0,0
903,globalPerMotor,2,opening,-64,21,6821,0.2,1,2410,2410,2410,-4411,0.604412167717183,1,0,4411,0,0
925,globalPerMotor,2,opening,-96,1,-477,0.2,1,-477,-477,-477,0,0,1,0,-0,1,1
926,globalPerMotor,2,opening,-96,2,-112.1,0.2,1,-123.5,-123.5,-123.5,-11.4,0.00156207180049328,1,0,11.4,0,0
927,globalPerMotor,2,opening,-96,3,252.8,0.2,1,-123.5,-123.5,-123.5,-376.3,0.0515620718004933,1,0,376.3,0,0
928,globalPerMotor,2,opening,-96,4,617.7,0.2,1,-123.5,-123.5,-123.5,-741.2,0.101562071800493,1,0,741.2,0,0
929,globalPerMotor,2,opening,-96,5,982.6,0.2,1,-123.5,-123.5,-123.5,-1106.1,0.151562071800493,1,0,1106.1,0,0
930,globalPerMotor,2,opening,-96,6,1347.5,0.2,1,-123.5,-123.5,-123.5,-1471,0.201562071800493,1,0,1471,0,0
931,globalPerMotor,2,opening,-96,7,1712.4,0.2,1,-123.5,-123.5,-123.5,-1835.9,0.251562071800493,1,0,1835.9,0,0
932,globalPerMotor,2,opening,-96,8,2077.3,0.2,1,-123.5,-123.5,-123.5,-2200.8,0.301562071800493,1,0,2200.8,0,0
933,globalPerMotor,2,opening,-96,9,2442.2,0.2,1,-123.5,-123.5,-123.5,-2565.7,0.351562071800493,1,0,2565.7,0,0
934,globalPerMotor,2,opening,-96,10,2807.1,0.2,1,-123.5,-123.5,-123.5,-2930.6,0.401562071800493,1,0,2930.6,0,0
935,globalPerMotor,2,opening,-96,11,3172,0.2,1,-123.5,-123.5,-123.5,-3295.5,0.451562071800493,1,0,3295.5,0,0
936,globalPerMotor,2,opening,-96,12,3536.9,0.2,1,-123.5,-123.5,-123.5,-3660.4,0.501562071800493,1,0,3660.4,0,0
937,globalPerMotor,2,opening,-96,13,3901.8,0.2,1,-123.5,-123.5,-123.5,-4025.3,0.551562071800493,1,0,4025.3,0,0
938,globalPerMotor,2,opening,-96,14,4266.7,0.2,1,-123.5,-123.5,-123.5,-4390.2,0.601562071800493,1,0,4390.2,0,0
939,globalPerMotor,2,opening,-96,15,4631.6,0.2,1,-64.5,-64.5,-64.5,-4696.1,0.64347766511373,1,0,4696.1,0,0
940,globalPerMotor,2,opening,-96,16,4996.5,0.2,1,72.5,72.5,72.5,-4924,0.674705398739381,1,0,4924,0,0
941,globalPerMotor,2,opening,-96,17,5361.4,0.2,1,309,309,309,-5052.4,0.692299260071252,1,0,5052.4,0,0
942,globalPerMotor,2,opening,-96,18,5726.3,0.2,1,459.5,459.5,459.5,-5266.8,0.721677171827898,1,0,5266.8,0,0
943,globalPerMotor,2,opening,-96,19,6091.2,0.2,1,459.5,459.5,459.5,-5631.7,0.771677171827898,1,0,5631.7,0,0
944,globalPerMotor,2,opening,-96,20,6456.1,0.2,1,459.5,459.5,459.5,-5996.6,0.821677171827898,1,0,5996.6,0,0
945,globalPerMotor,2,opening,-96,21,6821,0.2,1,459.5,459.5,459.5,-6361.5,0.871677171827898,1,0,6361.5,0,0
967,globalPerMotor,2,opening,-128,1,-477,0.2,1,-477,-477,-477,0,0,1,0,-0,1,1
968,globalPerMotor,2,opening,-128,2,-112.1,0.2,1,-223.5,-223.5,-223.5,-111.4,0.0152644560153467,1,0,111.4,0,0
969,globalPerMotor,2,opening,-128,3,252.8,0.2,1,-223.5,-223.5,-223.5,-476.3,0.0652644560153467,1,0,476.3,0,0
970,globalPerMotor,2,opening,-128,4,617.7,0.2,1,-223.5,-223.5,-223.5,-841.2,0.115264456015347,1,0,841.2,0,0
971,globalPerMotor,2,opening,-128,5,982.6,0.2,1,-223.5,-223.5,-223.5,-1206.1,0.165264456015347,1,0,1206.1,0,0
972,globalPerMotor,2,opening,-128,6,1347.5,0.2,1,-223.5,-223.5,-223.5,-1571,0.215264456015347,1,0,1571,0,0
973,globalPerMotor,2,opening,-128,7,1712.4,0.2,1,-223.5,-223.5,-223.5,-1935.9,0.265264456015347,1,0,1935.9,0,0
974,globalPerMotor,2,opening,-128,8,2077.3,0.2,1,-223.5,-223.5,-223.5,-2300.8,0.315264456015347,1,0,2300.8,0,0
975,globalPerMotor,2,opening,-128,9,2442.2,0.2,1,-223.5,-223.5,-223.5,-2665.7,0.365264456015347,1,0,2665.7,0,0
976,globalPerMotor,2,opening,-128,10,2807.1,0.2,1,-223.5,-223.5,-223.5,-3030.6,0.415264456015347,1,0,3030.6,0,0
977,globalPerMotor,2,opening,-128,11,3172,0.2,1,-223.5,-223.5,-223.5,-3395.5,0.465264456015347,1,0,3395.5,0,0
978,globalPerMotor,2,opening,-128,12,3536.9,0.2,1,-223.5,-223.5,-223.5,-3760.4,0.515264456015347,1,0,3760.4,0,0
979,globalPerMotor,2,opening,-128,13,3901.8,0.2,1,-223.5,-223.5,-223.5,-4125.3,0.565264456015347,1,0,4125.3,0,0
980,globalPerMotor,2,opening,-128,14,4266.7,0.2,1,-223.5,-223.5,-223.5,-4490.2,0.615264456015347,1,0,4490.2,0,0
981,globalPerMotor,2,opening,-128,15,4631.6,0.2,1,-223.5,-223.5,-223.5,-4855.1,0.665264456015347,1,0,4855.1,0,0
982,globalPerMotor,2,opening,-128,16,4996.5,0.2,1,-223.5,-223.5,-223.5,-5220,0.715264456015347,1,0,5220,0,0
983,globalPerMotor,2,opening,-128,17,5361.4,0.2,1,-223.5,-223.5,-223.5,-5584.9,0.765264456015347,1,0,5584.9,0,0
984,globalPerMotor,2,opening,-128,18,5726.3,0.2,1,-221.833333333333,-221.833333333333,-221.833333333333,-5948.13333333333,0.815036082945099,1,0,5948.13333333333,0,0
985,globalPerMotor,2,opening,-128,19,6091.2,0.2,1,-163,-163,-163,-6254.2,0.85697451356536,1,0,6254.2,0,0
986,globalPerMotor,2,opening,-128,20,6456.1,0.2,1,-104,-104,-104,-6560.1,0.898890106878597,1,0,6560.1,0,0
987,globalPerMotor,2,opening,-128,21,6821,0.2,1,-104,-104,-104,-6925,0.948890106878597,1,0,6925,0,0
1009,globalPerMotor,2,opening,-160,1,-477,0.2,1,-477,-477,-477,0,0,1,0,-0,1,1
1010,globalPerMotor,2,opening,-160,2,-112.1,0.2,1,-300.4,-300.4,-300.4,-188.3,0.0258015894765689,1,0,188.3,0,0
1011,globalPerMotor,2,opening,-160,3,252.8,0.2,1,-300.4,-300.4,-300.4,-553.2,0.0758015894765689,1,0,553.2,0,0
1012,globalPerMotor,2,opening,-160,4,617.7,0.2,1,-300.4,-300.4,-300.4,-918.1,0.125801589476569,1,0,918.1,0,0
1013,globalPerMotor,2,opening,-160,5,982.6,0.2,1,-300.4,-300.4,-300.4,-1283,0.175801589476569,1,0,1283,0,0
1014,globalPerMotor,2,opening,-160,6,1347.5,0.2,1,-300.4,-300.4,-300.4,-1647.9,0.225801589476569,1,0,1647.9,0,0
1015,globalPerMotor,2,opening,-160,7,1712.4,0.2,1,-300.4,-300.4,-300.4,-2012.8,0.275801589476569,1,0,2012.8,0,0
1016,globalPerMotor,2,opening,-160,8,2077.3,0.2,1,-300.4,-300.4,-300.4,-2377.7,0.325801589476569,1,0,2377.7,0,0
1017,globalPerMotor,2,opening,-160,9,2442.2,0.2,1,-300.4,-300.4,-300.4,-2742.6,0.375801589476569,1,0,2742.6,0,0
1018,globalPerMotor,2,opening,-160,10,2807.1,0.2,1,-300.4,-300.4,-300.4,-3107.5,0.425801589476569,1,0,3107.5,0,0
1019,globalPerMotor,2,opening,-160,11,3172,0.2,1,-300.4,-300.4,-300.4,-3472.4,0.475801589476569,1,0,3472.4,0,0
1020,globalPerMotor,2,opening,-160,12,3536.9,0.2,1,-300.4,-300.4,-300.4,-3837.3,0.525801589476569,1,0,3837.3,0,0
1021,globalPerMotor,2,opening,-160,13,3901.8,0.2,1,-300.4,-300.4,-300.4,-4202.2,0.575801589476569,1,0,4202.2,0,0
1022,globalPerMotor,2,opening,-160,14,4266.7,0.2,1,-300.4,-300.4,-300.4,-4567.1,0.625801589476569,1,0,4567.1,0,0
1023,globalPerMotor,2,opening,-160,15,4631.6,0.2,1,-300.4,-300.4,-300.4,-4932,0.675801589476569,1,0,4932,0,0
1024,globalPerMotor,2,opening,-160,16,4996.5,0.2,1,-300.4,-300.4,-300.4,-5296.9,0.725801589476569,1,0,5296.9,0,0
1025,globalPerMotor,2,opening,-160,17,5361.4,0.2,1,-300.4,-300.4,-300.4,-5661.8,0.775801589476569,1,0,5661.8,0,0
1026,globalPerMotor,2,opening,-160,18,5726.3,0.2,1,-300.4,-300.4,-300.4,-6026.7,0.825801589476569,1,0,6026.7,0,0
1027,globalPerMotor,2,opening,-160,19,6091.2,0.2,1,-300.4,-300.4,-300.4,-6391.6,0.875801589476569,1,0,6391.6,0,0
1028,globalPerMotor,2,opening,-160,20,6456.1,0.2,1,-300.4,-300.4,-300.4,-6756.5,0.925801589476569,1,0,6756.5,0,0
1029,globalPerMotor,2,opening,-160,21,6821,0.2,1,-300.4,-300.4,-300.4,-7121.4,0.975801589476569,1,0,7121.4,0,0
1051,globalPerMotor,2,opening,-192,1,-477,0.2,1,-477,-477,-477,0,0,1,0,-0,1,1
1052,globalPerMotor,2,opening,-192,2,-112.1,0.2,1,-363.75,-363.75,-363.75,-251.65,0.0344820498766785,1,0,251.65,0,0
1053,globalPerMotor,2,opening,-192,3,252.8,0.2,1,-363.75,-363.75,-363.75,-616.55,0.0844820498766785,1,0,616.55,0,0
1054,globalPerMotor,2,opening,-192,4,617.7,0.2,1,-363.75,-363.75,-363.75,-981.45,0.134482049876679,1,0,981.45,0,0
1055,globalPerMotor,2,opening,-192,5,982.6,0.2,1,-363.75,-363.75,-363.75,-1346.35,0.184482049876679,1,0,1346.35,0,0
1056,globalPerMotor,2,opening,-192,6,1347.5,0.2,1,-363.75,-363.75,-363.75,-1711.25,0.234482049876679,1,0,1711.25,0,0
1057,globalPerMotor,2,opening,-192,7,1712.4,0.2,1,-363.75,-363.75,-363.75,-2076.15,0.284482049876679,1,0,2076.15,0,0
1058,globalPerMotor,2,opening,-192,8,2077.3,0.2,1,-363.75,-363.75,-363.75,-2441.05,0.334482049876679,1,0,2441.05,0,0
1059,globalPerMotor,2,opening,-192,9,2442.2,0.2,1,-363.75,-363.75,-363.75,-2805.95,0.384482049876678,1,0,2805.95,0,0
1060,globalPerMotor,2,opening,-192,10,2807.1,0.2,1,-363.75,-363.75,-363.75,-3170.85,0.434482049876679,1,0,3170.85,0,0
1061,globalPerMotor,2,opening,-192,11,3172,0.2,1,-363.75,-363.75,-363.75,-3535.75,0.484482049876679,1,0,3535.75,0,0
1062,globalPerMotor,2,opening,-192,12,3536.9,0.2,1,-363.75,-363.75,-363.75,-3900.65,0.534482049876679,1,0,3900.65,0,0
1063,globalPerMotor,2,opening,-192,13,3901.8,0.2,1,-363.75,-363.75,-363.75,-4265.55,0.584482049876679,1,0,4265.55,0,0
1064,globalPerMotor,2,opening,-192,14,4266.7,0.2,1,-363.75,-363.75,-363.75,-4630.45,0.634482049876679,1,0,4630.45,0,0
1065,globalPerMotor,2,opening,-192,15,4631.6,0.2,1,-363.75,-363.75,-363.75,-4995.35,0.684482049876679,1,0,4995.35,0,0
1066,globalPerMotor,2,opening,-192,16,4996.5,0.2,1,-363.75,-363.75,-363.75,-5360.25,0.734482049876679,1,0,5360.25,0,0
1067,globalPerMotor,2,opening,-192,17,5361.4,0.2,1,-363.75,-363.75,-363.75,-5725.15,0.784482049876678,1,0,5725.15,0,0
1068,globalPerMotor,2,opening,-192,18,5726.3,0.2,1,-363.75,-363.75,-363.75,-6090.05,0.834482049876679,1,0,6090.05,0,0
1069,globalPerMotor,2,opening,-192,19,6091.2,0.2,1,-363.75,-363.75,-363.75,-6454.95,0.884482049876679,1,0,6454.95,0,0
1070,globalPerMotor,2,opening,-192,20,6456.1,0.2,1,-363.75,-363.75,-363.75,-6819.85,0.934482049876679,1,0,6819.85,0,0
1071,globalPerMotor,2,opening,-192,21,6821,0.2,1,-363.75,-363.75,-363.75,-7184.75,0.984482049876679,1,0,7184.75,0,0
1093,globalPerMotor,2,opening,-224,1,-477,0.2,1,-477,-477,-477,0,0,1,0,-0,1,1
1094,globalPerMotor,2,opening,-224,2,-112.1,0.2,1,-394,-394,-394,-281.9,0.0386270211016717,1,0,281.9,0,0
1095,globalPerMotor,2,opening,-224,3,252.8,0.2,1,-394,-394,-394,-646.8,0.0886270211016717,1,0,646.8,0,0
1096,globalPerMotor,2,opening,-224,4,617.7,0.2,1,-394,-394,-394,-1011.7,0.138627021101672,1,0,1011.7,0,0
1097,globalPerMotor,2,opening,-224,5,982.6,0.2,1,-394,-394,-394,-1376.6,0.188627021101672,1,0,1376.6,0,0
1098,globalPerMotor,2,opening,-224,6,1347.5,0.2,1,-394,-394,-394,-1741.5,0.238627021101672,1,0,1741.5,0,0
1099,globalPerMotor,2,opening,-224,7,1712.4,0.2,1,-394,-394,-394,-2106.4,0.288627021101672,1,0,2106.4,0,0
1100,globalPerMotor,2,opening,-224,8,2077.3,0.2,1,-394,-394,-394,-2471.3,0.338627021101672,1,0,2471.3,0,0
1101,globalPerMotor,2,opening,-224,9,2442.2,0.2,1,-394,-394,-394,-2836.2,0.388627021101672,1,0,2836.2,0,0
1102,globalPerMotor,2,opening,-224,10,2807.1,0.2,1,-394,-394,-394,-3201.1,0.438627021101672,1,0,3201.1,0,0
1103,globalPerMotor,2,opening,-224,11,3172,0.2,1,-394,-394,-394,-3566,0.488627021101672,1,0,3566,0,0
1104,globalPerMotor,2,opening,-224,12,3536.9,0.2,1,-394,-394,-394,-3930.9,0.538627021101672,1,0,3930.9,0,0
1105,globalPerMotor,2,opening,-224,13,3901.8,0.2,1,-394,-394,-394,-4295.8,0.588627021101672,1,0,4295.8,0,0
1106,globalPerMotor,2,opening,-224,14,4266.7,0.2,1,-394,-394,-394,-4660.7,0.638627021101672,1,0,4660.7,0,0
1107,globalPerMotor,2,opening,-224,15,4631.6,0.2,1,-394,-394,-394,-5025.6,0.688627021101672,1,0,5025.6,0,0
1108,globalPerMotor,2,opening,-224,16,4996.5,0.2,1,-394,-394,-394,-5390.5,0.738627021101672,1,0,5390.5,0,0
1109,globalPerMotor,2,opening,-224,17,5361.4,0.2,1,-394,-394,-394,-5755.4,0.788627021101672,1,0,5755.4,0,0
1110,globalPerMotor,2,opening,-224,18,5726.3,0.2,1,-394,-394,-394,-6120.3,0.838627021101672,1,0,6120.3,0,0
1111,globalPerMotor,2,opening,-224,19,6091.2,0.2,1,-394,-394,-394,-6485.2,0.888627021101672,1,0,6485.2,0,0
1112,globalPerMotor,2,opening,-224,20,6456.1,0.2,1,-394,-394,-394,-6850.1,0.938627021101672,1,0,6850.1,0,0
1113,globalPerMotor,2,opening,-224,21,6821,0.2,1,-394,-394,-394,-7215,0.988627021101672,1,0,7215,0,0
1135,globalPerMotor,2,opening,-255,1,-477,0.2,1,-477,-477,-477,0,0,1,0,-0,1,1
1136,globalPerMotor,2,opening,-255,2,-112.1,0.2,1,-437.333333333333,-437.333333333333,-437.333333333333,-325.233333333333,0.0445647209281082,1,0,325.233333333333,0,0
1137,globalPerMotor,2,opening,-255,3,252.8,0.2,1,-437.333333333333,-437.333333333333,-437.333333333333,-690.133333333333,0.0945647209281081,1,0,690.133333333333,0,0
1138,globalPerMotor,2,opening,-255,4,617.7,0.2,1,-437.333333333333,-437.333333333333,-437.333333333333,-1055.03333333333,0.144564720928108,1,0,1055.03333333333,0,0
1139,globalPerMotor,2,opening,-255,5,982.6,0.2,1,-437.333333333333,-437.333333333333,-437.333333333333,-1419.93333333333,0.194564720928108,1,0,1419.93333333333,0,0
1140,globalPerMotor,2,opening,-255,6,1347.5,0.2,1,-437.333333333333,-437.333333333333,-437.333333333333,-1784.83333333333,0.244564720928108,1,0,1784.83333333333,0,0
1141,globalPerMotor,2,opening,-255,7,1712.4,0.2,1,-437.333333333333,-437.333333333333,-437.333333333333,-2149.73333333333,0.294564720928108,1,0,2149.73333333333,0,0
1142,globalPerMotor,2,opening,-255,8,2077.3,0.2,1,-437.333333333333,-437.333333333333,-437.333333333333,-2514.63333333333,0.344564720928108,1,0,2514.63333333333,0,0
1143,globalPerMotor,2,opening,-255,9,2442.2,0.2,1,-437.333333333333,-437.333333333333,-437.333333333333,-2879.53333333333,0.394564720928108,1,0,2879.53333333333,0,0
1144,globalPerMotor,2,opening,-255,10,2807.1,0.2,1,-437.333333333333,-437.333333333333,-437.333333333333,-3244.43333333333,0.444564720928108,1,0,3244.43333333333,0,0
1145,globalPerMotor,2,opening,-255,11,3172,0.2,1,-437.333333333333,-437.333333333333,-437.333333333333,-3609.33333333333,0.494564720928108,1,0,3609.33333333333,0,0
1146,globalPerMotor,2,opening,-255,12,3536.9,0.2,1,-437.333333333333,-437.333333333333,-437.333333333333,-3974.23333333333,0.544564720928108,1,0,3974.23333333333,0,0
1147,globalPerMotor,2,opening,-255,13,3901.8,0.2,1,-437.333333333333,-437.333333333333,-437.333333333333,-4339.13333333333,0.594564720928108,1,0,4339.13333333333,0,0
1148,globalPerMotor,2,opening,-255,14,4266.7,0.2,1,-437.333333333333,-437.333333333333,-437.333333333333,-4704.03333333333,0.644564720928108,1,0,4704.03333333333,0,0
1149,globalPerMotor,2,opening,-255,15,4631.6,0.2,1,-437.333333333333,-437.333333333333,-437.333333333333,-5068.93333333333,0.694564720928108,1,0,5068.93333333333,0,0
1150,globalPerMotor,2,opening,-255,16,4996.5,0.2,1,-437.333333333333,-437.333333333333,-437.333333333333,-5433.83333333333,0.744564720928108,1,0,5433.83333333333,0,0
1151,globalPerMotor,2,opening,-255,17,5361.4,0.2,1,-437.333333333333,-437.333333333333,-437.333333333333,-5798.73333333333,0.794564720928108,1,0,5798.73333333333,0,0
1152,globalPerMotor,2,opening,-255,18,5726.3,0.2,1,-437.333333333333,-437.333333333333,-437.333333333333,-6163.63333333333,0.844564720928108,1,0,6163.63333333333,0,0
1153,globalPerMotor,2,opening,-255,19,6091.2,0.2,1,-437.333333333333,-437.333333333333,-437.333333333333,-6528.53333333333,0.894564720928108,1,0,6528.53333333333,0,0
1154,globalPerMotor,2,opening,-255,20,6456.1,0.2,1,-437.333333333333,-437.333333333333,-437.333333333333,-6893.43333333333,0.944564720928108,1,0,6893.43333333333,0,0
1155,globalPerMotor,2,opening,-255,21,6821,0.2,1,-437.333333333333,-437.333333333333,-437.333333333333,-7258.33333333333,0.994564720928108,1,0,7258.33333333333,0,0
1177,globalPerMotor,3,closing,64,1,-910,0.2,1,3181.66666666667,3181.66666666667,3181.66666666667,4091.66666666667,0.463802614675433,1,0,4091.66666666667,0,0
1178,globalPerMotor,3,closing,64,2,-468.9,0.2,1,3181.66666666667,3181.66666666667,3181.66666666667,3650.56666666667,0.413802614675433,1,0,3650.56666666667,0,0
1179,globalPerMotor,3,closing,64,3,-27.8,0.2,1,3181.66666666667,3181.66666666667,3181.66666666667,3209.46666666667,0.363802614675433,1,0,3209.46666666667,0,0
1180,globalPerMotor,3,closing,64,4,413.3,0.2,1,3631.33333333333,3631.33333333333,3631.33333333333,3218.03333333333,0.364773671880904,1,0,3218.03333333333,0,0
1181,globalPerMotor,3,closing,64,5,854.4,0.2,1,3832,3832,3832,2977.6,0.337519836771707,1,0,2977.6,0,0
1182,globalPerMotor,3,closing,64,6,1295.5,0.2,1,3972,3972,3972,2676.5,0.303389254137384,1,0,2676.5,0,0
1183,globalPerMotor,3,closing,64,7,1736.6,0.2,1,4082,4082,4082,2345.4,0.265858082067558,1,0,2345.4,0,0
1184,globalPerMotor,3,closing,64,8,2177.7,0.2,1,4142,4142,4142,1964.3,0.222659260938563,1,0,1964.3,0,0
1185,globalPerMotor,3,closing,64,9,2618.8,0.2,1,4156.66666666667,4156.66666666667,4156.66666666667,1537.86666666667,0.174321771329253,1,0,1537.86666666667,0,0
1186,globalPerMotor,3,closing,64,10,3059.9,0.2,1,4157.66666666667,4157.66666666667,4157.66666666667,1097.76666666667,0.124435124310436,1,0,1097.76666666667,0,0
1187,globalPerMotor,3,closing,64,11,3501,0.2,1,4160.33333333333,4160.33333333333,4160.33333333333,659.333333333333,0.0747373989269251,1,0,659.333333333333,0,0
1188,globalPerMotor,3,closing,64,12,3942.1,0.2,1,4181.33333333333,4181.33333333333,4181.33333333333,239.233333333333,0.0271178115317765,1,0,239.233333333333,0,0
1189,globalPerMotor,3,closing,64,13,4383.2,0.2,1,4524.33333333333,4524.33333333333,4524.33333333333,141.133333333333,0.0159978840776846,1,0,141.133333333333,0,0
1190,globalPerMotor,3,closing,64,14,4824.3,0.2,1,4824.3,4824.3,4824.3,0,0,1,0,0,1,1
1191,globalPerMotor,3,closing,64,15,5265.4,0.2,1,5265.4,5265.4,5265.4,0,0,1,0,0,1,1
1192,globalPerMotor,3,closing,64,16,5706.5,0.2,1,5706.5,5706.5,5706.5,0,0,1,0,0,1,1
1193,globalPerMotor,3,closing,64,17,6147.6,0.2,1,6147.6,6147.6,6147.6,0,0,1,0,0,1,1
1194,globalPerMotor,3,closing,64,18,6588.7,0.2,1,6588.7,6588.7,6588.7,0,0,1,0,0,1,1
1195,globalPerMotor,3,closing,64,19,7029.8,0.2,1,7029.8,7029.8,7029.8,0,0,1,0,0,1,1
1196,globalPerMotor,3,closing,64,20,7470.9,0.2,1,7470.9,7470.9,7470.9,0,0,1,0,0,1,1
1197,globalPerMotor,3,closing,64,21,7912,0.2,1,7912,7912,7912,0,0,1,0,0,1,1
1219,globalPerMotor,3,closing,96,1,-910,0.2,1,3427.75,3427.75,3427.75,4337.75,0.491696894128316,1,0,4337.75,0,0
1220,globalPerMotor,3,closing,96,2,-468.9,0.2,1,3427.75,3427.75,3427.75,3896.65,0.441696894128316,1,0,3896.65,0,0
1221,globalPerMotor,3,closing,96,3,-27.8,0.2,1,3427.75,3427.75,3427.75,3455.55,0.391696894128316,1,0,3455.55,0,0
1222,globalPerMotor,3,closing,96,4,413.3,0.2,1,3494.5,3494.5,3494.5,3081.2,0.349263205622308,1,0,3081.2,0,0
1223,globalPerMotor,3,closing,96,5,854.4,0.2,1,3519,3519,3519,2664.6,0.302040353661301,1,0,2664.6,0,0
1224,globalPerMotor,3,closing,96,6,1295.5,0.2,1,3541.5,3541.5,3541.5,2246,0.254590795737928,1,0,2246,0,0
1225,globalPerMotor,3,closing,96,7,1736.6,0.2,1,3569,3569,3569,1832.4,0.207708002720472,1,0,1832.4,0,0
1226,globalPerMotor,3,closing,96,8,2177.7,0.2,1,3618.75,3618.75,3618.75,1441.05,0.163347313534346,1,0,1441.05,0,0
1227,globalPerMotor,3,closing,96,9,2618.8,0.2,1,3671.5,3671.5,3671.5,1052.7,0.119326683291771,1,0,1052.7,0,0
1228,globalPerMotor,3,closing,96,10,3059.9,0.2,1,3706,3706,3706,646.1,0.073237361142598,1,0,646.1,0,0
1229,globalPerMotor,3,closing,96,11,3501,0.2,1,3726.5,3726.5,3726.5,225.5,0.0255610972568579,1,0,225.5,0,0
1230,globalPerMotor,3,closing,96,12,3942.1,0.2,1,4515,4515,4515,572.9,0.0649399229199727,1,0,572.9,0,0
1231,globalPerMotor,3,closing,96,13,4383.2,0.2,1,4890.5,4890.5,4890.5,507.3,0.0575039673543414,1,0,507.3,0,0
1232,globalPerMotor,3,closing,96,14,4824.3,0.2,1,4944.5,4944.5,4944.5,120.2,0.0136250283382453,1,0,120.2,0,0
1233,globalPerMotor,3,closing,96,15,5265.4,0.2,1,5265.4,5265.4,5265.4,0,0,1,0,0,1,1
1234,globalPerMotor,3,closing,96,16,5706.5,0.2,1,5706.5,5706.5,5706.5,0,0,1,0,0,1,1
1235,globalPerMotor,3,closing,96,17,6147.6,0.2,1,6147.6,6147.6,6147.6,0,0,1,0,0,1,1
1236,globalPerMotor,3,closing,96,18,6588.7,0.2,1,6588.7,6588.7,6588.7,0,0,1,0,0,1,1
1237,globalPerMotor,3,closing,96,19,7029.8,0.2,1,7029.8,7029.8,7029.8,0,0,1,0,0,1,1
1238,globalPerMotor,3,closing,96,20,7470.9,0.2,1,7470.9,7470.9,7470.9,0,0,1,0,0,1,1
1239,globalPerMotor,3,closing,96,21,7912,0.2,1,7912,7912,7912,0,0,1,0,0,1,1
1261,globalPerMotor,3,closing,128,1,-910,0.2,1,6414.83333333333,6414.83333333333,6414.83333333333,7324.83333333333,0.830291695004912,1,0,7324.83333333333,0,0
1262,globalPerMotor,3,closing,128,2,-468.9,0.2,1,6414.83333333333,6414.83333333333,6414.83333333333,6883.73333333333,0.780291695004912,1,0,6883.73333333333,0,0
1263,globalPerMotor,3,closing,128,3,-27.8,0.2,1,6414.83333333333,6414.83333333333,6414.83333333333,6442.63333333333,0.730291695004912,1,0,6442.63333333333,0,0
1264,globalPerMotor,3,closing,128,4,413.3,0.2,1,6837.83333333333,6837.83333333333,6837.83333333333,6424.53333333333,0.728240006045492,1,0,6424.53333333333,0,0
1265,globalPerMotor,3,closing,128,5,854.4,0.2,1,6971.16666666667,6971.16666666667,6971.16666666667,6116.76666666667,0.693353736869946,1,0,6116.76666666667,0,0
1266,globalPerMotor,3,closing,128,6,1295.5,0.2,1,7062.5,7062.5,7062.5,5767,0.653706642484697,1,0,5767,0,0
1267,globalPerMotor,3,closing,128,7,1736.6,0.2,1,7139.83333333333,7139.83333333333,7139.83333333333,5403.23333333333,0.612472606362881,1,0,5403.23333333333,0,0
1268,globalPerMotor,3,closing,128,8,2177.7,0.2,1,7199.33333333333,7199.33333333333,7199.33333333333,5021.63333333333,0.569217108743293,1,0,5021.63333333333,0,0
1269,globalPerMotor,3,closing,128,9,2618.8,0.2,1,7221.83333333333,7221.83333333333,7221.83333333333,4603.03333333333,0.52176755081992,1,0,4603.03333333333,0,0
1270,globalPerMotor,3,closing,128,10,3059.9,0.2,1,7240.16666666667,7240.16666666667,7240.16666666667,4180.26666666667,0.473845688808282,1,0,4180.26666666667,0,0
1271,globalPerMotor,3,closing,128,11,3501,0.2,1,7258,7258,7258,3757,0.425867150306053,1,0,3757,0,0
1272,globalPerMotor,3,closing,128,12,3942.1,0.2,1,7274.33333333333,7274.33333333333,7274.33333333333,3332.23333333333,0.377718582332049,1,0,3332.23333333333,0,0
1273,globalPerMotor,3,closing,128,13,4383.2,0.2,1,7296.33333333333,7296.33333333333,7296.33333333333,2913.13333333333,0.330212347918084,1,0,2913.13333333333,0,0
1274,globalPerMotor,3,closing,128,14,4824.3,0.2,1,7318.16666666667,7318.16666666667,7318.16666666667,2493.86666666667,0.282687221340588,1,0,2493.86666666667,0,0
1275,globalPerMotor,3,closing,128,15,5265.4,0.2,1,7320.83333333333,7320.83333333333,7320.83333333333,2055.43333333333,0.232989495957077,1,0,2055.43333333333,0,0
1276,globalPerMotor,3,closing,128,16,5706.5,0.2,1,7321.5,7321.5,7321.5,1615,0.183065064611199,1,0,1615,0,0
1277,globalPerMotor,3,closing,128,17,6147.6,0.2,1,7322.83333333333,7322.83333333333,7322.83333333333,1175.23333333333,0.133216201919444,1,0,1175.23333333333,0,0
1278,globalPerMotor,3,closing,128,18,6588.7,0.2,1,7329,7329,7329,740.3,0.0839152119700748,1,0,740.3,0,0
1279,globalPerMotor,3,closing,128,19,7029.8,0.2,1,7334.5,7334.5,7334.5,304.7,0.0345386533665835,1,0,304.7,0,0
1280,globalPerMotor,3,closing,128,20,7470.9,0.2,1,7470.9,7470.9,7470.9,0,0,1,0,0,1,1
1281,globalPerMotor,3,closing,128,21,7912,0.2,1,7912,7912,7912,0,0,1,0,0,1,1
1303,globalPerMotor,3,closing,160,1,-910,0.2,1,7464.4,7464.4,7464.4,8374.4,0.949263205622308,1,0,8374.4,0,0
1304,globalPerMotor,3,closing,160,2,-468.9,0.2,1,7464.4,7464.4,7464.4,7933.3,0.899263205622308,1,0,7933.3,0,0
1305,globalPerMotor,3,closing,160,3,-27.8,0.2,1,7464.4,7464.4,7464.4,7492.2,0.849263205622308,1,0,7492.2,0,0
1306,globalPerMotor,3,closing,160,4,413.3,0.2,1,7510,7510,7510,7096.7,0.804432101564271,1,0,7096.7,0,0
1307,globalPerMotor,3,closing,160,5,854.4,0.2,1,7535.8,7535.8,7535.8,6681.4,0.757356608478803,1,0,6681.4,0,0
1308,globalPerMotor,3,closing,160,6,1295.5,0.2,1,7556.2,7556.2,7556.2,6260.7,0.709669009294944,1,0,6260.7,0,0
1309,globalPerMotor,3,closing,160,7,1736.6,0.2,1,7575,7575,7575,5838.4,0.661800045341192,1,0,5838.4,0,0
1310,globalPerMotor,3,closing,160,8,2177.7,0.2,1,7591.8,7591.8,7591.8,5414.1,0.613704375425074,1,0,5414.1,0,0
1311,globalPerMotor,3,closing,160,9,2618.8,0.2,1,7603.8,7603.8,7603.8,4985,0.565064611199275,1,0,4985,0,0
1312,globalPerMotor,3,closing,160,10,3059.9,0.2,1,7612.6,7612.6,7612.6,4552.7,0.516062117433689,1,0,4552.7,0,0
1313,globalPerMotor,3,closing,160,11,3501,0.2,1,7617.2,7617.2,7617.2,4116.2,0.466583541147132,1,0,4116.2,0,0
1314,globalPerMotor,3,closing,160,12,3942.1,0.2,1,7618,7618,7618,3675.9,0.416674223532079,1,0,3675.9,0,0
1315,globalPerMotor,3,closing,160,13,4383.2,0.2,1,7618,7618,7618,3234.8,0.366674223532079,1,0,3234.8,0,0
1316,globalPerMotor,3,closing,160,14,4824.3,0.2,1,7618,7618,7618,2793.7,0.316674223532079,1,0,2793.7,0,0
1317,globalPerMotor,3,closing,160,15,5265.4,0.2,1,7618.2,7618.2,7618.2,2352.8,0.266696894128316,1,0,2352.8,0,0
1318,globalPerMotor,3,closing,160,16,5706.5,0.2,1,7621.6,7621.6,7621.6,1915.1,0.217082294264339,1,0,1915.1,0,0
1319,globalPerMotor,3,closing,160,17,6147.6,0.2,1,7629.8,7629.8,7629.8,1482.2,0.168011788710043,1,0,1482.2,0,0
1320,globalPerMotor,3,closing,160,18,6588.7,0.2,1,7638.8,7638.8,7638.8,1050.1,0.119031965540694,1,0,1050.1,0,0
1321,globalPerMotor,3,closing,160,19,7029.8,0.2,1,7642.4,7642.4,7642.4,612.599999999999,0.0694400362729539,1,0,612.599999999999,0,0
1322,globalPerMotor,3,closing,160,20,7470.9,0.2,1,7642.8,7642.8,7642.8,171.900000000001,0.0194853774654274,1,0,171.900000000001,0,0
1323,globalPerMotor,3,closing,160,21,7912,0.2,1,7912,7912,7912,0,0,1,0,0,1,1
1345,globalPerMotor,3,closing,192,1,-910,0.2,1,7510,7510,7510,8420,0.954432101564271,1,0,8420,0,0
1346,globalPerMotor,3,closing,192,2,-468.9,0.2,1,7510,7510,7510,7978.9,0.904432101564271,1,0,7978.9,0,0
1347,globalPerMotor,3,closing,192,3,-27.8,0.2,1,7510,7510,7510,7537.8,0.854432101564271,1,0,7537.8,0,0
1348,globalPerMotor,3,closing,192,4,413.3,0.2,1,7624.66666666667,7624.66666666667,7624.66666666667,7211.36666666667,0.817429910073302,1,0,7211.36666666667,0,0
1349,globalPerMotor,3,closing,192,5,854.4,0.2,1,7647.33333333333,7647.33333333333,7647.33333333333,6792.93333333333,0.769999244313459,1,0,6792.93333333333,0,0
1350,globalPerMotor,3,closing,192,6,1295.5,0.2,1,7647,7647,7647,6351.5,0.719961459986398,1,0,6351.5,0,0
1351,globalPerMotor,3,closing,192,7,1736.6,0.2,1,7647,7647,7647,5910.4,0.669961459986398,1,0,5910.4,0,0
1352,globalPerMotor,3,closing,192,8,2177.7,0.2,1,7647,7647,7647,5469.3,0.619961459986398,1,0,5469.3,0,0
1353,globalPerMotor,3,closing,192,9,2618.8,0.2,1,7647,7647,7647,5028.2,0.569961459986398,1,0,5028.2,0,0
1354,globalPerMotor,3,closing,192,10,3059.9,0.2,1,7647,7647,7647,4587.1,0.519961459986398,1,0,4587.1,0,0
1355,globalPerMotor,3,closing,192,11,3501,0.2,1,7647,7647,7647,4146,0.469961459986398,1,0,4146,0,0
1356,globalPerMotor,3,closing,192,12,3942.1,0.2,1,7647,7647,7647,3704.9,0.419961459986398,1,0,3704.9,0,0
1357,globalPerMotor,3,closing,192,13,4383.2,0.2,1,7647,7647,7647,3263.8,0.369961459986398,1,0,3263.8,0,0
1358,globalPerMotor,3,closing,192,14,4824.3,0.2,1,7647,7647,7647,2822.7,0.319961459986398,1,0,2822.7,0,0
1359,globalPerMotor,3,closing,192,15,5265.4,0.2,1,7647,7647,7647,2381.6,0.269961459986398,1,0,2381.6,0,0
1360,globalPerMotor,3,closing,192,16,5706.5,0.2,1,7647,7647,7647,1940.5,0.219961459986398,1,0,1940.5,0,0
1361,globalPerMotor,3,closing,192,17,6147.6,0.2,1,7647,7647,7647,1499.4,0.169961459986398,1,0,1499.4,0,0
1362,globalPerMotor,3,closing,192,18,6588.7,0.2,1,7647,7647,7647,1058.3,0.119961459986398,1,0,1058.3,0,0
1363,globalPerMotor,3,closing,192,19,7029.8,0.2,1,7647,7647,7647,617.2,0.0699614599863976,1,0,617.2,0,0
1364,globalPerMotor,3,closing,192,20,7470.9,0.2,1,7647,7647,7647,176.1,0.0199614599863977,1,0,176.1,0,0
1365,globalPerMotor,3,closing,192,21,7912,0.2,1,7912,7912,7912,0,0,1,0,0,1,1
1387,globalPerMotor,3,closing,224,1,-910,0.2,1,7523.66666666667,7523.66666666667,7523.66666666667,8433.66666666667,0.955981258973778,1,0,8433.66666666667,0,0
1388,globalPerMotor,3,closing,224,2,-468.9,0.2,1,7523.66666666667,7523.66666666667,7523.66666666667,7992.56666666667,0.905981258973778,1,0,7992.56666666667,0,0
1389,globalPerMotor,3,closing,224,3,-27.8,0.2,1,7523.66666666667,7523.66666666667,7523.66666666667,7551.46666666667,0.855981258973778,1,0,7551.46666666667,0,0
1390,globalPerMotor,3,closing,224,4,413.3,0.2,1,7567.5,7567.5,7567.5,7154.2,0.810949897982317,1,0,7154.2,0,0
1391,globalPerMotor,3,closing,224,5,854.4,0.2,1,7556,7556,7556,6701.6,0.759646338698708,1,0,6701.6,0,0
1392,globalPerMotor,3,closing,224,6,1295.5,0.2,1,7540.83333333333,7540.83333333333,7540.83333333333,6245.33333333333,0.707927151817426,1,0,6245.33333333333,0,0
1393,globalPerMotor,3,closing,224,7,1736.6,0.2,1,7527.66666666667,7527.66666666667,7527.66666666667,5791.06666666667,0.656434670898511,1,0,5791.06666666667,0,0
1394,globalPerMotor,3,closing,224,8,2177.7,0.2,1,7517.83333333333,7517.83333333333,7517.83333333333,5340.13333333333,0.605320033250208,1,0,5340.13333333333,0,0
1395,globalPerMotor,3,closing,224,9,2618.8,0.2,1,7513.83333333333,7513.83333333333,7513.83333333333,4895.03333333333,0.554866621325474,1,0,4895.03333333333,0,0
1396,globalPerMotor,3,closing,224,10,3059.9,0.2,1,7513.66666666667,7513.66666666667,7513.66666666667,4453.76666666667,0.504847729161944,1,0,4453.76666666667,0,0
1397,globalPerMotor,3,closing,224,11,3501,0.2,1,7513.66666666667,7513.66666666667,7513.66666666667,4012.66666666667,0.454847729161944,1,0,4012.66666666667,0,0
1398,globalPerMotor,3,closing,224,12,3942.1,0.2,1,7513.66666666667,7513.66666666667,7513.66666666667,3571.56666666667,0.404847729161944,1,0,3571.56666666667,0,0
1399,globalPerMotor,3,closing,224,13,4383.2,0.2,1,7513.66666666667,7513.66666666667,7513.66666666667,3130.46666666667,0.354847729161944,1,0,3130.46666666667,0,0
1400,globalPerMotor,3,closing,224,14,4824.3,0.2,1,7513.66666666667,7513.66666666667,7513.66666666667,2689.36666666667,0.304847729161944,1,0,2689.36666666667,0,0
1401,globalPerMotor,3,closing,224,15,5265.4,0.2,1,7513.66666666667,7513.66666666667,7513.66666666667,2248.26666666667,0.254847729161944,1,0,2248.26666666667,0,0
1402,globalPerMotor,3,closing,224,16,5706.5,0.2,1,7513.66666666667,7513.66666666667,7513.66666666667,1807.16666666667,0.204847729161944,1,0,1807.16666666667,0,0
1403,globalPerMotor,3,closing,224,17,6147.6,0.2,1,7513.66666666667,7513.66666666667,7513.66666666667,1366.06666666667,0.154847729161944,1,0,1366.06666666667,0,0
1404,globalPerMotor,3,closing,224,18,6588.7,0.2,1,7513.66666666667,7513.66666666667,7513.66666666667,924.966666666667,0.104847729161944,1,0,924.966666666667,0,0
1405,globalPerMotor,3,closing,224,19,7029.8,0.2,1,7513.66666666667,7513.66666666667,7513.66666666667,483.866666666667,0.0548477291619436,1,0,483.866666666667,0,0
1406,globalPerMotor,3,closing,224,20,7470.9,0.2,1,7513.66666666667,7513.66666666667,7513.66666666667,42.7666666666673,0.0048477291619437,1,0,42.7666666666673,0,0
1407,globalPerMotor,3,closing,224,21,7912,0.2,1,7912,7912,7912,0,0,1,0,0,1,1
1429,globalPerMotor,3,closing,255,1,-910,0.2,1,7509.66666666667,7509.66666666667,7509.66666666667,8419.66666666667,0.95439431723721,1,0,8419.66666666667,0,0
1430,globalPerMotor,3,closing,255,2,-468.9,0.2,1,7509.66666666667,7509.66666666667,7509.66666666667,7978.56666666667,0.90439431723721,1,0,7978.56666666667,0,0
1431,globalPerMotor,3,closing,255,3,-27.8,0.2,1,7509.66666666667,7509.66666666667,7509.66666666667,7537.46666666667,0.85439431723721,1,0,7537.46666666667,0,0
1432,globalPerMotor,3,closing,255,4,413.3,0.2,1,7549.83333333333,7549.83333333333,7549.83333333333,7136.53333333333,0.808947328648077,1,0,7136.53333333333,0,0
1433,globalPerMotor,3,closing,255,5,854.4,0.2,1,7569.33333333333,7569.33333333333,7569.33333333333,6714.93333333333,0.761157711781153,1,0,6714.93333333333,0,0
1434,globalPerMotor,3,closing,255,6,1295.5,0.2,1,7580,7580,7580,6284.5,0.712366810247109,1,0,6284.5,0,0
1435,globalPerMotor,3,closing,255,7,1736.6,0.2,1,7589,7589,7589,5852.4,0.66338698707776,1,0,5852.4,0,0
1436,globalPerMotor,3,closing,255,8,2177.7,0.2,1,7597.16666666667,7597.16666666667,7597.16666666667,5419.46666666667,0.614312703090758,1,0,5419.46666666667,0,0
1437,globalPerMotor,3,closing,255,9,2618.8,0.2,1,7602.5,7602.5,7602.5,4983.7,0.564917252323736,1,0,4983.7,0,0
1438,globalPerMotor,3,closing,255,10,3059.9,0.2,1,7602.5,7602.5,7602.5,4542.6,0.514917252323736,1,0,4542.6,0,0
1439,globalPerMotor,3,closing,255,11,3501,0.2,1,7602.5,7602.5,7602.5,4101.5,0.464917252323736,1,0,4101.5,0,0
1440,globalPerMotor,3,closing,255,12,3942.1,0.2,1,7602.5,7602.5,7602.5,3660.4,0.414917252323736,1,0,3660.4,0,0
1441,globalPerMotor,3,closing,255,13,4383.2,0.2,1,7602.5,7602.5,7602.5,3219.3,0.364917252323736,1,0,3219.3,0,0
1442,globalPerMotor,3,closing,255,14,4824.3,0.2,1,7602.5,7602.5,7602.5,2778.2,0.314917252323736,1,0,2778.2,0,0
1443,globalPerMotor,3,closing,255,15,5265.4,0.2,1,7602.5,7602.5,7602.5,2337.1,0.264917252323736,1,0,2337.1,0,0
1444,globalPerMotor,3,closing,255,16,5706.5,0.2,1,7602.5,7602.5,7602.5,1896,0.214917252323736,1,0,1896,0,0
1445,globalPerMotor,3,closing,255,17,6147.6,0.2,1,7602.5,7602.5,7602.5,1454.9,0.164917252323736,1,0,1454.9,0,0
1446,globalPerMotor,3,closing,255,18,6588.7,0.2,1,7602.5,7602.5,7602.5,1013.8,0.114917252323736,1,0,1013.8,0,0
1447,globalPerMotor,3,closing,255,19,7029.8,0.2,1,7602.5,7602.5,7602.5,572.7,0.0649172523237361,1,0,572.7,0,0
1448,globalPerMotor,3,closing,255,20,7470.9,0.2,1,7602.5,7602.5,7602.5,131.6,0.0149172523237362,1,0,131.6,0,0
1449,globalPerMotor,3,closing,255,21,7912,0.2,1,7912,7912,7912,0,0,1,0,0,1,1
1471,globalPerMotor,3,opening,-64,1,-910,0.2,1,-910,-910,-910,0,0,1,0,-0,1,1
1472,globalPerMotor,3,opening,-64,2,-468.9,0.2,1,-468.9,-468.9,-468.9,0,0,1,0,-0,1,1
1473,globalPerMotor,3,opening,-64,3,-27.8,0.2,1,-27.8,-27.8,-27.8,0,0,1,0,-0,1,1
1474,globalPerMotor,3,opening,-64,4,413.3,0.2,1,-16.3333333333333,-16.3333333333333,-16.3333333333333,-429.633333333333,0.0487002191490969,1,0,429.633333333333,0,0
1475,globalPerMotor,3,opening,-64,5,854.4,0.2,1,-15,-15,-15,-869.4,0.0985490818408524,1,0,869.4,0,0
1476,globalPerMotor,3,opening,-64,6,1295.5,0.2,1,-15,-15,-15,-1310.5,0.148549081840852,1,0,1310.5,0,0
1477,globalPerMotor,3,opening,-64,7,1736.6,0.2,1,-14.3333333333333,-14.3333333333333,-14.3333333333333,-1750.93333333333,0.19847351318673,1,0,1750.93333333333,0,0
1478,globalPerMotor,3,opening,-64,8,2177.7,0.2,1,-14.3333333333333,-14.3333333333333,-14.3333333333333,-2192.03333333333,0.24847351318673,1,0,2192.03333333333,0,0
1479,globalPerMotor,3,opening,-64,9,2618.8,0.2,1,-14.3333333333333,-14.3333333333333,-14.3333333333333,-2633.13333333333,0.29847351318673,1,0,2633.13333333333,0,0
1480,globalPerMotor,3,opening,-64,10,3059.9,0.2,1,-14.3333333333333,-14.3333333333333,-14.3333333333333,-3074.23333333333,0.34847351318673,1,0,3074.23333333333,0,0
1481,globalPerMotor,3,opening,-64,11,3501,0.2,1,94.6666666666667,94.6666666666667,94.6666666666667,-3406.33333333333,0.386118038237739,1,0,3406.33333333333,0,0
1482,globalPerMotor,3,opening,-64,12,3942.1,0.2,1,377,377,377,-3565.1,0.404114713216958,1,0,3565.1,0,0
1483,globalPerMotor,3,opening,-64,13,4383.2,0.2,1,691.666666666667,691.666666666667,691.666666666667,-3691.53333333333,0.418446308471246,1,0,3691.53333333333,0,0
1484,globalPerMotor,3,opening,-64,14,4824.3,0.2,1,1054.66666666667,1054.66666666667,1054.66666666667,-3769.63333333333,0.42729917630167,1,0,3769.63333333333,0,0
1485,globalPerMotor,3,opening,-64,15,5265.4,0.2,1,1541.66666666667,1541.66666666667,1541.66666666667,-3723.73333333333,0.422096274465352,1,0,3723.73333333333,0,0
1486,globalPerMotor,3,opening,-64,16,5706.5,0.2,1,1541.66666666667,1541.66666666667,1541.66666666667,-4164.83333333333,0.472096274465352,1,0,4164.83333333333,0,0
1487,globalPerMotor,3,opening,-64,17,6147.6,0.2,1,1541.66666666667,1541.66666666667,1541.66666666667,-4605.93333333333,0.522096274465352,1,0,4605.93333333333,0,0
1488,globalPerMotor,3,opening,-64,18,6588.7,0.2,1,1541.66666666667,1541.66666666667,1541.66666666667,-5047.03333333333,0.572096274465352,1,0,5047.03333333333,0,0
1489,globalPerMotor,3,opening,-64,19,7029.8,0.2,1,1541.66666666667,1541.66666666667,1541.66666666667,-5488.13333333333,0.622096274465352,1,0,5488.13333333333,0,0
1490,globalPerMotor,3,opening,-64,20,7470.9,0.2,1,1541.66666666667,1541.66666666667,1541.66666666667,-5929.23333333333,0.672096274465352,1,0,5929.23333333333,0,0
1491,globalPerMotor,3,opening,-64,21,7912,0.2,1,1541.66666666667,1541.66666666667,1541.66666666667,-6370.33333333333,0.722096274465352,1,0,6370.33333333333,0,0
1513,globalPerMotor,3,opening,-96,1,-910,0.2,1,-910,-910,-910,0,0,1,0,-0,1,1
1514,globalPerMotor,3,opening,-96,2,-468.9,0.2,1,-468.9,-468.9,-468.9,0,0,1,0,-0,1,1
1515,globalPerMotor,3,opening,-96,3,-27.8,0.2,1,-266,-266,-266,-238.2,0.0270006801178871,1,0,238.2,0,0
1516,globalPerMotor,3,opening,-96,4,413.3,0.2,1,-266,-266,-266,-679.3,0.0770006801178871,1,0,679.3,0,0
1517,globalPerMotor,3,opening,-96,5,854.4,0.2,1,-266,-266,-266,-1120.4,0.127000680117887,1,0,1120.4,0,0
1518,globalPerMotor,3,opening,-96,6,1295.5,0.2,1,-266,-266,-266,-1561.5,0.177000680117887,1,0,1561.5,0,0
1519,globalPerMotor,3,opening,-96,7,1736.6,0.2,1,-266,-266,-266,-2002.6,0.227000680117887,1,0,2002.6,0,0
1520,globalPerMotor,3,opening,-96,8,2177.7,0.2,1,-266,-266,-266,-2443.7,0.277000680117887,1,0,2443.7,0,0
1521,globalPerMotor,3,opening,-96,9,2618.8,0.2,1,-266,-266,-266,-2884.8,0.327000680117887,1,0,2884.8,0,0
1522,globalPerMotor,3,opening,-96,10,3059.9,0.2,1,-266,-266,-266,-3325.9,0.377000680117887,1,0,3325.9,0,0
1523,globalPerMotor,3,opening,-96,11,3501,0.2,1,-266,-266,-266,-3767,0.427000680117887,1,0,3767,0,0
1524,globalPerMotor,3,opening,-96,12,3942.1,0.2,1,-266,-266,-266,-4208.1,0.477000680117887,1,0,4208.1,0,0
1525,globalPerMotor,3,opening,-96,13,4383.2,0.2,1,-266,-266,-266,-4649.2,0.527000680117887,1,0,4649.2,0,0
1526,globalPerMotor,3,opening,-96,14,4824.3,0.2,1,-266,-266,-266,-5090.3,0.577000680117887,1,0,5090.3,0,0
1527,globalPerMotor,3,opening,-96,15,5265.4,0.2,1,-266,-266,-266,-5531.4,0.627000680117887,1,0,5531.4,0,0
1528,globalPerMotor,3,opening,-96,16,5706.5,0.2,1,-264.5,-264.5,-264.5,-5971,0.676830650646112,1,0,5971,0,0
1529,globalPerMotor,3,opening,-96,17,6147.6,0.2,1,-238.25,-238.25,-238.25,-6385.85,0.723855134890048,1,0,6385.85,0,0
1530,globalPerMotor,3,opening,-96,18,6588.7,0.2,1,-238.25,-238.25,-238.25,-6826.95,0.773855134890048,1,0,6826.95,0,0
1531,globalPerMotor,3,opening,-96,19,7029.8,0.2,1,-238.25,-238.25,-238.25,-7268.05,0.823855134890048,1,0,7268.05,0,0
1532,globalPerMotor,3,opening,-96,20,7470.9,0.2,1,-238.25,-238.25,-238.25,-7709.15,0.873855134890048,1,0,7709.15,0,0
1533,globalPerMotor,3,opening,-96,21,7912,0.2,1,-238.25,-238.25,-238.25,-8150.25,0.923855134890048,1,0,8150.25,0,0
1555,globalPerMotor,3,opening,-128,1,-910,0.2,1,-910,-910,-910,0,0,1,0,-0,1,1
1556,globalPerMotor,3,opening,-128,2,-468.9,0.2,1,-468.9,-468.9,-468.9,0,0,1,0,-0,1,1
1557,globalPerMotor,3,opening,-128,3,-27.8,0.2,1,-453.5,-453.5,-453.5,-425.7,0.0482543640897756,1,0,425.7,0,0
1558,globalPerMotor,3,opening,-128,4,413.3,0.2,1,-453.5,-453.5,-453.5,-866.8,0.0982543640897756,1,0,866.8,0,0
1559,globalPerMotor,3,opening,-128,5,854.4,0.2,1,-453.5,-453.5,-453.5,-1307.9,0.148254364089776,1,0,1307.9,0,0
1560,globalPerMotor,3,opening,-128,6,1295.5,0.2,1,-453.5,-453.5,-453.5,-1749,0.198254364089776,1,0,1749,0,0
1561,globalPerMotor,3,opening,-128,7,1736.6,0.2,1,-453.5,-453.5,-453.5,-2190.1,0.248254364089776,1,0,2190.1,0,0
1562,globalPerMotor,3,opening,-128,8,2177.7,0.2,1,-453.5,-453.5,-453.5,-2631.2,0.298254364089776,1,0,2631.2,0,0
1563,globalPerMotor,3,opening,-128,9,2618.8,0.2,1,-453.5,-453.5,-453.5,-3072.3,0.348254364089776,1,0,3072.3,0,0
1564,globalPerMotor,3,opening,-128,10,3059.9,0.2,1,-453.5,-453.5,-453.5,-3513.4,0.398254364089776,1,0,3513.4,0,0
1565,globalPerMotor,3,opening,-128,11,3501,0.2,1,-453.5,-453.5,-453.5,-3954.5,0.448254364089776,1,0,3954.5,0,0
1566,globalPerMotor,3,opening,-128,12,3942.1,0.2,1,-453.5,-453.5,-453.5,-4395.6,0.498254364089776,1,0,4395.6,0,0
1567,globalPerMotor,3,opening,-128,13,4383.2,0.2,1,-453.5,-453.5,-453.5,-4836.7,0.548254364089776,1,0,4836.7,0,0
1568,globalPerMotor,3,opening,-128,14,4824.3,0.2,1,-453.5,-453.5,-453.5,-5277.8,0.598254364089776,1,0,5277.8,0,0
1569,globalPerMotor,3,opening,-128,15,5265.4,0.2,1,-453.5,-453.5,-453.5,-5718.9,0.648254364089776,1,0,5718.9,0,0
1570,globalPerMotor,3,opening,-128,16,5706.5,0.2,1,-453.5,-453.5,-453.5,-6160,0.698254364089776,1,0,6160,0,0
1571,globalPerMotor,3,opening,-128,17,6147.6,0.2,1,-453.5,-453.5,-453.5,-6601.1,0.748254364089776,1,0,6601.1,0,0
1572,globalPerMotor,3,opening,-128,18,6588.7,0.2,1,-442.5,-442.5,-442.5,-7031.2,0.797007481296758,1,0,7031.2,0,0
1573,globalPerMotor,3,opening,-128,19,7029.8,0.2,1,-373.666666666667,-373.666666666667,-373.666666666667,-7403.46666666667,0.839205017758634,1,0,7403.46666666667,0,0
1574,globalPerMotor,3,opening,-128,20,7470.9,0.2,1,-73.5,-73.5,-73.5,-7544.4,0.855180231240082,1,0,7544.4,0,0
1575,globalPerMotor,3,opening,-128,21,7912,0.2,1,-73.5,-73.5,-73.5,-7985.5,0.905180231240082,1,0,7985.5,0,0
1597,globalPerMotor,3,opening,-160,1,-910,0.2,1,-910,-910,-910,0,0,1,0,-0,1,1
1598,globalPerMotor,3,opening,-160,2,-468.9,0.2,1,-468.9,-468.9,-468.9,0,0,1,0,-0,1,1
1599,globalPerMotor,3,opening,-160,3,-27.8,0.2,1,-461,-461,-461,-433.2,0.0491045114486511,1,0,433.2,0,0
1600,globalPerMotor,3,opening,-160,4,413.3,0.2,1,-461,-461,-461,-874.3,0.0991045114486511,1,0,874.3,0,0
1601,globalPerMotor,3,opening,-160,5,854.4,0.2,1,-461,-461,-461,-1315.4,0.149104511448651,1,0,1315.4,0,0
1602,globalPerMotor,3,opening,-160,6,1295.5,0.2,1,-461,-461,-461,-1756.5,0.199104511448651,1,0,1756.5,0,0
1603,globalPerMotor,3,opening,-160,7,1736.6,0.2,1,-461,-461,-461,-2197.6,0.249104511448651,1,0,2197.6,0,0
1604,globalPerMotor,3,opening,-160,8,2177.7,0.2,1,-461,-461,-461,-2638.7,0.299104511448651,1,0,2638.7,0,0
1605,globalPerMotor,3,opening,-160,9,2618.8,0.2,1,-461,-461,-461,-3079.8,0.349104511448651,1,0,3079.8,0,0
1606,globalPerMotor,3,opening,-160,10,3059.9,0.2,1,-461,-461,-461,-3520.9,0.399104511448651,1,0,3520.9,0,0
1607,globalPerMotor,3,opening,-160,11,3501,0.2,1,-461,-461,-461,-3962,0.449104511448651,1,0,3962,0,0
1608,globalPerMotor,3,opening,-160,12,3942.1,0.2,1,-461,-461,-461,-4403.1,0.499104511448651,1,0,4403.1,0,0
1609,globalPerMotor,3,opening,-160,13,4383.2,0.2,1,-461,-461,-461,-4844.2,0.549104511448651,1,0,4844.2,0,0
1610,globalPerMotor,3,opening,-160,14,4824.3,0.2,1,-461,-461,-461,-5285.3,0.599104511448651,1,0,5285.3,0,0
1611,globalPerMotor,3,opening,-160,15,5265.4,0.2,1,-461,-461,-461,-5726.4,0.649104511448651,1,0,5726.4,0,0
1612,globalPerMotor,3,opening,-160,16,5706.5,0.2,1,-461,-461,-461,-6167.5,0.699104511448651,1,0,6167.5,0,0
1613,globalPerMotor,3,opening,-160,17,6147.6,0.2,1,-461,-461,-461,-6608.6,0.749104511448651,1,0,6608.6,0,0
1614,globalPerMotor,3,opening,-160,18,6588.7,0.2,1,-461,-461,-461,-7049.7,0.799104511448651,1,0,7049.7,0,0
1615,globalPerMotor,3,opening,-160,19,7029.8,0.2,1,-461,-461,-461,-7490.8,0.849104511448651,1,0,7490.8,0,0
1616,globalPerMotor,3,opening,-160,20,7470.9,0.2,1,-461,-461,-461,-7931.9,0.899104511448651,1,0,7931.9,0,0
1617,globalPerMotor,3,opening,-160,21,7912,0.2,1,-453.2,-453.2,-453.2,-8365.2,0.948220358195421,1,0,8365.2,0,0
1639,globalPerMotor,3,opening,-192,1,-910,0.2,1,-910,-910,-910,0,0,1,0,-0,1,1
1640,globalPerMotor,3,opening,-192,2,-468.9,0.2,1,-468.9,-468.9,-468.9,0,0,1,0,-0,1,1
1641,globalPerMotor,3,opening,-192,3,-27.8,0.2,1,-442.25,-442.25,-442.25,-414.45,0.0469791430514623,1,0,414.45,0,0
1642,globalPerMotor,3,opening,-192,4,413.3,0.2,1,-442.25,-442.25,-442.25,-855.55,0.0969791430514623,1,0,855.55,0,0
1643,globalPerMotor,3,opening,-192,5,854.4,0.2,1,-442.25,-442.25,-442.25,-1296.65,0.146979143051462,1,0,1296.65,0,0
1644,globalPerMotor,3,opening,-192,6,1295.5,0.2,1,-442.25,-442.25,-442.25,-1737.75,0.196979143051462,1,0,1737.75,0,0
1645,globalPerMotor,3,opening,-192,7,1736.6,0.2,1,-442.25,-442.25,-442.25,-2178.85,0.246979143051462,1,0,2178.85,0,0
1646,globalPerMotor,3,opening,-192,8,2177.7,0.2,1,-442.25,-442.25,-442.25,-2619.95,0.296979143051462,1,0,2619.95,0,0
1647,globalPerMotor,3,opening,-192,9,2618.8,0.2,1,-442.25,-442.25,-442.25,-3061.05,0.346979143051462,1,0,3061.05,0,0
1648,globalPerMotor,3,opening,-192,10,3059.9,0.2,1,-442.25,-442.25,-442.25,-3502.15,0.396979143051462,1,0,3502.15,0,0
1649,globalPerMotor,3,opening,-192,11,3501,0.2,1,-442.25,-442.25,-442.25,-3943.25,0.446979143051462,1,0,3943.25,0,0
1650,globalPerMotor,3,opening,-192,12,3942.1,0.2,1,-442.25,-442.25,-442.25,-4384.35,0.496979143051462,1,0,4384.35,0,0
1651,globalPerMotor,3,opening,-192,13,4383.2,0.2,1,-442.25,-442.25,-442.25,-4825.45,0.546979143051462,1,0,4825.45,0,0
1652,globalPerMotor,3,opening,-192,14,4824.3,0.2,1,-442.25,-442.25,-442.25,-5266.55,0.596979143051462,1,0,5266.55,0,0
1653,globalPerMotor,3,opening,-192,15,5265.4,0.2,1,-442.25,-442.25,-442.25,-5707.65,0.646979143051462,1,0,5707.65,0,0
1654,globalPerMotor,3,opening,-192,16,5706.5,0.2,1,-442.25,-442.25,-442.25,-6148.75,0.696979143051462,1,0,6148.75,0,0
1655,globalPerMotor,3,opening,-192,17,6147.6,0.2,1,-442.25,-442.25,-442.25,-6589.85,0.746979143051462,1,0,6589.85,0,0
1656,globalPerMotor,3,opening,-192,18,6588.7,0.2,1,-442.25,-442.25,-442.25,-7030.95,0.796979143051462,1,0,7030.95,0,0
1657,globalPerMotor,3,opening,-192,19,7029.8,0.2,1,-442.25,-442.25,-442.25,-7472.05,0.846979143051462,1,0,7472.05,0,0
1658,globalPerMotor,3,opening,-192,20,7470.9,0.2,1,-442.25,-442.25,-442.25,-7913.15,0.896979143051462,1,0,7913.15,0,0
1659,globalPerMotor,3,opening,-192,21,7912,0.2,1,-442.25,-442.25,-442.25,-8354.25,0.946979143051462,1,0,8354.25,0,0
1681,globalPerMotor,3,opening,-224,1,-910,0.2,1,-910,-910,-910,0,0,1,0,-0,1,1
1682,globalPerMotor,3,opening,-224,2,-468.9,0.2,1,-558.166666666667,-558.166666666667,-558.166666666667,-89.2666666666667,0.010118642786972,1,0,89.2666666666667,0,0
1683,globalPerMotor,3,opening,-224,3,-27.8,0.2,1,-558.166666666667,-558.166666666667,-558.166666666667,-530.366666666667,0.060118642786972,1,0,530.366666666667,0,0
1684,globalPerMotor,3,opening,-224,4,413.3,0.2,1,-558.166666666667,-558.166666666667,-558.166666666667,-971.466666666667,0.110118642786972,1,0,971.466666666667,0,0
1685,globalPerMotor,3,opening,-224,5,854.4,0.2,1,-558.166666666667,-558.166666666667,-558.166666666667,-1412.56666666667,0.160118642786972,1,0,1412.56666666667,0,0
1686,globalPerMotor,3,opening,-224,6,1295.5,0.2,1,-558.166666666667,-558.166666666667,-558.166666666667,-1853.66666666667,0.210118642786972,1,0,1853.66666666667,0,0
1687,globalPerMotor,3,opening,-224,7,1736.6,0.2,1,-558.166666666667,-558.166666666667,-558.166666666667,-2294.76666666667,0.260118642786972,1,0,2294.76666666667,0,0
1688,globalPerMotor,3,opening,-224,8,2177.7,0.2,1,-558.166666666667,-558.166666666667,-558.166666666667,-2735.86666666667,0.310118642786972,1,0,2735.86666666667,0,0
1689,globalPerMotor,3,opening,-224,9,2618.8,0.2,1,-558.166666666667,-558.166666666667,-558.166666666667,-3176.96666666667,0.360118642786972,1,0,3176.96666666667,0,0
1690,globalPerMotor,3,opening,-224,10,3059.9,0.2,1,-558.166666666667,-558.166666666667,-558.166666666667,-3618.06666666667,0.410118642786972,1,0,3618.06666666667,0,0
1691,globalPerMotor,3,opening,-224,11,3501,0.2,1,-558.166666666667,-558.166666666667,-558.166666666667,-4059.16666666667,0.460118642786972,1,0,4059.16666666667,0,0
1692,globalPerMotor,3,opening,-224,12,3942.1,0.2,1,-558.166666666667,-558.166666666667,-558.166666666667,-4500.26666666667,0.510118642786972,1,0,4500.26666666667,0,0
1693,globalPerMotor,3,opening,-224,13,4383.2,0.2,1,-558.166666666667,-558.166666666667,-558.166666666667,-4941.36666666667,0.560118642786972,1,0,4941.36666666667,0,0
1694,globalPerMotor,3,opening,-224,14,4824.3,0.2,1,-558.166666666667,-558.166666666667,-558.166666666667,-5382.46666666667,0.610118642786972,1,0,5382.46666666667,0,0
1695,globalPerMotor,3,opening,-224,15,5265.4,0.2,1,-558.166666666667,-558.166666666667,-558.166666666667,-5823.56666666667,0.660118642786972,1,0,5823.56666666667,0,0
1696,globalPerMotor,3,opening,-224,16,5706.5,0.2,1,-558.166666666667,-558.166666666667,-558.166666666667,-6264.66666666667,0.710118642786972,1,0,6264.66666666667,0,0
1697,globalPerMotor,3,opening,-224,17,6147.6,0.2,1,-558.166666666667,-558.166666666667,-558.166666666667,-6705.76666666667,0.760118642786972,1,0,6705.76666666667,0,0
1698,globalPerMotor,3,opening,-224,18,6588.7,0.2,1,-558.166666666667,-558.166666666667,-558.166666666667,-7146.86666666667,0.810118642786972,1,0,7146.86666666667,0,0
1699,globalPerMotor,3,opening,-224,19,7029.8,0.2,1,-558.166666666667,-558.166666666667,-558.166666666667,-7587.96666666667,0.860118642786972,1,0,7587.96666666667,0,0
1700,globalPerMotor,3,opening,-224,20,7470.9,0.2,1,-558.166666666667,-558.166666666667,-558.166666666667,-8029.06666666667,0.910118642786972,1,0,8029.06666666667,0,0
1701,globalPerMotor,3,opening,-224,21,7912,0.2,1,-558.166666666667,-558.166666666667,-558.166666666667,-8470.16666666667,0.960118642786972,1,0,8470.16666666667,0,0
1723,globalPerMotor,3,opening,-255,1,-910,0.2,1,-910,-910,-910,0,0,1,0,-0,1,1
1724,globalPerMotor,3,opening,-255,2,-468.9,0.2,1,-681.333333333333,-681.333333333333,-681.333333333333,-212.433333333333,0.0240799516360614,1,0,212.433333333333,0,0
1725,globalPerMotor,3,opening,-255,3,-27.8,0.2,1,-681.333333333333,-681.333333333333,-681.333333333333,-653.533333333333,0.0740799516360614,1,0,653.533333333333,0,0
1726,globalPerMotor,3,opening,-255,4,413.3,0.2,1,-681.333333333333,-681.333333333333,-681.333333333333,-1094.63333333333,0.124079951636061,1,0,1094.63333333333,0,0
1727,globalPerMotor,3,opening,-255,5,854.4,0.2,1,-681.333333333333,-681.333333333333,-681.333333333333,-1535.73333333333,0.174079951636061,1,0,1535.73333333333,0,0
1728,globalPerMotor,3,opening,-255,6,1295.5,0.2,1,-681.333333333333,-681.333333333333,-681.333333333333,-1976.83333333333,0.224079951636061,1,0,1976.83333333333,0,0
1729,globalPerMotor,3,opening,-255,7,1736.6,0.2,1,-681.333333333333,-681.333333333333,-681.333333333333,-2417.93333333333,0.274079951636061,1,0,2417.93333333333,0,0
1730,globalPerMotor,3,opening,-255,8,2177.7,0.2,1,-681.333333333333,-681.333333333333,-681.333333333333,-2859.03333333333,0.324079951636061,1,0,2859.03333333333,0,0
1731,globalPerMotor,3,opening,-255,9,2618.8,0.2,1,-681.333333333333,-681.333333333333,-681.333333333333,-3300.13333333333,0.374079951636061,1,0,3300.13333333333,0,0
1732,globalPerMotor,3,opening,-255,10,3059.9,0.2,1,-681.333333333333,-681.333333333333,-681.333333333333,-3741.23333333333,0.424079951636061,1,0,3741.23333333333,0,0
1733,globalPerMotor,3,opening,-255,11,3501,0.2,1,-681.333333333333,-681.333333333333,-681.333333333333,-4182.33333333333,0.474079951636061,1,0,4182.33333333333,0,0
1734,globalPerMotor,3,opening,-255,12,3942.1,0.2,1,-681.333333333333,-681.333333333333,-681.333333333333,-4623.43333333333,0.524079951636061,1,0,4623.43333333333,0,0
1735,globalPerMotor,3,opening,-255,13,4383.2,0.2,1,-681.333333333333,-681.333333333333,-681.333333333333,-5064.53333333333,0.574079951636061,1,0,5064.53333333333,0,0
1736,globalPerMotor,3,opening,-255,14,4824.3,0.2,1,-681.333333333333,-681.333333333333,-681.333333333333,-5505.63333333333,0.624079951636061,1,0,5505.63333333333,0,0
1737,globalPerMotor,3,opening,-255,15,5265.4,0.2,1,-681.333333333333,-681.333333333333,-681.333333333333,-5946.73333333333,0.674079951636061,1,0,5946.73333333333,0,0
1738,globalPerMotor,3,opening,-255,16,5706.5,0.2,1,-681.333333333333,-681.333333333333,-681.333333333333,-6387.83333333333,0.724079951636061,1,0,6387.83333333333,0,0
1739,globalPerMotor,3,opening,-255,17,6147.6,0.2,1,-681.333333333333,-681.333333333333,-681.333333333333,-6828.93333333333,0.774079951636061,1,0,6828.93333333333,0,0
1740,globalPerMotor,3,opening,-255,18,6588.7,0.2,1,-681.333333333333,-681.333333333333,-681.333333333333,-7270.03333333333,0.824079951636061,1,0,7270.03333333333,0,0
1741,globalPerMotor,3,opening,-255,19,7029.8,0.2,1,-681.333333333333,-681.333333333333,-681.333333333333,-7711.13333333333,0.874079951636061,1,0,7711.13333333333,0,0
1742,globalPerMotor,3,opening,-255,20,7470.9,0.2,1,-681.333333333333,-681.333333333333,-681.333333333333,-8152.23333333333,0.924079951636061,1,0,8152.23333333333,0,0
1743,globalPerMotor,3,opening,-255,21,7912,0.2,1,-681.333333333333,-681.333333333333,-681.333333333333,-8593.33333333333,0.974079951636061,1,0,8593.33333333333,0,0
1765,globalPerMotor,4,closing,64,1,-671,0.2,1,3117.33333333333,3117.33333333333,3117.33333333333,3788.33333333333,0.52813792462475,1,0,3788.33333333333,0,0
1766,globalPerMotor,4,closing,64,2,-312.35,0.2,1,3117.33333333333,3117.33333333333,3117.33333333333,3429.68333333333,0.47813792462475,1,0,3429.68333333333,0,0
1767,globalPerMotor,4,closing,64,3,46.3,0.2,1,3173.33333333333,3173.33333333333,3173.33333333333,3127.03333333333,0.435944978855895,1,0,3127.03333333333,0,0
1768,globalPerMotor,4,closing,64,4,404.95,0.2,1,3462.66666666667,3462.66666666667,3462.66666666667,3057.71666666667,0.426281425716808,1,0,3057.71666666667,0,0
1769,globalPerMotor,4,closing,64,5,763.6,0.2,1,3649,3649,3649,2885.4,0.402258469259724,1,0,2885.4,0,0
1770,globalPerMotor,4,closing,64,6,1122.25,0.2,1,3802.66666666667,3802.66666666667,3802.66666666667,2680.41666666667,0.373681397834472,1,0,2680.41666666667,0,0
1771,globalPerMotor,4,closing,64,7,1480.9,0.2,1,3930,3930,3930,2449.1,0.341433152098146,1,0,2449.1,0,0
1772,globalPerMotor,4,closing,64,8,1839.55,0.2,1,4051,4051,4051,2211.45,0.308301965704726,1,0,2211.45,0,0
1773,globalPerMotor,4,closing,64,9,2198.2,0.2,1,4162.33333333333,4162.33333333333,4162.33333333333,1964.13333333333,0.273823133045216,1,0,1964.13333333333,0,0
1774,globalPerMotor,4,closing,64,10,2556.85,0.2,1,4346,4346,4346,1789.15,0.249428412100934,1,0,1789.15,0,0
1775,globalPerMotor,4,closing,64,11,2915.5,0.2,1,4581,4581,4581,1665.5,0.232190157535201,1,0,1665.5,0,0
1776,globalPerMotor,4,closing,64,12,3274.15,0.2,1,4822,4822,4822,1547.85,0.215788373065663,1,0,1547.85,0,0
1777,globalPerMotor,4,closing,64,13,3632.8,0.2,1,5051.33333333333,5051.33333333333,5051.33333333333,1418.53333333333,0.197760118964636,1,0,1418.53333333333,0,0
1778,globalPerMotor,4,closing,64,14,3991.45,0.2,1,5259.66666666667,5259.66666666667,5259.66666666667,1268.21666666667,0.17680421952693,1,0,1268.21666666667,0,0
1779,globalPerMotor,4,closing,64,15,4350.1,0.2,1,5587.66666666667,5587.66666666667,5587.66666666667,1237.56666666667,0.172531251452205,1,0,1237.56666666667,0,0
1780,globalPerMotor,4,closing,64,16,4708.75,0.2,1,5712.66666666667,5712.66666666667,5712.66666666667,1003.91666666667,0.139957711789581,1,0,1003.91666666667,0,0
1781,globalPerMotor,4,closing,64,17,5067.4,0.2,1,5723,5723,5723,655.6,0.0913982991774711,1,0,655.6,0,0
1782,globalPerMotor,4,closing,64,18,5426.05,0.2,1,5723,5723,5723,296.95,0.041398299177471,1,0,296.95,0,0
1783,globalPerMotor,4,closing,64,19,5784.7,0.2,1,6024.33333333333,6024.33333333333,6024.33333333333,239.633333333333,0.0334076862307728,1,0,239.633333333333,0,0
1784,globalPerMotor,4,closing,64,20,6143.35,0.2,1,6143.35,6143.35,6143.35,0,0,1,0,0,1,1
1785,globalPerMotor,4,closing,64,21,6502,0.2,1,6502,6502,6502,0,0,1,0,0,1,1
1807,globalPerMotor,4,closing,96,1,-671,0.2,1,4761.5,4761.5,4761.5,5432.5,0.757353966262373,1,0,5432.5,0,0
1808,globalPerMotor,4,closing,96,2,-312.35,0.2,1,4761.5,4761.5,4761.5,5073.85,0.707353966262373,1,0,5073.85,0,0
1809,globalPerMotor,4,closing,96,3,46.3,0.2,1,4930.75,4930.75,4930.75,4884.45,0.68094939355918,1,0,4884.45,0,0
1810,globalPerMotor,4,closing,96,4,404.95,0.2,1,5259.5,5259.5,5259.5,4854.55,0.67678098424648,1,0,4854.55,0,0
1811,globalPerMotor,4,closing,96,5,763.6,0.2,1,5511.75,5511.75,5511.75,4748.15,0.661947581207305,1,0,4748.15,0,0
1812,globalPerMotor,4,closing,96,6,1122.25,0.2,1,5738,5738,5738,4615.75,0.643489474417956,1,0,4615.75,0,0
1813,globalPerMotor,4,closing,96,7,1480.9,0.2,1,5893.75,5893.75,5893.75,4412.85,0.615202843998327,1,0,4412.85,0,0
1814,globalPerMotor,4,closing,96,8,1839.55,0.2,1,6043.5,6043.5,6043.5,4203.95,0.586079743482504,1,0,4203.95,0,0
1815,globalPerMotor,4,closing,96,9,2198.2,0.2,1,6049.75,6049.75,6049.75,3851.55,0.536951066499373,1,0,3851.55,0,0
1816,globalPerMotor,4,closing,96,10,2556.85,0.2,1,6049.75,6049.75,6049.75,3492.9,0.486951066499373,1,0,3492.9,0,0
1817,globalPerMotor,4,closing,96,11,2915.5,0.2,1,6049.75,6049.75,6049.75,3134.25,0.436951066499373,1,0,3134.25,0,0
1818,globalPerMotor,4,closing,96,12,3274.15,0.2,1,6049.75,6049.75,6049.75,2775.6,0.386951066499373,1,0,2775.6,0,0
1819,globalPerMotor,4,closing,96,13,3632.8,0.2,1,6049.75,6049.75,6049.75,2416.95,0.336951066499373,1,0,2416.95,0,0
1820,globalPerMotor,4,closing,96,14,3991.45,0.2,1,6049.75,6049.75,6049.75,2058.3,0.286951066499373,1,0,2058.3,0,0
1821,globalPerMotor,4,closing,96,15,4350.1,0.2,1,6049.75,6049.75,6049.75,1699.65,0.236951066499373,1,0,1699.65,0,0
1822,globalPerMotor,4,closing,96,16,4708.75,0.2,1,6049.75,6049.75,6049.75,1341,0.186951066499373,1,0,1341,0,0
1823,globalPerMotor,4,closing,96,17,5067.4,0.2,1,6049.75,6049.75,6049.75,982.35,0.136951066499373,1,0,982.35,0,0
1824,globalPerMotor,4,closing,96,18,5426.05,0.2,1,6049.75,6049.75,6049.75,623.7,0.0869510664993726,1,0,623.7,0,0
1825,globalPerMotor,4,closing,96,19,5784.7,0.2,1,6049.75,6049.75,6049.75,265.05,0.0369510664993727,1,0,265.05,0,0
1826,globalPerMotor,4,closing,96,20,6143.35,0.2,1,6143.35,6143.35,6143.35,0,0,1,0,0,1,1
1827,globalPerMotor,4,closing,96,21,6502,0.2,1,6502,6502,6502,0,0,1,0,0,1,1
1849,globalPerMotor,4,closing,128,1,-671,0.2,1,6146.33333333333,6146.33333333333,6146.33333333333,6817.33333333333,0.950415911520052,1,0,6817.33333333333,0,0
1850,globalPerMotor,4,closing,128,2,-312.35,0.2,1,6146.33333333333,6146.33333333333,6146.33333333333,6458.68333333333,0.900415911520052,1,0,6458.68333333333,0,0
1851,globalPerMotor,4,closing,128,3,46.3,0.2,1,6146.33333333333,6146.33333333333,6146.33333333333,6100.03333333333,0.850415911520052,1,0,6100.03333333333,0,0
1852,globalPerMotor,4,closing,128,4,404.95,0.2,1,6146.33333333333,6146.33333333333,6146.33333333333,5741.38333333333,0.800415911520052,1,0,5741.38333333333,0,0
1853,globalPerMotor,4,closing,128,5,763.6,0.2,1,6146.33333333333,6146.33333333333,6146.33333333333,5382.73333333333,0.750415911520052,1,0,5382.73333333333,0,0
1854,globalPerMotor,4,closing,128,6,1122.25,0.2,1,6146.33333333333,6146.33333333333,6146.33333333333,5024.08333333333,0.700415911520052,1,0,5024.08333333333,0,0
1855,globalPerMotor,4,closing,128,7,1480.9,0.2,1,6146.33333333333,6146.33333333333,6146.33333333333,4665.43333333333,0.650415911520052,1,0,4665.43333333333,0,0
1856,globalPerMotor,4,closing,128,8,1839.55,0.2,1,6146.33333333333,6146.33333333333,6146.33333333333,4306.78333333333,0.600415911520052,1,0,4306.78333333333,0,0
1857,globalPerMotor,4,closing,128,9,2198.2,0.2,1,6146.33333333333,6146.33333333333,6146.33333333333,3948.13333333333,0.550415911520052,1,0,3948.13333333333,0,0
1858,globalPerMotor,4,closing,128,10,2556.85,0.2,1,6146.33333333333,6146.33333333333,6146.33333333333,3589.48333333333,0.500415911520052,1,0,3589.48333333333,0,0
1859,globalPerMotor,4,closing,128,11,2915.5,0.2,1,6146.33333333333,6146.33333333333,6146.33333333333,3230.83333333333,0.450415911520052,1,0,3230.83333333333,0,0
1860,globalPerMotor,4,closing,128,12,3274.15,0.2,1,6146.33333333333,6146.33333333333,6146.33333333333,2872.18333333333,0.400415911520052,1,0,2872.18333333333,0,0
1861,globalPerMotor,4,closing,128,13,3632.8,0.2,1,6146.33333333333,6146.33333333333,6146.33333333333,2513.53333333333,0.350415911520052,1,0,2513.53333333333,0,0
1862,globalPerMotor,4,closing,128,14,3991.45,0.2,1,6146.33333333333,6146.33333333333,6146.33333333333,2154.88333333333,0.300415911520052,1,0,2154.88333333333,0,0
1863,globalPerMotor,4,closing,128,15,4350.1,0.2,1,6146.33333333333,6146.33333333333,6146.33333333333,1796.23333333333,0.250415911520052,1,0,1796.23333333333,0,0
1864,globalPerMotor,4,closing,128,16,4708.75,0.2,1,6146.33333333333,6146.33333333333,6146.33333333333,1437.58333333333,0.200415911520052,1,0,1437.58333333333,0,0
1865,globalPerMotor,4,closing,128,17,5067.4,0.2,1,6146.33333333333,6146.33333333333,6146.33333333333,1078.93333333333,0.150415911520052,1,0,1078.93333333333,0,0
1866,globalPerMotor,4,closing,128,18,5426.05,0.2,1,6146.33333333333,6146.33333333333,6146.33333333333,720.283333333333,0.100415911520052,1,0,720.283333333333,0,0
1867,globalPerMotor,4,closing,128,19,5784.7,0.2,1,6146.33333333333,6146.33333333333,6146.33333333333,361.633333333333,0.050415911520052,1,0,361.633333333333,0,0
1868,globalPerMotor,4,closing,128,20,6143.35,0.2,1,6146.33333333333,6146.33333333333,6146.33333333333,2.98333333333267,0.000415911520051954,1,0,2.98333333333267,0,0
1869,globalPerMotor,4,closing,128,21,6502,0.2,1,6502,6502,6502,0,0,1,0,0,1,1
1891,globalPerMotor,4,closing,160,1,-671,0.2,1,6186.2,6186.2,6186.2,6857.2,0.955973790603653,1,0,6857.2,0,0
1892,globalPerMotor,4,closing,160,2,-312.35,0.2,1,6186.2,6186.2,6186.2,6498.55,0.905973790603653,1,0,6498.55,0,0
1893,globalPerMotor,4,closing,160,3,46.3,0.2,1,6186.2,6186.2,6186.2,6139.9,0.855973790603653,1,0,6139.9,0,0
1894,globalPerMotor,4,closing,160,4,404.95,0.2,1,6186.2,6186.2,6186.2,5781.25,0.805973790603653,1,0,5781.25,0,0
1895,globalPerMotor,4,closing,160,5,763.6,0.2,1,6186.2,6186.2,6186.2,5422.6,0.755973790603653,1,0,5422.6,0,0
1896,globalPerMotor,4,closing,160,6,1122.25,0.2,1,6186.2,6186.2,6186.2,5063.95,0.705973790603653,1,0,5063.95,0,0
1897,globalPerMotor,4,closing,160,7,1480.9,0.2,1,6186.2,6186.2,6186.2,4705.3,0.655973790603652,1,0,4705.3,0,0
1898,globalPerMotor,4,closing,160,8,1839.55,0.2,1,6186.2,6186.2,6186.2,4346.65,0.605973790603653,1,0,4346.65,0,0
1899,globalPerMotor,4,closing,160,9,2198.2,0.2,1,6186.2,6186.2,6186.2,3988,0.555973790603653,1,0,3988,0,0
1900,globalPerMotor,4,closing,160,10,2556.85,0.2,1,6186.2,6186.2,6186.2,3629.35,0.505973790603653,1,0,3629.35,0,0
1901,globalPerMotor,4,closing,160,11,2915.5,0.2,1,6186.2,6186.2,6186.2,3270.7,0.455973790603653,1,0,3270.7,0,0
1902,globalPerMotor,4,closing,160,12,3274.15,0.2,1,6186.2,6186.2,6186.2,2912.05,0.405973790603653,1,0,2912.05,0,0
1903,globalPerMotor,4,closing,160,13,3632.8,0.2,1,6186.2,6186.2,6186.2,2553.4,0.355973790603653,1,0,2553.4,0,0
1904,globalPerMotor,4,closing,160,14,3991.45,0.2,1,6186.2,6186.2,6186.2,2194.75,0.305973790603653,1,0,2194.75,0,0
1905,globalPerMotor,4,closing,160,15,4350.1,0.2,1,6186.2,6186.2,6186.2,1836.1,0.255973790603652,1,0,1836.1,0,0
1906,globalPerMotor,4,closing,160,16,4708.75,0.2,1,6186.2,6186.2,6186.2,1477.45,0.205973790603653,1,0,1477.45,0,0
1907,globalPerMotor,4,closing,160,17,5067.4,0.2,1,6186.2,6186.2,6186.2,1118.8,0.155973790603653,1,0,1118.8,0,0
1908,globalPerMotor,4,closing,160,18,5426.05,0.2,1,6186.2,6186.2,6186.2,760.15,0.105973790603653,1,0,760.15,0,0
1909,globalPerMotor,4,closing,160,19,5784.7,0.2,1,6186.2,6186.2,6186.2,401.5,0.0559737906036526,1,0,401.5,0,0
1910,globalPerMotor,4,closing,160,20,6143.35,0.2,1,6186.2,6186.2,6186.2,42.8499999999995,0.00597379060365251,1,0,42.8499999999995,0,0
1911,globalPerMotor,4,closing,160,21,6502,0.2,1,6502,6502,6502,0,0,1,0,0,1,1
1933,globalPerMotor,4,closing,192,1,-671,0.2,1,6217.33333333333,6217.33333333333,6217.33333333333,6888.33333333333,0.960314140991682,1,0,6888.33333333333,0,0
1934,globalPerMotor,4,closing,192,2,-312.35,0.2,1,6217.33333333333,6217.33333333333,6217.33333333333,6529.68333333333,0.910314140991682,1,0,6529.68333333333,0,0
1935,globalPerMotor,4,closing,192,3,46.3,0.2,1,6217.33333333333,6217.33333333333,6217.33333333333,6171.03333333333,0.860314140991682,1,0,6171.03333333333,0,0
1936,globalPerMotor,4,closing,192,4,404.95,0.2,1,6217.33333333333,6217.33333333333,6217.33333333333,5812.38333333333,0.810314140991682,1,0,5812.38333333333,0,0
1937,globalPerMotor,4,closing,192,5,763.6,0.2,1,6217.33333333333,6217.33333333333,6217.33333333333,5453.73333333333,0.760314140991682,1,0,5453.73333333333,0,0
1938,globalPerMotor,4,closing,192,6,1122.25,0.2,1,6217.33333333333,6217.33333333333,6217.33333333333,5095.08333333333,0.710314140991682,1,0,5095.08333333333,0,0
1939,globalPerMotor,4,closing,192,7,1480.9,0.2,1,6217.33333333333,6217.33333333333,6217.33333333333,4736.43333333333,0.660314140991682,1,0,4736.43333333333,0,0
1940,globalPerMotor,4,closing,192,8,1839.55,0.2,1,6217.33333333333,6217.33333333333,6217.33333333333,4377.78333333333,0.610314140991682,1,0,4377.78333333333,0,0
1941,globalPerMotor,4,closing,192,9,2198.2,0.2,1,6217.33333333333,6217.33333333333,6217.33333333333,4019.13333333333,0.560314140991682,1,0,4019.13333333333,0,0
1942,globalPerMotor,4,closing,192,10,2556.85,0.2,1,6217.33333333333,6217.33333333333,6217.33333333333,3660.48333333333,0.510314140991682,1,0,3660.48333333333,0,0
1943,globalPerMotor,4,closing,192,11,2915.5,0.2,1,6217.33333333333,6217.33333333333,6217.33333333333,3301.83333333333,0.460314140991682,1,0,3301.83333333333,0,0
1944,globalPerMotor,4,closing,192,12,3274.15,0.2,1,6217.33333333333,6217.33333333333,6217.33333333333,2943.18333333333,0.410314140991682,1,0,2943.18333333333,0,0
1945,globalPerMotor,4,closing,192,13,3632.8,0.2,1,6217.33333333333,6217.33333333333,6217.33333333333,2584.53333333333,0.360314140991682,1,0,2584.53333333333,0,0
1946,globalPerMotor,4,closing,192,14,3991.45,0.2,1,6217.33333333333,6217.33333333333,6217.33333333333,2225.88333333333,0.310314140991682,1,0,2225.88333333333,0,0
1947,globalPerMotor,4,closing,192,15,4350.1,0.2,1,6217.33333333333,6217.33333333333,6217.33333333333,1867.23333333333,0.260314140991682,1,0,1867.23333333333,0,0
1948,globalPerMotor,4,closing,192,16,4708.75,0.2,1,6217.33333333333,6217.33333333333,6217.33333333333,1508.58333333333,0.210314140991682,1,0,1508.58333333333,0,0
1949,globalPerMotor,4,closing,192,17,5067.4,0.2,1,6217.33333333333,6217.33333333333,6217.33333333333,1149.93333333333,0.160314140991682,1,0,1149.93333333333,0,0
1950,globalPerMotor,4,closing,192,18,5426.05,0.2,1,6217.33333333333,6217.33333333333,6217.33333333333,791.283333333333,0.110314140991682,1,0,791.283333333333,0,0
1951,globalPerMotor,4,closing,192,19,5784.7,0.2,1,6217.33333333333,6217.33333333333,6217.33333333333,432.633333333333,0.0603141409916818,1,0,432.633333333333,0,0
1952,globalPerMotor,4,closing,192,20,6143.35,0.2,1,6217.33333333333,6217.33333333333,6217.33333333333,73.9833333333327,0.0103141409916817,1,0,73.9833333333327,0,0
1953,globalPerMotor,4,closing,192,21,6502,0.2,1,6502,6502,6502,0,0,1,0,0,1,1
1975,globalPerMotor,4,closing,224,1,-671,0.2,1,6277.66666666667,6277.66666666667,6277.66666666667,6948.66666666667,0.968725312514522,1,0,6948.66666666667,0,0
1976,globalPerMotor,4,closing,224,2,-312.35,0.2,1,6277.66666666667,6277.66666666667,6277.66666666667,6590.01666666667,0.918725312514522,1,0,6590.01666666667,0,0
1977,globalPerMotor,4,closing,224,3,46.3,0.2,1,6277.66666666667,6277.66666666667,6277.66666666667,6231.36666666667,0.868725312514522,1,0,6231.36666666667,0,0
1978,globalPerMotor,4,closing,224,4,404.95,0.2,1,6277.66666666667,6277.66666666667,6277.66666666667,5872.71666666667,0.818725312514522,1,0,5872.71666666667,0,0
1979,globalPerMotor,4,closing,224,5,763.6,0.2,1,6277.66666666667,6277.66666666667,6277.66666666667,5514.06666666667,0.768725312514522,1,0,5514.06666666667,0,0
1980,globalPerMotor,4,closing,224,6,1122.25,0.2,1,6277.66666666667,6277.66666666667,6277.66666666667,5155.41666666667,0.718725312514522,1,0,5155.41666666667,0,0
1981,globalPerMotor,4,closing,224,7,1480.9,0.2,1,6277.66666666667,6277.66666666667,6277.66666666667,4796.76666666667,0.668725312514522,1,0,4796.76666666667,0,0
1982,globalPerMotor,4,closing,224,8,1839.55,0.2,1,6277.66666666667,6277.66666666667,6277.66666666667,4438.11666666667,0.618725312514522,1,0,4438.11666666667,0,0
1983,globalPerMotor,4,closing,224,9,2198.2,0.2,1,6277.66666666667,6277.66666666667,6277.66666666667,4079.46666666667,0.568725312514522,1,0,4079.46666666667,0,0
1984,globalPerMotor,4,closing,224,10,2556.85,0.2,1,6277.66666666667,6277.66666666667,6277.66666666667,3720.81666666667,0.518725312514522,1,0,3720.81666666667,0,0
1985,globalPerMotor,4,closing,224,11,2915.5,0.2,1,6277.66666666667,6277.66666666667,6277.66666666667,3362.16666666667,0.468725312514522,1,0,3362.16666666667,0,0
1986,globalPerMotor,4,closing,224,12,3274.15,0.2,1,6277.66666666667,6277.66666666667,6277.66666666667,3003.51666666667,0.418725312514522,1,0,3003.51666666667,0,0
1987,globalPerMotor,4,closing,224,13,3632.8,0.2,1,6277.66666666667,6277.66666666667,6277.66666666667,2644.86666666667,0.368725312514522,1,0,2644.86666666667,0,0
1988,globalPerMotor,4,closing,224,14,3991.45,0.2,1,6277.66666666667,6277.66666666667,6277.66666666667,2286.21666666667,0.318725312514522,1,0,2286.21666666667,0,0
1989,globalPerMotor,4,closing,224,15,4350.1,0.2,1,6277.66666666667,6277.66666666667,6277.66666666667,1927.56666666667,0.268725312514522,1,0,1927.56666666667,0,0
1990,globalPerMotor,4,closing,224,16,4708.75,0.2,1,6277.66666666667,6277.66666666667,6277.66666666667,1568.91666666667,0.218725312514522,1,0,1568.91666666667,0,0
1991,globalPerMotor,4,closing,224,17,5067.4,0.2,1,6277.66666666667,6277.66666666667,6277.66666666667,1210.26666666667,0.168725312514522,1,0,1210.26666666667,0,0
1992,globalPerMotor,4,closing,224,18,5426.05,0.2,1,6277.66666666667,6277.66666666667,6277.66666666667,851.616666666667,0.118725312514522,1,0,851.616666666667,0,0
1993,globalPerMotor,4,closing,224,19,5784.7,0.2,1,6277.66666666667,6277.66666666667,6277.66666666667,492.966666666667,0.0687253125145221,1,0,492.966666666667,0,0
1994,globalPerMotor,4,closing,224,20,6143.35,0.2,1,6277.66666666667,6277.66666666667,6277.66666666667,134.316666666667,0.018725312514522,1,0,134.316666666667,0,0
1995,globalPerMotor,4,closing,224,21,6502,0.2,1,6502,6502,6502,0,0,1,0,0,1,1
2017,globalPerMotor,4,closing,255,1,-671,0.2,1,6280.83333333333,6280.83333333333,6280.83333333333,6951.83333333333,0.969166782843069,1,0,6951.83333333333,0,0
2018,globalPerMotor,4,closing,255,2,-312.35,0.2,1,6280.83333333333,6280.83333333333,6280.83333333333,6593.18333333333,0.919166782843069,1,0,6593.18333333333,0,0
2019,globalPerMotor,4,closing,255,3,46.3,0.2,1,6280.83333333333,6280.83333333333,6280.83333333333,6234.53333333333,0.869166782843069,1,0,6234.53333333333,0,0
2020,globalPerMotor,4,closing,255,4,404.95,0.2,1,6280.83333333333,6280.83333333333,6280.83333333333,5875.88333333333,0.819166782843069,1,0,5875.88333333333,0,0
2021,globalPerMotor,4,closing,255,5,763.6,0.2,1,6280.83333333333,6280.83333333333,6280.83333333333,5517.23333333333,0.769166782843069,1,0,5517.23333333333,0,0
2022,globalPerMotor,4,closing,255,6,1122.25,0.2,1,6280.83333333333,6280.83333333333,6280.83333333333,5158.58333333333,0.719166782843069,1,0,5158.58333333333,0,0
2023,globalPerMotor,4,closing,255,7,1480.9,0.2,1,6280.83333333333,6280.83333333333,6280.83333333333,4799.93333333333,0.669166782843069,1,0,4799.93333333333,0,0
2024,globalPerMotor,4,closing,255,8,1839.55,0.2,1,6280.83333333333,6280.83333333333,6280.83333333333,4441.28333333333,0.619166782843069,1,0,4441.28333333333,0,0
2025,globalPerMotor,4,closing,255,9,2198.2,0.2,1,6280.83333333333,6280.83333333333,6280.83333333333,4082.63333333333,0.569166782843069,1,0,4082.63333333333,0,0
2026,globalPerMotor,4,closing,255,10,2556.85,0.2,1,6280.83333333333,6280.83333333333,6280.83333333333,3723.98333333333,0.519166782843069,1,0,3723.98333333333,0,0
2027,globalPerMotor,4,closing,255,11,2915.5,0.2,1,6280.83333333333,6280.83333333333,6280.83333333333,3365.33333333333,0.469166782843069,1,0,3365.33333333333,0,0
2028,globalPerMotor,4,closing,255,12,3274.15,0.2,1,6280.83333333333,6280.83333333333,6280.83333333333,3006.68333333333,0.419166782843069,1,0,3006.68333333333,0,0
2029,globalPerMotor,4,closing,255,13,3632.8,0.2,1,6280.83333333333,6280.83333333333,6280.83333333333,2648.03333333333,0.369166782843069,1,0,2648.03333333333,0,0
2030,globalPerMotor,4,closing,255,14,3991.45,0.2,1,6280.83333333333,6280.83333333333,6280.83333333333,2289.38333333333,0.319166782843069,1,0,2289.38333333333,0,0
2031,globalPerMotor,4,closing,255,15,4350.1,0.2,1,6280.83333333333,6280.83333333333,6280.83333333333,1930.73333333333,0.269166782843069,1,0,1930.73333333333,0,0
2032,globalPerMotor,4,closing,255,16,4708.75,0.2,1,6280.83333333333,6280.83333333333,6280.83333333333,1572.08333333333,0.219166782843069,1,0,1572.08333333333,0,0
2033,globalPerMotor,4,closing,255,17,5067.4,0.2,1,6280.83333333333,6280.83333333333,6280.83333333333,1213.43333333333,0.169166782843069,1,0,1213.43333333333,0,0
2034,globalPerMotor,4,closing,255,18,5426.05,0.2,1,6280.83333333333,6280.83333333333,6280.83333333333,854.783333333333,0.119166782843069,1,0,854.783333333333,0,0
2035,globalPerMotor,4,closing,255,19,5784.7,0.2,1,6280.83333333333,6280.83333333333,6280.83333333333,496.133333333333,0.0691667828430689,1,0,496.133333333333,0,0
2036,globalPerMotor,4,closing,255,20,6143.35,0.2,1,6280.83333333333,6280.83333333333,6280.83333333333,137.483333333333,0.0191667828430688,1,0,137.483333333333,0,0
2037,globalPerMotor,4,closing,255,21,6502,0.2,1,6502,6502,6502,0,0,1,0,0,1,1
2059,globalPerMotor,4,opening,-64,1,-671,0.2,1,-671,-671,-671,0,0,1,0,-0,1,1
2060,globalPerMotor,4,opening,-64,2,-312.35,0.2,1,-312.35,-312.35,-312.35,0,0,1,0,-0,1,1
2061,globalPerMotor,4,opening,-64,3,46.3,0.2,1,-65.6666666666667,-65.6666666666667,-65.6666666666667,-111.966666666667,0.0156094614061992,1,0,111.966666666667,0,0
2062,globalPerMotor,4,opening,-64,4,404.95,0.2,1,-65.6666666666667,-65.6666666666667,-65.6666666666667,-470.616666666667,0.0656094614061992,1,0,470.616666666667,0,0
2063,globalPerMotor,4,opening,-64,5,763.6,0.2,1,-65.6666666666667,-65.6666666666667,-65.6666666666667,-829.266666666667,0.115609461406199,1,0,829.266666666667,0,0
2064,globalPerMotor,4,opening,-64,6,1122.25,0.2,1,-65.6666666666667,-65.6666666666667,-65.6666666666667,-1187.91666666667,0.165609461406199,1,0,1187.91666666667,0,0
2065,globalPerMotor,4,opening,-64,7,1480.9,0.2,1,-65.6666666666667,-65.6666666666667,-65.6666666666667,-1546.56666666667,0.215609461406199,1,0,1546.56666666667,0,0
2066,globalPerMotor,4,opening,-64,8,1839.55,0.2,1,-65.6666666666667,-65.6666666666667,-65.6666666666667,-1905.21666666667,0.265609461406199,1,0,1905.21666666667,0,0
2067,globalPerMotor,4,opening,-64,9,2198.2,0.2,1,-59.6666666666667,-59.6666666666667,-59.6666666666667,-2257.86666666667,0.314772991310005,1,0,2257.86666666667,0,0
2068,globalPerMotor,4,opening,-64,10,2556.85,0.2,1,42.6666666666667,42.6666666666667,42.6666666666667,-2514.18333333333,0.350506529113806,1,0,2514.18333333333,0,0
2069,globalPerMotor,4,opening,-64,11,2915.5,0.2,1,155.666666666667,155.666666666667,155.666666666667,-2759.83333333333,0.384753008968818,1,0,2759.83333333333,0,0
2070,globalPerMotor,4,opening,-64,12,3274.15,0.2,1,262,262,262,-3012.15,0.419928900041824,1,0,3012.15,0,0
2071,globalPerMotor,4,opening,-64,13,3632.8,0.2,1,381,381,381,-3251.8,0.453338909800641,1,0,3251.8,0,0
2072,globalPerMotor,4,opening,-64,14,3991.45,0.2,1,602,602,602,-3389.45,0.47252892792416,1,0,3389.45,0,0
2073,globalPerMotor,4,opening,-64,15,4350.1,0.2,1,863.666666666667,863.666666666667,863.666666666667,-3486.43333333333,0.486049537617919,1,0,3486.43333333333,0,0
2074,globalPerMotor,4,opening,-64,16,4708.75,0.2,1,1257.33333333333,1257.33333333333,1257.33333333333,-3451.41666666667,0.481167805195409,1,0,3451.41666666667,0,0
2075,globalPerMotor,4,opening,-64,17,5067.4,0.2,1,1648.33333333333,1648.33333333333,1648.33333333333,-3419.06666666667,0.476657837260096,1,0,3419.06666666667,0,0
2076,globalPerMotor,4,opening,-64,18,5426.05,0.2,1,2038.33333333333,2038.33333333333,2038.33333333333,-3387.71666666667,0.472287281007482,1,0,3387.71666666667,0,0
2077,globalPerMotor,4,opening,-64,19,5784.7,0.2,1,2461.33333333333,2461.33333333333,2461.33333333333,-3323.36666666667,0.4633161392258,1,0,3323.36666666667,0,0
2078,globalPerMotor,4,opening,-64,20,6143.35,0.2,1,2976.33333333333,2976.33333333333,2976.33333333333,-3167.01666666667,0.44151912263581,1,0,3167.01666666667,0,0
2079,globalPerMotor,4,opening,-64,21,6502,0.2,1,2976.33333333333,2976.33333333333,2976.33333333333,-3525.66666666667,0.49151912263581,1,0,3525.66666666667,0,0
2101,globalPerMotor,4,opening,-96,1,-671,0.2,1,-671,-671,-671,0,0,1,0,-0,1,1
2102,globalPerMotor,4,opening,-96,2,-312.35,0.2,1,-312.35,-312.35,-312.35,0,0,1,0,-0,1,1
2103,globalPerMotor,4,opening,-96,3,46.3,0.2,1,-131.5,-131.5,-131.5,-177.8,0.024787397183884,1,0,177.8,0,0
2104,globalPerMotor,4,opening,-96,4,404.95,0.2,1,-131.5,-131.5,-131.5,-536.45,0.074787397183884,1,0,536.45,0,0
2105,globalPerMotor,4,opening,-96,5,763.6,0.2,1,-131.5,-131.5,-131.5,-895.1,0.124787397183884,1,0,895.1,0,0
2106,globalPerMotor,4,opening,-96,6,1122.25,0.2,1,-131.5,-131.5,-131.5,-1253.75,0.174787397183884,1,0,1253.75,0,0
2107,globalPerMotor,4,opening,-96,7,1480.9,0.2,1,-131.5,-131.5,-131.5,-1612.4,0.224787397183884,1,0,1612.4,0,0
2108,globalPerMotor,4,opening,-96,8,1839.55,0.2,1,-131.5,-131.5,-131.5,-1971.05,0.274787397183884,1,0,1971.05,0,0
2109,globalPerMotor,4,opening,-96,9,2198.2,0.2,1,-131.5,-131.5,-131.5,-2329.7,0.324787397183884,1,0,2329.7,0,0
2110,globalPerMotor,4,opening,-96,10,2556.85,0.2,1,-131.5,-131.5,-131.5,-2688.35,0.374787397183884,1,0,2688.35,0,0
2111,globalPerMotor,4,opening,-96,11,2915.5,0.2,1,-131.5,-131.5,-131.5,-3047,0.424787397183884,1,0,3047,0,0
2112,globalPerMotor,4,opening,-96,12,3274.15,0.2,1,-131.5,-131.5,-131.5,-3405.65,0.474787397183884,1,0,3405.65,0,0
2113,globalPerMotor,4,opening,-96,13,3632.8,0.2,1,-131.5,-131.5,-131.5,-3764.3,0.524787397183884,1,0,3764.3,0,0
2114,globalPerMotor,4,opening,-96,14,3991.45,0.2,1,-131.5,-131.5,-131.5,-4122.95,0.574787397183884,1,0,4122.95,0,0
2115,globalPerMotor,4,opening,-96,15,4350.1,0.2,1,-131.5,-131.5,-131.5,-4481.6,0.624787397183884,1,0,4481.6,0,0
2116,globalPerMotor,4,opening,-96,16,4708.75,0.2,1,-131.5,-131.5,-131.5,-4840.25,0.674787397183884,1,0,4840.25,0,0
2117,globalPerMotor,4,opening,-96,17,5067.4,0.2,1,-131.5,-131.5,-131.5,-5198.9,0.724787397183884,1,0,5198.9,0,0
2118,globalPerMotor,4,opening,-96,18,5426.05,0.2,1,-101.25,-101.25,-101.25,-5527.3,0.770570193782239,1,0,5527.3,0,0
2119,globalPerMotor,4,opening,-96,19,5784.7,0.2,1,318,318,318,-5466.7,0.762121845810679,1,0,5466.7,0,0
2120,globalPerMotor,4,opening,-96,20,6143.35,0.2,1,958.5,958.5,958.5,-5184.85,0.722828663041963,1,0,5184.85,0,0
2121,globalPerMotor,4,opening,-96,21,6502,0.2,1,958.5,958.5,958.5,-5543.5,0.772828663041963,1,0,5543.5,0,0
2143,globalPerMotor,4,opening,-128,1,-671,0.2,1,-671,-671,-671,0,0,1,0,-0,1,1
2144,globalPerMotor,4,opening,-128,2,-312.35,0.2,1,-312.35,-312.35,-312.35,0,0,1,0,-0,1,1
2145,globalPerMotor,4,opening,-128,3,46.3,0.2,1,-291,-291,-291,-337.3,0.0470235605743761,1,0,337.3,0,0
2146,globalPerMotor,4,opening,-128,4,404.95,0.2,1,-291,-291,-291,-695.95,0.0970235605743761,1,0,695.95,0,0
2147,globalPerMotor,4,opening,-128,5,763.6,0.2,1,-291,-291,-291,-1054.6,0.147023560574376,1,0,1054.6,0,0
2148,globalPerMotor,4,opening,-128,6,1122.25,0.2,1,-291,-291,-291,-1413.25,0.197023560574376,1,0,1413.25,0,0
2149,globalPerMotor,4,opening,-128,7,1480.9,0.2,1,-291,-291,-291,-1771.9,0.247023560574376,1,0,1771.9,0,0
2150,globalPerMotor,4,opening,-128,8,1839.55,0.2,1,-291,-291,-291,-2130.55,0.297023560574376,1,0,2130.55,0,0
2151,globalPerMotor,4,opening,-128,9,2198.2,0.2,1,-291,-291,-291,-2489.2,0.347023560574376,1,0,2489.2,0,0
2152,globalPerMotor,4,opening,-128,10,2556.85,0.2,1,-291,-291,-291,-2847.85,0.397023560574376,1,0,2847.85,0,0
2153,globalPerMotor,4,opening,-128,11,2915.5,0.2,1,-291,-291,-291,-3206.5,0.447023560574376,1,0,3206.5,0,0
2154,globalPerMotor,4,opening,-128,12,3274.15,0.2,1,-291,-291,-291,-3565.15,0.497023560574376,1,0,3565.15,0,0
2155,globalPerMotor,4,opening,-128,13,3632.8,0.2,1,-291,-291,-291,-3923.8,0.547023560574376,1,0,3923.8,0,0
2156,globalPerMotor,4,opening,-128,14,3991.45,0.2,1,-291,-291,-291,-4282.45,0.597023560574376,1,0,4282.45,0,0
2157,globalPerMotor,4,opening,-128,15,4350.1,0.2,1,-291,-291,-291,-4641.1,0.647023560574376,1,0,4641.1,0,0
2158,globalPerMotor,4,opening,-128,16,4708.75,0.2,1,-291,-291,-291,-4999.75,0.697023560574376,1,0,4999.75,0,0
2159,globalPerMotor,4,opening,-128,17,5067.4,0.2,1,-291,-291,-291,-5358.4,0.747023560574376,1,0,5358.4,0,0
2160,globalPerMotor,4,opening,-128,18,5426.05,0.2,1,-291,-291,-291,-5717.05,0.797023560574376,1,0,5717.05,0,0
2161,globalPerMotor,4,opening,-128,19,5784.7,0.2,1,-291,-291,-291,-6075.7,0.847023560574376,1,0,6075.7,0,0
2162,globalPerMotor,4,opening,-128,20,6143.35,0.2,1,-291,-291,-291,-6434.35,0.897023560574376,1,0,6434.35,0,0
2163,globalPerMotor,4,opening,-128,21,6502,0.2,1,-291,-291,-291,-6793,0.947023560574376,1,0,6793,0,0
2185,globalPerMotor,4,opening,-160,1,-671,0.2,1,-671,-671,-671,0,0,1,0,-0,1,1
2186,globalPerMotor,4,opening,-160,2,-312.35,0.2,1,-409.2,-409.2,-409.2,-96.85,0.0135020214693991,1,0,96.85,0,0
2187,globalPerMotor,4,opening,-160,3,46.3,0.2,1,-409.2,-409.2,-409.2,-455.5,0.0635020214693991,1,0,455.5,0,0
2188,globalPerMotor,4,opening,-160,4,404.95,0.2,1,-409.2,-409.2,-409.2,-814.15,0.113502021469399,1,0,814.15,0,0
2189,globalPerMotor,4,opening,-160,5,763.6,0.2,1,-409.2,-409.2,-409.2,-1172.8,0.163502021469399,1,0,1172.8,0,0
2190,globalPerMotor,4,opening,-160,6,1122.25,0.2,1,-409.2,-409.2,-409.2,-1531.45,0.213502021469399,1,0,1531.45,0,0
2191,globalPerMotor,4,opening,-160,7,1480.9,0.2,1,-409.2,-409.2,-409.2,-1890.1,0.263502021469399,1,0,1890.1,0,0
2192,globalPerMotor,4,opening,-160,8,1839.55,0.2,1,-409.2,-409.2,-409.2,-2248.75,0.313502021469399,1,0,2248.75,0,0
2193,globalPerMotor,4,opening,-160,9,2198.2,0.2,1,-409.2,-409.2,-409.2,-2607.4,0.363502021469399,1,0,2607.4,0,0
2194,globalPerMotor,4,opening,-160,10,2556.85,0.2,1,-409.2,-409.2,-409.2,-2966.05,0.413502021469399,1,0,2966.05,0,0
2195,globalPerMotor,4,opening,-160,11,2915.5,0.2,1,-409.2,-409.2,-409.2,-3324.7,0.463502021469399,1,0,3324.7,0,0
2196,globalPerMotor,4,opening,-160,12,3274.15,0.2,1,-409.2,-409.2,-409.2,-3683.35,0.513502021469399,1,0,3683.35,0,0
2197,globalPerMotor,4,opening,-160,13,3632.8,0.2,1,-409.2,-409.2,-409.2,-4042,0.563502021469399,1,0,4042,0,0
2198,globalPerMotor,4,opening,-160,14,3991.45,0.2,1,-409.2,-409.2,-409.2,-4400.65,0.613502021469399,1,0,4400.65,0,0
2199,globalPerMotor,4,opening,-160,15,4350.1,0.2,1,-409.2,-409.2,-409.2,-4759.3,0.663502021469399,1,0,4759.3,0,0
2200,globalPerMotor,4,opening,-160,16,4708.75,0.2,1,-409.2,-409.2,-409.2,-5117.95,0.713502021469399,1,0,5117.95,0,0
2201,globalPerMotor,4,opening,-160,17,5067.4,0.2,1,-409.2,-409.2,-409.2,-5476.6,0.763502021469399,1,0,5476.6,0,0
2202,globalPerMotor,4,opening,-160,18,5426.05,0.2,1,-409.2,-409.2,-409.2,-5835.25,0.813502021469399,1,0,5835.25,0,0
2203,globalPerMotor,4,opening,-160,19,5784.7,0.2,1,-409.2,-409.2,-409.2,-6193.9,0.863502021469399,1,0,6193.9,0,0
2204,globalPerMotor,4,opening,-160,20,6143.35,0.2,1,-409.2,-409.2,-409.2,-6552.55,0.913502021469399,1,0,6552.55,0,0
2205,globalPerMotor,4,opening,-160,21,6502,0.2,1,-409.2,-409.2,-409.2,-6911.2,0.963502021469399,1,0,6911.2,0,0
2227,globalPerMotor,4,opening,-192,1,-671,0.2,1,-671,-671,-671,0,0,1,0,-0,1,1
2228,globalPerMotor,4,opening,-192,2,-312.35,0.2,1,-468.5,-468.5,-468.5,-156.15,0.0217691342534504,1,0,156.15,0,0
2229,globalPerMotor,4,opening,-192,3,46.3,0.2,1,-468.5,-468.5,-468.5,-514.8,0.0717691342534504,1,0,514.8,0,0
2230,globalPerMotor,4,opening,-192,4,404.95,0.2,1,-468.5,-468.5,-468.5,-873.45,0.12176913425345,1,0,873.45,0,0
2231,globalPerMotor,4,opening,-192,5,763.6,0.2,1,-468.5,-468.5,-468.5,-1232.1,0.17176913425345,1,0,1232.1,0,0
2232,globalPerMotor,4,opening,-192,6,1122.25,0.2,1,-468.5,-468.5,-468.5,-1590.75,0.22176913425345,1,0,1590.75,0,0
2233,globalPerMotor,4,opening,-192,7,1480.9,0.2,1,-468.5,-468.5,-468.5,-1949.4,0.27176913425345,1,0,1949.4,0,0
2234,globalPerMotor,4,opening,-192,8,1839.55,0.2,1,-468.5,-468.5,-468.5,-2308.05,0.32176913425345,1,0,2308.05,0,0
2235,globalPerMotor,4,opening,-192,9,2198.2,0.2,1,-468.5,-468.5,-468.5,-2666.7,0.37176913425345,1,0,2666.7,0,0
2236,globalPerMotor,4,opening,-192,10,2556.85,0.2,1,-468.5,-468.5,-468.5,-3025.35,0.42176913425345,1,0,3025.35,0,0
2237,globalPerMotor,4,opening,-192,11,2915.5,0.2,1,-468.5,-468.5,-468.5,-3384,0.47176913425345,1,0,3384,0,0
2238,globalPerMotor,4,opening,-192,12,3274.15,0.2,1,-468.5,-468.5,-468.5,-3742.65,0.521769134253451,1,0,3742.65,0,0
2239,globalPerMotor,4,opening,-192,13,3632.8,0.2,1,-468.5,-468.5,-468.5,-4101.3,0.57176913425345,1,0,4101.3,0,0
2240,globalPerMotor,4,opening,-192,14,3991.45,0.2,1,-468.5,-468.5,-468.5,-4459.95,0.62176913425345,1,0,4459.95,0,0
2241,globalPerMotor,4,opening,-192,15,4350.1,0.2,1,-468.5,-468.5,-468.5,-4818.6,0.671769134253451,1,0,4818.6,0,0
2242,globalPerMotor,4,opening,-192,16,4708.75,0.2,1,-468.5,-468.5,-468.5,-5177.25,0.72176913425345,1,0,5177.25,0,0
2243,globalPerMotor,4,opening,-192,17,5067.4,0.2,1,-468.5,-468.5,-468.5,-5535.9,0.77176913425345,1,0,5535.9,0,0
2244,globalPerMotor,4,opening,-192,18,5426.05,0.2,1,-468.5,-468.5,-468.5,-5894.55,0.82176913425345,1,0,5894.55,0,0
2245,globalPerMotor,4,opening,-192,19,5784.7,0.2,1,-468.5,-468.5,-468.5,-6253.2,0.87176913425345,1,0,6253.2,0,0
2246,globalPerMotor,4,opening,-192,20,6143.35,0.2,1,-468.5,-468.5,-468.5,-6611.85,0.921769134253451,1,0,6611.85,0,0
2247,globalPerMotor,4,opening,-192,21,6502,0.2,1,-468.5,-468.5,-468.5,-6970.5,0.97176913425345,1,0,6970.5,0,0
2269,globalPerMotor,4,opening,-224,1,-671,0.2,1,-671,-671,-671,0,0,1,0,-0,1,1
2270,globalPerMotor,4,opening,-224,2,-312.35,0.2,1,-490,-490,-490,-177.65,0.0247664854314792,1,0,177.65,0,0
2271,globalPerMotor,4,opening,-224,3,46.3,0.2,1,-490,-490,-490,-536.3,0.0747664854314792,1,0,536.3,0,0
2272,globalPerMotor,4,opening,-224,4,404.95,0.2,1,-490,-490,-490,-894.95,0.124766485431479,1,0,894.95,0,0
2273,globalPerMotor,4,opening,-224,5,763.6,0.2,1,-490,-490,-490,-1253.6,0.174766485431479,1,0,1253.6,0,0
2274,globalPerMotor,4,opening,-224,6,1122.25,0.2,1,-490,-490,-490,-1612.25,0.224766485431479,1,0,1612.25,0,0
2275,globalPerMotor,4,opening,-224,7,1480.9,0.2,1,-490,-490,-490,-1970.9,0.274766485431479,1,0,1970.9,0,0
2276,globalPerMotor,4,opening,-224,8,1839.55,0.2,1,-490,-490,-490,-2329.55,0.324766485431479,1,0,2329.55,0,0
2277,globalPerMotor,4,opening,-224,9,2198.2,0.2,1,-490,-490,-490,-2688.2,0.374766485431479,1,0,2688.2,0,0
2278,globalPerMotor,4,opening,-224,10,2556.85,0.2,1,-490,-490,-490,-3046.85,0.424766485431479,1,0,3046.85,0,0
2279,globalPerMotor,4,opening,-224,11,2915.5,0.2,1,-490,-490,-490,-3405.5,0.474766485431479,1,0,3405.5,0,0
2280,globalPerMotor,4,opening,-224,12,3274.15,0.2,1,-490,-490,-490,-3764.15,0.524766485431479,1,0,3764.15,0,0
2281,globalPerMotor,4,opening,-224,13,3632.8,0.2,1,-490,-490,-490,-4122.8,0.574766485431479,1,0,4122.8,0,0
2282,globalPerMotor,4,opening,-224,14,3991.45,0.2,1,-490,-490,-490,-4481.45,0.624766485431479,1,0,4481.45,0,0
2283,globalPerMotor,4,opening,-224,15,4350.1,0.2,1,-490,-490,-490,-4840.1,0.674766485431479,1,0,4840.1,0,0
2284,globalPerMotor,4,opening,-224,16,4708.75,0.2,1,-490,-490,-490,-5198.75,0.724766485431479,1,0,5198.75,0,0
2285,globalPerMotor,4,opening,-224,17,5067.4,0.2,1,-490,-490,-490,-5557.4,0.774766485431479,1,0,5557.4,0,0
2286,globalPerMotor,4,opening,-224,18,5426.05,0.2,1,-490,-490,-490,-5916.05,0.824766485431479,1,0,5916.05,0,0
2287,globalPerMotor,4,opening,-224,19,5784.7,0.2,1,-490,-490,-490,-6274.7,0.874766485431479,1,0,6274.7,0,0
2288,globalPerMotor,4,opening,-224,20,6143.35,0.2,1,-490,-490,-490,-6633.35,0.924766485431479,1,0,6633.35,0,0
2289,globalPerMotor,4,opening,-224,21,6502,0.2,1,-490,-490,-490,-6992,0.974766485431479,1,0,6992,0,0
2311,globalPerMotor,4,opening,-255,1,-671,0.2,1,-671,-671,-671,0,0,1,0,-0,1,1
2312,globalPerMotor,4,opening,-255,2,-312.35,0.2,1,-562.166666666667,-562.166666666667,-562.166666666667,-249.816666666667,0.0348273618662577,1,0,249.816666666667,0,0
2313,globalPerMotor,4,opening,-255,3,46.3,0.2,1,-562.166666666667,-562.166666666667,-562.166666666667,-608.466666666667,0.0848273618662577,1,0,608.466666666667,0,0
2314,globalPerMotor,4,opening,-255,4,404.95,0.2,1,-562.166666666667,-562.166666666667,-562.166666666667,-967.116666666667,0.134827361866258,1,0,967.116666666667,0,0
2315,globalPerMotor,4,opening,-255,5,763.6,0.2,1,-562.166666666667,-562.166666666667,-562.166666666667,-1325.76666666667,0.184827361866258,1,0,1325.76666666667,0,0
2316,globalPerMotor,4,opening,-255,6,1122.25,0.2,1,-562.166666666667,-562.166666666667,-562.166666666667,-1684.41666666667,0.234827361866258,1,0,1684.41666666667,0,0
2317,globalPerMotor,4,opening,-255,7,1480.9,0.2,1,-562.166666666667,-562.166666666667,-562.166666666667,-2043.06666666667,0.284827361866258,1,0,2043.06666666667,0,0
2318,globalPerMotor,4,opening,-255,8,1839.55,0.2,1,-562.166666666667,-562.166666666667,-562.166666666667,-2401.71666666667,0.334827361866258,1,0,2401.71666666667,0,0
2319,globalPerMotor,4,opening,-255,9,2198.2,0.2,1,-562.166666666667,-562.166666666667,-562.166666666667,-2760.36666666667,0.384827361866258,1,0,2760.36666666667,0,0
2320,globalPerMotor,4,opening,-255,10,2556.85,0.2,1,-562.166666666667,-562.166666666667,-562.166666666667,-3119.01666666667,0.434827361866258,1,0,3119.01666666667,0,0
2321,globalPerMotor,4,opening,-255,11,2915.5,0.2,1,-562.166666666667,-562.166666666667,-562.166666666667,-3477.66666666667,0.484827361866258,1,0,3477.66666666667,0,0
2322,globalPerMotor,4,opening,-255,12,3274.15,0.2,1,-562.166666666667,-562.166666666667,-562.166666666667,-3836.31666666667,0.534827361866258,1,0,3836.31666666667,0,0
2323,globalPerMotor,4,opening,-255,13,3632.8,0.2,1,-562.166666666667,-562.166666666667,-562.166666666667,-4194.96666666667,0.584827361866258,1,0,4194.96666666667,0,0
2324,globalPerMotor,4,opening,-255,14,3991.45,0.2,1,-562.166666666667,-562.166666666667,-562.166666666667,-4553.61666666667,0.634827361866258,1,0,4553.61666666667,0,0
2325,globalPerMotor,4,opening,-255,15,4350.1,0.2,1,-562.166666666667,-562.166666666667,-562.166666666667,-4912.26666666667,0.684827361866258,1,0,4912.26666666667,0,0
2326,globalPerMotor,4,opening,-255,16,4708.75,0.2,1,-562.166666666667,-562.166666666667,-562.166666666667,-5270.91666666667,0.734827361866258,1,0,5270.91666666667,0,0
2327,globalPerMotor,4,opening,-255,17,5067.4,0.2,1,-562.166666666667,-562.166666666667,-562.166666666667,-5629.56666666667,0.784827361866258,1,0,5629.56666666667,0,0
2328,globalPerMotor,4,opening,-255,18,5426.05,0.2,1,-562.166666666667,-562.166666666667,-562.166666666667,-5988.21666666667,0.834827361866258,1,0,5988.21666666667,0,0
2329,globalPerMotor,4,opening,-255,19,5784.7,0.2,1,-562.166666666667,-562.166666666667,-562.166666666667,-6346.86666666667,0.884827361866258,1,0,6346.86666666667,0,0
2330,globalPerMotor,4,opening,-255,20,6143.35,0.2,1,-562.166666666667,-562.166666666667,-562.166666666667,-6705.51666666667,0.934827361866258,1,0,6705.51666666667,0,0
2331,globalPerMotor,4,opening,-255,21,6502,0.2,1,-562.166666666667,-562.166666666667,-562.166666666667,-7064.16666666667,0.984827361866258,1,0,7064.16666666667,0,0
