case_id,grid,motor,pwm,q_initial,duration,sample_index,time_s,position
1,perCombination,1,64,0,0.2,0,0,0
1,perCombination,1,64,0,0.2,1,0.2,3925.33333333333
2,perCombination,1,64,850.8,0.2,0,0,850.8
2,perCombination,1,64,850.8,0.2,1,0.2,4926
3,perCombination,1,64,1701.6,0.2,0,0,1701.6
3,perCombination,1,64,1701.6,0.2,1,0.2,5603.66666666667
4,perCombination,1,64,2552.4,0.2,0,0,2552.4
4,perCombination,1,64,2552.4,0.2,1,0.2,6204.33333333333
5,perCombination,1,64,3403.2,0.2,0,0,3403.2
5,perCombination,1,64,3403.2,0.2,1,0.2,6772.66666666667
6,perCombination,1,64,4254,0.2,0,0,4254
6,perCombination,1,64,4254,0.2,1,0.2,7367.66666666667
7,perCombination,1,64,5104.8,0.2,0,0,5104.8
7,perCombination,1,64,5104.8,0.2,1,0.2,7975.66666666667
8,perCombination,1,64,5955.6,0.2,0,0,5955.6
8,perCombination,1,64,5955.6,0.2,1,0.2,8579.33333333333
9,perCombination,1,64,6806.4,0.2,0,0,6806.4
9,perCombination,1,64,6806.4,0.2,1,0.2,9241
10,perCombination,1,64,7657.2,0.2,0,0,7657.2
10,perCombination,1,64,7657.2,0.2,1,0.2,9808.66666666667
11,perCombination,1,64,8508,0.2,0,0,8508
11,perCombination,1,64,8508,0.2,1,0.2,10471.3333333333
12,perCombination,1,64,9358.8,0.2,0,0,9358.8
12,perCombination,1,64,9358.8,0.2,1,0.2,11226
13,perCombination,1,64,10209.6,0.2,0,0,10209.6
13,perCombination,1,64,10209.6,0.2,1,0.2,11961.3333333333
14,perCombination,1,64,11060.4,0.2,0,0,11060.4
14,perCombination,1,64,11060.4,0.2,1,0.2,12431
15,perCombination,1,64,11911.2,0.2,0,0,11911.2
15,perCombination,1,64,11911.2,0.2,1,0.2,13073.3333333333
16,perCombination,1,64,12762,0.2,0,0,12762
16,perCombination,1,64,12762,0.2,1,0.2,13593.3333333333
17,perCombination,1,64,13612.8,0.2,0,0,13612.8
17,perCombination,1,64,13612.8,0.2,1,0.2,14258.6666666667
18,perCombination,1,64,14463.6,0.2,0,0,14463.6
18,perCombination,1,64,14463.6,0.2,1,0.2,14463.6
19,perCombination,1,64,15314.4,0.2,0,0,15314.4
19,perCombination,1,64,15314.4,0.2,1,0.2,15314.4
20,perCombination,1,64,16165.2,0.2,0,0,16165.2
20,perCombination,1,64,16165.2,0.2,1,0.2,16165.2
21,perCombination,1,64,17016,0.2,0,0,17016
21,perCombination,1,64,17016,0.2,1,0.2,17016
43,perCombination,1,96,0,0.2,0,0,0
43,perCombination,1,96,0,0.2,1,0.2,6279.75
44,perCombination,1,96,852.3,0.2,0,0,852.3
44,perCombination,1,96,852.3,0.2,1,0.2,7280.75
45,perCombination,1,96,1704.6,0.2,0,0,1704.6
45,perCombination,1,96,1704.6,0.2,1,0.2,7966.5
46,perCombination,1,96,2556.9,0.2,0,0,2556.9
46,perCombination,1,96,2556.9,0.2,1,0.2,8610
47,perCombination,1,96,3409.2,0.2,0,0,3409.2
47,perCombination,1,96,3409.2,0.2,1,0.2,9256
48,perCombination,1,96,4261.5,0.2,0,0,4261.5
48,perCombination,1,96,4261.5,0.2,1,0.2,9877.25
49,perCombination,1,96,5113.8,0.2,0,0,5113.8
49,perCombination,1,96,5113.8,0.2,1,0.2,10529.75
50,perCombination,1,96,5966.1,0.2,0,0,5966.1
50,perCombination,1,96,5966.1,0.2,1,0.2,11222.25
51,perCombination,1,96,6818.4,0.2,0,0,6818.4
51,perCombination,1,96,6818.4,0.2,1,0.2,11947.75
52,perCombination,1,96,7670.7,0.2,0,0,7670.7
52,perCombination,1,96,7670.7,0.2,1,0.2,12667.75
53,perCombination,1,96,8523,0.2,0,0,8523
53,perCombination,1,96,8523,0.2,1,0.2,13361.25
54,perCombination,1,96,9375.3,0.2,0,0,9375.3
54,perCombination,1,96,9375.3,0.2,1,0.2,14059
55,perCombination,1,96,10227.6,0.2,0,0,10227.6
55,perCombination,1,96,10227.6,0.2,1,0.2,14719.75
56,perCombination,1,96,11079.9,0.2,0,0,11079.9
56,perCombination,1,96,11079.9,0.2,1,0.2,15347.75
57,perCombination,1,96,11932.2,0.2,0,0,11932.2
57,perCombination,1,96,11932.2,0.2,1,0.2,15966
58,perCombination,1,96,12784.5,0.2,0,0,12784.5
58,perCombination,1,96,12784.5,0.2,1,0.2,16399.5
59,perCombination,1,96,13636.8,0.2,0,0,13636.8
59,perCombination,1,96,13636.8,0.2,1,0.2,16577.75
60,perCombination,1,96,14489.1,0.2,0,0,14489.1
60,perCombination,1,96,14489.1,0.2,1,0.2,16716.5
61,perCombination,1,96,15341.4,0.2,0,0,15341.4
61,perCombination,1,96,15341.4,0.2,1,0.2,16732.25
62,perCombination,1,96,16193.7,0.2,0,0,16193.7
62,perCombination,1,96,16193.7,0.2,1,0.2,16789.5
63,perCombination,1,96,17046,0.2,0,0,17046
63,perCombination,1,96,17046,0.2,1,0.2,17046
85,perCombination,1,128,0,0.2,0,0,0
85,perCombination,1,128,0,0.2,1,0.2,7999.5
86,perCombination,1,128,858.6,0.2,0,0,858.6
86,perCombination,1,128,858.6,0.2,1,0.2,9189.5
87,perCombination,1,128,1717.2,0.2,0,0,1717.2
87,perCombination,1,128,1717.2,0.2,1,0.2,9969.66666666667
88,perCombination,1,128,2575.8,0.2,0,0,2575.8
88,perCombination,1,128,2575.8,0.2,1,0.2,10746.8333333333
89,perCombination,1,128,3434.4,0.2,0,0,3434.4
89,perCombination,1,128,3434.4,0.2,1,0.2,11505.1666666667
90,perCombination,1,128,4293,0.2,0,0,4293
90,perCombination,1,128,4293,0.2,1,0.2,12236.1666666667
91,perCombination,1,128,5151.6,0.2,0,0,5151.6
91,perCombination,1,128,5151.6,0.2,1,0.2,12993.1666666667
92,perCombination,1,128,6010.2,0.2,0,0,6010.2
92,perCombination,1,128,6010.2,0.2,1,0.2,13722.5
93,perCombination,1,128,6868.8,0.2,0,0,6868.8
93,perCombination,1,128,6868.8,0.2,1,0.2,14464.6666666667
94,perCombination,1,128,7727.4,0.2,0,0,7727.4
94,perCombination,1,128,7727.4,0.2,1,0.2,15131
95,perCombination,1,128,8586,0.2,0,0,8586
95,perCombination,1,128,8586,0.2,1,0.2,15688.5
96,perCombination,1,128,9444.6,0.2,0,0,9444.6
96,perCombination,1,128,9444.6,0.2,1,0.2,16220.5
97,perCombination,1,128,10303.2,0.2,0,0,10303.2
97,perCombination,1,128,10303.2,0.2,1,0.2,16686.6666666667
98,perCombination,1,128,11161.8,0.2,0,0,11161.8
98,perCombination,1,128,11161.8,0.2,1,0.2,16922
99,perCombination,1,128,12020.4,0.2,0,0,12020.4
99,perCombination,1,128,12020.4,0.2,1,0.2,17099.6666666667
100,perCombination,1,128,12879,0.2,0,0,12879
100,perCombination,1,128,12879,0.2,1,0.2,17101
101,perCombination,1,128,13737.6,0.2,0,0,13737.6
101,perCombination,1,128,13737.6,0.2,1,0.2,17101
102,perCombination,1,128,14596.2,0.2,0,0,14596.2
102,perCombination,1,128,14596.2,0.2,1,0.2,17101
103,perCombination,1,128,15454.8,0.2,0,0,15454.8
103,perCombination,1,128,15454.8,0.2,1,0.2,17101
104,perCombination,1,128,16313.4,0.2,0,0,16313.4
104,perCombination,1,128,16313.4,0.2,1,0.2,17101
105,perCombination,1,128,17172,0.2,0,0,17172
105,perCombination,1,128,17172,0.2,1,0.2,17172
127,perCombination,1,160,0,0.2,0,0,0
127,perCombination,1,160,0,0.2,1,0.2,9023.8
128,perCombination,1,160,860.05,0.2,0,0,860.05
128,perCombination,1,160,860.05,0.2,1,0.2,10189.6
129,perCombination,1,160,1720.1,0.2,0,0,1720.1
129,perCombination,1,160,1720.1,0.2,1,0.2,10982.8
130,perCombination,1,160,2580.15,0.2,0,0,2580.15
130,perCombination,1,160,2580.15,0.2,1,0.2,11710.4
131,perCombination,1,160,3440.2,0.2,0,0,3440.2
131,perCombination,1,160,3440.2,0.2,1,0.2,12455.8
132,perCombination,1,160,4300.25,0.2,0,0,4300.25
132,perCombination,1,160,4300.25,0.2,1,0.2,13194.2
133,perCombination,1,160,5160.3,0.2,0,0,5160.3
133,perCombination,1,160,5160.3,0.2,1,0.2,13908.6
134,perCombination,1,160,6020.35,0.2,0,0,6020.35
134,perCombination,1,160,6020.35,0.2,1,0.2,14663.8
135,perCombination,1,160,6880.4,0.2,0,0,6880.4
135,perCombination,1,160,6880.4,0.2,1,0.2,15381
136,perCombination,1,160,7740.45,0.2,0,0,7740.45
136,perCombination,1,160,7740.45,0.2,1,0.2,16024.2
137,perCombination,1,160,8600.5,0.2,0,0,8600.5
137,perCombination,1,160,8600.5,0.2,1,0.2,16496
138,perCombination,1,160,9460.55,0.2,0,0,9460.55
138,perCombination,1,160,9460.55,0.2,1,0.2,16830.2
139,perCombination,1,160,10320.6,0.2,0,0,10320.6
139,perCombination,1,160,10320.6,0.2,1,0.2,16935.2
140,perCombination,1,160,11180.65,0.2,0,0,11180.65
140,perCombination,1,160,11180.65,0.2,1,0.2,17028.2
141,perCombination,1,160,12040.7,0.2,0,0,12040.7
141,perCombination,1,160,12040.7,0.2,1,0.2,17113.2
142,perCombination,1,160,12900.75,0.2,0,0,12900.75
142,perCombination,1,160,12900.75,0.2,1,0.2,17116.6
143,perCombination,1,160,13760.8,0.2,0,0,13760.8
143,perCombination,1,160,13760.8,0.2,1,0.2,17116.6
144,perCombination,1,160,14620.85,0.2,0,0,14620.85
144,perCombination,1,160,14620.85,0.2,1,0.2,17116.6
145,perCombination,1,160,15480.9,0.2,0,0,15480.9
145,perCombination,1,160,15480.9,0.2,1,0.2,17116.6
146,perCombination,1,160,16340.95,0.2,0,0,16340.95
146,perCombination,1,160,16340.95,0.2,1,0.2,17116.6
147,perCombination,1,160,17201,0.2,0,0,17201
147,perCombination,1,160,17201,0.2,1,0.2,17201
169,perCombination,1,192,0,0.2,0,0,0
169,perCombination,1,192,0,0.2,1,0.2,9863.66666666667
170,perCombination,1,192,864.4,0.2,0,0,864.4
170,perCombination,1,192,864.4,0.2,1,0.2,11039
171,perCombination,1,192,1728.8,0.2,0,0,1728.8
171,perCombination,1,192,1728.8,0.2,1,0.2,11831
172,perCombination,1,192,2593.2,0.2,0,0,2593.2
172,perCombination,1,192,2593.2,0.2,1,0.2,12678
173,perCombination,1,192,3457.6,0.2,0,0,3457.6
173,perCombination,1,192,3457.6,0.2,1,0.2,13458.3333333333
174,perCombination,1,192,4322,0.2,0,0,4322
174,perCombination,1,192,4322,0.2,1,0.2,14285.3333333333
175,perCombination,1,192,5186.4,0.2,0,0,5186.4
175,perCombination,1,192,5186.4,0.2,1,0.2,15099.6666666667
176,perCombination,1,192,6050.8,0.2,0,0,6050.8
176,perCombination,1,192,6050.8,0.2,1,0.2,15899
177,perCombination,1,192,6915.2,0.2,0,0,6915.2
177,perCombination,1,192,6915.2,0.2,1,0.2,16581.3333333333
178,perCombination,1,192,7779.6,0.2,0,0,7779.6
178,perCombination,1,192,7779.6,0.2,1,0.2,16916.3333333333
179,perCombination,1,192,8644,0.2,0,0,8644
179,perCombination,1,192,8644,0.2,1,0.2,17169
180,perCombination,1,192,9508.4,0.2,0,0,9508.4
180,perCombination,1,192,9508.4,0.2,1,0.2,17209
181,perCombination,1,192,10372.8,0.2,0,0,10372.8
181,perCombination,1,192,10372.8,0.2,1,0.2,17209
182,perCombination,1,192,11237.2,0.2,0,0,11237.2
182,perCombination,1,192,11237.2,0.2,1,0.2,17209
183,perCombination,1,192,12101.6,0.2,0,0,12101.6
183,perCombination,1,192,12101.6,0.2,1,0.2,17209
184,perCombination,1,192,12966,0.2,0,0,12966
184,perCombination,1,192,12966,0.2,1,0.2,17209
185,perCombination,1,192,13830.4,0.2,0,0,13830.4
185,perCombination,1,192,13830.4,0.2,1,0.2,17209
186,perCombination,1,192,14694.8,0.2,0,0,14694.8
186,perCombination,1,192,14694.8,0.2,1,0.2,17209
187,perCombination,1,192,15559.2,0.2,0,0,15559.2
187,perCombination,1,192,15559.2,0.2,1,0.2,17209
188,perCombination,1,192,16423.6,0.2,0,0,16423.6
188,perCombination,1,192,16423.6,0.2,1,0.2,17209
189,perCombination,1,192,17288,0.2,0,0,17288
189,perCombination,1,192,17288,0.2,1,0.2,17288
211,perCombination,1,224,0,0.2,0,0,0
211,perCombination,1,224,0,0.2,1,0.2,10436.8333333333
212,perCombination,1,224,864.1,0.2,0,0,864.1
212,perCombination,1,224,864.1,0.2,1,0.2,11599.6666666667
213,perCombination,1,224,1728.2,0.2,0,0,1728.2
213,perCombination,1,224,1728.2,0.2,1,0.2,12441.8333333333
214,perCombination,1,224,2592.3,0.2,0,0,2592.3
214,perCombination,1,224,2592.3,0.2,1,0.2,13277.6666666667
215,perCombination,1,224,3456.4,0.2,0,0,3456.4
215,perCombination,1,224,3456.4,0.2,1,0.2,14054.3333333333
216,perCombination,1,224,4320.5,0.2,0,0,4320.5
216,perCombination,1,224,4320.5,0.2,1,0.2,14862.3333333333
217,perCombination,1,224,5184.6,0.2,0,0,5184.6
217,perCombination,1,224,5184.6,0.2,1,0.2,15653.8333333333
218,perCombination,1,224,6048.7,0.2,0,0,6048.7
218,perCombination,1,224,6048.7,0.2,1,0.2,16436.6666666667
219,perCombination,1,224,6912.8,0.2,0,0,6912.8
219,perCombination,1,224,6912.8,0.2,1,0.2,16967
220,perCombination,1,224,7776.9,0.2,0,0,7776.9
220,perCombination,1,224,7776.9,0.2,1,0.2,17094.6666666667
221,perCombination,1,224,8641,0.2,0,0,8641
221,perCombination,1,224,8641,0.2,1,0.2,17210.5
222,perCombination,1,224,9505.1,0.2,0,0,9505.1
222,perCombination,1,224,9505.1,0.2,1,0.2,17213.8333333333
223,perCombination,1,224,10369.2,0.2,0,0,10369.2
223,perCombination,1,224,10369.2,0.2,1,0.2,17213.8333333333
224,perCombination,1,224,11233.3,0.2,0,0,11233.3
224,perCombination,1,224,11233.3,0.2,1,0.2,17213.8333333333
225,perCombination,1,224,12097.4,0.2,0,0,12097.4
225,perCombination,1,224,12097.4,0.2,1,0.2,17213.8333333333
226,perCombination,1,224,12961.5,0.2,0,0,12961.5
226,perCombination,1,224,12961.5,0.2,1,0.2,17213.8333333333
227,perCombination,1,224,13825.6,0.2,0,0,13825.6
227,perCombination,1,224,13825.6,0.2,1,0.2,17213.8333333333
228,perCombination,1,224,14689.7,0.2,0,0,14689.7
228,perCombination,1,224,14689.7,0.2,1,0.2,17213.8333333333
229,perCombination,1,224,15553.8,0.2,0,0,15553.8
229,perCombination,1,224,15553.8,0.2,1,0.2,17213.8333333333
230,perCombination,1,224,16417.9,0.2,0,0,16417.9
230,perCombination,1,224,16417.9,0.2,1,0.2,17213.8333333333
231,perCombination,1,224,17282,0.2,0,0,17282
231,perCombination,1,224,17282,0.2,1,0.2,17282
253,perCombination,1,255,0,0.2,0,0,0
253,perCombination,1,255,0,0.2,1,0.2,11176.6666666667
254,perCombination,1,255,868.75,0.2,0,0,868.75
254,perCombination,1,255,868.75,0.2,1,0.2,12353
255,perCombination,1,255,1737.5,0.2,0,0,1737.5
255,perCombination,1,255,1737.5,0.2,1,0.2,13184.5
256,perCombination,1,255,2606.25,0.2,0,0,2606.25
256,perCombination,1,255,2606.25,0.2,1,0.2,14008.5
257,perCombination,1,255,3475,0.2,0,0,3475
257,perCombination,1,255,3475,0.2,1,0.2,14824.6666666667
258,perCombination,1,255,4343.75,0.2,0,0,4343.75
258,perCombination,1,255,4343.75,0.2,1,0.2,15576
259,perCombination,1,255,5212.5,0.2,0,0,5212.5
259,perCombination,1,255,5212.5,0.2,1,0.2,16352.3333333333
260,perCombination,1,255,6081.25,0.2,0,0,6081.25
260,perCombination,1,255,6081.25,0.2,1,0.2,16948.6666666667
261,perCombination,1,255,6950,0.2,0,0,6950
261,perCombination,1,255,6950,0.2,1,0.2,17156.5
262,perCombination,1,255,7818.75,0.2,0,0,7818.75
262,perCombination,1,255,7818.75,0.2,1,0.2,17246.5
263,perCombination,1,255,8687.5,0.2,0,0,8687.5
263,perCombination,1,255,8687.5,0.2,1,0.2,17246.5
264,perCombination,1,255,9556.25,0.2,0,0,9556.25
264,perCombination,1,255,9556.25,0.2,1,0.2,17246.5
265,perCombination,1,255,10425,0.2,0,0,10425
265,perCombination,1,255,10425,0.2,1,0.2,17246.5
266,perCombination,1,255,11293.75,0.2,0,0,11293.75
266,perCombination,1,255,11293.75,0.2,1,0.2,17246.5
267,perCombination,1,255,12162.5,0.2,0,0,12162.5
267,perCombination,1,255,12162.5,0.2,1,0.2,17246.5
268,perCombination,1,255,13031.25,0.2,0,0,13031.25
268,perCombination,1,255,13031.25,0.2,1,0.2,17246.5
269,perCombination,1,255,13900,0.2,0,0,13900
269,perCombination,1,255,13900,0.2,1,0.2,17246.5
270,perCombination,1,255,14768.75,0.2,0,0,14768.75
270,perCombination,1,255,14768.75,0.2,1,0.2,17246.5
271,perCombination,1,255,15637.5,0.2,0,0,15637.5
271,perCombination,1,255,15637.5,0.2,1,0.2,17246.5
272,perCombination,1,255,16506.25,0.2,0,0,16506.25
272,perCombination,1,255,16506.25,0.2,1,0.2,17246.5
273,perCombination,1,255,17375,0.2,0,0,17375
273,perCombination,1,255,17375,0.2,1,0.2,17375
295,perCombination,1,-64,-194,0.2,0,0,-194
295,perCombination,1,-64,-194,0.2,1,0.2,-194
296,perCombination,1,-64,666.5,0.2,0,0,666.5
296,perCombination,1,-64,666.5,0.2,1,0.2,-145.333333333333
297,perCombination,1,-64,1527,0.2,0,0,1527
297,perCombination,1,-64,1527,0.2,1,0.2,-145.333333333333
298,perCombination,1,-64,2387.5,0.2,0,0,2387.5
298,perCombination,1,-64,2387.5,0.2,1,0.2,110.666666666667
299,perCombination,1,-64,3248,0.2,0,0,3248
299,perCombination,1,-64,3248,0.2,1,0.2,403
300,perCombination,1,-64,4108.5,0.2,0,0,4108.5
300,perCombination,1,-64,4108.5,0.2,1,0.2,694.333333333333
301,perCombination,1,-64,4969,0.2,0,0,4969
301,perCombination,1,-64,4969,0.2,1,0.2,982.333333333333
302,perCombination,1,-64,5829.5,0.2,0,0,5829.5
302,perCombination,1,-64,5829.5,0.2,1,0.2,1431.66666666667
303,perCombination,1,-64,6690,0.2,0,0,6690
303,perCombination,1,-64,6690,0.2,1,0.2,2047
304,perCombination,1,-64,7550.5,0.2,0,0,7550.5
304,perCombination,1,-64,7550.5,0.2,1,0.2,2737.66666666667
305,perCombination,1,-64,8411,0.2,0,0,8411
305,perCombination,1,-64,8411,0.2,1,0.2,3634.66666666667
306,perCombination,1,-64,9271.5,0.2,0,0,9271.5
306,perCombination,1,-64,9271.5,0.2,1,0.2,4524.66666666667
307,perCombination,1,-64,10132,0.2,0,0,10132
307,perCombination,1,-64,10132,0.2,1,0.2,5438.66666666667
308,perCombination,1,-64,10992.5,0.2,0,0,10992.5
308,perCombination,1,-64,10992.5,0.2,1,0.2,6353.33333333333
309,perCombination,1,-64,11853,0.2,0,0,11853
309,perCombination,1,-64,11853,0.2,1,0.2,7256.66666666667
310,perCombination,1,-64,12713.5,0.2,0,0,12713.5
310,perCombination,1,-64,12713.5,0.2,1,0.2,8166.66666666667
311,perCombination,1,-64,13574,0.2,0,0,13574
311,perCombination,1,-64,13574,0.2,1,0.2,9067
312,perCombination,1,-64,14434.5,0.2,0,0,14434.5
312,perCombination,1,-64,14434.5,0.2,1,0.2,10362
313,perCombination,1,-64,15295,0.2,0,0,15295
313,perCombination,1,-64,15295,0.2,1,0.2,10362
314,perCombination,1,-64,16155.5,0.2,0,0,16155.5
314,perCombination,1,-64,16155.5,0.2,1,0.2,10362
315,perCombination,1,-64,17016,0.2,0,0,17016
315,perCombination,1,-64,17016,0.2,1,0.2,10362
337,perCombination,1,-96,-368,0.2,0,0,-368
337,perCombination,1,-96,-368,0.2,1,0.2,-368
338,perCombination,1,-96,502.7,0.2,0,0,502.7
338,perCombination,1,-96,502.7,0.2,1,0.2,-320
339,perCombination,1,-96,1373.4,0.2,0,0,1373.4
339,perCombination,1,-96,1373.4,0.2,1,0.2,-320
340,perCombination,1,-96,2244.1,0.2,0,0,2244.1
340,perCombination,1,-96,2244.1,0.2,1,0.2,-320
341,perCombination,1,-96,3114.8,0.2,0,0,3114.8
341,perCombination,1,-96,3114.8,0.2,1,0.2,-320
342,perCombination,1,-96,3985.5,0.2,0,0,3985.5
342,perCombination,1,-96,3985.5,0.2,1,0.2,-320
343,perCombination,1,-96,4856.2,0.2,0,0,4856.2
343,perCombination,1,-96,4856.2,0.2,1,0.2,-320
344,perCombination,1,-96,5726.9,0.2,0,0,5726.9
344,perCombination,1,-96,5726.9,0.2,1,0.2,-320
345,perCombination,1,-96,6597.6,0.2,0,0,6597.6
345,perCombination,1,-96,6597.6,0.2,1,0.2,-301.75
346,perCombination,1,-96,7468.3,0.2,0,0,7468.3
346,perCombination,1,-96,7468.3,0.2,1,0.2,-71.5
347,perCombination,1,-96,8339,0.2,0,0,8339
347,perCombination,1,-96,8339,0.2,1,0.2,395.5
348,perCombination,1,-96,9209.7,0.2,0,0,9209.7
348,perCombination,1,-96,9209.7,0.2,1,0.2,1336.75
349,perCombination,1,-96,10080.4,0.2,0,0,10080.4
349,perCombination,1,-96,10080.4,0.2,1,0.2,2256.25
350,perCombination,1,-96,10951.1,0.2,0,0,10951.1
350,perCombination,1,-96,10951.1,0.2,1,0.2,3173.25
351,perCombination,1,-96,11821.8,0.2,0,0,11821.8
351,perCombination,1,-96,11821.8,0.2,1,0.2,4125.75
352,perCombination,1,-96,12692.5,0.2,0,0,12692.5
352,perCombination,1,-96,12692.5,0.2,1,0.2,5078.25
353,perCombination,1,-96,13563.2,0.2,0,0,13563.2
353,perCombination,1,-96,13563.2,0.2,1,0.2,6027.25
354,perCombination,1,-96,14433.9,0.2,0,0,14433.9
354,perCombination,1,-96,14433.9,0.2,1,0.2,6975
355,perCombination,1,-96,15304.6,0.2,0,0,15304.6
355,perCombination,1,-96,15304.6,0.2,1,0.2,7909.5
356,perCombination,1,-96,16175.3,0.2,0,0,16175.3
356,perCombination,1,-96,16175.3,0.2,1,0.2,8898
357,perCombination,1,-96,17046,0.2,0,0,17046
357,perCombination,1,-96,17046,0.2,1,0.2,9800.75
379,perCombination,1,-128,-557,0.2,0,0,-557
379,perCombination,1,-128,-557,0.2,1,0.2,-557
380,perCombination,1,-128,329.45,0.2,0,0,329.45
380,perCombination,1,-128,329.45,0.2,1,0.2,-493
381,perCombination,1,-128,1215.9,0.2,0,0,1215.9
381,perCombination,1,-128,1215.9,0.2,1,0.2,-493
382,perCombination,1,-128,2102.35,0.2,0,0,2102.35
382,perCombination,1,-128,2102.35,0.2,1,0.2,-493
383,perCombination,1,-128,2988.8,0.2,0,0,2988.8
383,perCombination,1,-128,2988.8,0.2,1,0.2,-493
384,perCombination,1,-128,3875.25,0.2,0,0,3875.25
384,perCombination,1,-128,3875.25,0.2,1,0.2,-493
385,perCombination,1,-128,4761.7,0.2,0,0,4761.7
385,perCombination,1,-128,4761.7,0.2,1,0.2,-493
386,perCombination,1,-128,5648.15,0.2,0,0,5648.15
386,perCombination,1,-128,5648.15,0.2,1,0.2,-493
387,perCombination,1,-128,6534.6,0.2,0,0,6534.6
387,perCombination,1,-128,6534.6,0.2,1,0.2,-493
388,perCombination,1,-128,7421.05,0.2,0,0,7421.05
388,perCombination,1,-128,7421.05,0.2,1,0.2,-484.5
389,perCombination,1,-128,8307.5,0.2,0,0,8307.5
389,perCombination,1,-128,8307.5,0.2,1,0.2,-361.666666666667
390,perCombination,1,-128,9193.95,0.2,0,0,9193.95
390,perCombination,1,-128,9193.95,0.2,1,0.2,-92.1666666666667
391,perCombination,1,-128,10080.4,0.2,0,0,10080.4
391,perCombination,1,-128,10080.4,0.2,1,0.2,487.166666666667
392,perCombination,1,-128,10966.85,0.2,0,0,10966.85
392,perCombination,1,-128,10966.85,0.2,1,0.2,1355.33333333333
393,perCombination,1,-128,11853.3,0.2,0,0,11853.3
393,perCombination,1,-128,11853.3,0.2,1,0.2,2287.83333333333
394,perCombination,1,-128,12739.75,0.2,0,0,12739.75
394,perCombination,1,-128,12739.75,0.2,1,0.2,3268.5
395,perCombination,1,-128,13626.2,0.2,0,0,13626.2
395,perCombination,1,-128,13626.2,0.2,1,0.2,4196.66666666667
396,perCombination,1,-128,14512.65,0.2,0,0,14512.65
396,perCombination,1,-128,14512.65,0.2,1,0.2,5170
397,perCombination,1,-128,15399.1,0.2,0,0,15399.1
397,perCombination,1,-128,15399.1,0.2,1,0.2,6141.66666666667
398,perCombination,1,-128,16285.55,0.2,0,0,16285.55
398,perCombination,1,-128,16285.55,0.2,1,0.2,7108.83333333333
399,perCombination,1,-128,17172,0.2,0,0,17172
399,perCombination,1,-128,17172,0.2,1,0.2,8448.83333333333
421,perCombination,1,-160,-688,0.2,0,0,-688
421,perCombination,1,-160,-688,0.2,1,0.2,-688
422,perCombination,1,-160,206.4,0.2,0,0,206.4
422,perCombination,1,-160,206.4,0.2,1,0.2,-595.8
423,perCombination,1,-160,1100.8,0.2,0,0,1100.8
423,perCombination,1,-160,1100.8,0.2,1,0.2,-595.8
424,perCombination,1,-160,1995.2,0.2,0,0,1995.2
424,perCombination,1,-160,1995.2,0.2,1,0.2,-595.8
425,perCombination,1,-160,2889.6,0.2,0,0,2889.6
425,perCombination,1,-160,2889.6,0.2,1,0.2,-595.8
426,perCombination,1,-160,3784,0.2,0,0,3784
426,perCombination,1,-160,3784,0.2,1,0.2,-595.8
427,perCombination,1,-160,4678.4,0.2,0,0,4678.4
427,perCombination,1,-160,4678.4,0.2,1,0.2,-595.8
428,perCombination,1,-160,5572.8,0.2,0,0,5572.8
428,perCombination,1,-160,5572.8,0.2,1,0.2,-595.8
429,perCombination,1,-160,6467.2,0.2,0,0,6467.2
429,perCombination,1,-160,6467.2,0.2,1,0.2,-595.8
430,perCombination,1,-160,7361.6,0.2,0,0,7361.6
430,perCombination,1,-160,7361.6,0.2,1,0.2,-595.8
431,perCombination,1,-160,8256,0.2,0,0,8256
431,perCombination,1,-160,8256,0.2,1,0.2,-588.4
432,perCombination,1,-160,9150.4,0.2,0,0,9150.4
432,perCombination,1,-160,9150.4,0.2,1,0.2,-483.4
433,perCombination,1,-160,10044.8,0.2,0,0,10044.8
433,perCombination,1,-160,10044.8,0.2,1,0.2,-263.4
434,perCombination,1,-160,10939.2,0.2,0,0,10939.2
434,perCombination,1,-160,10939.2,0.2,1,0.2,322.8
435,perCombination,1,-160,11833.6,0.2,0,0,11833.6
435,perCombination,1,-160,11833.6,0.2,1,0.2,1192.2
436,perCombination,1,-160,12728,0.2,0,0,12728
436,perCombination,1,-160,12728,0.2,1,0.2,2163.2
437,perCombination,1,-160,13622.4,0.2,0,0,13622.4
437,perCombination,1,-160,13622.4,0.2,1,0.2,3079.8
438,perCombination,1,-160,14516.8,0.2,0,0,14516.8
438,perCombination,1,-160,14516.8,0.2,1,0.2,4049.6
439,perCombination,1,-160,15411.2,0.2,0,0,15411.2
439,perCombination,1,-160,15411.2,0.2,1,0.2,5018.6
440,perCombination,1,-160,16305.6,0.2,0,0,16305.6
440,perCombination,1,-160,16305.6,0.2,1,0.2,5983.8
441,perCombination,1,-160,17200,0.2,0,0,17200
441,perCombination,1,-160,17200,0.2,1,0.2,7267.2
463,perCombination,1,-192,-707,0.2,0,0,-707
463,perCombination,1,-192,-707,0.2,1,0.2,-707
464,perCombination,1,-192,192.75,0.2,0,0,192.75
464,perCombination,1,-192,192.75,0.2,1,0.2,-659.25
465,perCombination,1,-192,1092.5,0.2,0,0,1092.5
465,perCombination,1,-192,1092.5,0.2,1,0.2,-659.25
466,perCombination,1,-192,1992.25,0.2,0,0,1992.25
466,perCombination,1,-192,1992.25,0.2,1,0.2,-659.25
467,perCombination,1,-192,2892,0.2,0,0,2892
467,perCombination,1,-192,2892,0.2,1,0.2,-659.25
468,perCombination,1,-192,3791.75,0.2,0,0,3791.75
468,perCombination,1,-192,3791.75,0.2,1,0.2,-659.25
469,perCombination,1,-192,4691.5,0.2,0,0,4691.5
469,perCombination,1,-192,4691.5,0.2,1,0.2,-659.25
470,perCombination,1,-192,5591.25,0.2,0,0,5591.25
470,perCombination,1,-192,5591.25,0.2,1,0.2,-659.25
471,perCombination,1,-192,6491,0.2,0,0,6491
471,perCombination,1,-192,6491,0.2,1,0.2,-659.25
472,perCombination,1,-192,7390.75,0.2,0,0,7390.75
472,perCombination,1,-192,7390.75,0.2,1,0.2,-659.25
473,perCombination,1,-192,8290.5,0.2,0,0,8290.5
473,perCombination,1,-192,8290.5,0.2,1,0.2,-659.25
474,perCombination,1,-192,9190.25,0.2,0,0,9190.25
474,perCombination,1,-192,9190.25,0.2,1,0.2,-659.25
475,perCombination,1,-192,10090,0.2,0,0,10090
475,perCombination,1,-192,10090,0.2,1,0.2,-658
476,perCombination,1,-192,10989.75,0.2,0,0,10989.75
476,perCombination,1,-192,10989.75,0.2,1,0.2,-504.75
477,perCombination,1,-192,11889.5,0.2,0,0,11889.5
477,perCombination,1,-192,11889.5,0.2,1,0.2,218.5
478,perCombination,1,-192,12789.25,0.2,0,0,12789.25
478,perCombination,1,-192,12789.25,0.2,1,0.2,1160.75
479,perCombination,1,-192,13689,0.2,0,0,13689
479,perCombination,1,-192,13689,0.2,1,0.2,2112.5
480,perCombination,1,-192,14588.75,0.2,0,0,14588.75
480,perCombination,1,-192,14588.75,0.2,1,0.2,3126
481,perCombination,1,-192,15488.5,0.2,0,0,15488.5
481,perCombination,1,-192,15488.5,0.2,1,0.2,4082
482,perCombination,1,-192,16388.25,0.2,0,0,16388.25
482,perCombination,1,-192,16388.25,0.2,1,0.2,5038
483,perCombination,1,-192,17288,0.2,0,0,17288
483,perCombination,1,-192,17288,0.2,1,0.2,6347.75
505,perCombination,1,-224,-788,0.2,0,0,-788
505,perCombination,1,-224,-788,0.2,1,0.2,-788
506,perCombination,1,-224,115.45,0.2,0,0,115.45
506,perCombination,1,-224,115.45,0.2,1,0.2,-706.333333333333
507,perCombination,1,-224,1018.9,0.2,0,0,1018.9
507,perCombination,1,-224,1018.9,0.2,1,0.2,-706.333333333333
508,perCombination,1,-224,1922.35,0.2,0,0,1922.35
508,perCombination,1,-224,1922.35,0.2,1,0.2,-706.333333333333
509,perCombination,1,-224,2825.8,0.2,0,0,2825.8
509,perCombination,1,-224,2825.8,0.2,1,0.2,-706.333333333333
510,perCombination,1,-224,3729.25,0.2,0,0,3729.25
510,perCombination,1,-224,3729.25,0.2,1,0.2,-706.333333333333
511,perCombination,1,-224,4632.7,0.2,0,0,4632.7
511,perCombination,1,-224,4632.7,0.2,1,0.2,-706.333333333333
512,perCombination,1,-224,5536.15,0.2,0,0,5536.15
512,perCombination,1,-224,5536.15,0.2,1,0.2,-706.333333333333
513,perCombination,1,-224,6439.6,0.2,0,0,6439.6
513,perCombination,1,-224,6439.6,0.2,1,0.2,-706.333333333333
514,perCombination,1,-224,7343.05,0.2,0,0,7343.05
514,perCombination,1,-224,7343.05,0.2,1,0.2,-706.333333333333
515,perCombination,1,-224,8246.5,0.2,0,0,8246.5
515,perCombination,1,-224,8246.5,0.2,1,0.2,-706.333333333333
516,perCombination,1,-224,9149.95,0.2,0,0,9149.95
516,perCombination,1,-224,9149.95,0.2,1,0.2,-706.333333333333
517,perCombination,1,-224,10053.4,0.2,0,0,10053.4
517,perCombination,1,-224,10053.4,0.2,1,0.2,-706.333333333333
518,perCombination,1,-224,10956.85,0.2,0,0,10956.85
518,perCombination,1,-224,10956.85,0.2,1,0.2,-650.666666666667
519,perCombination,1,-224,11860.3,0.2,0,0,11860.3
519,perCombination,1,-224,11860.3,0.2,1,0.2,-237.666666666667
520,perCombination,1,-224,12763.75,0.2,0,0,12763.75
520,perCombination,1,-224,12763.75,0.2,1,0.2,573.666666666667
521,perCombination,1,-224,13667.2,0.2,0,0,13667.2
521,perCombination,1,-224,13667.2,0.2,1,0.2,1596.83333333333
522,perCombination,1,-224,14570.65,0.2,0,0,14570.65
522,perCombination,1,-224,14570.65,0.2,1,0.2,2556.16666666667
523,perCombination,1,-224,15474.1,0.2,0,0,15474.1
523,perCombination,1,-224,15474.1,0.2,1,0.2,3546.5
524,perCombination,1,-224,16377.55,0.2,0,0,16377.55
524,perCombination,1,-224,16377.55,0.2,1,0.2,4535.83333333333
525,perCombination,1,-224,17281,0.2,0,0,17281
525,perCombination,1,-224,17281,0.2,1,0.2,5833.66666666667
547,perCombination,1,-255,-871,0.2,0,0,-871
547,perCombination,1,-255,-871,0.2,1,0.2,-871
548,perCombination,1,-255,41.3,0.2,0,0,41.3
548,perCombination,1,-255,41.3,0.2,1,0.2,-788.666666666667
549,perCombination,1,-255,953.6,0.2,0,0,953.6
549,perCombination,1,-255,953.6,0.2,1,0.2,-788.666666666667
550,perCombination,1,-255,1865.9,0.2,0,0,1865.9
550,perCombination,1,-255,1865.9,0.2,1,0.2,-788.666666666667
551,perCombination,1,-255,2778.2,0.2,0,0,2778.2
551,perCombination,1,-255,2778.2,0.2,1,0.2,-788.666666666667
552,perCombination,1,-255,3690.5,0.2,0,0,3690.5
552,perCombination,1,-255,3690.5,0.2,1,0.2,-788.666666666667
553,perCombination,1,-255,4602.8,0.2,0,0,4602.8
553,perCombination,1,-255,4602.8,0.2,1,0.2,-788.666666666667
554,perCombination,1,-255,5515.1,0.2,0,0,5515.1
554,perCombination,1,-255,5515.1,0.2,1,0.2,-788.666666666667
555,perCombination,1,-255,6427.4,0.2,0,0,6427.4
555,perCombination,1,-255,6427.4,0.2,1,0.2,-788.666666666667
556,perCombination,1,-255,7339.7,0.2,0,0,7339.7
556,perCombination,1,-255,7339.7,0.2,1,0.2,-788.666666666667
557,perCombination,1,-255,8252,0.2,0,0,8252
557,perCombination,1,-255,8252,0.2,1,0.2,-788.666666666667
558,perCombination,1,-255,9164.3,0.2,0,0,9164.3
558,perCombination,1,-255,9164.3,0.2,1,0.2,-788.666666666667
559,perCombination,1,-255,10076.6,0.2,0,0,10076.6
559,perCombination,1,-255,10076.6,0.2,1,0.2,-788.666666666667
560,perCombination,1,-255,10988.9,0.2,0,0,10988.9
560,perCombination,1,-255,10988.9,0.2,1,0.2,-787.833333333333
561,perCombination,1,-255,11901.2,0.2,0,0,11901.2
561,perCombination,1,-255,11901.2,0.2,1,0.2,-642.333333333333
562,perCombination,1,-255,12813.5,0.2,0,0,12813.5
562,perCombination,1,-255,12813.5,0.2,1,0.2,-17.6666666666667
563,perCombination,1,-255,13725.8,0.2,0,0,13725.8
563,perCombination,1,-255,13725.8,0.2,1,0.2,875.666666666667
564,perCombination,1,-255,14638.1,0.2,0,0,14638.1
564,perCombination,1,-255,14638.1,0.2,1,0.2,1851.16666666667
565,perCombination,1,-255,15550.4,0.2,0,0,15550.4
565,perCombination,1,-255,15550.4,0.2,1,0.2,2825.83333333333
566,perCombination,1,-255,16462.7,0.2,0,0,16462.7
566,perCombination,1,-255,16462.7,0.2,1,0.2,3801
567,perCombination,1,-255,17375,0.2,0,0,17375
567,perCombination,1,-255,17375,0.2,1,0.2,5034.33333333333
589,perCombination,2,64,0,0.2,0,0,0
589,perCombination,2,64,0,0.2,1,0.2,1868.33333333333
590,perCombination,2,64,263.25,0.2,0,0,263.25
590,perCombination,2,64,263.25,0.2,1,0.2,2081
591,perCombination,2,64,526.5,0.2,0,0,526.5
591,perCombination,2,64,526.5,0.2,1,0.2,2175.66666666667
592,perCombination,2,64,789.75,0.2,0,0,789.75
592,perCombination,2,64,789.75,0.2,1,0.2,2252
593,perCombination,2,64,1053,0.2,0,0,1053
593,perCombination,2,64,1053,0.2,1,0.2,2312.33333333333
594,perCombination,2,64,1316.25,0.2,0,0,1316.25
594,perCombination,2,64,1316.25,0.2,1,0.2,2362.33333333333
595,perCombination,2,64,1579.5,0.2,0,0,1579.5
595,perCombination,2,64,1579.5,0.2,1,0.2,2402
596,perCombination,2,64,1842.75,0.2,0,0,1842.75
596,perCombination,2,64,1842.75,0.2,1,0.2,2426.66666666667
597,perCombination,2,64,2106,0.2,0,0,2106
597,perCombination,2,64,2106,0.2,1,0.2,2434.33333333333
598,perCombination,2,64,2369.25,0.2,0,0,2369.25
598,perCombination,2,64,2369.25,0.2,1,0.2,2473
599,perCombination,2,64,2632.5,0.2,0,0,2632.5
599,perCombination,2,64,2632.5,0.2,1,0.2,2703.66666666667
600,perCombination,2,64,2895.75,0.2,0,0,2895.75
600,perCombination,2,64,2895.75,0.2,1,0.2,3238
601,perCombination,2,64,3159,0.2,0,0,3159
601,perCombination,2,64,3159,0.2,1,0.2,3522.66666666667
602,perCombination,2,64,3422.25,0.2,0,0,3422.25
602,perCombination,2,64,3422.25,0.2,1,0.2,3598
603,perCombination,2,64,3685.5,0.2,0,0,3685.5
603,perCombination,2,64,3685.5,0.2,1,0.2,3685.5
604,perCombination,2,64,3948.75,0.2,0,0,3948.75
604,perCombination,2,64,3948.75,0.2,1,0.2,3948.75
605,perCombination,2,64,4212,0.2,0,0,4212
605,perCombination,2,64,4212,0.2,1,0.2,4212
606,perCombination,2,64,4475.25,0.2,0,0,4475.25
606,perCombination,2,64,4475.25,0.2,1,0.2,4475.25
607,perCombination,2,64,4738.5,0.2,0,0,4738.5
607,perCombination,2,64,4738.5,0.2,1,0.2,4738.5
608,perCombination,2,64,5001.75,0.2,0,0,5001.75
608,perCombination,2,64,5001.75,0.2,1,0.2,5001.75
609,perCombination,2,64,5265,0.2,0,0,5265
609,perCombination,2,64,5265,0.2,1,0.2,5265
631,perCombination,2,96,0,0.2,0,0,0
631,perCombination,2,96,0,0.2,1,0.2,3618.75
632,perCombination,2,96,325.25,0.2,0,0,325.25
632,perCombination,2,96,325.25,0.2,1,0.2,3780
633,perCombination,2,96,650.5,0.2,0,0,650.5
633,perCombination,2,96,650.5,0.2,1,0.2,3866.5
634,perCombination,2,96,975.75,0.2,0,0,975.75
634,perCombination,2,96,975.75,0.2,1,0.2,3944.5
635,perCombination,2,96,1301,0.2,0,0,1301
635,perCombination,2,96,1301,0.2,1,0.2,4015.25
636,perCombination,2,96,1626.25,0.2,0,0,1626.25
636,perCombination,2,96,1626.25,0.2,1,0.2,4079.75
637,perCombination,2,96,1951.5,0.2,0,0,1951.5
637,perCombination,2,96,1951.5,0.2,1,0.2,4149
638,perCombination,2,96,2276.75,0.2,0,0,2276.75
638,perCombination,2,96,2276.75,0.2,1,0.2,4211.75
639,perCombination,2,96,2602,0.2,0,0,2602
639,perCombination,2,96,2602,0.2,1,0.2,4268.25
640,perCombination,2,96,2927.25,0.2,0,0,2927.25
640,perCombination,2,96,2927.25,0.2,1,0.2,4300.25
641,perCombination,2,96,3252.5,0.2,0,0,3252.5
641,perCombination,2,96,3252.5,0.2,1,0.2,4314.25
642,perCombination,2,96,3577.75,0.2,0,0,3577.75
642,perCombination,2,96,3577.75,0.2,1,0.2,4324.25
643,perCombination,2,96,3903,0.2,0,0,3903
643,perCombination,2,96,3903,0.2,1,0.2,4335.25
644,perCombination,2,96,4228.25,0.2,0,0,4228.25
644,perCombination,2,96,4228.25,0.2,1,0.2,4337.25
645,perCombination,2,96,4553.5,0.2,0,0,4553.5
645,perCombination,2,96,4553.5,0.2,1,0.2,5190.75
646,perCombination,2,96,4878.75,0.2,0,0,4878.75
646,perCombination,2,96,4878.75,0.2,1,0.2,5425.25
647,perCombination,2,96,5204,0.2,0,0,5204
647,perCombination,2,96,5204,0.2,1,0.2,5433.75
648,perCombination,2,96,5529.25,0.2,0,0,5529.25
648,perCombination,2,96,5529.25,0.2,1,0.2,5529.25
649,perCombination,2,96,5854.5,0.2,0,0,5854.5
649,perCombination,2,96,5854.5,0.2,1,0.2,5854.5
650,perCombination,2,96,6179.75,0.2,0,0,6179.75
650,perCombination,2,96,6179.75,0.2,1,0.2,6179.75
651,perCombination,2,96,6505,0.2,0,0,6505
651,perCombination,2,96,6505,0.2,1,0.2,6505
673,perCombination,2,128,0,0.2,0,0,0
673,perCombination,2,128,0,0.2,1,0.2,5522.66666666667
674,perCombination,2,128,331.9,0.2,0,0,331.9
674,perCombination,2,128,331.9,0.2,1,0.2,5745
675,perCombination,2,128,663.8,0.2,0,0,663.8
675,perCombination,2,128,663.8,0.2,1,0.2,5838.83333333333
676,perCombination,2,128,995.7,0.2,0,0,995.7
676,perCombination,2,128,995.7,0.2,1,0.2,5888.33333333333
677,perCombination,2,128,1327.6,0.2,0,0,1327.6
677,perCombination,2,128,1327.6,0.2,1,0.2,5921.33333333333
678,perCombination,2,128,1659.5,0.2,0,0,1659.5
678,perCombination,2,128,1659.5,0.2,1,0.2,5953
679,perCombination,2,128,1991.4,0.2,0,0,1991.4
679,perCombination,2,128,1991.4,0.2,1,0.2,5980.66666666667
680,perCombination,2,128,2323.3,0.2,0,0,2323.3
680,perCombination,2,128,2323.3,0.2,1,0.2,6000.83333333333
681,perCombination,2,128,2655.2,0.2,0,0,2655.2
681,perCombination,2,128,2655.2,0.2,1,0.2,6018.16666666667
682,perCombination,2,128,2987.1,0.2,0,0,2987.1
682,perCombination,2,128,2987.1,0.2,1,0.2,6033.33333333333
683,perCombination,2,128,3319,0.2,0,0,3319
683,perCombination,2,128,3319,0.2,1,0.2,6034.66666666667
684,perCombination,2,128,3650.9,0.2,0,0,3650.9
684,perCombination,2,128,3650.9,0.2,1,0.2,6035.16666666667
685,perCombination,2,128,3982.8,0.2,0,0,3982.8
685,perCombination,2,128,3982.8,0.2,1,0.2,6036.16666666667
686,perCombination,2,128,4314.7,0.2,0,0,4314.7
686,perCombination,2,128,4314.7,0.2,1,0.2,6038.16666666667
687,perCombination,2,128,4646.6,0.2,0,0,4646.6
687,perCombination,2,128,4646.6,0.2,1,0.2,6049
688,perCombination,2,128,4978.5,0.2,0,0,4978.5
688,perCombination,2,128,4978.5,0.2,1,0.2,6064.16666666667
689,perCombination,2,128,5310.4,0.2,0,0,5310.4
689,perCombination,2,128,5310.4,0.2,1,0.2,6076.66666666667
690,perCombination,2,128,5642.3,0.2,0,0,5642.3
690,perCombination,2,128,5642.3,0.2,1,0.2,6082.66666666667
691,perCombination,2,128,5974.2,0.2,0,0,5974.2
691,perCombination,2,128,5974.2,0.2,1,0.2,6095.5
692,perCombination,2,128,6306.1,0.2,0,0,6306.1
692,perCombination,2,128,6306.1,0.2,1,0.2,6306.1
693,perCombination,2,128,6638,0.2,0,0,6638
693,perCombination,2,128,6638,0.2,1,0.2,6638
715,perCombination,2,160,0,0.2,0,0,0
715,perCombination,2,160,0,0.2,1,0.2,6205.6
716,perCombination,2,160,332.9,0.2,0,0,332.9
716,perCombination,2,160,332.9,0.2,1,0.2,6269.6
717,perCombination,2,160,665.8,0.2,0,0,665.8
717,perCombination,2,160,665.8,0.2,1,0.2,6297.6
718,perCombination,2,160,998.7,0.2,0,0,998.7
718,perCombination,2,160,998.7,0.2,1,0.2,6320.6
719,perCombination,2,160,1331.6,0.2,0,0,1331.6
719,perCombination,2,160,1331.6,0.2,1,0.2,6345
720,perCombination,2,160,1664.5,0.2,0,0,1664.5
720,perCombination,2,160,1664.5,0.2,1,0.2,6368.2
721,perCombination,2,160,1997.4,0.2,0,0,1997.4
721,perCombination,2,160,1997.4,0.2,1,0.2,6389.4
722,perCombination,2,160,2330.3,0.2,0,0,2330.3
722,perCombination,2,160,2330.3,0.2,1,0.2,6409.4
723,perCombination,2,160,2663.2,0.2,0,0,2663.2
723,perCombination,2,160,2663.2,0.2,1,0.2,6422
724,perCombination,2,160,2996.1,0.2,0,0,2996.1
724,perCombination,2,160,2996.1,0.2,1,0.2,6435.6
725,perCombination,2,160,3329,0.2,0,0,3329
725,perCombination,2,160,3329,0.2,1,0.2,6443.6
726,perCombination,2,160,3661.9,0.2,0,0,3661.9
726,perCombination,2,160,3661.9,0.2,1,0.2,6444.4
727,perCombination,2,160,3994.8,0.2,0,0,3994.8
727,perCombination,2,160,3994.8,0.2,1,0.2,6444.4
728,perCombination,2,160,4327.7,0.2,0,0,4327.7
728,perCombination,2,160,4327.7,0.2,1,0.2,6446
729,perCombination,2,160,4660.6,0.2,0,0,4660.6
729,perCombination,2,160,4660.6,0.2,1,0.2,6454
730,perCombination,2,160,4993.5,0.2,0,0,4993.5
730,perCombination,2,160,4993.5,0.2,1,0.2,6464.2
731,perCombination,2,160,5326.4,0.2,0,0,5326.4
731,perCombination,2,160,5326.4,0.2,1,0.2,6465.4
732,perCombination,2,160,5659.3,0.2,0,0,5659.3
732,perCombination,2,160,5659.3,0.2,1,0.2,6467.4
733,perCombination,2,160,5992.2,0.2,0,0,5992.2
733,perCombination,2,160,5992.2,0.2,1,0.2,6479.6
734,perCombination,2,160,6325.1,0.2,0,0,6325.1
734,perCombination,2,160,6325.1,0.2,1,0.2,6482.8
735,perCombination,2,160,6658,0.2,0,0,6658
735,perCombination,2,160,6658,0.2,1,0.2,6658
757,perCombination,2,192,0,0.2,0,0,0
757,perCombination,2,192,0,0.2,1,0.2,6521
758,perCombination,2,192,326.25,0.2,0,0,326.25
758,perCombination,2,192,326.25,0.2,1,0.2,6521
759,perCombination,2,192,652.5,0.2,0,0,652.5
759,perCombination,2,192,652.5,0.2,1,0.2,6521
760,perCombination,2,192,978.75,0.2,0,0,978.75
760,perCombination,2,192,978.75,0.2,1,0.2,6521
761,perCombination,2,192,1305,0.2,0,0,1305
761,perCombination,2,192,1305,0.2,1,0.2,6521
762,perCombination,2,192,1631.25,0.2,0,0,1631.25
762,perCombination,2,192,1631.25,0.2,1,0.2,6521
763,perCombination,2,192,1957.5,0.2,0,0,1957.5
763,perCombination,2,192,1957.5,0.2,1,0.2,6521
764,perCombination,2,192,2283.75,0.2,0,0,2283.75
764,perCombination,2,192,2283.75,0.2,1,0.2,6521
765,perCombination,2,192,2610,0.2,0,0,2610
765,perCombination,2,192,2610,0.2,1,0.2,6521
766,perCombination,2,192,2936.25,0.2,0,0,2936.25
766,perCombination,2,192,2936.25,0.2,1,0.2,6521
767,perCombination,2,192,3262.5,0.2,0,0,3262.5
767,perCombination,2,192,3262.5,0.2,1,0.2,6521
768,perCombination,2,192,3588.75,0.2,0,0,3588.75
768,perCombination,2,192,3588.75,0.2,1,0.2,6521
769,perCombination,2,192,3915,0.2,0,0,3915
769,perCombination,2,192,3915,0.2,1,0.2,6521
770,perCombination,2,192,4241.25,0.2,0,0,4241.25
770,perCombination,2,192,4241.25,0.2,1,0.2,6521
771,perCombination,2,192,4567.5,0.2,0,0,4567.5
771,perCombination,2,192,4567.5,0.2,1,0.2,6521
772,perCombination,2,192,4893.75,0.2,0,0,4893.75
772,perCombination,2,192,4893.75,0.2,1,0.2,6521
773,perCombination,2,192,5220,0.2,0,0,5220
773,perCombination,2,192,5220,0.2,1,0.2,6521
774,perCombination,2,192,5546.25,0.2,0,0,5546.25
774,perCombination,2,192,5546.25,0.2,1,0.2,6521
775,perCombination,2,192,5872.5,0.2,0,0,5872.5
775,perCombination,2,192,5872.5,0.2,1,0.2,6521
776,perCombination,2,192,6198.75,0.2,0,0,6198.75
776,perCombination,2,192,6198.75,0.2,1,0.2,6521
777,perCombination,2,192,6525,0.2,0,0,6525
777,perCombination,2,192,6525,0.2,1,0.2,6525
799,perCombination,2,224,0,0.2,0,0,0
799,perCombination,2,224,0,0.2,1,0.2,6596.83333333333
800,perCombination,2,224,337,0.2,0,0,337
800,perCombination,2,224,337,0.2,1,0.2,6596.83333333333
801,perCombination,2,224,674,0.2,0,0,674
801,perCombination,2,224,674,0.2,1,0.2,6596.83333333333
802,perCombination,2,224,1011,0.2,0,0,1011
802,perCombination,2,224,1011,0.2,1,0.2,6596.83333333333
803,perCombination,2,224,1348,0.2,0,0,1348
803,perCombination,2,224,1348,0.2,1,0.2,6596.83333333333
804,perCombination,2,224,1685,0.2,0,0,1685
804,perCombination,2,224,1685,0.2,1,0.2,6596.83333333333
805,perCombination,2,224,2022,0.2,0,0,2022
805,perCombination,2,224,2022,0.2,1,0.2,6596.83333333333
806,perCombination,2,224,2359,0.2,0,0,2359
806,perCombination,2,224,2359,0.2,1,0.2,6596.83333333333
807,perCombination,2,224,2696,0.2,0,0,2696
807,perCombination,2,224,2696,0.2,1,0.2,6596.83333333333
808,perCombination,2,224,3033,0.2,0,0,3033
808,perCombination,2,224,3033,0.2,1,0.2,6596.83333333333
809,perCombination,2,224,3370,0.2,0,0,3370
809,perCombination,2,224,3370,0.2,1,0.2,6596.83333333333
810,perCombination,2,224,3707,0.2,0,0,3707
810,perCombination,2,224,3707,0.2,1,0.2,6596.83333333333
811,perCombination,2,224,4044,0.2,0,0,4044
811,perCombination,2,224,4044,0.2,1,0.2,6596.83333333333
812,perCombination,2,224,4381,0.2,0,0,4381
812,perCombination,2,224,4381,0.2,1,0.2,6596.83333333333
813,perCombination,2,224,4718,0.2,0,0,4718
813,perCombination,2,224,4718,0.2,1,0.2,6596.83333333333
814,perCombination,2,224,5055,0.2,0,0,5055
814,perCombination,2,224,5055,0.2,1,0.2,6596.83333333333
815,perCombination,2,224,5392,0.2,0,0,5392
815,perCombination,2,224,5392,0.2,1,0.2,6596.83333333333
816,perCombination,2,224,5729,0.2,0,0,5729
816,perCombination,2,224,5729,0.2,1,0.2,6596.83333333333
817,perCombination,2,224,6066,0.2,0,0,6066
817,perCombination,2,224,6066,0.2,1,0.2,6596.83333333333
818,perCombination,2,224,6403,0.2,0,0,6403
818,perCombination,2,224,6403,0.2,1,0.2,6596.83333333333
819,perCombination,2,224,6740,0.2,0,0,6740
819,perCombination,2,224,6740,0.2,1,0.2,6740
841,perCombination,2,255,0,0.2,0,0,0
841,perCombination,2,255,0,0.2,1,0.2,6665.16666666667
842,perCombination,2,255,341.05,0.2,0,0,341.05
842,perCombination,2,255,341.05,0.2,1,0.2,6665.16666666667
843,perCombination,2,255,682.1,0.2,0,0,682.1
843,perCombination,2,255,682.1,0.2,1,0.2,6665.16666666667
844,perCombination,2,255,1023.15,0.2,0,0,1023.15
844,perCombination,2,255,1023.15,0.2,1,0.2,6665.16666666667
845,perCombination,2,255,1364.2,0.2,0,0,1364.2
845,perCombination,2,255,1364.2,0.2,1,0.2,6665.16666666667
846,perCombination,2,255,1705.25,0.2,0,0,1705.25
846,perCombination,2,255,1705.25,0.2,1,0.2,6665.16666666667
847,perCombination,2,255,2046.3,0.2,0,0,2046.3
847,perCombination,2,255,2046.3,0.2,1,0.2,6665.16666666667
848,perCombination,2,255,2387.35,0.2,0,0,2387.35
848,perCombination,2,255,2387.35,0.2,1,0.2,6665.16666666667
849,perCombination,2,255,2728.4,0.2,0,0,2728.4
849,perCombination,2,255,2728.4,0.2,1,0.2,6665.16666666667
850,perCombination,2,255,3069.45,0.2,0,0,3069.45
850,perCombination,2,255,3069.45,0.2,1,0.2,6665.16666666667
851,perCombination,2,255,3410.5,0.2,0,0,3410.5
851,perCombination,2,255,3410.5,0.2,1,0.2,6665.16666666667
852,perCombination,2,255,3751.55,0.2,0,0,3751.55
852,perCombination,2,255,3751.55,0.2,1,0.2,6665.16666666667
853,perCombination,2,255,4092.6,0.2,0,0,4092.6
853,perCombination,2,255,4092.6,0.2,1,0.2,6665.16666666667
854,perCombination,2,255,4433.65,0.2,0,0,4433.65
854,perCombination,2,255,4433.65,0.2,1,0.2,6665.16666666667
855,perCombination,2,255,4774.7,0.2,0,0,4774.7
855,perCombination,2,255,4774.7,0.2,1,0.2,6665.16666666667
856,perCombination,2,255,5115.75,0.2,0,0,5115.75
856,perCombination,2,255,5115.75,0.2,1,0.2,6665.16666666667
857,perCombination,2,255,5456.8,0.2,0,0,5456.8
857,perCombination,2,255,5456.8,0.2,1,0.2,6665.16666666667
858,perCombination,2,255,5797.85,0.2,0,0,5797.85
858,perCombination,2,255,5797.85,0.2,1,0.2,6665.16666666667
859,perCombination,2,255,6138.9,0.2,0,0,6138.9
859,perCombination,2,255,6138.9,0.2,1,0.2,6665.16666666667
860,perCombination,2,255,6479.95,0.2,0,0,6479.95
860,perCombination,2,255,6479.95,0.2,1,0.2,6665.16666666667
861,perCombination,2,255,6821,0.2,0,0,6821
861,perCombination,2,255,6821,0.2,1,0.2,6821
883,perCombination,2,-64,-24,0.2,0,0,-24
883,perCombination,2,-64,-24,0.2,1,0.2,-24
884,perCombination,2,-64,254.7,0.2,0,0,254.7
884,perCombination,2,-64,254.7,0.2,1,0.2,-15
885,perCombination,2,-64,533.4,0.2,0,0,533.4
885,perCombination,2,-64,533.4,0.2,1,0.2,-14
886,perCombination,2,-64,812.1,0.2,0,0,812.1
886,perCombination,2,-64,812.1,0.2,1,0.2,72
887,perCombination,2,-64,1090.8,0.2,0,0,1090.8
887,perCombination,2,-64,1090.8,0.2,1,0.2,166.666666666667
888,perCombination,2,-64,1369.5,0.2,0,0,1369.5
888,perCombination,2,-64,1369.5,0.2,1,0.2,274.333333333333
889,perCombination,2,-64,1648.2,0.2,0,0,1648.2
889,perCombination,2,-64,1648.2,0.2,1,0.2,389.666666666667
890,perCombination,2,-64,1926.9,0.2,0,0,1926.9
890,perCombination,2,-64,1926.9,0.2,1,0.2,676.666666666667
891,perCombination,2,-64,2205.6,0.2,0,0,2205.6
891,perCombination,2,-64,2205.6,0.2,1,0.2,948.333333333333
892,perCombination,2,-64,2484.3,0.2,0,0,2484.3
892,perCombination,2,-64,2484.3,0.2,1,0.2,1135.33333333333
893,perCombination,2,-64,2763,0.2,0,0,2763
893,perCombination,2,-64,2763,0.2,1,0.2,1329
894,perCombination,2,-64,3041.7,0.2,0,0,3041.7
894,perCombination,2,-64,3041.7,0.2,1,0.2,1511
895,perCombination,2,-64,3320.4,0.2,0,0,3320.4
895,perCombination,2,-64,3320.4,0.2,1,0.2,1703
896,perCombination,2,-64,3599.1,0.2,0,0,3599.1
896,perCombination,2,-64,3599.1,0.2,1,0.2,1901.33333333333
897,perCombination,2,-64,3877.8,0.2,0,0,3877.8
897,perCombination,2,-64,3877.8,0.2,1,0.2,2099
898,perCombination,2,-64,4156.5,0.2,0,0,4156.5
898,perCombination,2,-64,4156.5,0.2,1,0.2,2410
899,perCombination,2,-64,4435.2,0.2,0,0,4435.2
899,perCombination,2,-64,4435.2,0.2,1,0.2,2410
900,perCombination,2,-64,4713.9,0.2,0,0,4713.9
900,perCombination,2,-64,4713.9,0.2,1,0.2,2410
901,perCombination,2,-64,4992.6,0.2,0,0,4992.6
901,perCombination,2,-64,4992.6,0.2,1,0.2,2410
902,perCombination,2,-64,5271.3,0.2,0,0,5271.3
902,perCombination,2,-64,5271.3,0.2,1,0.2,2410
903,perCombination,2,-64,5550,0.2,0,0,5550
903,perCombination,2,-64,5550,0.2,1,0.2,2410
925,perCombination,2,-96,-178,0.2,0,0,-178
925,perCombination,2,-96,-178,0.2,1,0.2,-178
926,perCombination,2,-96,156.15,0.2,0,0,156.15
926,perCombination,2,-96,156.15,0.2,1,0.2,-123.5
927,perCombination,2,-96,490.3,0.2,0,0,490.3
927,perCombination,2,-96,490.3,0.2,1,0.2,-123.5
928,perCombination,2,-96,824.45,0.2,0,0,824.45
928,perCombination,2,-96,824.45,0.2,1,0.2,-123.5
929,perCombination,2,-96,1158.6,0.2,0,0,1158.6
929,perCombination,2,-96,1158.6,0.2,1,0.2,-123.5
930,perCombination,2,-96,1492.75,0.2,0,0,1492.75
930,perCombination,2,-96,1492.75,0.2,1,0.2,-123.5
931,perCombination,2,-96,1826.9,0.2,0,0,1826.9
931,perCombination,2,-96,1826.9,0.2,1,0.2,-123.5
932,perCombination,2,-96,2161.05,0.2,0,0,2161.05
932,perCombination,2,-96,2161.05,0.2,1,0.2,-123.5
933,perCombination,2,-96,2495.2,0.2,0,0,2495.2
933,perCombination,2,-96,2495.2,0.2,1,0.2,-123.5
934,perCombination,2,-96,2829.35,0.2,0,0,2829.35
934,perCombination,2,-96,2829.35,0.2,1,0.2,-123.5
935,perCombination,2,-96,3163.5,0.2,0,0,3163.5
935,perCombination,2,-96,3163.5,0.2,1,0.2,-123.5
936,perCombination,2,-96,3497.65,0.2,0,0,3497.65
936,perCombination,2,-96,3497.65,0.2,1,0.2,-123.5
937,perCombination,2,-96,3831.8,0.2,0,0,3831.8
937,perCombination,2,-96,3831.8,0.2,1,0.2,-123.5
938,perCombination,2,-96,4165.95,0.2,0,0,4165.95
938,perCombination,2,-96,4165.95,0.2,1,0.2,-123.5
939,perCombination,2,-96,4500.1,0.2,0,0,4500.1
939,perCombination,2,-96,4500.1,0.2,1,0.2,-122
940,perCombination,2,-96,4834.25,0.2,0,0,4834.25
940,perCombination,2,-96,4834.25,0.2,1,0.2,-45.25
941,perCombination,2,-96,5168.4,0.2,0,0,5168.4
941,perCombination,2,-96,5168.4,0.2,1,0.2,175.25
942,perCombination,2,-96,5502.55,0.2,0,0,5502.55
942,perCombination,2,-96,5502.55,0.2,1,0.2,459.5
943,perCombination,2,-96,5836.7,0.2,0,0,5836.7
943,perCombination,2,-96,5836.7,0.2,1,0.2,459.5
944,perCombination,2,-96,6170.85,0.2,0,0,6170.85
944,perCombination,2,-96,6170.85,0.2,1,0.2,459.5
945,perCombination,2,-96,6505,0.2,0,0,6505
945,perCombination,2,-96,6505,0.2,1,0.2,459.5
967,perCombination,2,-128,-278,0.2,0,0,-278
967,perCombination,2,-128,-278,0.2,1,0.2,-278
968,perCombination,2,-128,67.8,0.2,0,0,67.8
968,perCombination,2,-128,67.8,0.2,1,0.2,-223.5
969,perCombination,2,-128,413.6,0.2,0,0,413.6
969,perCombination,2,-128,413.6,0.2,1,0.2,-223.5
970,perCombination,2,-128,759.4,0.2,0,0,759.4
970,perCombination,2,-128,759.4,0.2,1,0.2,-223.5
971,perCombination,2,-128,1105.2,0.2,0,0,1105.2
971,perCombination,2,-128,1105.2,0.2,1,0.2,-223.5
972,perCombination,2,-128,1451,0.2,0,0,1451
972,perCombination,2,-128,1451,0.2,1,0.2,-223.5
973,perCombination,2,-128,1796.8,0.2,0,0,1796.8
973,perCombination,2,-128,1796.8,0.2,1,0.2,-223.5
974,perCombination,2,-128,2142.6,0.2,0,0,2142.6
974,perCombination,2,-128,2142.6,0.2,1,0.2,-223.5
975,perCombination,2,-128,2488.4,0.2,0,0,2488.4
975,perCombination,2,-128,2488.4,0.2,1,0.2,-223.5
976,perCombination,2,-128,2834.2,0.2,0,0,2834.2
976,perCombination,2,-128,2834.2,0.2,1,0.2,-223.5
977,perCombination,2,-128,3180,0.2,0,0,3180
977,perCombination,2,-128,3180,0.2,1,0.2,-223.5
978,perCombination,2,-128,3525.8,0.2,0,0,3525.8
978,perCombination,2,-128,3525.8,0.2,1,0.2,-223.5
979,perCombination,2,-128,3871.6,0.2,0,0,3871.6
979,perCombination,2,-128,3871.6,0.2,1,0.2,-223.5
980,perCombination,2,-128,4217.4,0.2,0,0,4217.4
980,perCombination,2,-128,4217.4,0.2,1,0.2,-223.5
981,perCombination,2,-128,4563.2,0.2,0,0,4563.2
981,perCombination,2,-128,4563.2,0.2,1,0.2,-223.5
982,perCombination,2,-128,4909,0.2,0,0,4909
982,perCombination,2,-128,4909,0.2,1,0.2,-223.5
983,perCombination,2,-128,5254.8,0.2,0,0,5254.8
983,perCombination,2,-128,5254.8,0.2,1,0.2,-223.5
984,perCombination,2,-128,5600.6,0.2,0,0,5600.6
984,perCombination,2,-128,5600.6,0.2,1,0.2,-223.5
985,perCombination,2,-128,5946.4,0.2,0,0,5946.4
985,perCombination,2,-128,5946.4,0.2,1,0.2,-196.666666666667
986,perCombination,2,-128,6292.2,0.2,0,0,6292.2
986,perCombination,2,-128,6292.2,0.2,1,0.2,-104
987,perCombination,2,-128,6638,0.2,0,0,6638
987,perCombination,2,-128,6638,0.2,1,0.2,-104
1009,perCombination,2,-160,-420,0.2,0,0,-420
1009,perCombination,2,-160,-420,0.2,1,0.2,-420
1010,perCombination,2,-160,-66.1,0.2,0,0,-66.1
1010,perCombination,2,-160,-66.1,0.2,1,0.2,-300.4
1011,perCombination,2,-160,287.8,0.2,0,0,287.8
1011,perCombination,2,-160,287.8,0.2,1,0.2,-300.4
1012,perCombination,2,-160,641.7,0.2,0,0,641.7
1012,perCombination,2,-160,641.7,0.2,1,0.2,-300.4
1013,perCombination,2,-160,995.6,0.2,0,0,995.6
1013,perCombination,2,-160,995.6,0.2,1,0.2,-300.4
1014,perCombination,2,-160,1349.5,0.2,0,0,1349.5
1014,perCombination,2,-160,1349.5,0.2,1,0.2,-300.4
1015,perCombination,2,-160,1703.4,0.2,0,0,1703.4
1015,perCombination,2,-160,1703.4,0.2,1,0.2,-300.4
1016,perCombination,2,-160,2057.3,0.2,0,0,2057.3
1016,perCombination,2,-160,2057.3,0.2,1,0.2,-300.4
1017,perCombination,2,-160,2411.2,0.2,0,0,2411.2
1017,perCombination,2,-160,2411.2,0.2,1,0.2,-300.4
1018,perCombination,2,-160,2765.1,0.2,0,0,2765.1
1018,perCombination,2,-160,2765.1,0.2,1,0.2,-300.4
1019,perCombination,2,-160,3119,0.2,0,0,3119
1019,perCombination,2,-160,3119,0.2,1,0.2,-300.4
1020,perCombination,2,-160,3472.9,0.2,0,0,3472.9
1020,perCombination,2,-160,3472.9,0.2,1,0.2,-300.4
1021,perCombination,2,-160,3826.8,0.2,0,0,3826.8
1021,perCombination,2,-160,3826.8,0.2,1,0.2,-300.4
1022,perCombination,2,-160,4180.7,0.2,0,0,4180.7
1022,perCombination,2,-160,4180.7,0.2,1,0.2,-300.4
1023,perCombination,2,-160,4534.6,0.2,0,0,4534.6
1023,perCombination,2,-160,4534.6,0.2,1,0.2,-300.4
1024,perCombination,2,-160,4888.5,0.2,0,0,4888.5
1024,perCombination,2,-160,4888.5,0.2,1,0.2,-300.4
1025,perCombination,2,-160,5242.4,0.2,0,0,5242.4
1025,perCombination,2,-160,5242.4,0.2,1,0.2,-300.4
1026,perCombination,2,-160,5596.3,0.2,0,0,5596.3
1026,perCombination,2,-160,5596.3,0.2,1,0.2,-300.4
1027,perCombination,2,-160,5950.2,0.2,0,0,5950.2
1027,perCombination,2,-160,5950.2,0.2,1,0.2,-300.4
1028,perCombination,2,-160,6304.1,0.2,0,0,6304.1
1028,perCombination,2,-160,6304.1,0.2,1,0.2,-300.4
1029,perCombination,2,-160,6658,0.2,0,0,6658
1029,perCombination,2,-160,6658,0.2,1,0.2,-300.4
1051,perCombination,2,-192,-427,0.2,0,0,-427
1051,perCombination,2,-192,-427,0.2,1,0.2,-427
1052,perCombination,2,-192,-79.45,0.2,0,0,-79.45
1052,perCombination,2,-192,-79.45,0.2,1,0.2,-363.75
1053,perCombination,2,-192,268.1,0.2,0,0,268.1
1053,perCombination,2,-192,268.1,0.2,1,0.2,-363.75
1054,perCombination,2,-192,615.65,0.2,0,0,615.65
1054,perCombination,2,-192,615.65,0.2,1,0.2,-363.75
1055,perCombination,2,-192,963.2,0.2,0,0,963.2
1055,perCombination,2,-192,963.2,0.2,1,0.2,-363.75
1056,perCombination,2,-192,1310.75,0.2,0,0,1310.75
1056,perCombination,2,-192,1310.75,0.2,1,0.2,-363.75
1057,perCombination,2,-192,1658.3,0.2,0,0,1658.3
1057,perCombination,2,-192,1658.3,0.2,1,0.2,-363.75
1058,perCombination,2,-192,2005.85,0.2,0,0,2005.85
1058,perCombination,2,-192,2005.85,0.2,1,0.2,-363.75
1059,perCombination,2,-192,2353.4,0.2,0,0,2353.4
1059,perCombination,2,-192,2353.4,0.2,1,0.2,-363.75
1060,perCombination,2,-192,2700.95,0.2,0,0,2700.95
1060,perCombination,2,-192,2700.95,0.2,1,0.2,-363.75
1061,perCombination,2,-192,3048.5,0.2,0,0,3048.5
1061,perCombination,2,-192,3048.5,0.2,1,0.2,-363.75
1062,perCombination,2,-192,3396.05,0.2,0,0,3396.05
1062,perCombination,2,-192,3396.05,0.2,1,0.2,-363.75
1063,perCombination,2,-192,3743.6,0.2,0,0,3743.6
1063,perCombination,2,-192,3743.6,0.2,1,0.2,-363.75
1064,perCombination,2,-192,4091.15,0.2,0,0,4091.15
1064,perCombination,2,-192,4091.15,0.2,1,0.2,-363.75
1065,perCombination,2,-192,4438.7,0.2,0,0,4438.7
1065,perCombination,2,-192,4438.7,0.2,1,0.2,-363.75
1066,perCombination,2,-192,4786.25,0.2,0,0,4786.25
1066,perCombination,2,-192,4786.25,0.2,1,0.2,-363.75
1067,perCombination,2,-192,5133.8,0.2,0,0,5133.8
1067,perCombination,2,-192,5133.8,0.2,1,0.2,-363.75
1068,perCombination,2,-192,5481.35,0.2,0,0,5481.35
1068,perCombination,2,-192,5481.35,0.2,1,0.2,-363.75
1069,perCombination,2,-192,5828.9,0.2,0,0,5828.9
1069,perCombination,2,-192,5828.9,0.2,1,0.2,-363.75
1070,perCombination,2,-192,6176.45,0.2,0,0,6176.45
1070,perCombination,2,-192,6176.45,0.2,1,0.2,-363.75
1071,perCombination,2,-192,6524,0.2,0,0,6524
1071,perCombination,2,-192,6524,0.2,1,0.2,-363.75
1093,perCombination,2,-224,-438,0.2,0,0,-438
1093,perCombination,2,-224,-438,0.2,1,0.2,-438
1094,perCombination,2,-224,-79.1,0.2,0,0,-79.1
1094,perCombination,2,-224,-79.1,0.2,1,0.2,-394
1095,perCombination,2,-224,279.8,0.2,0,0,279.8
1095,perCombination,2,-224,279.8,0.2,1,0.2,-394
1096,perCombination,2,-224,638.7,0.2,0,0,638.7
1096,perCombination,2,-224,638.7,0.2,1,0.2,-394
1097,perCombination,2,-224,997.6,0.2,0,0,997.6
1097,perCombination,2,-224,997.6,0.2,1,0.2,-394
1098,perCombination,2,-224,1356.5,0.2,0,0,1356.5
1098,perCombination,2,-224,1356.5,0.2,1,0.2,-394
1099,perCombination,2,-224,1715.4,0.2,0,0,1715.4
1099,perCombination,2,-224,1715.4,0.2,1,0.2,-394
1100,perCombination,2,-224,2074.3,0.2,0,0,2074.3
1100,perCombination,2,-224,2074.3,0.2,1,0.2,-394
1101,perCombination,2,-224,2433.2,0.2,0,0,2433.2
1101,perCombination,2,-224,2433.2,0.2,1,0.2,-394
1102,perCombination,2,-224,2792.1,0.2,0,0,2792.1
1102,perCombination,2,-224,2792.1,0.2,1,0.2,-394
1103,perCombination,2,-224,3151,0.2,0,0,3151
1103,perCombination,2,-224,3151,0.2,1,0.2,-394
1104,perCombination,2,-224,3509.9,0.2,0,0,3509.9
1104,perCombination,2,-224,3509.9,0.2,1,0.2,-394
1105,perCombination,2,-224,3868.8,0.2,0,0,3868.8
1105,perCombination,2,-224,3868.8,0.2,1,0.2,-394
1106,perCombination,2,-224,4227.7,0.2,0,0,4227.7
1106,perCombination,2,-224,4227.7,0.2,1,0.2,-394
1107,perCombination,2,-224,4586.6,0.2,0,0,4586.6
1107,perCombination,2,-224,4586.6,0.2,1,0.2,-394
1108,perCombination,2,-224,4945.5,0.2,0,0,4945.5
1108,perCombination,2,-224,4945.5,0.2,1,0.2,-394
1109,perCombination,2,-224,5304.4,0.2,0,0,5304.4
1109,perCombination,2,-224,5304.4,0.2,1,0.2,-394
1110,perCombination,2,-224,5663.3,0.2,0,0,5663.3
1110,perCombination,2,-224,5663.3,0.2,1,0.2,-394
1111,perCombination,2,-224,6022.2,0.2,0,0,6022.2
1111,perCombination,2,-224,6022.2,0.2,1,0.2,-394
1112,perCombination,2,-224,6381.1,0.2,0,0,6381.1
1112,perCombination,2,-224,6381.1,0.2,1,0.2,-394
1113,perCombination,2,-224,6740,0.2,0,0,6740
1113,perCombination,2,-224,6740,0.2,1,0.2,-394
1135,perCombination,2,-255,-477,0.2,0,0,-477
1135,perCombination,2,-255,-477,0.2,1,0.2,-477
1136,perCombination,2,-255,-112.1,0.2,0,0,-112.1
1136,perCombination,2,-255,-112.1,0.2,1,0.2,-437.333333333333
1137,perCombination,2,-255,252.8,0.2,0,0,252.8
1137,perCombination,2,-255,252.8,0.2,1,0.2,-437.333333333333
1138,perCombination,2,-255,617.7,0.2,0,0,617.7
1138,perCombination,2,-255,617.7,0.2,1,0.2,-437.333333333333
1139,perCombination,2,-255,982.6,0.2,0,0,982.6
1139,perCombination,2,-255,982.6,0.2,1,0.2,-437.333333333333
1140,perCombination,2,-255,1347.5,0.2,0,0,1347.5
1140,perCombination,2,-255,1347.5,0.2,1,0.2,-437.333333333333
1141,perCombination,2,-255,1712.4,0.2,0,0,1712.4
1141,perCombination,2,-255,1712.4,0.2,1,0.2,-437.333333333333
1142,perCombination,2,-255,2077.3,0.2,0,0,2077.3
1142,perCombination,2,-255,2077.3,0.2,1,0.2,-437.333333333333
1143,perCombination,2,-255,2442.2,0.2,0,0,2442.2
1143,perCombination,2,-255,2442.2,0.2,1,0.2,-437.333333333333
1144,perCombination,2,-255,2807.1,0.2,0,0,2807.1
1144,perCombination,2,-255,2807.1,0.2,1,0.2,-437.333333333333
1145,perCombination,2,-255,3172,0.2,0,0,3172
1145,perCombination,2,-255,3172,0.2,1,0.2,-437.333333333333
1146,perCombination,2,-255,3536.9,0.2,0,0,3536.9
1146,perCombination,2,-255,3536.9,0.2,1,0.2,-437.333333333333
1147,perCombination,2,-255,3901.8,0.2,0,0,3901.8
1147,perCombination,2,-255,3901.8,0.2,1,0.2,-437.333333333333
1148,perCombination,2,-255,4266.7,0.2,0,0,4266.7
1148,perCombination,2,-255,4266.7,0.2,1,0.2,-437.333333333333
1149,perCombination,2,-255,4631.6,0.2,0,0,4631.6
1149,perCombination,2,-255,4631.6,0.2,1,0.2,-437.333333333333
1150,perCombination,2,-255,4996.5,0.2,0,0,4996.5
1150,perCombination,2,-255,4996.5,0.2,1,0.2,-437.333333333333
1151,perCombination,2,-255,5361.4,0.2,0,0,5361.4
1151,perCombination,2,-255,5361.4,0.2,1,0.2,-437.333333333333
1152,perCombination,2,-255,5726.3,0.2,0,0,5726.3
1152,perCombination,2,-255,5726.3,0.2,1,0.2,-437.333333333333
1153,perCombination,2,-255,6091.2,0.2,0,0,6091.2
1153,perCombination,2,-255,6091.2,0.2,1,0.2,-437.333333333333
1154,perCombination,2,-255,6456.1,0.2,0,0,6456.1
1154,perCombination,2,-255,6456.1,0.2,1,0.2,-437.333333333333
1155,perCombination,2,-255,6821,0.2,0,0,6821
1155,perCombination,2,-255,6821,0.2,1,0.2,-437.333333333333
1177,perCombination,3,64,0,0.2,0,0,0
1177,perCombination,3,64,0,0.2,1,0.2,3181.66666666667
1178,perCombination,3,64,233.85,0.2,0,0,233.85
1178,perCombination,3,64,233.85,0.2,1,0.2,3492.33333333333
1179,perCombination,3,64,467.7,0.2,0,0,467.7
1179,perCombination,3,64,467.7,0.2,1,0.2,3659
1180,perCombination,3,64,701.55,0.2,0,0,701.55
1180,perCombination,3,64,701.55,0.2,1,0.2,3775.33333333333
1181,perCombination,3,64,935.4,0.2,0,0,935.4
1181,perCombination,3,64,935.4,0.2,1,0.2,3861
1182,perCombination,3,64,1169.25,0.2,0,0,1169.25
1182,perCombination,3,64,1169.25,0.2,1,0.2,3933.33333333333
1183,perCombination,3,64,1403.1,0.2,0,0,1403.1
1183,perCombination,3,64,1403.1,0.2,1,0.2,4000
1184,perCombination,3,64,1636.95,0.2,0,0,1636.95
1184,perCombination,3,64,1636.95,0.2,1,0.2,4063.66666666667
1185,perCombination,3,64,1870.8,0.2,0,0,1870.8
1185,perCombination,3,64,1870.8,0.2,1,0.2,4107
1186,perCombination,3,64,2104.65,0.2,0,0,2104.65
1186,perCombination,3,64,2104.65,0.2,1,0.2,4136.66666666667
1187,perCombination,3,64,2338.5,0.2,0,0,2338.5
1187,perCombination,3,64,2338.5,0.2,1,0.2,4150
1188,perCombination,3,64,2572.35,0.2,0,0,2572.35
1188,perCombination,3,64,2572.35,0.2,1,0.2,4156.33333333333
1189,perCombination,3,64,2806.2,0.2,0,0,2806.2
1189,perCombination,3,64,2806.2,0.2,1,0.2,4157.33333333333
1190,perCombination,3,64,3040.05,0.2,0,0,3040.05
1190,perCombination,3,64,3040.05,0.2,1,0.2,4157.66666666667
1191,perCombination,3,64,3273.9,0.2,0,0,3273.9
1191,perCombination,3,64,3273.9,0.2,1,0.2,4160
1192,perCombination,3,64,3507.75,0.2,0,0,3507.75
1192,perCombination,3,64,3507.75,0.2,1,0.2,4160.33333333333
1193,perCombination,3,64,3741.6,0.2,0,0,3741.6
1193,perCombination,3,64,3741.6,0.2,1,0.2,4161.33333333333
1194,perCombination,3,64,3975.45,0.2,0,0,3975.45
1194,perCombination,3,64,3975.45,0.2,1,0.2,4189
1195,perCombination,3,64,4209.3,0.2,0,0,4209.3
1195,perCombination,3,64,4209.3,0.2,1,0.2,4223.66666666667
1196,perCombination,3,64,4443.15,0.2,0,0,4443.15
1196,perCombination,3,64,4443.15,0.2,1,0.2,4524.33333333333
1197,perCombination,3,64,4677,0.2,0,0,4677
1197,perCombination,3,64,4677,0.2,1,0.2,4677
1219,perCombination,3,96,0,0.2,0,0,0
1219,perCombination,3,96,0,0.2,1,0.2,3427.75
1220,perCombination,3,96,303.85,0.2,0,0,303.85
1220,perCombination,3,96,303.85,0.2,1,0.2,3486.75
1221,perCombination,3,96,607.7,0.2,0,0,607.7
1221,perCombination,3,96,607.7,0.2,1,0.2,3505.5
1222,perCombination,3,96,911.55,0.2,0,0,911.55
1222,perCombination,3,96,911.55,0.2,1,0.2,3519
1223,perCombination,3,96,1215.4,0.2,0,0,1215.4
1223,perCombination,3,96,1215.4,0.2,1,0.2,3535.5
1224,perCombination,3,96,1519.25,0.2,0,0,1519.25
1224,perCombination,3,96,1519.25,0.2,1,0.2,3555.75
1225,perCombination,3,96,1823.1,0.2,0,0,1823.1
1225,perCombination,3,96,1823.1,0.2,1,0.2,3575
1226,perCombination,3,96,2126.95,0.2,0,0,2126.95
1226,perCombination,3,96,2126.95,0.2,1,0.2,3612
1227,perCombination,3,96,2430.8,0.2,0,0,2430.8
1227,perCombination,3,96,2430.8,0.2,1,0.2,3650
1228,perCombination,3,96,2734.65,0.2,0,0,2734.65
1228,perCombination,3,96,2734.65,0.2,1,0.2,3684.5
1229,perCombination,3,96,3038.5,0.2,0,0,3038.5
1229,perCombination,3,96,3038.5,0.2,1,0.2,3705.75
1230,perCombination,3,96,3342.35,0.2,0,0,3342.35
1230,perCombination,3,96,3342.35,0.2,1,0.2,3718
1231,perCombination,3,96,3646.2,0.2,0,0,3646.2
1231,perCombination,3,96,3646.2,0.2,1,0.2,3761.25
1232,perCombination,3,96,3950.05,0.2,0,0,3950.05
1232,perCombination,3,96,3950.05,0.2,1,0.2,4518.5
1233,perCombination,3,96,4253.9,0.2,0,0,4253.9
1233,perCombination,3,96,4253.9,0.2,1,0.2,4583.75
1234,perCombination,3,96,4557.75,0.2,0,0,4557.75
1234,perCombination,3,96,4557.75,0.2,1,0.2,4944.5
1235,perCombination,3,96,4861.6,0.2,0,0,4861.6
1235,perCombination,3,96,4861.6,0.2,1,0.2,4944.5
1236,perCombination,3,96,5165.45,0.2,0,0,5165.45
1236,perCombination,3,96,5165.45,0.2,1,0.2,5165.45
1237,perCombination,3,96,5469.3,0.2,0,0,5469.3
1237,perCombination,3,96,5469.3,0.2,1,0.2,5469.3
1238,perCombination,3,96,5773.15,0.2,0,0,5773.15
1238,perCombination,3,96,5773.15,0.2,1,0.2,5773.15
1239,perCombination,3,96,6077,0.2,0,0,6077
1239,perCombination,3,96,6077,0.2,1,0.2,6077
1261,perCombination,3,128,0,0.2,0,0,0
1261,perCombination,3,128,0,0.2,1,0.2,6414.83333333333
1262,perCombination,3,128,391.9,0.2,0,0,391.9
1262,perCombination,3,128,391.9,0.2,1,0.2,6824.66666666667
1263,perCombination,3,128,783.8,0.2,0,0,783.8
1263,perCombination,3,128,783.8,0.2,1,0.2,6953.66666666667
1264,perCombination,3,128,1175.7,0.2,0,0,1175.7
1264,perCombination,3,128,1175.7,0.2,1,0.2,7042.16666666667
1265,perCombination,3,128,1567.6,0.2,0,0,1567.6
1265,perCombination,3,128,1567.6,0.2,1,0.2,7108.33333333333
1266,perCombination,3,128,1959.5,0.2,0,0,1959.5
1266,perCombination,3,128,1959.5,0.2,1,0.2,7169.83333333333
1267,perCombination,3,128,2351.4,0.2,0,0,2351.4
1267,perCombination,3,128,2351.4,0.2,1,0.2,7207.33333333333
1268,perCombination,3,128,2743.3,0.2,0,0,2743.3
1268,perCombination,3,128,2743.3,0.2,1,0.2,7226.83333333333
1269,perCombination,3,128,3135.2,0.2,0,0,3135.2
1269,perCombination,3,128,3135.2,0.2,1,0.2,7243
1270,perCombination,3,128,3527.1,0.2,0,0,3527.1
1270,perCombination,3,128,3527.1,0.2,1,0.2,7258
1271,perCombination,3,128,3919,0.2,0,0,3919
1271,perCombination,3,128,3919,0.2,1,0.2,7274.33333333333
1272,perCombination,3,128,4310.9,0.2,0,0,4310.9
1272,perCombination,3,128,4310.9,0.2,1,0.2,7293
1273,perCombination,3,128,4702.8,0.2,0,0,4702.8
1273,perCombination,3,128,4702.8,0.2,1,0.2,7314.83333333333
1274,perCombination,3,128,5094.7,0.2,0,0,5094.7
1274,perCombination,3,128,5094.7,0.2,1,0.2,7320.66666666667
1275,perCombination,3,128,5486.6,0.2,0,0,5486.6
1275,perCombination,3,128,5486.6,0.2,1,0.2,7321.16666666667
1276,perCombination,3,128,5878.5,0.2,0,0,5878.5
1276,perCombination,3,128,5878.5,0.2,1,0.2,7322.16666666667
1277,perCombination,3,128,6270.4,0.2,0,0,6270.4
1277,perCombination,3,128,6270.4,0.2,1,0.2,7324
1278,perCombination,3,128,6662.3,0.2,0,0,6662.3
1278,perCombination,3,128,6662.3,0.2,1,0.2,7330.33333333333
1279,perCombination,3,128,7054.2,0.2,0,0,7054.2
1279,perCombination,3,128,7054.2,0.2,1,0.2,7334.5
1280,perCombination,3,128,7446.1,0.2,0,0,7446.1
1280,perCombination,3,128,7446.1,0.2,1,0.2,7446.1
1281,perCombination,3,128,7838,0.2,0,0,7838
1281,perCombination,3,128,7838,0.2,1,0.2,7838
1303,perCombination,3,160,0,0.2,0,0,0
1303,perCombination,3,160,0,0.2,1,0.2,7464.4
1304,perCombination,3,160,395.15,0.2,0,0,395.15
1304,perCombination,3,160,395.15,0.2,1,0.2,7510
1305,perCombination,3,160,790.3,0.2,0,0,790.3
1305,perCombination,3,160,790.3,0.2,1,0.2,7531.4
1306,perCombination,3,160,1185.45,0.2,0,0,1185.45
1306,perCombination,3,160,1185.45,0.2,1,0.2,7550.4
1307,perCombination,3,160,1580.6,0.2,0,0,1580.6
1307,perCombination,3,160,1580.6,0.2,1,0.2,7567.6
1308,perCombination,3,160,1975.75,0.2,0,0,1975.75
1308,perCombination,3,160,1975.75,0.2,1,0.2,7583.8
1309,perCombination,3,160,2370.9,0.2,0,0,2370.9
1309,perCombination,3,160,2370.9,0.2,1,0.2,7597.2
1310,perCombination,3,160,2766.05,0.2,0,0,2766.05
1310,perCombination,3,160,2766.05,0.2,1,0.2,7606.8
1311,perCombination,3,160,3161.2,0.2,0,0,3161.2
1311,perCombination,3,160,3161.2,0.2,1,0.2,7614
1312,perCombination,3,160,3556.35,0.2,0,0,3556.35
1312,perCombination,3,160,3556.35,0.2,1,0.2,7617.6
1313,perCombination,3,160,3951.5,0.2,0,0,3951.5
1313,perCombination,3,160,3951.5,0.2,1,0.2,7618
1314,perCombination,3,160,4346.65,0.2,0,0,4346.65
1314,perCombination,3,160,4346.65,0.2,1,0.2,7618
1315,perCombination,3,160,4741.8,0.2,0,0,4741.8
1315,perCombination,3,160,4741.8,0.2,1,0.2,7618
1316,perCombination,3,160,5136.95,0.2,0,0,5136.95
1316,perCombination,3,160,5136.95,0.2,1,0.2,7618.2
1317,perCombination,3,160,5532.1,0.2,0,0,5532.1
1317,perCombination,3,160,5532.1,0.2,1,0.2,7619.8
1318,perCombination,3,160,5927.25,0.2,0,0,5927.25
1318,perCombination,3,160,5927.25,0.2,1,0.2,7625.6
1319,perCombination,3,160,6322.4,0.2,0,0,6322.4
1319,perCombination,3,160,6322.4,0.2,1,0.2,7634.4
1320,perCombination,3,160,6717.55,0.2,0,0,6717.55
1320,perCombination,3,160,6717.55,0.2,1,0.2,7640.8
1321,perCombination,3,160,7112.7,0.2,0,0,7112.7
1321,perCombination,3,160,7112.7,0.2,1,0.2,7642.8
1322,perCombination,3,160,7507.85,0.2,0,0,7507.85
1322,perCombination,3,160,7507.85,0.2,1,0.2,7646.4
1323,perCombination,3,160,7903,0.2,0,0,7903
1323,perCombination,3,160,7903,0.2,1,0.2,7903
1345,perCombination,3,192,0,0.2,0,0,0
1345,perCombination,3,192,0,0.2,1,0.2,7510
1346,perCombination,3,192,395.6,0.2,0,0,395.6
1346,perCombination,3,192,395.6,0.2,1,0.2,7619
1347,perCombination,3,192,791.2,0.2,0,0,791.2
1347,perCombination,3,192,791.2,0.2,1,0.2,7647.33333333333
1348,perCombination,3,192,1186.8,0.2,0,0,1186.8
1348,perCombination,3,192,1186.8,0.2,1,0.2,7647
1349,perCombination,3,192,1582.4,0.2,0,0,1582.4
1349,perCombination,3,192,1582.4,0.2,1,0.2,7647
1350,perCombination,3,192,1978,0.2,0,0,1978
1350,perCombination,3,192,1978,0.2,1,0.2,7647
1351,perCombination,3,192,2373.6,0.2,0,0,2373.6
1351,perCombination,3,192,2373.6,0.2,1,0.2,7647
1352,perCombination,3,192,2769.2,0.2,0,0,2769.2
1352,perCombination,3,192,2769.2,0.2,1,0.2,7647
1353,perCombination,3,192,3164.8,0.2,0,0,3164.8
1353,perCombination,3,192,3164.8,0.2,1,0.2,7647
1354,perCombination,3,192,3560.4,0.2,0,0,3560.4
1354,perCombination,3,192,3560.4,0.2,1,0.2,7647
1355,perCombination,3,192,3956,0.2,0,0,3956
1355,perCombination,3,192,3956,0.2,1,0.2,7647
1356,perCombination,3,192,4351.6,0.2,0,0,4351.6
1356,perCombination,3,192,4351.6,0.2,1,0.2,7647
1357,perCombination,3,192,4747.2,0.2,0,0,4747.2
1357,perCombination,3,192,4747.2,0.2,1,0.2,7647
1358,perCombination,3,192,5142.8,0.2,0,0,5142.8
1358,perCombination,3,192,5142.8,0.2,1,0.2,7647
1359,perCombination,3,192,5538.4,0.2,0,0,5538.4
1359,perCombination,3,192,5538.4,0.2,1,0.2,7647
1360,perCombination,3,192,5934,0.2,0,0,5934
1360,perCombination,3,192,5934,0.2,1,0.2,7647
1361,perCombination,3,192,6329.6,0.2,0,0,6329.6
1361,perCombination,3,192,6329.6,0.2,1,0.2,7647
1362,perCombination,3,192,6725.2,0.2,0,0,6725.2
1362,perCombination,3,192,6725.2,0.2,1,0.2,7647
1363,perCombination,3,192,7120.8,0.2,0,0,7120.8
1363,perCombination,3,192,7120.8,0.2,1,0.2,7647
1364,perCombination,3,192,7516.4,0.2,0,0,7516.4
1364,perCombination,3,192,7516.4,0.2,1,0.2,7647
1365,perCombination,3,192,7912,0.2,0,0,7912
1365,perCombination,3,192,7912,0.2,1,0.2,7912
1387,perCombination,3,224,0,0.2,0,0,0
1387,perCombination,3,224,0,0.2,1,0.2,7523.66666666667
1388,perCombination,3,224,387.4,0.2,0,0,387.4
1388,perCombination,3,224,387.4,0.2,1,0.2,7567.5
1389,perCombination,3,224,774.8,0.2,0,0,774.8
1389,perCombination,3,224,774.8,0.2,1,0.2,7557.5
1390,perCombination,3,224,1162.2,0.2,0,0,1162.2
1390,perCombination,3,224,1162.2,0.2,1,0.2,7546
1391,perCombination,3,224,1549.6,0.2,0,0,1549.6
1391,perCombination,3,224,1549.6,0.2,1,0.2,7532.5
1392,perCombination,3,224,1937,0.2,0,0,1937
1392,perCombination,3,224,1937,0.2,1,0.2,7522.5
1393,perCombination,3,224,2324.4,0.2,0,0,2324.4
1393,perCombination,3,224,2324.4,0.2,1,0.2,7515.66666666667
1394,perCombination,3,224,2711.8,0.2,0,0,2711.8
1394,perCombination,3,224,2711.8,0.2,1,0.2,7513.66666666667
1395,perCombination,3,224,3099.2,0.2,0,0,3099.2
1395,perCombination,3,224,3099.2,0.2,1,0.2,7513.66666666667
1396,perCombination,3,224,3486.6,0.2,0,0,3486.6
1396,perCombination,3,224,3486.6,0.2,1,0.2,7513.66666666667
1397,perCombination,3,224,3874,0.2,0,0,3874
1397,perCombination,3,224,3874,0.2,1,0.2,7513.66666666667
1398,perCombination,3,224,4261.4,0.2,0,0,4261.4
1398,perCombination,3,224,4261.4,0.2,1,0.2,7513.66666666667
1399,perCombination,3,224,4648.8,0.2,0,0,4648.8
1399,perCombination,3,224,4648.8,0.2,1,0.2,7513.66666666667
1400,perCombination,3,224,5036.2,0.2,0,0,5036.2
1400,perCombination,3,224,5036.2,0.2,1,0.2,7513.66666666667
1401,perCombination,3,224,5423.6,0.2,0,0,5423.6
1401,perCombination,3,224,5423.6,0.2,1,0.2,7513.66666666667
1402,perCombination,3,224,5811,0.2,0,0,5811
1402,perCombination,3,224,5811,0.2,1,0.2,7513.66666666667
1403,perCombination,3,224,6198.4,0.2,0,0,6198.4
1403,perCombination,3,224,6198.4,0.2,1,0.2,7513.66666666667
1404,perCombination,3,224,6585.8,0.2,0,0,6585.8
1404,perCombination,3,224,6585.8,0.2,1,0.2,7513.66666666667
1405,perCombination,3,224,6973.2,0.2,0,0,6973.2
1405,perCombination,3,224,6973.2,0.2,1,0.2,7513.66666666667
1406,perCombination,3,224,7360.6,0.2,0,0,7360.6
1406,perCombination,3,224,7360.6,0.2,1,0.2,7513.66666666667
1407,perCombination,3,224,7748,0.2,0,0,7748
1407,perCombination,3,224,7748,0.2,1,0.2,7748
1429,perCombination,3,255,0,0.2,0,0,0
1429,perCombination,3,255,0,0.2,1,0.2,7509.66666666667
1430,perCombination,3,255,389.75,0.2,0,0,389.75
1430,perCombination,3,255,389.75,0.2,1,0.2,7549.83333333333
1431,perCombination,3,255,779.5,0.2,0,0,779.5
1431,perCombination,3,255,779.5,0.2,1,0.2,7563
1432,perCombination,3,255,1169.25,0.2,0,0,1169.25
1432,perCombination,3,255,1169.25,0.2,1,0.2,7576.66666666667
1433,perCombination,3,255,1559,0.2,0,0,1559
1433,perCombination,3,255,1559,0.2,1,0.2,7585.5
1434,perCombination,3,255,1948.75,0.2,0,0,1948.75
1434,perCombination,3,255,1948.75,0.2,1,0.2,7593
1435,perCombination,3,255,2338.5,0.2,0,0,2338.5
1435,perCombination,3,255,2338.5,0.2,1,0.2,7600.16666666667
1436,perCombination,3,255,2728.25,0.2,0,0,2728.25
1436,perCombination,3,255,2728.25,0.2,1,0.2,7602.5
1437,perCombination,3,255,3118,0.2,0,0,3118
1437,perCombination,3,255,3118,0.2,1,0.2,7602.5
1438,perCombination,3,255,3507.75,0.2,0,0,3507.75
1438,perCombination,3,255,3507.75,0.2,1,0.2,7602.5
1439,perCombination,3,255,3897.5,0.2,0,0,3897.5
1439,perCombination,3,255,3897.5,0.2,1,0.2,7602.5
1440,perCombination,3,255,4287.25,0.2,0,0,4287.25
1440,perCombination,3,255,4287.25,0.2,1,0.2,7602.5
1441,perCombination,3,255,4677,0.2,0,0,4677
1441,perCombination,3,255,4677,0.2,1,0.2,7602.5
1442,perCombination,3,255,5066.75,0.2,0,0,5066.75
1442,perCombination,3,255,5066.75,0.2,1,0.2,7602.5
1443,perCombination,3,255,5456.5,0.2,0,0,5456.5
1443,perCombination,3,255,5456.5,0.2,1,0.2,7602.5
1444,perCombination,3,255,5846.25,0.2,0,0,5846.25
1444,perCombination,3,255,5846.25,0.2,1,0.2,7602.5
1445,perCombination,3,255,6236,0.2,0,0,6236
1445,perCombination,3,255,6236,0.2,1,0.2,7602.5
1446,perCombination,3,255,6625.75,0.2,0,0,6625.75
1446,perCombination,3,255,6625.75,0.2,1,0.2,7602.5
1447,perCombination,3,255,7015.5,0.2,0,0,7015.5
1447,perCombination,3,255,7015.5,0.2,1,0.2,7602.5
1448,perCombination,3,255,7405.25,0.2,0,0,7405.25
1448,perCombination,3,255,7405.25,0.2,1,0.2,7602.5
1449,perCombination,3,255,7795,0.2,0,0,7795
1449,perCombination,3,255,7795,0.2,1,0.2,7795
1471,perCombination,3,-64,-112,0.2,0,0,-112
1471,perCombination,3,-64,-112,0.2,1,0.2,-112
1472,perCombination,3,-64,226.8,0.2,0,0,226.8
1472,perCombination,3,-64,226.8,0.2,1,0.2,-16.3333333333333
1473,perCombination,3,-64,565.6,0.2,0,0,565.6
1473,perCombination,3,-64,565.6,0.2,1,0.2,-15.6666666666667
1474,perCombination,3,-64,904.4,0.2,0,0,904.4
1474,perCombination,3,-64,904.4,0.2,1,0.2,-15
1475,perCombination,3,-64,1243.2,0.2,0,0,1243.2
1475,perCombination,3,-64,1243.2,0.2,1,0.2,-15
1476,perCombination,3,-64,1582,0.2,0,0,1582
1476,perCombination,3,-64,1582,0.2,1,0.2,-14.3333333333333
1477,perCombination,3,-64,1920.8,0.2,0,0,1920.8
1477,perCombination,3,-64,1920.8,0.2,1,0.2,-14.3333333333333
1478,perCombination,3,-64,2259.6,0.2,0,0,2259.6
1478,perCombination,3,-64,2259.6,0.2,1,0.2,-14.3333333333333
1479,perCombination,3,-64,2598.4,0.2,0,0,2598.4
1479,perCombination,3,-64,2598.4,0.2,1,0.2,-14.3333333333333
1480,perCombination,3,-64,2937.2,0.2,0,0,2937.2
1480,perCombination,3,-64,2937.2,0.2,1,0.2,-14.3333333333333
1481,perCombination,3,-64,3276,0.2,0,0,3276
1481,perCombination,3,-64,3276,0.2,1,0.2,4.66666666666667
1482,perCombination,3,-64,3614.8,0.2,0,0,3614.8
1482,perCombination,3,-64,3614.8,0.2,1,0.2,166.333333333333
1483,perCombination,3,-64,3953.6,0.2,0,0,3953.6
1483,perCombination,3,-64,3953.6,0.2,1,0.2,391.333333333333
1484,perCombination,3,-64,4292.4,0.2,0,0,4292.4
1484,perCombination,3,-64,4292.4,0.2,1,0.2,633.666666666667
1485,perCombination,3,-64,4631.2,0.2,0,0,4631.2
1485,perCombination,3,-64,4631.2,0.2,1,0.2,892
1486,perCombination,3,-64,4970,0.2,0,0,4970
1486,perCombination,3,-64,4970,0.2,1,0.2,1189.66666666667
1487,perCombination,3,-64,5308.8,0.2,0,0,5308.8
1487,perCombination,3,-64,5308.8,0.2,1,0.2,1541.66666666667
1488,perCombination,3,-64,5647.6,0.2,0,0,5647.6
1488,perCombination,3,-64,5647.6,0.2,1,0.2,1541.66666666667
1489,perCombination,3,-64,5986.4,0.2,0,0,5986.4
1489,perCombination,3,-64,5986.4,0.2,1,0.2,1541.66666666667
1490,perCombination,3,-64,6325.2,0.2,0,0,6325.2
1490,perCombination,3,-64,6325.2,0.2,1,0.2,1541.66666666667
1491,perCombination,3,-64,6664,0.2,0,0,6664
1491,perCombination,3,-64,6664,0.2,1,0.2,1541.66666666667
1513,perCombination,3,-96,-308,0.2,0,0,-308
1513,perCombination,3,-96,-308,0.2,1,0.2,-308
1514,perCombination,3,-96,19.85,0.2,0,0,19.85
1514,perCombination,3,-96,19.85,0.2,1,0.2,-266
1515,perCombination,3,-96,347.7,0.2,0,0,347.7
1515,perCombination,3,-96,347.7,0.2,1,0.2,-266
1516,perCombination,3,-96,675.55,0.2,0,0,675.55
1516,perCombination,3,-96,675.55,0.2,1,0.2,-266
1517,perCombination,3,-96,1003.4,0.2,0,0,1003.4
1517,perCombination,3,-96,1003.4,0.2,1,0.2,-266
1518,perCombination,3,-96,1331.25,0.2,0,0,1331.25
1518,perCombination,3,-96,1331.25,0.2,1,0.2,-266
1519,perCombination,3,-96,1659.1,0.2,0,0,1659.1
1519,perCombination,3,-96,1659.1,0.2,1,0.2,-266
1520,perCombination,3,-96,1986.95,0.2,0,0,1986.95
1520,perCombination,3,-96,1986.95,0.2,1,0.2,-266
1521,perCombination,3,-96,2314.8,0.2,0,0,2314.8
1521,perCombination,3,-96,2314.8,0.2,1,0.2,-266
1522,perCombination,3,-96,2642.65,0.2,0,0,2642.65
1522,perCombination,3,-96,2642.65,0.2,1,0.2,-266
1523,perCombination,3,-96,2970.5,0.2,0,0,2970.5
1523,perCombination,3,-96,2970.5,0.2,1,0.2,-266
1524,perCombination,3,-96,3298.35,0.2,0,0,3298.35
1524,perCombination,3,-96,3298.35,0.2,1,0.2,-266
1525,perCombination,3,-96,3626.2,0.2,0,0,3626.2
1525,perCombination,3,-96,3626.2,0.2,1,0.2,-266
1526,perCombination,3,-96,3954.05,0.2,0,0,3954.05
1526,perCombination,3,-96,3954.05,0.2,1,0.2,-266
1527,perCombination,3,-96,4281.9,0.2,0,0,4281.9
1527,perCombination,3,-96,4281.9,0.2,1,0.2,-266
1528,perCombination,3,-96,4609.75,0.2,0,0,4609.75
1528,perCombination,3,-96,4609.75,0.2,1,0.2,-266
1529,perCombination,3,-96,4937.6,0.2,0,0,4937.6
1529,perCombination,3,-96,4937.6,0.2,1,0.2,-266
1530,perCombination,3,-96,5265.45,0.2,0,0,5265.45
1530,perCombination,3,-96,5265.45,0.2,1,0.2,-266
1531,perCombination,3,-96,5593.3,0.2,0,0,5593.3
1531,perCombination,3,-96,5593.3,0.2,1,0.2,-266
1532,perCombination,3,-96,5921.15,0.2,0,0,5921.15
1532,perCombination,3,-96,5921.15,0.2,1,0.2,-238.25
1533,perCombination,3,-96,6249,0.2,0,0,6249
1533,perCombination,3,-96,6249,0.2,1,0.2,-238.25
1555,perCombination,3,-128,-532,0.2,0,0,-532
1555,perCombination,3,-128,-532,0.2,1,0.2,-532
1556,perCombination,3,-128,-113.5,0.2,0,0,-113.5
1556,perCombination,3,-128,-113.5,0.2,1,0.2,-453.5
1557,perCombination,3,-128,305,0.2,0,0,305
1557,perCombination,3,-128,305,0.2,1,0.2,-453.5
1558,perCombination,3,-128,723.5,0.2,0,0,723.5
1558,perCombination,3,-128,723.5,0.2,1,0.2,-453.5
1559,perCombination,3,-128,1142,0.2,0,0,1142
1559,perCombination,3,-128,1142,0.2,1,0.2,-453.5
1560,perCombination,3,-128,1560.5,0.2,0,0,1560.5
1560,perCombination,3,-128,1560.5,0.2,1,0.2,-453.5
1561,perCombination,3,-128,1979,0.2,0,0,1979
1561,perCombination,3,-128,1979,0.2,1,0.2,-453.5
1562,perCombination,3,-128,2397.5,0.2,0,0,2397.5
1562,perCombination,3,-128,2397.5,0.2,1,0.2,-453.5
1563,perCombination,3,-128,2816,0.2,0,0,2816
1563,perCombination,3,-128,2816,0.2,1,0.2,-453.5
1564,perCombination,3,-128,3234.5,0.2,0,0,3234.5
1564,perCombination,3,-128,3234.5,0.2,1,0.2,-453.5
1565,perCombination,3,-128,3653,0.2,0,0,3653
1565,perCombination,3,-128,3653,0.2,1,0.2,-453.5
1566,perCombination,3,-128,4071.5,0.2,0,0,4071.5
1566,perCombination,3,-128,4071.5,0.2,1,0.2,-453.5
1567,perCombination,3,-128,4490,0.2,0,0,4490
1567,perCombination,3,-128,4490,0.2,1,0.2,-453.5
1568,perCombination,3,-128,4908.5,0.2,0,0,4908.5
1568,perCombination,3,-128,4908.5,0.2,1,0.2,-453.5
1569,perCombination,3,-128,5327,0.2,0,0,5327
1569,perCombination,3,-128,5327,0.2,1,0.2,-453.5
1570,perCombination,3,-128,5745.5,0.2,0,0,5745.5
1570,perCombination,3,-128,5745.5,0.2,1,0.2,-453.5
1571,perCombination,3,-128,6164,0.2,0,0,6164
1571,perCombination,3,-128,6164,0.2,1,0.2,-453.5
1572,perCombination,3,-128,6582.5,0.2,0,0,6582.5
1572,perCombination,3,-128,6582.5,0.2,1,0.2,-445
1573,perCombination,3,-128,7001,0.2,0,0,7001
1573,perCombination,3,-128,7001,0.2,1,0.2,-373.666666666667
1574,perCombination,3,-128,7419.5,0.2,0,0,7419.5
1574,perCombination,3,-128,7419.5,0.2,1,0.2,-73.5
1575,perCombination,3,-128,7838,0.2,0,0,7838
1575,perCombination,3,-128,7838,0.2,1,0.2,-73.5
1597,perCombination,3,-160,-539,0.2,0,0,-539
1597,perCombination,3,-160,-539,0.2,1,0.2,-539
1598,perCombination,3,-160,-116.9,0.2,0,0,-116.9
1598,perCombination,3,-160,-116.9,0.2,1,0.2,-461
1599,perCombination,3,-160,305.2,0.2,0,0,305.2
1599,perCombination,3,-160,305.2,0.2,1,0.2,-461
1600,perCombination,3,-160,727.3,0.2,0,0,727.3
1600,perCombination,3,-160,727.3,0.2,1,0.2,-461
1601,perCombination,3,-160,1149.4,0.2,0,0,1149.4
1601,perCombination,3,-160,1149.4,0.2,1,0.2,-461
1602,perCombination,3,-160,1571.5,0.2,0,0,1571.5
1602,perCombination,3,-160,1571.5,0.2,1,0.2,-461
1603,perCombination,3,-160,1993.6,0.2,0,0,1993.6
1603,perCombination,3,-160,1993.6,0.2,1,0.2,-461
1604,perCombination,3,-160,2415.7,0.2,0,0,2415.7
1604,perCombination,3,-160,2415.7,0.2,1,0.2,-461
1605,perCombination,3,-160,2837.8,0.2,0,0,2837.8
1605,perCombination,3,-160,2837.8,0.2,1,0.2,-461
1606,perCombination,3,-160,3259.9,0.2,0,0,3259.9
1606,perCombination,3,-160,3259.9,0.2,1,0.2,-461
1607,perCombination,3,-160,3682,0.2,0,0,3682
1607,perCombination,3,-160,3682,0.2,1,0.2,-461
1608,perCombination,3,-160,4104.1,0.2,0,0,4104.1
1608,perCombination,3,-160,4104.1,0.2,1,0.2,-461
1609,perCombination,3,-160,4526.2,0.2,0,0,4526.2
1609,perCombination,3,-160,4526.2,0.2,1,0.2,-461
1610,perCombination,3,-160,4948.3,0.2,0,0,4948.3
1610,perCombination,3,-160,4948.3,0.2,1,0.2,-461
1611,perCombination,3,-160,5370.4,0.2,0,0,5370.4
1611,perCombination,3,-160,5370.4,0.2,1,0.2,-461
1612,perCombination,3,-160,5792.5,0.2,0,0,5792.5
1612,perCombination,3,-160,5792.5,0.2,1,0.2,-461
1613,perCombination,3,-160,6214.6,0.2,0,0,6214.6
1613,perCombination,3,-160,6214.6,0.2,1,0.2,-461
1614,perCombination,3,-160,6636.7,0.2,0,0,6636.7
1614,perCombination,3,-160,6636.7,0.2,1,0.2,-461
1615,perCombination,3,-160,7058.8,0.2,0,0,7058.8
1615,perCombination,3,-160,7058.8,0.2,1,0.2,-461
1616,perCombination,3,-160,7480.9,0.2,0,0,7480.9
1616,perCombination,3,-160,7480.9,0.2,1,0.2,-461
1617,perCombination,3,-160,7903,0.2,0,0,7903
1617,perCombination,3,-160,7903,0.2,1,0.2,-453.2
1639,perCombination,3,-192,-562,0.2,0,0,-562
1639,perCombination,3,-192,-562,0.2,1,0.2,-562
1640,perCombination,3,-192,-138.3,0.2,0,0,-138.3
1640,perCombination,3,-192,-138.3,0.2,1,0.2,-442.25
1641,perCombination,3,-192,285.4,0.2,0,0,285.4
1641,perCombination,3,-192,285.4,0.2,1,0.2,-442.25
1642,perCombination,3,-192,709.1,0.2,0,0,709.1
1642,perCombination,3,-192,709.1,0.2,1,0.2,-442.25
1643,perCombination,3,-192,1132.8,0.2,0,0,1132.8
1643,perCombination,3,-192,1132.8,0.2,1,0.2,-442.25
1644,perCombination,3,-192,1556.5,0.2,0,0,1556.5
1644,perCombination,3,-192,1556.5,0.2,1,0.2,-442.25
1645,perCombination,3,-192,1980.2,0.2,0,0,1980.2
1645,perCombination,3,-192,1980.2,0.2,1,0.2,-442.25
1646,perCombination,3,-192,2403.9,0.2,0,0,2403.9
1646,perCombination,3,-192,2403.9,0.2,1,0.2,-442.25
1647,perCombination,3,-192,2827.6,0.2,0,0,2827.6
1647,perCombination,3,-192,2827.6,0.2,1,0.2,-442.25
1648,perCombination,3,-192,3251.3,0.2,0,0,3251.3
1648,perCombination,3,-192,3251.3,0.2,1,0.2,-442.25
1649,perCombination,3,-192,3675,0.2,0,0,3675
1649,perCombination,3,-192,3675,0.2,1,0.2,-442.25
1650,perCombination,3,-192,4098.7,0.2,0,0,4098.7
1650,perCombination,3,-192,4098.7,0.2,1,0.2,-442.25
1651,perCombination,3,-192,4522.4,0.2,0,0,4522.4
1651,perCombination,3,-192,4522.4,0.2,1,0.2,-442.25
1652,perCombination,3,-192,4946.1,0.2,0,0,4946.1
1652,perCombination,3,-192,4946.1,0.2,1,0.2,-442.25
1653,perCombination,3,-192,5369.8,0.2,0,0,5369.8
1653,perCombination,3,-192,5369.8,0.2,1,0.2,-442.25
1654,perCombination,3,-192,5793.5,0.2,0,0,5793.5
1654,perCombination,3,-192,5793.5,0.2,1,0.2,-442.25
1655,perCombination,3,-192,6217.2,0.2,0,0,6217.2
1655,perCombination,3,-192,6217.2,0.2,1,0.2,-442.25
1656,perCombination,3,-192,6640.9,0.2,0,0,6640.9
1656,perCombination,3,-192,6640.9,0.2,1,0.2,-442.25
1657,perCombination,3,-192,7064.6,0.2,0,0,7064.6
1657,perCombination,3,-192,7064.6,0.2,1,0.2,-442.25
1658,perCombination,3,-192,7488.3,0.2,0,0,7488.3
1658,perCombination,3,-192,7488.3,0.2,1,0.2,-442.25
1659,perCombination,3,-192,7912,0.2,0,0,7912
1659,perCombination,3,-192,7912,0.2,1,0.2,-442.25
1681,perCombination,3,-224,-745,0.2,0,0,-745
1681,perCombination,3,-224,-745,0.2,1,0.2,-745
1682,perCombination,3,-224,-320.35,0.2,0,0,-320.35
1682,perCombination,3,-224,-320.35,0.2,1,0.2,-558.166666666667
1683,perCombination,3,-224,104.3,0.2,0,0,104.3
1683,perCombination,3,-224,104.3,0.2,1,0.2,-558.166666666667
1684,perCombination,3,-224,528.95,0.2,0,0,528.95
1684,perCombination,3,-224,528.95,0.2,1,0.2,-558.166666666667
1685,perCombination,3,-224,953.6,0.2,0,0,953.6
1685,perCombination,3,-224,953.6,0.2,1,0.2,-558.166666666667
1686,perCombination,3,-224,1378.25,0.2,0,0,1378.25
1686,perCombination,3,-224,1378.25,0.2,1,0.2,-558.166666666667
1687,perCombination,3,-224,1802.9,0.2,0,0,1802.9
1687,perCombination,3,-224,1802.9,0.2,1,0.2,-558.166666666667
1688,perCombination,3,-224,2227.55,0.2,0,0,2227.55
1688,perCombination,3,-224,2227.55,0.2,1,0.2,-558.166666666667
1689,perCombination,3,-224,2652.2,0.2,0,0,2652.2
1689,perCombination,3,-224,2652.2,0.2,1,0.2,-558.166666666667
1690,perCombination,3,-224,3076.85,0.2,0,0,3076.85
1690,perCombination,3,-224,3076.85,0.2,1,0.2,-558.166666666667
1691,perCombination,3,-224,3501.5,0.2,0,0,3501.5
1691,perCombination,3,-224,3501.5,0.2,1,0.2,-558.166666666667
1692,perCombination,3,-224,3926.15,0.2,0,0,3926.15
1692,perCombination,3,-224,3926.15,0.2,1,0.2,-558.166666666667
1693,perCombination,3,-224,4350.8,0.2,0,0,4350.8
1693,perCombination,3,-224,4350.8,0.2,1,0.2,-558.166666666667
1694,perCombination,3,-224,4775.45,0.2,0,0,4775.45
1694,perCombination,3,-224,4775.45,0.2,1,0.2,-558.166666666667
1695,perCombination,3,-224,5200.1,0.2,0,0,5200.1
1695,perCombination,3,-224,5200.1,0.2,1,0.2,-558.166666666667
1696,perCombination,3,-224,5624.75,0.2,0,0,5624.75
1696,perCombination,3,-224,5624.75,0.2,1,0.2,-558.166666666667
1697,perCombination,3,-224,6049.4,0.2,0,0,6049.4
1697,perCombination,3,-224,6049.4,0.2,1,0.2,-558.166666666667
1698,perCombination,3,-224,6474.05,0.2,0,0,6474.05
1698,perCombination,3,-224,6474.05,0.2,1,0.2,-558.166666666667
1699,perCombination,3,-224,6898.7,0.2,0,0,6898.7
1699,perCombination,3,-224,6898.7,0.2,1,0.2,-558.166666666667
1700,perCombination,3,-224,7323.35,0.2,0,0,7323.35
1700,perCombination,3,-224,7323.35,0.2,1,0.2,-558.166666666667
1701,perCombination,3,-224,7748,0.2,0,0,7748
1701,perCombination,3,-224,7748,0.2,1,0.2,-558.166666666667
1723,perCombination,3,-255,-910,0.2,0,0,-910
1723,perCombination,3,-255,-910,0.2,1,0.2,-910
1724,perCombination,3,-255,-474.75,0.2,0,0,-474.75
1724,perCombination,3,-255,-474.75,0.2,1,0.2,-681.333333333333
1725,perCombination,3,-255,-39.5,0.2,0,0,-39.5
1725,perCombination,3,-255,-39.5,0.2,1,0.2,-681.333333333333
1726,perCombination,3,-255,395.75,0.2,0,0,395.75
1726,perCombination,3,-255,395.75,0.2,1,0.2,-681.333333333333
1727,perCombination,3,-255,831,0.2,0,0,831
1727,perCombination,3,-255,831,0.2,1,0.2,-681.333333333333
1728,perCombination,3,-255,1266.25,0.2,0,0,1266.25
1728,perCombination,3,-255,1266.25,0.2,1,0.2,-681.333333333333
1729,perCombination,3,-255,1701.5,0.2,0,0,1701.5
1729,perCombination,3,-255,1701.5,0.2,1,0.2,-681.333333333333
1730,perCombination,3,-255,2136.75,0.2,0,0,2136.75
1730,perCombination,3,-255,2136.75,0.2,1,0.2,-681.333333333333
1731,perCombination,3,-255,2572,0.2,0,0,2572
1731,perCombination,3,-255,2572,0.2,1,0.2,-681.333333333333
1732,perCombination,3,-255,3007.25,0.2,0,0,3007.25
1732,perCombination,3,-255,3007.25,0.2,1,0.2,-681.333333333333
1733,perCombination,3,-255,3442.5,0.2,0,0,3442.5
1733,perCombination,3,-255,3442.5,0.2,1,0.2,-681.333333333333
1734,perCombination,3,-255,3877.75,0.2,0,0,3877.75
1734,perCombination,3,-255,3877.75,0.2,1,0.2,-681.333333333333
1735,perCombination,3,-255,4313,0.2,0,0,4313
1735,perCombination,3,-255,4313,0.2,1,0.2,-681.333333333333
1736,perCombination,3,-255,4748.25,0.2,0,0,4748.25
1736,perCombination,3,-255,4748.25,0.2,1,0.2,-681.333333333333
1737,perCombination,3,-255,5183.5,0.2,0,0,5183.5
1737,perCombination,3,-255,5183.5,0.2,1,0.2,-681.333333333333
1738,perCombination,3,-255,5618.75,0.2,0,0,5618.75
1738,perCombination,3,-255,5618.75,0.2,1,0.2,-681.333333333333
1739,perCombination,3,-255,6054,0.2,0,0,6054
1739,perCombination,3,-255,6054,0.2,1,0.2,-681.333333333333
1740,perCombination,3,-255,6489.25,0.2,0,0,6489.25
1740,perCombination,3,-255,6489.25,0.2,1,0.2,-681.333333333333
1741,perCombination,3,-255,6924.5,0.2,0,0,6924.5
1741,perCombination,3,-255,6924.5,0.2,1,0.2,-681.333333333333
1742,perCombination,3,-255,7359.75,0.2,0,0,7359.75
1742,perCombination,3,-255,7359.75,0.2,1,0.2,-681.333333333333
1743,perCombination,3,-255,7795,0.2,0,0,7795
1743,perCombination,3,-255,7795,0.2,1,0.2,-681.333333333333
1765,perCombination,4,64,0,0.2,0,0,0
1765,perCombination,4,64,0,0.2,1,0.2,3117.33333333333
1766,perCombination,4,64,302.5,0.2,0,0,302.5
1766,perCombination,4,64,302.5,0.2,1,0.2,3403.33333333333
1767,perCombination,4,64,605,0.2,0,0,605
1767,perCombination,4,64,605,0.2,1,0.2,3573
1768,perCombination,4,64,907.5,0.2,0,0,907.5
1768,perCombination,4,64,907.5,0.2,1,0.2,3712.33333333333
1769,perCombination,4,64,1210,0.2,0,0,1210
1769,perCombination,4,64,1210,0.2,1,0.2,3837.66666666667
1770,perCombination,4,64,1512.5,0.2,0,0,1512.5
1770,perCombination,4,64,1512.5,0.2,1,0.2,3942.66666666667
1771,perCombination,4,64,1815,0.2,0,0,1815
1771,perCombination,4,64,1815,0.2,1,0.2,4039.66666666667
1772,perCombination,4,64,2117.5,0.2,0,0,2117.5
1772,perCombination,4,64,2117.5,0.2,1,0.2,4135
1773,perCombination,4,64,2420,0.2,0,0,2420
1773,perCombination,4,64,2420,0.2,1,0.2,4271.66666666667
1774,perCombination,4,64,2722.5,0.2,0,0,2722.5
1774,perCombination,4,64,2722.5,0.2,1,0.2,4447.66666666667
1775,perCombination,4,64,3025,0.2,0,0,3025
1775,perCombination,4,64,3025,0.2,1,0.2,4649.33333333333
1776,perCombination,4,64,3327.5,0.2,0,0,3327.5
1776,perCombination,4,64,3327.5,0.2,1,0.2,4856
1777,perCombination,4,64,3630,0.2,0,0,3630
1777,perCombination,4,64,3630,0.2,1,0.2,5051.33333333333
1778,perCombination,4,64,3932.5,0.2,0,0,3932.5
1778,perCombination,4,64,3932.5,0.2,1,0.2,5226.33333333333
1779,perCombination,4,64,4235,0.2,0,0,4235
1779,perCombination,4,64,4235,0.2,1,0.2,5517
1780,perCombination,4,64,4537.5,0.2,0,0,4537.5
1780,perCombination,4,64,4537.5,0.2,1,0.2,5685.33333333333
1781,perCombination,4,64,4840,0.2,0,0,4840
1781,perCombination,4,64,4840,0.2,1,0.2,5713.66666666667
1782,perCombination,4,64,5142.5,0.2,0,0,5142.5
1782,perCombination,4,64,5142.5,0.2,1,0.2,5723
1783,perCombination,4,64,5445,0.2,0,0,5445
1783,perCombination,4,64,5445,0.2,1,0.2,5723
1784,perCombination,4,64,5747.5,0.2,0,0,5747.5
1784,perCombination,4,64,5747.5,0.2,1,0.2,6024.33333333333
1785,perCombination,4,64,6050,0.2,0,0,6050
1785,perCombination,4,64,6050,0.2,1,0.2,6050
1807,perCombination,4,96,0,0.2,0,0,0
1807,perCombination,4,96,0,0.2,1,0.2,4761.5
1808,perCombination,4,96,304.75,0.2,0,0,304.75
1808,perCombination,4,96,304.75,0.2,1,0.2,5179.25
1809,perCombination,4,96,609.5,0.2,0,0,609.5
1809,perCombination,4,96,609.5,0.2,1,0.2,5416.5
1810,perCombination,4,96,914.25,0.2,0,0,914.25
1810,perCombination,4,96,914.25,0.2,1,0.2,5605.25
1811,perCombination,4,96,1219,0.2,0,0,1219
1811,perCombination,4,96,1219,0.2,1,0.2,5777.75
1812,perCombination,4,96,1523.75,0.2,0,0,1523.75
1812,perCombination,4,96,1523.75,0.2,1,0.2,5906.75
1813,perCombination,4,96,1828.5,0.2,0,0,1828.5
1813,perCombination,4,96,1828.5,0.2,1,0.2,6043.5
1814,perCombination,4,96,2133.25,0.2,0,0,2133.25
1814,perCombination,4,96,2133.25,0.2,1,0.2,6049.75
1815,perCombination,4,96,2438,0.2,0,0,2438
1815,perCombination,4,96,2438,0.2,1,0.2,6049.75
1816,perCombination,4,96,2742.75,0.2,0,0,2742.75
1816,perCombination,4,96,2742.75,0.2,1,0.2,6049.75
1817,perCombination,4,96,3047.5,0.2,0,0,3047.5
1817,perCombination,4,96,3047.5,0.2,1,0.2,6049.75
1818,perCombination,4,96,3352.25,0.2,0,0,3352.25
1818,perCombination,4,96,3352.25,0.2,1,0.2,6049.75
1819,perCombination,4,96,3657,0.2,0,0,3657
1819,perCombination,4,96,3657,0.2,1,0.2,6049.75
1820,perCombination,4,96,3961.75,0.2,0,0,3961.75
1820,perCombination,4,96,3961.75,0.2,1,0.2,6049.75
1821,perCombination,4,96,4266.5,0.2,0,0,4266.5
1821,perCombination,4,96,4266.5,0.2,1,0.2,6049.75
1822,perCombination,4,96,4571.25,0.2,0,0,4571.25
1822,perCombination,4,96,4571.25,0.2,1,0.2,6049.75
1823,perCombination,4,96,4876,0.2,0,0,4876
1823,perCombination,4,96,4876,0.2,1,0.2,6049.75
1824,perCombination,4,96,5180.75,0.2,0,0,5180.75
1824,perCombination,4,96,5180.75,0.2,1,0.2,6049.75
1825,perCombination,4,96,5485.5,0.2,0,0,5485.5
1825,perCombination,4,96,5485.5,0.2,1,0.2,6049.75
1826,perCombination,4,96,5790.25,0.2,0,0,5790.25
1826,perCombination,4,96,5790.25,0.2,1,0.2,6049.75
1827,perCombination,4,96,6095,0.2,0,0,6095
1827,perCombination,4,96,6095,0.2,1,0.2,6095
1849,perCombination,4,128,0,0.2,0,0,0
1849,perCombination,4,128,0,0.2,1,0.2,6146.33333333333
1850,perCombination,4,128,309.2,0.2,0,0,309.2
1850,perCombination,4,128,309.2,0.2,1,0.2,6146.33333333333
1851,perCombination,4,128,618.4,0.2,0,0,618.4
1851,perCombination,4,128,618.4,0.2,1,0.2,6146.33333333333
1852,perCombination,4,128,927.6,0.2,0,0,927.6
1852,perCombination,4,128,927.6,0.2,1,0.2,6146.33333333333
1853,perCombination,4,128,1236.8,0.2,0,0,1236.8
1853,perCombination,4,128,1236.8,0.2,1,0.2,6146.33333333333
1854,perCombination,4,128,1546,0.2,0,0,1546
1854,perCombination,4,128,1546,0.2,1,0.2,6146.33333333333
1855,perCombination,4,128,1855.2,0.2,0,0,1855.2
1855,perCombination,4,128,1855.2,0.2,1,0.2,6146.33333333333
1856,perCombination,4,128,2164.4,0.2,0,0,2164.4
1856,perCombination,4,128,2164.4,0.2,1,0.2,6146.33333333333
1857,perCombination,4,128,2473.6,0.2,0,0,2473.6
1857,perCombination,4,128,2473.6,0.2,1,0.2,6146.33333333333
1858,perCombination,4,128,2782.8,0.2,0,0,2782.8
1858,perCombination,4,128,2782.8,0.2,1,0.2,6146.33333333333
1859,perCombination,4,128,3092,0.2,0,0,3092
1859,perCombination,4,128,3092,0.2,1,0.2,6146.33333333333
1860,perCombination,4,128,3401.2,0.2,0,0,3401.2
1860,perCombination,4,128,3401.2,0.2,1,0.2,6146.33333333333
1861,perCombination,4,128,3710.4,0.2,0,0,3710.4
1861,perCombination,4,128,3710.4,0.2,1,0.2,6146.33333333333
1862,perCombination,4,128,4019.6,0.2,0,0,4019.6
1862,perCombination,4,128,4019.6,0.2,1,0.2,6146.33333333333
1863,perCombination,4,128,4328.8,0.2,0,0,4328.8
1863,perCombination,4,128,4328.8,0.2,1,0.2,6146.33333333333
1864,perCombination,4,128,4638,0.2,0,0,4638
1864,perCombination,4,128,4638,0.2,1,0.2,6146.33333333333
1865,perCombination,4,128,4947.2,0.2,0,0,4947.2
1865,perCombination,4,128,4947.2,0.2,1,0.2,6146.33333333333
1866,perCombination,4,128,5256.4,0.2,0,0,5256.4
1866,perCombination,4,128,5256.4,0.2,1,0.2,6146.33333333333
1867,perCombination,4,128,5565.6,0.2,0,0,5565.6
1867,perCombination,4,128,5565.6,0.2,1,0.2,6146.33333333333
1868,perCombination,4,128,5874.8,0.2,0,0,5874.8
1868,perCombination,4,128,5874.8,0.2,1,0.2,6146.33333333333
1869,perCombination,4,128,6184,0.2,0,0,6184
1869,perCombination,4,128,6184,0.2,1,0.2,6184
1891,perCombination,4,160,0,0.2,0,0,0
1891,perCombination,4,160,0,0.2,1,0.2,6186.2
1892,perCombination,4,160,315.35,0.2,0,0,315.35
1892,perCombination,4,160,315.35,0.2,1,0.2,6186.2
1893,perCombination,4,160,630.7,0.2,0,0,630.7
1893,perCombination,4,160,630.7,0.2,1,0.2,6186.2
1894,perCombination,4,160,946.05,0.2,0,0,946.05
1894,perCombination,4,160,946.05,0.2,1,0.2,6186.2
1895,perCombination,4,160,1261.4,0.2,0,0,1261.4
1895,perCombination,4,160,1261.4,0.2,1,0.2,6186.2
1896,perCombination,4,160,1576.75,0.2,0,0,1576.75
1896,perCombination,4,160,1576.75,0.2,1,0.2,6186.2
1897,perCombination,4,160,1892.1,0.2,0,0,1892.1
1897,perCombination,4,160,1892.1,0.2,1,0.2,6186.2
1898,perCombination,4,160,2207.45,0.2,0,0,2207.45
1898,perCombination,4,160,2207.45,0.2,1,0.2,6186.2
1899,perCombination,4,160,2522.8,0.2,0,0,2522.8
1899,perCombination,4,160,2522.8,0.2,1,0.2,6186.2
1900,perCombination,4,160,2838.15,0.2,0,0,2838.15
1900,perCombination,4,160,2838.15,0.2,1,0.2,6186.2
1901,perCombination,4,160,3153.5,0.2,0,0,3153.5
1901,perCombination,4,160,3153.5,0.2,1,0.2,6186.2
1902,perCombination,4,160,3468.85,0.2,0,0,3468.85
1902,perCombination,4,160,3468.85,0.2,1,0.2,6186.2
1903,perCombination,4,160,3784.2,0.2,0,0,3784.2
1903,perCombination,4,160,3784.2,0.2,1,0.2,6186.2
1904,perCombination,4,160,4099.55,0.2,0,0,4099.55
1904,perCombination,4,160,4099.55,0.2,1,0.2,6186.2
1905,perCombination,4,160,4414.9,0.2,0,0,4414.9
1905,perCombination,4,160,4414.9,0.2,1,0.2,6186.2
1906,perCombination,4,160,4730.25,0.2,0,0,4730.25
1906,perCombination,4,160,4730.25,0.2,1,0.2,6186.2
1907,perCombination,4,160,5045.6,0.2,0,0,5045.6
1907,perCombination,4,160,5045.6,0.2,1,0.2,6186.2
1908,perCombination,4,160,5360.95,0.2,0,0,5360.95
1908,perCombination,4,160,5360.95,0.2,1,0.2,6186.2
1909,perCombination,4,160,5676.3,0.2,0,0,5676.3
1909,perCombination,4,160,5676.3,0.2,1,0.2,6186.2
1910,perCombination,4,160,5991.65,0.2,0,0,5991.65
1910,perCombination,4,160,5991.65,0.2,1,0.2,6186.2
1911,perCombination,4,160,6307,0.2,0,0,6307
1911,perCombination,4,160,6307,0.2,1,0.2,6307
1933,perCombination,4,192,0,0.2,0,0,0
1933,perCombination,4,192,0,0.2,1,0.2,6217.33333333333
1934,perCombination,4,192,312.45,0.2,0,0,312.45
1934,perCombination,4,192,312.45,0.2,1,0.2,6217.33333333333
1935,perCombination,4,192,624.9,0.2,0,0,624.9
1935,perCombination,4,192,624.9,0.2,1,0.2,6217.33333333333
1936,perCombination,4,192,937.35,0.2,0,0,937.35
1936,perCombination,4,192,937.35,0.2,1,0.2,6217.33333333333
1937,perCombination,4,192,1249.8,0.2,0,0,1249.8
1937,perCombination,4,192,1249.8,0.2,1,0.2,6217.33333333333
1938,perCombination,4,192,1562.25,0.2,0,0,1562.25
1938,perCombination,4,192,1562.25,0.2,1,0.2,6217.33333333333
1939,perCombination,4,192,1874.7,0.2,0,0,1874.7
1939,perCombination,4,192,1874.7,0.2,1,0.2,6217.33333333333
1940,perCombination,4,192,2187.15,0.2,0,0,2187.15
1940,perCombination,4,192,2187.15,0.2,1,0.2,6217.33333333333
1941,perCombination,4,192,2499.6,0.2,0,0,2499.6
1941,perCombination,4,192,2499.6,0.2,1,0.2,6217.33333333333
1942,perCombination,4,192,2812.05,0.2,0,0,2812.05
1942,perCombination,4,192,2812.05,0.2,1,0.2,6217.33333333333
1943,perCombination,4,192,3124.5,0.2,0,0,3124.5
1943,perCombination,4,192,3124.5,0.2,1,0.2,6217.33333333333
1944,perCombination,4,192,3436.95,0.2,0,0,3436.95
1944,perCombination,4,192,3436.95,0.2,1,0.2,6217.33333333333
1945,perCombination,4,192,3749.4,0.2,0,0,3749.4
1945,perCombination,4,192,3749.4,0.2,1,0.2,6217.33333333333
1946,perCombination,4,192,4061.85,0.2,0,0,4061.85
1946,perCombination,4,192,4061.85,0.2,1,0.2,6217.33333333333
1947,perCombination,4,192,4374.3,0.2,0,0,4374.3
1947,perCombination,4,192,4374.3,0.2,1,0.2,6217.33333333333
1948,perCombination,4,192,4686.75,0.2,0,0,4686.75
1948,perCombination,4,192,4686.75,0.2,1,0.2,6217.33333333333
1949,perCombination,4,192,4999.2,0.2,0,0,4999.2
1949,perCombination,4,192,4999.2,0.2,1,0.2,6217.33333333333
1950,perCombination,4,192,5311.65,0.2,0,0,5311.65
1950,perCombination,4,192,5311.65,0.2,1,0.2,6217.33333333333
1951,perCombination,4,192,5624.1,0.2,0,0,5624.1
1951,perCombination,4,192,5624.1,0.2,1,0.2,6217.33333333333
1952,perCombination,4,192,5936.55,0.2,0,0,5936.55
1952,perCombination,4,192,5936.55,0.2,1,0.2,6217.33333333333
1953,perCombination,4,192,6249,0.2,0,0,6249
1953,perCombination,4,192,6249,0.2,1,0.2,6249
1975,perCombination,4,224,0,0.2,0,0,0
1975,perCombination,4,224,0,0.2,1,0.2,6277.66666666667
1976,perCombination,4,224,320.3,0.2,0,0,320.3
1976,perCombination,4,224,320.3,0.2,1,0.2,6277.66666666667
1977,perCombination,4,224,640.6,0.2,0,0,640.6
1977,perCombination,4,224,640.6,0.2,1,0.2,6277.66666666667
1978,perCombination,4,224,960.9,0.2,0,0,960.9
1978,perCombination,4,224,960.9,0.2,1,0.2,6277.66666666667
1979,perCombination,4,224,1281.2,0.2,0,0,1281.2
1979,perCombination,4,224,1281.2,0.2,1,0.2,6277.66666666667
1980,perCombination,4,224,1601.5,0.2,0,0,1601.5
1980,perCombination,4,224,1601.5,0.2,1,0.2,6277.66666666667
1981,perCombination,4,224,1921.8,0.2,0,0,1921.8
1981,perCombination,4,224,1921.8,0.2,1,0.2,6277.66666666667
1982,perCombination,4,224,2242.1,0.2,0,0,2242.1
1982,perCombination,4,224,2242.1,0.2,1,0.2,6277.66666666667
1983,perCombination,4,224,2562.4,0.2,0,0,2562.4
1983,perCombination,4,224,2562.4,0.2,1,0.2,6277.66666666667
1984,perCombination,4,224,2882.7,0.2,0,0,2882.7
1984,perCombination,4,224,2882.7,0.2,1,0.2,6277.66666666667
1985,perCombination,4,224,3203,0.2,0,0,3203
1985,perCombination,4,224,3203,0.2,1,0.2,6277.66666666667
1986,perCombination,4,224,3523.3,0.2,0,0,3523.3
1986,perCombination,4,224,3523.3,0.2,1,0.2,6277.66666666667
1987,perCombination,4,224,3843.6,0.2,0,0,3843.6
1987,perCombination,4,224,3843.6,0.2,1,0.2,6277.66666666667
1988,perCombination,4,224,4163.9,0.2,0,0,4163.9
1988,perCombination,4,224,4163.9,0.2,1,0.2,6277.66666666667
1989,perCombination,4,224,4484.2,0.2,0,0,4484.2
1989,perCombination,4,224,4484.2,0.2,1,0.2,6277.66666666667
1990,perCombination,4,224,4804.5,0.2,0,0,4804.5
1990,perCombination,4,224,4804.5,0.2,1,0.2,6277.66666666667
1991,perCombination,4,224,5124.8,0.2,0,0,5124.8
1991,perCombination,4,224,5124.8,0.2,1,0.2,6277.66666666667
1992,perCombination,4,224,5445.1,0.2,0,0,5445.1
1992,perCombination,4,224,5445.1,0.2,1,0.2,6277.66666666667
1993,perCombination,4,224,5765.4,0.2,0,0,5765.4
1993,perCombination,4,224,5765.4,0.2,1,0.2,6277.66666666667
1994,perCombination,4,224,6085.7,0.2,0,0,6085.7
1994,perCombination,4,224,6085.7,0.2,1,0.2,6277.66666666667
1995,perCombination,4,224,6406,0.2,0,0,6406
1995,perCombination,4,224,6406,0.2,1,0.2,6406
2017,perCombination,4,255,0,0.2,0,0,0
2017,perCombination,4,255,0,0.2,1,0.2,6280.83333333333
2018,perCombination,4,255,325.1,0.2,0,0,325.1
2018,perCombination,4,255,325.1,0.2,1,0.2,6280.83333333333
2019,perCombination,4,255,650.2,0.2,0,0,650.2
2019,perCombination,4,255,650.2,0.2,1,0.2,6280.83333333333
2020,perCombination,4,255,975.3,0.2,0,0,975.3
2020,perCombination,4,255,975.3,0.2,1,0.2,6280.83333333333
2021,perCombination,4,255,1300.4,0.2,0,0,1300.4
2021,perCombination,4,255,1300.4,0.2,1,0.2,6280.83333333333
2022,perCombination,4,255,1625.5,0.2,0,0,1625.5
2022,perCombination,4,255,1625.5,0.2,1,0.2,6280.83333333333
2023,perCombination,4,255,1950.6,0.2,0,0,1950.6
2023,perCombination,4,255,1950.6,0.2,1,0.2,6280.83333333333
2024,perCombination,4,255,2275.7,0.2,0,0,2275.7
2024,perCombination,4,255,2275.7,0.2,1,0.2,6280.83333333333
2025,perCombination,4,255,2600.8,0.2,0,0,2600.8
2025,perCombination,4,255,2600.8,0.2,1,0.2,6280.83333333333
2026,perCombination,4,255,2925.9,0.2,0,0,2925.9
2026,perCombination,4,255,2925.9,0.2,1,0.2,6280.83333333333
2027,perCombination,4,255,3251,0.2,0,0,3251
2027,perCombination,4,255,3251,0.2,1,0.2,6280.83333333333
2028,perCombination,4,255,3576.1,0.2,0,0,3576.1
2028,perCombination,4,255,3576.1,0.2,1,0.2,6280.83333333333
2029,perCombination,4,255,3901.2,0.2,0,0,3901.2
2029,perCombination,4,255,3901.2,0.2,1,0.2,6280.83333333333
2030,perCombination,4,255,4226.3,0.2,0,0,4226.3
2030,perCombination,4,255,4226.3,0.2,1,0.2,6280.83333333333
2031,perCombination,4,255,4551.4,0.2,0,0,4551.4
2031,perCombination,4,255,4551.4,0.2,1,0.2,6280.83333333333
2032,perCombination,4,255,4876.5,0.2,0,0,4876.5
2032,perCombination,4,255,4876.5,0.2,1,0.2,6280.83333333333
2033,perCombination,4,255,5201.6,0.2,0,0,5201.6
2033,perCombination,4,255,5201.6,0.2,1,0.2,6280.83333333333
2034,perCombination,4,255,5526.7,0.2,0,0,5526.7
2034,perCombination,4,255,5526.7,0.2,1,0.2,6280.83333333333
2035,perCombination,4,255,5851.8,0.2,0,0,5851.8
2035,perCombination,4,255,5851.8,0.2,1,0.2,6280.83333333333
2036,perCombination,4,255,6176.9,0.2,0,0,6176.9
2036,perCombination,4,255,6176.9,0.2,1,0.2,6280.83333333333
2037,perCombination,4,255,6502,0.2,0,0,6502
2037,perCombination,4,255,6502,0.2,1,0.2,6502
2059,perCombination,4,-64,-90,0.2,0,0,-90
2059,perCombination,4,-64,-90,0.2,1,0.2,-90
2060,perCombination,4,-64,217,0.2,0,0,217
2060,perCombination,4,-64,217,0.2,1,0.2,-65.6666666666667
2061,perCombination,4,-64,524,0.2,0,0,524
2061,perCombination,4,-64,524,0.2,1,0.2,-65.6666666666667
2062,perCombination,4,-64,831,0.2,0,0,831
2062,perCombination,4,-64,831,0.2,1,0.2,-65.6666666666667
2063,perCombination,4,-64,1138,0.2,0,0,1138
2063,perCombination,4,-64,1138,0.2,1,0.2,-65.6666666666667
2064,perCombination,4,-64,1445,0.2,0,0,1445
2064,perCombination,4,-64,1445,0.2,1,0.2,-65.6666666666667
2065,perCombination,4,-64,1752,0.2,0,0,1752
2065,perCombination,4,-64,1752,0.2,1,0.2,-65.6666666666667
2066,perCombination,4,-64,2059,0.2,0,0,2059
2066,perCombination,4,-64,2059,0.2,1,0.2,-65.6666666666667
2067,perCombination,4,-64,2366,0.2,0,0,2366
2067,perCombination,4,-64,2366,0.2,1,0.2,-15.3333333333333
2068,perCombination,4,-64,2673,0.2,0,0,2673
2068,perCombination,4,-64,2673,0.2,1,0.2,80.6666666666667
2069,perCombination,4,-64,2980,0.2,0,0,2980
2069,perCombination,4,-64,2980,0.2,1,0.2,171.333333333333
2070,perCombination,4,-64,3287,0.2,0,0,3287
2070,perCombination,4,-64,3287,0.2,1,0.2,272.666666666667
2071,perCombination,4,-64,3594,0.2,0,0,3594
2071,perCombination,4,-64,3594,0.2,1,0.2,364
2072,perCombination,4,-64,3901,0.2,0,0,3901
2072,perCombination,4,-64,3901,0.2,1,0.2,535
2073,perCombination,4,-64,4208,0.2,0,0,4208
2073,perCombination,4,-64,4208,0.2,1,0.2,748
2074,perCombination,4,-64,4515,0.2,0,0,4515
2074,perCombination,4,-64,4515,0.2,1,0.2,1042.66666666667
2075,perCombination,4,-64,4822,0.2,0,0,4822
2075,perCombination,4,-64,4822,0.2,1,0.2,1392.66666666667
2076,perCombination,4,-64,5129,0.2,0,0,5129
2076,perCombination,4,-64,5129,0.2,1,0.2,1701.66666666667
2077,perCombination,4,-64,5436,0.2,0,0,5436
2077,perCombination,4,-64,5436,0.2,1,0.2,2056.33333333333
2078,perCombination,4,-64,5743,0.2,0,0,5743
2078,perCombination,4,-64,5743,0.2,1,0.2,2409
2079,perCombination,4,-64,6050,0.2,0,0,6050
2079,perCombination,4,-64,6050,0.2,1,0.2,2976.33333333333
2101,perCombination,4,-96,-177,0.2,0,0,-177
2101,perCombination,4,-96,-177,0.2,1,0.2,-177
2102,perCombination,4,-96,136.6,0.2,0,0,136.6
2102,perCombination,4,-96,136.6,0.2,1,0.2,-131.5
2103,perCombination,4,-96,450.2,0.2,0,0,450.2
2103,perCombination,4,-96,450.2,0.2,1,0.2,-131.5
2104,perCombination,4,-96,763.8,0.2,0,0,763.8
2104,perCombination,4,-96,763.8,0.2,1,0.2,-131.5
2105,perCombination,4,-96,1077.4,0.2,0,0,1077.4
2105,perCombination,4,-96,1077.4,0.2,1,0.2,-131.5
2106,perCombination,4,-96,1391,0.2,0,0,1391
2106,perCombination,4,-96,1391,0.2,1,0.2,-131.5
2107,perCombination,4,-96,1704.6,0.2,0,0,1704.6
2107,perCombination,4,-96,1704.6,0.2,1,0.2,-131.5
2108,perCombination,4,-96,2018.2,0.2,0,0,2018.2
2108,perCombination,4,-96,2018.2,0.2,1,0.2,-131.5
2109,perCombination,4,-96,2331.8,0.2,0,0,2331.8
2109,perCombination,4,-96,2331.8,0.2,1,0.2,-131.5
2110,perCombination,4,-96,2645.4,0.2,0,0,2645.4
2110,perCombination,4,-96,2645.4,0.2,1,0.2,-131.5
2111,perCombination,4,-96,2959,0.2,0,0,2959
2111,perCombination,4,-96,2959,0.2,1,0.2,-131.5
2112,perCombination,4,-96,3272.6,0.2,0,0,3272.6
2112,perCombination,4,-96,3272.6,0.2,1,0.2,-131.5
2113,perCombination,4,-96,3586.2,0.2,0,0,3586.2
2113,perCombination,4,-96,3586.2,0.2,1,0.2,-131.5
2114,perCombination,4,-96,3899.8,0.2,0,0,3899.8
2114,perCombination,4,-96,3899.8,0.2,1,0.2,-131.5
2115,perCombination,4,-96,4213.4,0.2,0,0,4213.4
2115,perCombination,4,-96,4213.4,0.2,1,0.2,-131.5
2116,perCombination,4,-96,4527,0.2,0,0,4527
2116,perCombination,4,-96,4527,0.2,1,0.2,-131.5
2117,perCombination,4,-96,4840.6,0.2,0,0,4840.6
2117,perCombination,4,-96,4840.6,0.2,1,0.2,-131.5
2118,perCombination,4,-96,5154.2,0.2,0,0,5154.2
2118,perCombination,4,-96,5154.2,0.2,1,0.2,-131.5
2119,perCombination,4,-96,5467.8,0.2,0,0,5467.8
2119,perCombination,4,-96,5467.8,0.2,1,0.2,-71.5
2120,perCombination,4,-96,5781.4,0.2,0,0,5781.4
2120,perCombination,4,-96,5781.4,0.2,1,0.2,318
2121,perCombination,4,-96,6095,0.2,0,0,6095
2121,perCombination,4,-96,6095,0.2,1,0.2,958.5
2143,perCombination,4,-128,-452,0.2,0,0,-452
2143,perCombination,4,-128,-452,0.2,1,0.2,-452
2144,perCombination,4,-128,-120.2,0.2,0,0,-120.2
2144,perCombination,4,-128,-120.2,0.2,1,0.2,-291
2145,perCombination,4,-128,211.6,0.2,0,0,211.6
2145,perCombination,4,-128,211.6,0.2,1,0.2,-291
2146,perCombination,4,-128,543.4,0.2,0,0,543.4
2146,perCombination,4,-128,543.4,0.2,1,0.2,-291
2147,perCombination,4,-128,875.2,0.2,0,0,875.2
2147,perCombination,4,-128,875.2,0.2,1,0.2,-291
2148,perCombination,4,-128,1207,0.2,0,0,1207
2148,perCombination,4,-128,1207,0.2,1,0.2,-291
2149,perCombination,4,-128,1538.8,0.2,0,0,1538.8
2149,perCombination,4,-128,1538.8,0.2,1,0.2,-291
2150,perCombination,4,-128,1870.6,0.2,0,0,1870.6
2150,perCombination,4,-128,1870.6,0.2,1,0.2,-291
2151,perCombination,4,-128,2202.4,0.2,0,0,2202.4
2151,perCombination,4,-128,2202.4,0.2,1,0.2,-291
2152,perCombination,4,-128,2534.2,0.2,0,0,2534.2
2152,perCombination,4,-128,2534.2,0.2,1,0.2,-291
2153,perCombination,4,-128,2866,0.2,0,0,2866
2153,perCombination,4,-128,2866,0.2,1,0.2,-291
2154,perCombination,4,-128,3197.8,0.2,0,0,3197.8
2154,perCombination,4,-128,3197.8,0.2,1,0.2,-291
2155,perCombination,4,-128,3529.6,0.2,0,0,3529.6
2155,perCombination,4,-128,3529.6,0.2,1,0.2,-291
2156,perCombination,4,-128,3861.4,0.2,0,0,3861.4
2156,perCombination,4,-128,3861.4,0.2,1,0.2,-291
2157,perCombination,4,-128,4193.2,0.2,0,0,4193.2
2157,perCombination,4,-128,4193.2,0.2,1,0.2,-291
2158,perCombination,4,-128,4525,0.2,0,0,4525
2158,perCombination,4,-128,4525,0.2,1,0.2,-291
2159,perCombination,4,-128,4856.8,0.2,0,0,4856.8
2159,perCombination,4,-128,4856.8,0.2,1,0.2,-291
2160,perCombination,4,-128,5188.6,0.2,0,0,5188.6
2160,perCombination,4,-128,5188.6,0.2,1,0.2,-291
2161,perCombination,4,-128,5520.4,0.2,0,0,5520.4
2161,perCombination,4,-128,5520.4,0.2,1,0.2,-291
2162,perCombination,4,-128,5852.2,0.2,0,0,5852.2
2162,perCombination,4,-128,5852.2,0.2,1,0.2,-291
2163,perCombination,4,-128,6184,0.2,0,0,6184
2163,perCombination,4,-128,6184,0.2,1,0.2,-291
2185,perCombination,4,-160,-514,0.2,0,0,-514
2185,perCombination,4,-160,-514,0.2,1,0.2,-514
2186,perCombination,4,-160,-172.95,0.2,0,0,-172.95
2186,perCombination,4,-160,-172.95,0.2,1,0.2,-409.2
2187,perCombination,4,-160,168.1,0.2,0,0,168.1
2187,perCombination,4,-160,168.1,0.2,1,0.2,-409.2
2188,perCombination,4,-160,509.15,0.2,0,0,509.15
2188,perCombination,4,-160,509.15,0.2,1,0.2,-409.2
2189,perCombination,4,-160,850.2,0.2,0,0,850.2
2189,perCombination,4,-160,850.2,0.2,1,0.2,-409.2
2190,perCombination,4,-160,1191.25,0.2,0,0,1191.25
2190,perCombination,4,-160,1191.25,0.2,1,0.2,-409.2
2191,perCombination,4,-160,1532.3,0.2,0,0,1532.3
2191,perCombination,4,-160,1532.3,0.2,1,0.2,-409.2
2192,perCombination,4,-160,1873.35,0.2,0,0,1873.35
2192,perCombination,4,-160,1873.35,0.2,1,0.2,-409.2
2193,perCombination,4,-160,2214.4,0.2,0,0,2214.4
2193,perCombination,4,-160,2214.4,0.2,1,0.2,-409.2
2194,perCombination,4,-160,2555.45,0.2,0,0,2555.45
2194,perCombination,4,-160,2555.45,0.2,1,0.2,-409.2
2195,perCombination,4,-160,2896.5,0.2,0,0,2896.5
2195,perCombination,4,-160,2896.5,0.2,1,0.2,-409.2
2196,perCombination,4,-160,3237.55,0.2,0,0,3237.55
2196,perCombination,4,-160,3237.55,0.2,1,0.2,-409.2
2197,perCombination,4,-160,3578.6,0.2,0,0,3578.6
2197,perCombination,4,-160,3578.6,0.2,1,0.2,-409.2
2198,perCombination,4,-160,3919.65,0.2,0,0,3919.65
2198,perCombination,4,-160,3919.65,0.2,1,0.2,-409.2
2199,perCombination,4,-160,4260.7,0.2,0,0,4260.7
2199,perCombination,4,-160,4260.7,0.2,1,0.2,-409.2
2200,perCombination,4,-160,4601.75,0.2,0,0,4601.75
2200,perCombination,4,-160,4601.75,0.2,1,0.2,-409.2
2201,perCombination,4,-160,4942.8,0.2,0,0,4942.8
2201,perCombination,4,-160,4942.8,0.2,1,0.2,-409.2
2202,perCombination,4,-160,5283.85,0.2,0,0,5283.85
2202,perCombination,4,-160,5283.85,0.2,1,0.2,-409.2
2203,perCombination,4,-160,5624.9,0.2,0,0,5624.9
2203,perCombination,4,-160,5624.9,0.2,1,0.2,-409.2
2204,perCombination,4,-160,5965.95,0.2,0,0,5965.95
2204,perCombination,4,-160,5965.95,0.2,1,0.2,-409.2
2205,perCombination,4,-160,6307,0.2,0,0,6307
2205,perCombination,4,-160,6307,0.2,1,0.2,-409.2
2227,perCombination,4,-192,-552,0.2,0,0,-552
2227,perCombination,4,-192,-552,0.2,1,0.2,-552
2228,perCombination,4,-192,-211.95,0.2,0,0,-211.95
2228,perCombination,4,-192,-211.95,0.2,1,0.2,-468.5
2229,perCombination,4,-192,128.1,0.2,0,0,128.1
2229,perCombination,4,-192,128.1,0.2,1,0.2,-468.5
2230,perCombination,4,-192,468.15,0.2,0,0,468.15
2230,perCombination,4,-192,468.15,0.2,1,0.2,-468.5
2231,perCombination,4,-192,808.2,0.2,0,0,808.2
2231,perCombination,4,-192,808.2,0.2,1,0.2,-468.5
2232,perCombination,4,-192,1148.25,0.2,0,0,1148.25
2232,perCombination,4,-192,1148.25,0.2,1,0.2,-468.5
2233,perCombination,4,-192,1488.3,0.2,0,0,1488.3
2233,perCombination,4,-192,1488.3,0.2,1,0.2,-468.5
2234,perCombination,4,-192,1828.35,0.2,0,0,1828.35
2234,perCombination,4,-192,1828.35,0.2,1,0.2,-468.5
2235,perCombination,4,-192,2168.4,0.2,0,0,2168.4
2235,perCombination,4,-192,2168.4,0.2,1,0.2,-468.5
2236,perCombination,4,-192,2508.45,0.2,0,0,2508.45
2236,perCombination,4,-192,2508.45,0.2,1,0.2,-468.5
2237,perCombination,4,-192,2848.5,0.2,0,0,2848.5
2237,perCombination,4,-192,2848.5,0.2,1,0.2,-468.5
2238,perCombination,4,-192,3188.55,0.2,0,0,3188.55
2238,perCombination,4,-192,3188.55,0.2,1,0.2,-468.5
2239,perCombination,4,-192,3528.6,0.2,0,0,3528.6
2239,perCombination,4,-192,3528.6,0.2,1,0.2,-468.5
2240,perCombination,4,-192,3868.65,0.2,0,0,3868.65
2240,perCombination,4,-192,3868.65,0.2,1,0.2,-468.5
2241,perCombination,4,-192,4208.7,0.2,0,0,4208.7
2241,perCombination,4,-192,4208.7,0.2,1,0.2,-468.5
2242,perCombination,4,-192,4548.75,0.2,0,0,4548.75
2242,perCombination,4,-192,4548.75,0.2,1,0.2,-468.5
2243,perCombination,4,-192,4888.8,0.2,0,0,4888.8
2243,perCombination,4,-192,4888.8,0.2,1,0.2,-468.5
2244,perCombination,4,-192,5228.85,0.2,0,0,5228.85
2244,perCombination,4,-192,5228.85,0.2,1,0.2,-468.5
2245,perCombination,4,-192,5568.9,0.2,0,0,5568.9
2245,perCombination,4,-192,5568.9,0.2,1,0.2,-468.5
2246,perCombination,4,-192,5908.95,0.2,0,0,5908.95
2246,perCombination,4,-192,5908.95,0.2,1,0.2,-468.5
2247,perCombination,4,-192,6249,0.2,0,0,6249
2247,perCombination,4,-192,6249,0.2,1,0.2,-468.5
2269,perCombination,4,-224,-567,0.2,0,0,-567
2269,perCombination,4,-224,-567,0.2,1,0.2,-567
2270,perCombination,4,-224,-218.35,0.2,0,0,-218.35
2270,perCombination,4,-224,-218.35,0.2,1,0.2,-490
2271,perCombination,4,-224,130.3,0.2,0,0,130.3
2271,perCombination,4,-224,130.3,0.2,1,0.2,-490
2272,perCombination,4,-224,478.95,0.2,0,0,478.95
2272,perCombination,4,-224,478.95,0.2,1,0.2,-490
2273,perCombination,4,-224,827.6,0.2,0,0,827.6
2273,perCombination,4,-224,827.6,0.2,1,0.2,-490
2274,perCombination,4,-224,1176.25,0.2,0,0,1176.25
2274,perCombination,4,-224,1176.25,0.2,1,0.2,-490
2275,perCombination,4,-224,1524.9,0.2,0,0,1524.9
2275,perCombination,4,-224,1524.9,0.2,1,0.2,-490
2276,perCombination,4,-224,1873.55,0.2,0,0,1873.55
2276,perCombination,4,-224,1873.55,0.2,1,0.2,-490
2277,perCombination,4,-224,2222.2,0.2,0,0,2222.2
2277,perCombination,4,-224,2222.2,0.2,1,0.2,-490
2278,perCombination,4,-224,2570.85,0.2,0,0,2570.85
2278,perCombination,4,-224,2570.85,0.2,1,0.2,-490
2279,perCombination,4,-224,2919.5,0.2,0,0,2919.5
2279,perCombination,4,-224,2919.5,0.2,1,0.2,-490
2280,perCombination,4,-224,3268.15,0.2,0,0,3268.15
2280,perCombination,4,-224,3268.15,0.2,1,0.2,-490
2281,perCombination,4,-224,3616.8,0.2,0,0,3616.8
2281,perCombination,4,-224,3616.8,0.2,1,0.2,-490
2282,perCombination,4,-224,3965.45,0.2,0,0,3965.45
2282,perCombination,4,-224,3965.45,0.2,1,0.2,-490
2283,perCombination,4,-224,4314.1,0.2,0,0,4314.1
2283,perCombination,4,-224,4314.1,0.2,1,0.2,-490
2284,perCombination,4,-224,4662.75,0.2,0,0,4662.75
2284,perCombination,4,-224,4662.75,0.2,1,0.2,-490
2285,perCombination,4,-224,5011.4,0.2,0,0,5011.4
2285,perCombination,4,-224,5011.4,0.2,1,0.2,-490
2286,perCombination,4,-224,5360.05,0.2,0,0,5360.05
2286,perCombination,4,-224,5360.05,0.2,1,0.2,-490
2287,perCombination,4,-224,5708.7,0.2,0,0,5708.7
2287,perCombination,4,-224,5708.7,0.2,1,0.2,-490
2288,perCombination,4,-224,6057.35,0.2,0,0,6057.35
2288,perCombination,4,-224,6057.35,0.2,1,0.2,-490
2289,perCombination,4,-224,6406,0.2,0,0,6406
2289,perCombination,4,-224,6406,0.2,1,0.2,-490
2311,perCombination,4,-255,-671,0.2,0,0,-671
2311,perCombination,4,-255,-671,0.2,1,0.2,-671
2312,perCombination,4,-255,-312.35,0.2,0,0,-312.35
2312,perCombination,4,-255,-312.35,0.2,1,0.2,-562.166666666667
2313,perCombination,4,-255,46.3,0.2,0,0,46.3
2313,perCombination,4,-255,46.3,0.2,1,0.2,-562.166666666667
2314,perCombination,4,-255,404.95,0.2,0,0,404.95
2314,perCombination,4,-255,404.95,0.2,1,0.2,-562.166666666667
2315,perCombination,4,-255,763.6,0.2,0,0,763.6
2315,perCombination,4,-255,763.6,0.2,1,0.2,-562.166666666667
2316,perCombination,4,-255,1122.25,0.2,0,0,1122.25
2316,perCombination,4,-255,1122.25,0.2,1,0.2,-562.166666666667
2317,perCombination,4,-255,1480.9,0.2,0,0,1480.9
2317,perCombination,4,-255,1480.9,0.2,1,0.2,-562.166666666667
2318,perCombination,4,-255,1839.55,0.2,0,0,1839.55
2318,perCombination,4,-255,1839.55,0.2,1,0.2,-562.166666666667
2319,perCombination,4,-255,2198.2,0.2,0,0,2198.2
2319,perCombination,4,-255,2198.2,0.2,1,0.2,-562.166666666667
2320,perCombination,4,-255,2556.85,0.2,0,0,2556.85
2320,perCombination,4,-255,2556.85,0.2,1,0.2,-562.166666666667
2321,perCombination,4,-255,2915.5,0.2,0,0,2915.5
2321,perCombination,4,-255,2915.5,0.2,1,0.2,-562.166666666667
2322,perCombination,4,-255,3274.15,0.2,0,0,3274.15
2322,perCombination,4,-255,3274.15,0.2,1,0.2,-562.166666666667
2323,perCombination,4,-255,3632.8,0.2,0,0,3632.8
2323,perCombination,4,-255,3632.8,0.2,1,0.2,-562.166666666667
2324,perCombination,4,-255,3991.45,0.2,0,0,3991.45
2324,perCombination,4,-255,3991.45,0.2,1,0.2,-562.166666666667
2325,perCombination,4,-255,4350.1,0.2,0,0,4350.1
2325,perCombination,4,-255,4350.1,0.2,1,0.2,-562.166666666667
2326,perCombination,4,-255,4708.75,0.2,0,0,4708.75
2326,perCombination,4,-255,4708.75,0.2,1,0.2,-562.166666666667
2327,perCombination,4,-255,5067.4,0.2,0,0,5067.4
2327,perCombination,4,-255,5067.4,0.2,1,0.2,-562.166666666667
2328,perCombination,4,-255,5426.05,0.2,0,0,5426.05
2328,perCombination,4,-255,5426.05,0.2,1,0.2,-562.166666666667
2329,perCombination,4,-255,5784.7,0.2,0,0,5784.7
2329,perCombination,4,-255,5784.7,0.2,1,0.2,-562.166666666667
2330,perCombination,4,-255,6143.35,0.2,0,0,6143.35
2330,perCombination,4,-255,6143.35,0.2,1,0.2,-562.166666666667
2331,perCombination,4,-255,6502,0.2,0,0,6502
2331,perCombination,4,-255,6502,0.2,1,0.2,-562.166666666667
