case_id,grid,motor,direction,pwm,initial_index,q_initial,duration,n_points,first,q_final,trajectory_sum,displacement,abs_stroke_fraction,monotonic,n_reverse_steps,minimum_directed_step,out_of_curve_domain,held_initial
22,globalPerMotor,1,closing,64,1,-871,3,21,2762,14316,258575.666666667,15187,0.832346815740436,1,0,0,0,0
23,globalPerMotor,1,closing,64,2,41.3,3,21,2891.66666666667,14316,259161,14274.7,0.782346815740436,1,0,0,0,0
24,globalPerMotor,1,closing,64,3,953.6,3,21,3963.33333333333,14316,263735.666666667,13362.4,0.732346815740436,1,0,0,0,0
25,globalPerMotor,1,closing,64,4,1865.9,3,21,4748.66666666667,14316,266985.666666667,12450.1,0.682346815740436,1,0,0,0,0
26,globalPerMotor,1,closing,64,5,2778.2,3,21,5474,14316,270226.333333333,11537.8,0.632346815740436,1,0,0,0,0
27,globalPerMotor,1,closing,64,6,3690.5,3,21,6159.33333333333,14316,273253.333333333,10625.5,0.582346815740436,1,0,0,0,0
28,globalPerMotor,1,closing,64,7,4602.8,3,21,6856,14316,276086.333333333,9713.2,0.532346815740436,1,0,0,0,0
29,globalPerMotor,1,closing,64,8,5515.1,3,21,7563,14316,279252.333333333,8800.9,0.482346815740436,1,0,0,0,0
30,globalPerMotor,1,closing,64,9,6427.4,3,21,8300.33333333333,14316,282276.333333333,7888.6,0.432346815740436,1,0,0,0,0
31,globalPerMotor,1,closing,64,10,7339.7,3,21,9047.33333333333,14316,285238,6976.3,0.382346815740436,1,0,0,0,0
32,globalPerMotor,1,closing,64,11,8252,3,21,9739.66666666667,14316,288167,6064,0.332346815740436,1,0,0,0,0
33,globalPerMotor,1,closing,64,12,9164.3,3,21,10481,14316,290897.666666667,5151.7,0.282346815740436,1,0,0,0,0
34,globalPerMotor,1,closing,64,13,10076.6,3,21,11448.3333333333,14316,293685,4239.4,0.232346815740436,1,0,0,0,0
35,globalPerMotor,1,closing,64,14,10988.9,3,21,12101.6666666667,14316,295826.333333333,3327.1,0.182346815740436,1,0,0,0,0
36,globalPerMotor,1,closing,64,15,11901.2,3,21,12684.6666666667,14316,297619,2414.8,0.132346815740436,1,0,0,0,0
37,globalPerMotor,1,closing,64,16,12813.5,3,21,13518.6666666667,14316,299415,1502.5,0.0823468157404363,1,0,0,0,0
38,globalPerMotor,1,closing,64,17,13725.8,3,21,14162.3333333333,14316,300482.333333333,590.200000000001,0.0323468157404363,1,0,0,0,0
39,globalPerMotor,1,closing,64,18,14638.1,3,21,14638.1,14638.1,307400.1,0,0,1,0,0,1,1
40,globalPerMotor,1,closing,64,19,15550.4,3,21,15550.4,15550.4,326558.4,0,0,1,0,0,1,1
41,globalPerMotor,1,closing,64,20,16462.7,3,21,16462.7,16462.7,345716.7,0,0,1,0,0,1,1
42,globalPerMotor,1,closing,64,21,17375,3,21,17375,17375,364875,0,0,1,0,0,1,1
64,globalPerMotor,1,closing,96,1,-871,3,21,4536.5,16961.75,328314.5,17832.75,0.977351200263071,1,0,0,0,0
65,globalPerMotor,1,closing,96,2,41.3,3,21,4764.5,16961.75,329046.75,16920.45,0.927351200263071,1,0,0,0,0
66,globalPerMotor,1,closing,96,3,953.6,3,21,5752.75,16961.75,332237,16008.15,0.877351200263071,1,0,0,0,0
67,globalPerMotor,1,closing,96,4,1865.9,3,21,6508,16961.75,334685.75,15095.85,0.827351200263071,1,0,0,0,0
68,globalPerMotor,1,closing,96,5,2778.2,3,21,7253.75,16961.75,336881,14183.55,0.777351200263071,1,0,0,0,0
69,globalPerMotor,1,closing,96,6,3690.5,3,21,7966.5,16961.75,338880.5,13271.25,0.727351200263071,1,0,0,0,0
70,globalPerMotor,1,closing,96,7,4602.8,3,21,8715.75,16961.75,340975.25,12358.95,0.677351200263071,1,0,0,0,0
71,globalPerMotor,1,closing,96,8,5515.1,3,21,9459.5,16961.75,342999.75,11446.65,0.627351200263071,1,0,0,0,0
72,globalPerMotor,1,closing,96,9,6427.4,3,21,10227.5,16961.75,345026.75,10534.35,0.577351200263071,1,0,0,0,0
73,globalPerMotor,1,closing,96,10,7339.7,3,21,11035.75,16961.75,346791.25,9622.05,0.527351200263071,1,0,0,0,0
74,globalPerMotor,1,closing,96,11,8252,3,21,11826.25,16961.75,348424.5,8709.75,0.477351200263071,1,0,0,0,0
75,globalPerMotor,1,closing,96,12,9164.3,3,21,12644.75,16961.75,350030.5,7797.45,0.427351200263071,1,0,0,0,0
76,globalPerMotor,1,closing,96,13,10076.6,3,21,13472.25,16961.75,351563,6885.15,0.377351200263071,1,0,0,0,0
77,globalPerMotor,1,closing,96,14,10988.9,3,21,14212,16961.75,352666.5,5972.85,0.327351200263071,1,0,0,0,0
78,globalPerMotor,1,closing,96,15,11901.2,3,21,14950.75,16961.75,353656,5060.55,0.277351200263071,1,0,0,0,0
79,globalPerMotor,1,closing,96,16,12813.5,3,21,15635.5,16961.75,354514.5,4148.25,0.227351200263071,1,0,0,0,0
80,globalPerMotor,1,closing,96,17,13725.8,3,21,16313.75,16961.75,355243.75,3235.95,0.177351200263071,1,0,0,0,0
81,globalPerMotor,1,closing,96,18,14638.1,3,21,16552.5,16961.75,355579.5,2323.65,0.127351200263071,1,0,0,0,0
82,globalPerMotor,1,closing,96,19,15550.4,3,21,16723.25,16961.75,355831,1411.35,0.0773512002630713,1,0,0,0,0
83,globalPerMotor,1,closing,96,20,16462.7,3,21,16752,16961.75,355941,499.049999999999,0.0273512002630713,1,0,0,0,0
84,globalPerMotor,1,closing,96,21,17375,3,21,17375,17375,364875,0,0,1,0,0,1,1
106,globalPerMotor,1,closing,128,1,-871,3,21,5684.33333333333,17101,340877.833333333,17972,0.984983009974789,1,0,0,0,0
107,globalPerMotor,1,closing,128,2,41.3,3,21,5935.16666666667,17101,341491.833333333,17059.7,0.934983009974789,1,0,0,0,0
108,globalPerMotor,1,closing,128,3,953.6,3,21,7003.33333333333,17101,344064,16147.4,0.884983009974789,1,0,0,0,0
109,globalPerMotor,1,closing,128,4,1865.9,3,21,7878.5,17101,345938.333333333,15235.1,0.834983009974789,1,0,0,0,0
110,globalPerMotor,1,closing,128,5,2778.2,3,21,8673.5,17101,347586.666666667,14322.8,0.784983009974789,1,0,0,0,0
111,globalPerMotor,1,closing,128,6,3690.5,3,21,9537.66666666667,17101,349205.666666667,13410.5,0.734983009974789,1,0,0,0,0
112,globalPerMotor,1,closing,128,7,4602.8,3,21,10358.6666666667,17101,350648.333333333,12498.2,0.684983009974789,1,0,0,0,0
113,globalPerMotor,1,closing,128,8,5515.1,3,21,11206,17101,352044,11585.9,0.634983009974789,1,0,0,0,0
114,globalPerMotor,1,closing,128,9,6427.4,3,21,12067.8333333333,17101,353471,10673.6,0.584983009974789,1,0,0,0,0
115,globalPerMotor,1,closing,128,10,7339.7,3,21,12850.5,17101,354598.833333333,9761.3,0.534983009974789,1,0,0,0,0
116,globalPerMotor,1,closing,128,11,8252,3,21,13653.1666666667,17101,355591.5,8849,0.484983009974789,1,0,0,0,0
117,globalPerMotor,1,closing,128,12,9164.3,3,21,14464.6666666667,17101,356484.666666667,7936.7,0.434983009974789,1,0,0,0,0
118,globalPerMotor,1,closing,128,13,10076.6,3,21,15187.3333333333,17101,357207.333333333,7024.4,0.384983009974789,1,0,0,0,0
119,globalPerMotor,1,closing,128,14,10988.9,3,21,15796.3333333333,17101,357816.333333333,6112.1,0.334983009974789,1,0,0,0,0
120,globalPerMotor,1,closing,128,15,11901.2,3,21,16392.5,17101,358412.5,5199.8,0.284983009974789,1,0,0,0,0
121,globalPerMotor,1,closing,128,16,12813.5,3,21,16818.5,17101,358838.5,4287.5,0.234983009974789,1,0,0,0,0
122,globalPerMotor,1,closing,128,17,13725.8,3,21,17043.3333333333,17101,359063.333333333,3375.2,0.184983009974789,1,0,0,0,0
123,globalPerMotor,1,closing,128,18,14638.1,3,21,17101,17101,359121,2462.9,0.134983009974789,1,0,0,0,0
124,globalPerMotor,1,closing,128,19,15550.4,3,21,17101,17101,359121,1550.6,0.0849830099747889,1,0,0,0,0
125,globalPerMotor,1,closing,128,20,16462.7,3,21,17101,17101,359121,638.299999999999,0.034983009974789,1,0,0,0,0
126,globalPerMotor,1,closing,128,21,17375,3,21,17375,17375,364875,0,0,1,0,0,1,1
148,globalPerMotor,1,closing,160,1,-871,3,21,6459.4,17116.6,344238,17987.6,0.985837991888633,1,0,0,0,0
149,globalPerMotor,1,closing,160,2,41.3,3,21,6686.6,17116.6,344693,17075.3,0.935837991888633,1,0,0,0,0
150,globalPerMotor,1,closing,160,3,953.6,3,21,7723,17116.6,346754.2,16163,0.885837991888633,1,0,0,0,0
151,globalPerMotor,1,closing,160,4,1865.9,3,21,8574.2,17116.6,348413.8,15250.7,0.835837991888633,1,0,0,0,0
152,globalPerMotor,1,closing,160,5,2778.2,3,21,9383.8,17116.6,349924.4,14338.4,0.785837991888633,1,0,0,0,0
153,globalPerMotor,1,closing,160,6,3690.5,3,21,10234.4,17116.6,351419.4,13426.1,0.735837991888633,1,0,0,0,0
154,globalPerMotor,1,closing,160,7,4602.8,3,21,11045.6,17116.6,352718.6,12513.8,0.685837991888633,1,0,0,0,0
155,globalPerMotor,1,closing,160,8,5515.1,3,21,11918,17116.6,353950.2,11601.5,0.635837991888633,1,0,0,0,0
156,globalPerMotor,1,closing,160,9,6427.4,3,21,12744.6,17116.6,354895.2,10689.2,0.585837991888633,1,0,0,0,0
157,globalPerMotor,1,closing,160,10,7339.7,3,21,13552.2,17116.6,355795.8,9776.9,0.535837991888633,1,0,0,0,0
158,globalPerMotor,1,closing,160,11,8252,3,21,14345.4,17116.6,356674,8864.6,0.485837991888633,1,0,0,0,0
159,globalPerMotor,1,closing,160,12,9164.3,3,21,15163.4,17116.6,357495.4,7952.3,0.435837991888633,1,0,0,0,0
160,globalPerMotor,1,closing,160,13,10076.6,3,21,15882.6,17116.6,358214.6,7040,0.385837991888633,1,0,0,0,0
161,globalPerMotor,1,closing,160,14,10988.9,3,21,16437.6,17116.6,358769.6,6127.7,0.335837991888633,1,0,0,0,0
162,globalPerMotor,1,closing,160,15,11901.2,3,21,16816.8,17116.6,359148.8,5215.4,0.285837991888633,1,0,0,0,0
163,globalPerMotor,1,closing,160,16,12813.5,3,21,16944.2,17116.6,359276.2,4303.1,0.235837991888633,1,0,0,0,0
164,globalPerMotor,1,closing,160,17,13725.8,3,21,17050.2,17116.6,359382.2,3390.8,0.185837991888633,1,0,0,0,0
165,globalPerMotor,1,closing,160,18,14638.1,3,21,17116.6,17116.6,359448.6,2478.5,0.135837991888633,1,0,0,0,0
166,globalPerMotor,1,closing,160,19,15550.4,3,21,17116.6,17116.6,359448.6,1566.2,0.085837991888633,1,0,0,0,0
167,globalPerMotor,1,closing,160,20,16462.7,3,21,17116.6,17116.6,359448.6,653.899999999998,0.035837991888633,1,0,0,0,0
168,globalPerMotor,1,closing,160,21,17375,3,21,17375,17375,364875,0,0,1,0,0,1,1
190,globalPerMotor,1,closing,192,1,-871,3,21,7040.66666666667,17209,348104.333333333,18080,0.990902115532171,1,0,0,0,0
191,globalPerMotor,1,closing,192,2,41.3,3,21,7291.33333333333,17209,348595.666666667,17167.7,0.940902115532172,1,0,0,0,0
192,globalPerMotor,1,closing,192,3,953.6,3,21,8278.66666666667,17209,350540.666666667,16255.4,0.890902115532171,1,0,0,0,0
193,globalPerMotor,1,closing,192,4,1865.9,3,21,9159.66666666667,17209,352260.666666667,15343.1,0.840902115532171,1,0,0,0,0
194,globalPerMotor,1,closing,192,5,2778.2,3,21,9994.33333333333,17209,353698.333333333,14430.8,0.790902115532171,1,0,0,0,0
195,globalPerMotor,1,closing,192,6,3690.5,3,21,10906.6666666667,17209,354878.333333333,13518.5,0.740902115532171,1,0,0,0,0
196,globalPerMotor,1,closing,192,7,4602.8,3,21,11731.6666666667,17209,355909,12606.2,0.690902115532172,1,0,0,0,0
197,globalPerMotor,1,closing,192,8,5515.1,3,21,12628.3333333333,17209,356808.333333333,11693.9,0.640902115532171,1,0,0,0,0
198,globalPerMotor,1,closing,192,9,6427.4,3,21,13458.3333333333,17209,357638.333333333,10781.6,0.590902115532171,1,0,0,0,0
199,globalPerMotor,1,closing,192,10,7339.7,3,21,14381.3333333333,17209,358561.333333333,9869.3,0.540902115532171,1,0,0,0,0
200,globalPerMotor,1,closing,192,11,8252,3,21,15291,17209,359471,8957,0.490902115532171,1,0,0,0,0
201,globalPerMotor,1,closing,192,12,9164.3,3,21,16175.6666666667,17209,360355.666666667,8044.7,0.440902115532171,1,0,0,0,0
202,globalPerMotor,1,closing,192,13,10076.6,3,21,16769.6666666667,17209,360949.666666667,7132.4,0.390902115532171,1,0,0,0,0
203,globalPerMotor,1,closing,192,14,10988.9,3,21,17029,17209,361209,6220.1,0.340902115532171,1,0,0,0,0
204,globalPerMotor,1,closing,192,15,11901.2,3,21,17209,17209,361389,5307.8,0.290902115532171,1,0,0,0,0
205,globalPerMotor,1,closing,192,16,12813.5,3,21,17209,17209,361389,4395.5,0.240902115532171,1,0,0,0,0
206,globalPerMotor,1,closing,192,17,13725.8,3,21,17209,17209,361389,3483.2,0.190902115532171,1,0,0,0,0
207,globalPerMotor,1,closing,192,18,14638.1,3,21,17209,17209,361389,2570.9,0.140902115532171,1,0,0,0,0
208,globalPerMotor,1,closing,192,19,15550.4,3,21,17209,17209,361389,1658.6,0.0909021155321714,1,0,0,0,0
209,globalPerMotor,1,closing,192,20,16462.7,3,21,17209,17209,361389,746.299999999999,0.0409021155321714,1,0,0,0,0
210,globalPerMotor,1,closing,192,21,17375,3,21,17375,17375,364875,0,0,1,0,0,1,1
232,globalPerMotor,1,closing,224,1,-871,3,21,7429.66666666667,17213.8333333333,349405,18084.8333333333,0.991167013774709,1,0,0,0,0
233,globalPerMotor,1,closing,224,2,41.3,3,21,7693.33333333333,17213.8333333333,349917.333333333,17172.5333333333,0.941167013774709,1,0,0,0,0
234,globalPerMotor,1,closing,224,3,953.6,3,21,8692.83333333333,17213.8333333333,351850.333333333,16260.2333333333,0.891167013774709,1,0,0,0,0
235,globalPerMotor,1,closing,224,4,1865.9,3,21,9535.33333333333,17213.8333333333,353418.833333333,15347.9333333333,0.841167013774709,1,0,0,0,0
236,globalPerMotor,1,closing,224,5,2778.2,3,21,10436.8333333333,17213.8333333333,354540.833333333,14435.6333333333,0.791167013774709,1,0,0,0,0
237,globalPerMotor,1,closing,224,6,3690.5,3,21,11335,17213.8333333333,355567.666666667,13523.3333333333,0.741167013774709,1,0,0,0,0
238,globalPerMotor,1,closing,224,7,4602.8,3,21,12180,17213.8333333333,356456.666666667,12611.0333333333,0.691167013774709,1,0,0,0,0
239,globalPerMotor,1,closing,224,8,5515.1,3,21,13068.3333333333,17213.8333333333,357345,11698.7333333333,0.641167013774709,1,0,0,0,0
240,globalPerMotor,1,closing,224,9,6427.4,3,21,13951.6666666667,17213.8333333333,358228.333333333,10786.4333333333,0.591167013774709,1,0,0,0,0
241,globalPerMotor,1,closing,224,10,7339.7,3,21,14862.3333333333,17213.8333333333,359139,9874.13333333333,0.541167013774709,1,0,0,0,0
242,globalPerMotor,1,closing,224,11,8252,3,21,15703.1666666667,17213.8333333333,359979.833333333,8961.83333333333,0.491167013774709,1,0,0,0,0
243,globalPerMotor,1,closing,224,12,9164.3,3,21,16533,17213.8333333333,360809.666666667,8049.53333333333,0.441167013774709,1,0,0,0,0
244,globalPerMotor,1,closing,224,13,10076.6,3,21,16994.8333333333,17213.8333333333,361271.5,7137.23333333333,0.391167013774709,1,0,0,0,0
245,globalPerMotor,1,closing,224,14,10988.9,3,21,17125.1666666667,17213.8333333333,361401.833333333,6224.93333333333,0.341167013774709,1,0,0,0,0
246,globalPerMotor,1,closing,224,15,11901.2,3,21,17213.8333333333,17213.8333333333,361490.5,5312.63333333333,0.291167013774708,1,0,0,0,0
247,globalPerMotor,1,closing,224,16,12813.5,3,21,17213.8333333333,17213.8333333333,361490.5,4400.33333333333,0.241167013774709,1,0,0,0,0
248,globalPerMotor,1,closing,224,17,13725.8,3,21,17213.8333333333,17213.8333333333,361490.5,3488.03333333333,0.191167013774709,1,0,0,0,0
249,globalPerMotor,1,closing,224,18,14638.1,3,21,17213.8333333333,17213.8333333333,361490.5,2575.73333333333,0.141167013774709,1,0,0,0,0
250,globalPerMotor,1,closing,224,19,15550.4,3,21,17213.8333333333,17213.8333333333,361490.5,1663.43333333333,0.0911670137747085,1,0,0,0,0
251,globalPerMotor,1,closing,224,20,16462.7,3,21,17213.8333333333,17213.8333333333,361490.5,751.133333333331,0.0411670137747085,1,0,0,0,0
252,globalPerMotor,1,closing,224,21,17375,3,21,17375,17375,364875,0,0,1,0,0,1,1
274,globalPerMotor,1,closing,255,1,-871,3,21,7924.66666666667,17246.5,351502,18117.5,0.992957360517374,1,0,0,0,0
275,globalPerMotor,1,closing,255,2,41.3,3,21,8152.16666666667,17246.5,351939.5,17205.2,0.942957360517374,1,0,0,0,0
276,globalPerMotor,1,closing,255,3,953.6,3,21,9175.83333333333,17246.5,353730.666666667,16292.9,0.892957360517374,1,0,0,0,0
277,globalPerMotor,1,closing,255,4,1865.9,3,21,10094.1666666667,17246.5,354918.666666667,15380.6,0.842957360517374,1,0,0,0,0
278,globalPerMotor,1,closing,255,5,2778.2,3,21,11006.3333333333,17246.5,355935.666666667,14468.3,0.792957360517374,1,0,0,0,0
279,globalPerMotor,1,closing,255,6,3690.5,3,21,11852.8333333333,17246.5,356782.833333333,13556,0.742957360517374,1,0,0,0,0
280,globalPerMotor,1,closing,255,7,4602.8,3,21,12741.1666666667,17246.5,357671.166666667,12643.7,0.692957360517374,1,0,0,0,0
281,globalPerMotor,1,closing,255,8,5515.1,3,21,13625.5,17246.5,358555.5,11731.4,0.642957360517374,1,0,0,0,0
282,globalPerMotor,1,closing,255,9,6427.4,3,21,14498.8333333333,17246.5,359428.833333333,10819.1,0.592957360517374,1,0,0,0,0
283,globalPerMotor,1,closing,255,10,7339.7,3,21,15362.3333333333,17246.5,360292.333333333,9906.8,0.542957360517374,1,0,0,0,0
284,globalPerMotor,1,closing,255,11,8252,3,21,16206,17246.5,361136,8994.5,0.492957360517374,1,0,0,0,0
285,globalPerMotor,1,closing,255,12,9164.3,3,21,16871.3333333333,17246.5,361801.333333333,8082.2,0.442957360517374,1,0,0,0,0
286,globalPerMotor,1,closing,255,13,10076.6,3,21,17141,17246.5,362071,7169.9,0.392957360517374,1,0,0,0,0
287,globalPerMotor,1,closing,255,14,10988.9,3,21,17245.8333333333,17246.5,362175.833333333,6257.6,0.342957360517374,1,0,0,0,0
288,globalPerMotor,1,closing,255,15,11901.2,3,21,17246.5,17246.5,362176.5,5345.3,0.292957360517374,1,0,0,0,0
289,globalPerMotor,1,closing,255,16,12813.5,3,21,17246.5,17246.5,362176.5,4433,0.242957360517374,1,0,0,0,0
290,globalPerMotor,1,closing,255,17,13725.8,3,21,17246.5,17246.5,362176.5,3520.7,0.192957360517374,1,0,0,0,0
291,globalPerMotor,1,closing,255,18,14638.1,3,21,17246.5,17246.5,362176.5,2608.4,0.142957360517374,1,0,0,0,0
292,globalPerMotor,1,closing,255,19,15550.4,3,21,17246.5,17246.5,362176.5,1696.1,0.0929573605173736,1,0,0,0,0
293,globalPerMotor,1,closing,255,20,16462.7,3,21,17246.5,17246.5,362176.5,783.799999999999,0.0429573605173736,1,0,0,0,0
294,globalPerMotor,1,closing,255,21,17375,3,21,17375,17375,364875,0,0,1,0,0,1,1
316,globalPerMotor,1,opening,-64,1,-871,3,21,-871,-871,-18291,0,0,1,0,-0,1,1
317,globalPerMotor,1,opening,-64,2,41.3,3,21,-145.333333333333,-145.333333333333,-3052,-186.633333333333,0.0102287259307976,1,0,-0,0,0
318,globalPerMotor,1,opening,-64,3,953.6,3,21,-145.333333333333,-145.333333333333,-3052,-1098.93333333333,0.0602287259307976,1,0,-0,0,0
319,globalPerMotor,1,opening,-64,4,1865.9,3,21,321.333333333333,-145.333333333333,-2585.33333333333,-2011.23333333333,0.110228725930798,1,0,-0,0,0
320,globalPerMotor,1,opening,-64,5,2778.2,3,21,710.333333333333,-145.333333333333,-2196.33333333333,-2923.53333333333,0.160228725930798,1,0,-0,0,0
321,globalPerMotor,1,opening,-64,6,3690.5,3,21,1014.66666666667,-145.333333333333,-1875.33333333333,-3835.83333333333,0.210228725930798,1,0,-0,0,0
322,globalPerMotor,1,opening,-64,7,4602.8,3,21,1534.33333333333,-145.333333333333,-1060,-4748.13333333333,0.260228725930798,1,0,-0,0,0
323,globalPerMotor,1,opening,-64,8,5515.1,3,21,2183.66666666667,-145.333333333333,-101.333333333334,-5660.43333333333,0.310228725930798,1,0,-0,0,0
324,globalPerMotor,1,opening,-64,9,6427.4,3,21,2981.33333333333,-145.333333333333,1002.33333333333,-6572.73333333333,0.360228725930798,1,0,-0,0,0
325,globalPerMotor,1,opening,-64,10,7339.7,3,21,3899.33333333333,-145.333333333333,2306.33333333333,-7485.03333333333,0.410228725930798,1,0,-0,0,0
326,globalPerMotor,1,opening,-64,11,8252,3,21,4837.66666666667,-145.333333333333,4175.33333333334,-8397.33333333333,0.460228725930798,1,0,-0,0,0
327,globalPerMotor,1,opening,-64,12,9164.3,3,21,5800,-145.333333333333,6145,-9309.63333333333,0.510228725930798,1,0,-0,0,0
328,globalPerMotor,1,opening,-64,13,10076.6,3,21,6735.33333333333,-145.333333333333,8302.33333333332,-10221.9333333333,0.560228725930798,1,0,-0,0,0
329,globalPerMotor,1,opening,-64,14,10988.9,3,21,7702.66666666667,-145.333333333333,10898.6666666667,-11134.2333333333,0.610228725930798,1,0,-0,0,0
330,globalPerMotor,1,opening,-64,15,11901.2,3,21,8628.66666666667,-145.333333333333,13795.3333333333,-12046.5333333333,0.660228725930798,1,0,-0,0,0
331,globalPerMotor,1,opening,-64,16,12813.5,3,21,9572.66666666667,-145.333333333333,16848,-12958.8333333333,0.710228725930798,1,0,-0,0,0
332,globalPerMotor,1,opening,-64,17,13725.8,3,21,10529,-145.333333333333,20214,-13871.1333333333,0.760228725930798,1,0,-0,0,0
333,globalPerMotor,1,opening,-64,18,14638.1,3,21,11635,-145.333333333333,24796,-14783.4333333333,0.810228725930798,1,0,-0,0,0
334,globalPerMotor,1,opening,-64,19,15550.4,3,21,11635,-145.333333333333,24796,-15695.7333333333,0.860228725930798,1,0,-0,0,0
335,globalPerMotor,1,opening,-64,20,16462.7,3,21,11635,-145.333333333333,24796,-16608.0333333333,0.910228725930798,1,0,-0,0,0
336,globalPerMotor,1,opening,-64,21,17375,3,21,11635,-145.333333333333,24796,-17520.3333333333,0.960228725930798,1,0,-0,0,0
358,globalPerMotor,1,opening,-96,1,-871,3,21,-871,-871,-18291,0,0,1,0,-0,1,1
359,globalPerMotor,1,opening,-96,2,41.3,3,21,-320,-320,-6720,-361.3,0.0198016003507618,1,0,-0,0,0
360,globalPerMotor,1,opening,-96,3,953.6,3,21,-320,-320,-6720,-1273.6,0.0698016003507618,1,0,-0,0,0
361,globalPerMotor,1,opening,-96,4,1865.9,3,21,-320,-320,-6720,-2185.9,0.119801600350762,1,0,-0,0,0
362,globalPerMotor,1,opening,-96,5,2778.2,3,21,-320,-320,-6720,-3098.2,0.169801600350762,1,0,-0,0,0
363,globalPerMotor,1,opening,-96,6,3690.5,3,21,-320,-320,-6720,-4010.5,0.219801600350762,1,0,-0,0,0
364,globalPerMotor,1,opening,-96,7,4602.8,3,21,-250.75,-320,-6650.75,-4922.8,0.269801600350762,1,0,-0,0,0
365,globalPerMotor,1,opening,-96,8,5515.1,3,21,68.25,-320,-6331.75,-5835.1,0.319801600350762,1,0,-0,0,0
366,globalPerMotor,1,opening,-96,9,6427.4,3,21,741.5,-320,-5658.5,-6747.4,0.369801600350762,1,0,-0,0,0
367,globalPerMotor,1,opening,-96,10,7339.7,3,21,1656.75,-320,-4743.25,-7659.7,0.419801600350762,1,0,-0,0,0
368,globalPerMotor,1,opening,-96,11,8252,3,21,2575.75,-320,-3824.25,-8572,0.469801600350762,1,0,-0,0,0
369,globalPerMotor,1,opening,-96,12,9164.3,3,21,3570.25,-320,-2829.75,-9484.3,0.519801600350762,1,0,-0,0,0
370,globalPerMotor,1,opening,-96,13,10076.6,3,21,4522.5,-320,-1826.25,-10396.6,0.569801600350762,1,0,-0,0,0
371,globalPerMotor,1,opening,-96,14,10988.9,3,21,5474,-320,-558.75,-11308.9,0.619801600350762,1,0,-0,0,0
372,globalPerMotor,1,opening,-96,15,11901.2,3,21,6462.75,-320,1162.5,-12221.2,0.669801600350762,1,0,-0,0,0
373,globalPerMotor,1,opening,-96,16,12813.5,3,21,7443.5,-320,3140,-13133.5,0.719801600350762,1,0,-0,0,0
374,globalPerMotor,1,opening,-96,17,13725.8,3,21,8381.75,-320,5076.75,-14045.8,0.769801600350762,1,0,-0,0,0
375,globalPerMotor,1,opening,-96,18,14638.1,3,21,9349,-320,7037.5,-14958.1,0.819801600350762,1,0,-0,0,0
376,globalPerMotor,1,opening,-96,19,15550.4,3,21,10327,-320,9162.75,-15870.4,0.869801600350762,1,0,-0,0,0
377,globalPerMotor,1,opening,-96,20,16462.7,3,21,11406.5,-320,11930.75,-16782.7,0.919801600350762,1,0,-0,0,0
378,globalPerMotor,1,opening,-96,21,17375,3,21,11921,-320,13492,-17695,0.969801600350762,1,0,-0,0,0
400,globalPerMotor,1,opening,-128,1,-871,3,21,-871,-871,-18291,0,0,1,0,-0,1,1
401,globalPerMotor,1,opening,-128,2,41.3,3,21,-493,-493,-10353,-534.3,0.0292831305491615,1,0,-0,0,0
402,globalPerMotor,1,opening,-128,3,953.6,3,21,-493,-493,-10353,-1446.6,0.0792831305491615,1,0,-0,0,0
403,globalPerMotor,1,opening,-128,4,1865.9,3,21,-493,-493,-10353,-2358.9,0.129283130549161,1,0,-0,0,0
404,globalPerMotor,1,opening,-128,5,2778.2,3,21,-493,-493,-10353,-3271.2,0.179283130549161,1,0,-0,0,0
405,globalPerMotor,1,opening,-128,6,3690.5,3,21,-493,-493,-10353,-4183.5,0.229283130549161,1,0,-0,0,0
406,globalPerMotor,1,opening,-128,7,4602.8,3,21,-486.666666666667,-493,-10346.6666666667,-5095.8,0.279283130549161,1,0,-0,0,0
407,globalPerMotor,1,opening,-128,8,5515.1,3,21,-372.666666666667,-493,-10232.6666666667,-6008.1,0.329283130549161,1,0,-0,0,0
408,globalPerMotor,1,opening,-128,9,6427.4,3,21,-111.166666666667,-493,-9971.16666666667,-6920.4,0.379283130549161,1,0,-0,0,0
409,globalPerMotor,1,opening,-128,10,7339.7,3,21,409.666666666667,-493,-9450.33333333333,-7832.7,0.429283130549162,1,0,-0,0,0
410,globalPerMotor,1,opening,-128,11,8252,3,21,1257,-493,-8603,-8745,0.479283130549161,1,0,-0,0,0
411,globalPerMotor,1,opening,-128,12,9164.3,3,21,2238.5,-493,-7621.5,-9657.3,0.529283130549161,1,0,-0,0,0
412,globalPerMotor,1,opening,-128,13,10076.6,3,21,3219.33333333333,-493,-6640.66666666667,-10569.6,0.579283130549161,1,0,-0,0,0
413,globalPerMotor,1,opening,-128,14,10988.9,3,21,4147.83333333333,-493,-5712.16666666667,-11481.9,0.629283130549161,1,0,-0,0,0
414,globalPerMotor,1,opening,-128,15,11901.2,3,21,5121.66666666667,-493,-4688.5,-12394.2,0.679283130549161,1,0,-0,0,0
415,globalPerMotor,1,opening,-128,16,12813.5,3,21,6093.5,-493,-3486.5,-13306.5,0.729283130549161,1,0,-0,0,0
416,globalPerMotor,1,opening,-128,17,13725.8,3,21,7060.33333333333,-493,-2071.33333333333,-14218.8,0.779283130549161,1,0,-0,0,0
417,globalPerMotor,1,opening,-128,18,14638.1,3,21,8070,-493,-185.5,-15131.1,0.829283130549161,1,0,-0,0,0
418,globalPerMotor,1,opening,-128,19,15550.4,3,21,9009.5,-493,1734,-16043.4,0.879283130549162,1,0,-0,0,0
419,globalPerMotor,1,opening,-128,20,16462.7,3,21,9982,-493,3736.5,-16955.7,0.929283130549161,1,0,-0,0,0
420,globalPerMotor,1,opening,-128,21,17375,3,21,11086,-493,6013.16666666667,-17868,0.979283130549161,1,0,-0,0,0
442,globalPerMotor,1,opening,-160,1,-871,3,21,-871,-871,-18291,0,0,1,0,-0,1,1
443,globalPerMotor,1,opening,-160,2,41.3,3,21,-595.8,-595.8,-12511.8,-637.1,0.0349172421352625,1,0,-0,0,0
444,globalPerMotor,1,opening,-160,3,953.6,3,21,-595.8,-595.8,-12511.8,-1549.4,0.0849172421352625,1,0,-0,0,0
445,globalPerMotor,1,opening,-160,4,1865.9,3,21,-595.8,-595.8,-12511.8,-2461.7,0.134917242135263,1,0,-0,0,0
446,globalPerMotor,1,opening,-160,5,2778.2,3,21,-595.8,-595.8,-12511.8,-3374,0.184917242135263,1,0,-0,0,0
447,globalPerMotor,1,opening,-160,6,3690.5,3,21,-595.8,-595.8,-12511.8,-4286.3,0.234917242135263,1,0,-0,0,0
448,globalPerMotor,1,opening,-160,7,4602.8,3,21,-595.8,-595.8,-12511.8,-5198.6,0.284917242135263,1,0,-0,0,0
449,globalPerMotor,1,opening,-160,8,5515.1,3,21,-566.4,-595.8,-12482.4,-6110.9,0.334917242135263,1,0,-0,0,0
450,globalPerMotor,1,opening,-160,9,6427.4,3,21,-423.6,-595.8,-12339.6,-7023.2,0.384917242135263,1,0,-0,0,0
451,globalPerMotor,1,opening,-160,10,7339.7,3,21,-126.4,-595.8,-12042.4,-7935.5,0.434917242135263,1,0,-0,0,0
452,globalPerMotor,1,opening,-160,11,8252,3,21,557.4,-595.8,-11358.6,-8847.8,0.484917242135262,1,0,-0,0,0
453,globalPerMotor,1,opening,-160,12,9164.3,3,21,1432.2,-595.8,-10483.8,-9760.1,0.534917242135262,1,0,-0,0,0
454,globalPerMotor,1,opening,-160,13,10076.6,3,21,2486.6,-595.8,-9429.4,-10672.4,0.584917242135263,1,0,-0,0,0
455,globalPerMotor,1,opening,-160,14,10988.9,3,21,3349.2,-595.8,-8566.8,-11584.7,0.634917242135262,1,0,-0,0,0
456,globalPerMotor,1,opening,-160,15,11901.2,3,21,4319.2,-595.8,-7596.8,-12497,0.684917242135263,1,0,-0,0,0
457,globalPerMotor,1,opening,-160,16,12813.5,3,21,5286.8,-595.8,-6616.2,-13409.3,0.734917242135262,1,0,-0,0,0
458,globalPerMotor,1,opening,-160,17,13725.8,3,21,6251.6,-595.8,-5522.6,-14321.6,0.784917242135262,1,0,-0,0,0
459,globalPerMotor,1,opening,-160,18,14638.1,3,21,7213.4,-595.8,-4285,-15233.9,0.834917242135263,1,0,-0,0,0
460,globalPerMotor,1,opening,-160,19,15550.4,3,21,8171.8,-595.8,-2639.8,-16146.2,0.884917242135263,1,0,-0,0,0
461,globalPerMotor,1,opening,-160,20,16462.7,3,21,9228.8,-595.8,-551.399999999999,-17058.5,0.934917242135263,1,0,-0,0,0
462,globalPerMotor,1,opening,-160,21,17375,3,21,10269.8,-595.8,1566.2,-17970.8,0.984917242135262,1,0,-0,0,0
484,globalPerMotor,1,opening,-192,1,-871,3,21,-871,-871,-18291,0,0,1,0,-0,1,1
485,globalPerMotor,1,opening,-192,2,41.3,3,21,-659.25,-659.25,-13844.25,-700.55,0.0383947166502247,1,0,-0,0,0
486,globalPerMotor,1,opening,-192,3,953.6,3,21,-659.25,-659.25,-13844.25,-1612.85,0.0883947166502247,1,0,-0,0,0
487,globalPerMotor,1,opening,-192,4,1865.9,3,21,-659.25,-659.25,-13844.25,-2525.15,0.138394716650225,1,0,-0,0,0
488,globalPerMotor,1,opening,-192,5,2778.2,3,21,-659.25,-659.25,-13844.25,-3437.45,0.188394716650225,1,0,-0,0,0
489,globalPerMotor,1,opening,-192,6,3690.5,3,21,-659.25,-659.25,-13844.25,-4349.75,0.238394716650225,1,0,-0,0,0
490,globalPerMotor,1,opening,-192,7,4602.8,3,21,-659.25,-659.25,-13844.25,-5262.05,0.288394716650225,1,0,-0,0,0
491,globalPerMotor,1,opening,-192,8,5515.1,3,21,-659.25,-659.25,-13844.25,-6174.35,0.338394716650225,1,0,-0,0,0
492,globalPerMotor,1,opening,-192,9,6427.4,3,21,-659.25,-659.25,-13844.25,-7086.65,0.388394716650225,1,0,-0,0,0
493,globalPerMotor,1,opening,-192,10,7339.7,3,21,-619,-659.25,-13804,-7998.95,0.438394716650225,1,0,-0,0,0
494,globalPerMotor,1,opening,-192,11,8252,3,21,-188.25,-659.25,-13373.25,-8911.25,0.488394716650225,1,0,-0,0,0
495,globalPerMotor,1,opening,-192,12,9164.3,3,21,685.25,-659.25,-12499.75,-9823.55,0.538394716650225,1,0,-0,0,0
496,globalPerMotor,1,opening,-192,13,10076.6,3,21,1636.5,-659.25,-11548.5,-10735.85,0.588394716650225,1,0,-0,0,0
497,globalPerMotor,1,opening,-192,14,10988.9,3,21,2574,-659.25,-10611,-11648.15,0.638394716650225,1,0,-0,0,0
498,globalPerMotor,1,opening,-192,15,11901.2,3,21,3604,-659.25,-9581,-12560.45,0.688394716650225,1,0,-0,0,0
499,globalPerMotor,1,opening,-192,16,12813.5,3,21,4546,-659.25,-8639,-13472.75,0.738394716650225,1,0,-0,0,0
500,globalPerMotor,1,opening,-192,17,13725.8,3,21,5574.25,-659.25,-7610.75,-14385.05,0.788394716650225,1,0,-0,0,0
501,globalPerMotor,1,opening,-192,18,14638.1,3,21,6526,-659.25,-6659,-15297.35,0.838394716650225,1,0,-0,0,0
502,globalPerMotor,1,opening,-192,19,15550.4,3,21,7528.25,-659.25,-5564,-16209.65,0.888394716650225,1,0,-0,0,0
503,globalPerMotor,1,opening,-192,20,16462.7,3,21,8515.75,-659.25,-3954.25,-17121.95,0.938394716650225,1,0,-0,0,0
504,globalPerMotor,1,opening,-192,21,17375,3,21,9658.75,-659.25,-1646.75,-18034.25,0.988394716650225,1,0,-0,0,0
526,globalPerMotor,1,opening,-224,1,-871,3,21,-871,-871,-18291,0,0,1,0,-0,1,1
527,globalPerMotor,1,opening,-224,2,41.3,3,21,-706.333333333333,-706.333333333333,-14833,-747.633333333333,0.0409751909094231,1,0,-0,0,0
528,globalPerMotor,1,opening,-224,3,953.6,3,21,-706.333333333333,-706.333333333333,-14833,-1659.93333333333,0.0909751909094231,1,0,-0,0,0
529,globalPerMotor,1,opening,-224,4,1865.9,3,21,-706.333333333333,-706.333333333333,-14833,-2572.23333333333,0.140975190909423,1,0,-0,0,0
530,globalPerMotor,1,opening,-224,5,2778.2,3,21,-706.333333333333,-706.333333333333,-14833,-3484.53333333333,0.190975190909423,1,0,-0,0,0
531,globalPerMotor,1,opening,-224,6,3690.5,3,21,-706.333333333333,-706.333333333333,-14833,-4396.83333333333,0.240975190909423,1,0,-0,0,0
532,globalPerMotor,1,opening,-224,7,4602.8,3,21,-706.333333333333,-706.333333333333,-14833,-5309.13333333333,0.290975190909423,1,0,-0,0,0
533,globalPerMotor,1,opening,-224,8,5515.1,3,21,-706.333333333333,-706.333333333333,-14833,-6221.43333333333,0.340975190909423,1,0,-0,0,0
534,globalPerMotor,1,opening,-224,9,6427.4,3,21,-706.333333333333,-706.333333333333,-14833,-7133.73333333333,0.390975190909423,1,0,-0,0,0
535,globalPerMotor,1,opening,-224,10,7339.7,3,21,-674.833333333333,-706.333333333333,-14801.5,-8046.03333333333,0.440975190909423,1,0,-0,0,0
536,globalPerMotor,1,opening,-224,11,8252,3,21,-390.666666666667,-706.333333333333,-14517.3333333333,-8958.33333333333,0.490975190909423,1,0,-0,0,0
537,globalPerMotor,1,opening,-224,12,9164.3,3,21,332.5,-706.333333333333,-13794.1666666667,-9870.63333333333,0.540975190909423,1,0,-0,0,0
538,globalPerMotor,1,opening,-224,13,10076.6,3,21,1255.33333333333,-706.333333333333,-12871.3333333333,-10782.9333333333,0.590975190909423,1,0,-0,0,0
539,globalPerMotor,1,opening,-224,14,10988.9,3,21,2235.83333333333,-706.333333333333,-11890.8333333333,-11695.2333333333,0.640975190909423,1,0,-0,0,0
540,globalPerMotor,1,opening,-224,15,11901.2,3,21,3174.83333333333,-706.333333333333,-10951.8333333333,-12607.5333333333,0.690975190909423,1,0,-0,0,0
541,globalPerMotor,1,opening,-224,16,12813.5,3,21,4164.66666666667,-706.333333333333,-9962,-13519.8333333333,0.740975190909423,1,0,-0,0,0
542,globalPerMotor,1,opening,-224,17,13725.8,3,21,5154.16666666667,-706.333333333333,-8972.5,-14432.1333333333,0.790975190909423,1,0,-0,0,0
543,globalPerMotor,1,opening,-224,18,14638.1,3,21,6141.16666666667,-706.333333333333,-7985.5,-15344.4333333333,0.840975190909423,1,0,-0,0,0
544,globalPerMotor,1,opening,-224,19,15550.4,3,21,7124.5,-706.333333333333,-6986.5,-16256.7333333333,0.890975190909423,1,0,-0,0,0
545,globalPerMotor,1,opening,-224,20,16462.7,3,21,8103.83333333333,-706.333333333333,-5771.33333333333,-17169.0333333333,0.940975190909423,1,0,-0,0,0
546,globalPerMotor,1,opening,-224,21,17375,3,21,9312.66666666667,-706.333333333333,-3595.16666666667,-18081.3333333333,0.990975190909423,1,0,-0,0,0
568,globalPerMotor,1,opening,-255,1,-871,3,21,-871,-871,-18291,0,0,1,0,-0,1,1
569,globalPerMotor,1,opening,-255,2,41.3,3,21,-788.666666666667,-788.666666666667,-16562,-829.966666666667,0.0454875954547115,1,0,-0,0,0
570,globalPerMotor,1,opening,-255,3,953.6,3,21,-788.666666666667,-788.666666666667,-16562,-1742.26666666667,0.0954875954547115,1,0,-0,0,0
571,globalPerMotor,1,opening,-255,4,1865.9,3,21,-788.666666666667,-788.666666666667,-16562,-2654.56666666667,0.145487595454712,1,0,-0,0,0
572,globalPerMotor,1,opening,-255,5,2778.2,3,21,-788.666666666667,-788.666666666667,-16562,-3566.86666666667,0.195487595454712,1,0,-0,0,0
573,globalPerMotor,1,opening,-255,6,3690.5,3,21,-788.666666666667,-788.666666666667,-16562,-4479.16666666667,0.245487595454712,1,0,-0,0,0
574,globalPerMotor,1,opening,-255,7,4602.8,3,21,-788.666666666667,-788.666666666667,-16562,-5391.46666666667,0.295487595454712,1,0,-0,0,0
575,globalPerMotor,1,opening,-255,8,5515.1,3,21,-788.666666666667,-788.666666666667,-16562,-6303.76666666667,0.345487595454712,1,0,-0,0,0
576,globalPerMotor,1,opening,-255,9,6427.4,3,21,-788.666666666667,-788.666666666667,-16562,-7216.06666666667,0.395487595454712,1,0,-0,0,0
577,globalPerMotor,1,opening,-255,10,7339.7,3,21,-787.833333333333,-788.666666666667,-16561.1666666667,-8128.36666666667,0.445487595454712,1,0,-0,0,0
578,globalPerMotor,1,opening,-255,11,8252,3,21,-664.833333333333,-788.666666666667,-16438.1666666667,-9040.66666666667,0.495487595454711,1,0,-0,0,0
579,globalPerMotor,1,opening,-255,12,9164.3,3,21,-74.3333333333333,-788.666666666667,-15847.6666666667,-9952.96666666667,0.545487595454711,1,0,-0,0,0
580,globalPerMotor,1,opening,-255,13,10076.6,3,21,810.166666666667,-788.666666666667,-14963.1666666667,-10865.2666666667,0.595487595454712,1,0,-0,0,0
581,globalPerMotor,1,opening,-255,14,10988.9,3,21,1721.33333333333,-788.666666666667,-14052,-11777.5666666667,0.645487595454711,1,0,-0,0,0
582,globalPerMotor,1,opening,-255,15,11901.2,3,21,2696,-788.666666666667,-13077.3333333333,-12689.8666666667,0.695487595454712,1,0,-0,0,0
583,globalPerMotor,1,opening,-255,16,12813.5,3,21,3671.33333333333,-788.666666666667,-12102,-13602.1666666667,0.745487595454712,1,0,-0,0,0
584,globalPerMotor,1,opening,-255,17,13725.8,3,21,4580.16666666667,-788.666666666667,-11193.1666666667,-14514.4666666667,0.795487595454711,1,0,-0,0,0
585,globalPerMotor,1,opening,-255,18,14638.1,3,21,5551.83333333333,-788.666666666667,-10221.5,-15426.7666666667,0.845487595454712,1,0,-0,0,0
586,globalPerMotor,1,opening,-255,19,15550.4,3,21,6522,-788.666666666667,-9251.33333333333,-16339.0666666667,0.895487595454712,1,0,-0,0,0
587,globalPerMotor,1,opening,-255,20,16462.7,3,21,7503,-788.666666666667,-8263.33333333333,-17251.3666666667,0.945487595454712,1,0,-0,0,0
588,globalPerMotor,1,opening,-255,21,17375,3,21,8714.66666666667,-788.666666666667,-6686.5,-18163.6666666667,0.995487595454712,1,0,-0,0,0
610,globalPerMotor,2,closing,64,1,-477,3,21,1414.66666666667,3598,65116.6666666667,4075,0.558372156755275,1,0,0,0,0
611,globalPerMotor,2,closing,64,2,-112.1,3,21,1414.66666666667,3598,65116.6666666667,3710.1,0.508372156755275,1,0,0,0,0
612,globalPerMotor,2,closing,64,3,252.8,3,21,1698,3598,65856,3345.2,0.458372156755275,1,0,0,0,0
613,globalPerMotor,2,closing,64,4,617.7,3,21,1928.33333333333,3598,66442.3333333333,2980.3,0.408372156755275,1,0,0,0,0
614,globalPerMotor,2,closing,64,5,982.6,3,21,2112,3598,66815.3333333333,2615.4,0.358372156755275,1,0,0,0,0
615,globalPerMotor,2,closing,64,6,1347.5,3,21,2246.33333333333,3598,67213.3333333333,2250.5,0.308372156755275,1,0,0,0,0
616,globalPerMotor,2,closing,64,7,1712.4,3,21,2341.66666666667,3598,67783,1885.6,0.258372156755275,1,0,0,0,0
617,globalPerMotor,2,closing,64,8,2077.3,3,21,2416.66666666667,3598,68270,1520.7,0.208372156755275,1,0,0,0,0
618,globalPerMotor,2,closing,64,9,2442.2,3,21,2477,3598,70316.6666666667,1155.8,0.158372156755275,1,0,0,0,0
619,globalPerMotor,2,closing,64,10,2807.1,3,21,3137.33333333333,3598,74751,790.9,0.108372156755275,1,0,0,0,0
620,globalPerMotor,2,closing,64,11,3172,3,21,3369.66666666667,3598,75329.6666666667,426,0.0583721567552754,1,0,0,0,0
621,globalPerMotor,2,closing,64,12,3536.9,3,21,3598,3598,75558,61.0999999999999,0.00837215675527541,1,0,0,0,0
622,globalPerMotor,2,closing,64,13,3901.8,3,21,3901.8,3901.8,81937.8,0,0,1,0,0,1,1
623,globalPerMotor,2,closing,64,14,4266.7,3,21,4266.7,4266.7,89600.7,0,0,1,0,0,1,1
624,globalPerMotor,2,closing,64,15,4631.6,3,21,4631.6,4631.6,97263.6,0,0,1,0,0,1,1
625,globalPerMotor,2,closing,64,16,4996.5,3,21,4996.5,4996.5,104926.5,0,0,1,0,0,1,1
626,globalPerMotor,2,closing,64,17,5361.4,3,21,5361.4,5361.4,112589.4,0,0,1,0,0,1,1
627,globalPerMotor,2,closing,64,18,5726.3,3,21,5726.3,5726.3,120252.3,0,0,1,0,0,1,1
628,globalPerMotor,2,closing,64,19,6091.2,3,21,6091.2,6091.2,127915.2,0,0,1,0,0,1,1
629,globalPerMotor,2,closing,64,20,6456.1,3,21,6456.1,6456.1,135578.1,0,0,1,0,0,1,1
630,globalPerMotor,2,closing,64,21,6821,3,21,6821,6821,143241,0,0,1,0,0,1,1
652,globalPerMotor,2,closing,96,1,-477,3,21,3059.5,5435.75,107782,5912.75,0.810187722663744,1,0,0,0,0
653,globalPerMotor,2,closing,96,2,-112.1,3,21,3059.5,5435.75,107782,5547.85,0.760187722663744,1,0,0,0,0
654,globalPerMotor,2,closing,96,3,252.8,3,21,3258.25,5435.75,108186.25,5182.95,0.710187722663743,1,0,0,0,0
655,globalPerMotor,2,closing,96,4,617.7,3,21,3397.5,5435.75,108497.75,4818.05,0.660187722663743,1,0,0,0,0
656,globalPerMotor,2,closing,96,5,982.6,3,21,3516.75,5435.75,108758.75,4453.15,0.610187722663743,1,0,0,0,0
657,globalPerMotor,2,closing,96,6,1347.5,3,21,3635.25,5435.75,108998.5,4088.25,0.560187722663744,1,0,0,0,0
658,globalPerMotor,2,closing,96,7,1712.4,3,21,3742.5,5435.75,109199,3723.35,0.510187722663743,1,0,0,0,0
659,globalPerMotor,2,closing,96,8,2077.3,3,21,3853,5435.75,109408.25,3358.45,0.460187722663743,1,0,0,0,0
660,globalPerMotor,2,closing,96,9,2442.2,3,21,3963,5435.75,109636.5,2993.55,0.410187722663744,1,0,0,0,0
661,globalPerMotor,2,closing,96,10,2807.1,3,21,4075,5435.75,109948,2628.65,0.360187722663743,1,0,0,0,0
662,globalPerMotor,2,closing,96,11,3172,3,21,4207.5,5435.75,110267.25,2263.75,0.310187722663744,1,0,0,0,0
663,globalPerMotor,2,closing,96,12,3536.9,3,21,4302,5435.75,110709.75,1898.85,0.260187722663743,1,0,0,0,0
664,globalPerMotor,2,closing,96,13,3901.8,3,21,4322.25,5435.75,111043.25,1533.95,0.210187722663743,1,0,0,0,0
665,globalPerMotor,2,closing,96,14,4266.7,3,21,4335.25,5435.75,111655.25,1169.05,0.160187722663744,1,0,0,0,0
666,globalPerMotor,2,closing,96,15,4631.6,3,21,5037.75,5435.75,113736.75,804.15,0.110187722663743,1,0,0,0,0
667,globalPerMotor,2,closing,96,16,4996.5,3,21,5418.75,5435.75,114133.75,439.25,0.0601877226637435,1,0,0,0,0
668,globalPerMotor,2,closing,96,17,5361.4,3,21,5431.5,5435.75,114146.5,74.3500000000004,0.0101877226637435,1,0,0,0,0
669,globalPerMotor,2,closing,96,18,5726.3,3,21,5726.3,5726.3,120252.3,0,0,1,0,0,1,1
670,globalPerMotor,2,closing,96,19,6091.2,3,21,6091.2,6091.2,127915.2,0,0,1,0,0,1,1
671,globalPerMotor,2,closing,96,20,6456.1,3,21,6456.1,6456.1,135578.1,0,0,1,0,0,1,1
672,globalPerMotor,2,closing,96,21,6821,3,21,6821,6821,143241,0,0,1,0,0,1,1
694,globalPerMotor,2,closing,128,1,-477,3,21,4300.66666666667,6113.83333333333,126453.166666667,6590.83333333333,0.903101306293962,1,0,0,0,0
695,globalPerMotor,2,closing,128,2,-112.1,3,21,4300.66666666667,6113.83333333333,126453.166666667,6225.93333333333,0.853101306293962,1,0,0,0,0
696,globalPerMotor,2,closing,128,3,252.8,3,21,4644.66666666667,6113.83333333333,126814.833333333,5861.03333333333,0.803101306293962,1,0,0,0,0
697,globalPerMotor,2,closing,128,4,617.7,3,21,4885,6113.83333333333,127059.166666667,5496.13333333333,0.753101306293962,1,0,0,0,0
698,globalPerMotor,2,closing,128,5,982.6,3,21,5098.33333333333,6113.83333333333,127279.833333333,5131.23333333333,0.703101306293962,1,0,0,0,0
699,globalPerMotor,2,closing,128,6,1347.5,3,21,5301.66666666667,6113.83333333333,127491.666666667,4766.33333333333,0.653101306293962,1,0,0,0,0
700,globalPerMotor,2,closing,128,7,1712.4,3,21,5522.66666666667,6113.83333333333,127714.333333333,4401.43333333333,0.603101306293962,1,0,0,0,0
701,globalPerMotor,2,closing,128,8,2077.3,3,21,5659.33333333333,6113.83333333333,127858,4036.53333333333,0.553101306293962,1,0,0,0,0
702,globalPerMotor,2,closing,128,9,2442.2,3,21,5790.16666666667,6113.83333333333,128000.5,3671.63333333333,0.503101306293962,1,0,0,0,0
703,globalPerMotor,2,closing,128,10,2807.1,3,21,5871.33333333333,6113.83333333333,128092.333333333,3306.73333333333,0.453101306293962,1,0,0,0,0
704,globalPerMotor,2,closing,128,11,3172,3,21,5914.33333333333,6113.83333333333,128145.666666667,2941.83333333333,0.403101306293962,1,0,0,0,0
705,globalPerMotor,2,closing,128,12,3536.9,3,21,5955.83333333333,6113.83333333333,128197.5,2576.93333333333,0.353101306293962,1,0,0,0,0
706,globalPerMotor,2,closing,128,13,3901.8,3,21,5993.33333333333,6113.83333333333,128236.166666667,2212.03333333333,0.303101306293962,1,0,0,0,0
707,globalPerMotor,2,closing,128,14,4266.7,3,21,6019.66666666667,6113.83333333333,128264.666666667,1847.13333333333,0.253101306293962,1,0,0,0,0
708,globalPerMotor,2,closing,128,15,4631.6,3,21,6034.5,6113.83333333333,128284,1482.23333333333,0.203101306293962,1,0,0,0,0
709,globalPerMotor,2,closing,128,16,4996.5,3,21,6035.33333333333,6113.83333333333,128292.166666667,1117.33333333333,0.153101306293962,1,0,0,0,0
710,globalPerMotor,2,closing,128,17,5361.4,3,21,6037.16666666667,6113.83333333333,128304.666666667,752.433333333333,0.103101306293962,1,0,0,0,0
711,globalPerMotor,2,closing,128,18,5726.3,3,21,6049,6113.83333333333,128317.666666667,387.533333333333,0.0531013062939618,1,0,0,0,0
712,globalPerMotor,2,closing,128,19,6091.2,3,21,6113.83333333333,6113.83333333333,128390.5,22.6333333333332,0.0031013062939618,1,0,0,0,0
713,globalPerMotor,2,closing,128,20,6456.1,3,21,6456.1,6456.1,135578.1,0,0,1,0,0,1,1
714,globalPerMotor,2,closing,128,21,6821,3,21,6821,6821,143241,0,0,1,0,0,1,1
736,globalPerMotor,2,closing,160,1,-477,3,21,5226.4,6482.8,134842.6,6959.8,0.953658536585366,1,0,0,0,0
737,globalPerMotor,2,closing,160,2,-112.1,3,21,5226.4,6482.8,134842.6,6594.9,0.903658536585366,1,0,0,0,0
738,globalPerMotor,2,closing,160,3,252.8,3,21,5579,6482.8,135196.6,6230,0.853658536585366,1,0,0,0,0
739,globalPerMotor,2,closing,160,4,617.7,3,21,5792.2,6482.8,135409.8,5865.1,0.803658536585366,1,0,0,0,0
740,globalPerMotor,2,closing,160,5,982.6,3,21,5928.4,6482.8,135548.6,5500.2,0.753658536585366,1,0,0,0,0
741,globalPerMotor,2,closing,160,6,1347.5,3,21,6045.4,6482.8,135672.6,5135.3,0.703658536585366,1,0,0,0,0
742,globalPerMotor,2,closing,160,7,1712.4,3,21,6126.6,6482.8,135762.8,4770.4,0.653658536585366,1,0,0,0,0
743,globalPerMotor,2,closing,160,8,2077.3,3,21,6198.4,6482.8,135836.8,4405.5,0.603658536585366,1,0,0,0,0
744,globalPerMotor,2,closing,160,9,2442.2,3,21,6238.6,6482.8,135877.2,4040.6,0.553658536585366,1,0,0,0,0
745,globalPerMotor,2,closing,160,10,2807.1,3,21,6273.4,6482.8,135914,3675.7,0.503658536585366,1,0,0,0,0
746,globalPerMotor,2,closing,160,11,3172,3,21,6307.8,6482.8,135955,3310.8,0.453658536585366,1,0,0,0,0
747,globalPerMotor,2,closing,160,12,3536.9,3,21,6336,6482.8,135988.8,2945.9,0.403658536585366,1,0,0,0,0
748,globalPerMotor,2,closing,160,13,3901.8,3,21,6365.4,6482.8,136020.6,2581,0.353658536585366,1,0,0,0,0
749,globalPerMotor,2,closing,160,14,4266.7,3,21,6394.4,6482.8,136050.2,2216.1,0.303658536585366,1,0,0,0,0
750,globalPerMotor,2,closing,160,15,4631.6,3,21,6415,6482.8,136071,1851.2,0.253658536585366,1,0,0,0,0
751,globalPerMotor,2,closing,160,16,4996.5,3,21,6435.6,6482.8,136091.4,1486.3,0.203658536585366,1,0,0,0,0
752,globalPerMotor,2,closing,160,17,5361.4,3,21,6444,6482.8,136100,1121.4,0.153658536585366,1,0,0,0,0
753,globalPerMotor,2,closing,160,18,5726.3,3,21,6444.4,6482.8,136100.4,756.5,0.103658536585366,1,0,0,0,0
754,globalPerMotor,2,closing,160,19,6091.2,3,21,6460.6,6482.8,136116.6,391.6,0.0536585365853659,1,0,0,0,0
755,globalPerMotor,2,closing,160,20,6456.1,3,21,6482.8,6482.8,136138.8,26.6999999999998,0.00365853658536583,1,0,0,0,0
756,globalPerMotor,2,closing,160,21,6821,3,21,6821,6821,143241,0,0,1,0,0,1,1
778,globalPerMotor,2,closing,192,1,-477,3,21,5618.66666666667,6521,136038.666666667,6998,0.95889284735544,1,0,0,0,0
779,globalPerMotor,2,closing,192,2,-112.1,3,21,5618.66666666667,6521,136038.666666667,6633.1,0.90889284735544,1,0,0,0,0
780,globalPerMotor,2,closing,192,3,252.8,3,21,5916.33333333333,6521,136336.333333333,6268.2,0.85889284735544,1,0,0,0,0
781,globalPerMotor,2,closing,192,4,617.7,3,21,6138.66666666667,6521,136558.666666667,5903.3,0.80889284735544,1,0,0,0,0
782,globalPerMotor,2,closing,192,5,982.6,3,21,6295,6521,136715,5538.4,0.75889284735544,1,0,0,0,0
783,globalPerMotor,2,closing,192,6,1347.5,3,21,6457,6521,136877,5173.5,0.70889284735544,1,0,0,0,0
784,globalPerMotor,2,closing,192,7,1712.4,3,21,6521,6521,136941,4808.6,0.65889284735544,1,0,0,0,0
785,globalPerMotor,2,closing,192,8,2077.3,3,21,6521,6521,136941,4443.7,0.60889284735544,1,0,0,0,0
786,globalPerMotor,2,closing,192,9,2442.2,3,21,6521,6521,136941,4078.8,0.55889284735544,1,0,0,0,0
787,globalPerMotor,2,closing,192,10,2807.1,3,21,6521,6521,136941,3713.9,0.50889284735544,1,0,0,0,0
788,globalPerMotor,2,closing,192,11,3172,3,21,6521,6521,136941,3349,0.45889284735544,1,0,0,0,0
789,globalPerMotor,2,closing,192,12,3536.9,3,21,6521,6521,136941,2984.1,0.40889284735544,1,0,0,0,0
790,globalPerMotor,2,closing,192,13,3901.8,3,21,6521,6521,136941,2619.2,0.35889284735544,1,0,0,0,0
791,globalPerMotor,2,closing,192,14,4266.7,3,21,6521,6521,136941,2254.3,0.30889284735544,1,0,0,0,0
792,globalPerMotor,2,closing,192,15,4631.6,3,21,6521,6521,136941,1889.4,0.25889284735544,1,0,0,0,0
793,globalPerMotor,2,closing,192,16,4996.5,3,21,6521,6521,136941,1524.5,0.20889284735544,1,0,0,0,0
794,globalPerMotor,2,closing,192,17,5361.4,3,21,6521,6521,136941,1159.6,0.15889284735544,1,0,0,0,0
795,globalPerMotor,2,closing,192,18,5726.3,3,21,6521,6521,136941,794.7,0.10889284735544,1,0,0,0,0
796,globalPerMotor,2,closing,192,19,6091.2,3,21,6521,6521,136941,429.8,0.0588928473554399,1,0,0,0,0
797,globalPerMotor,2,closing,192,20,6456.1,3,21,6521,6521,136941,64.8999999999996,0.0088928473554398,1,0,0,0,0
798,globalPerMotor,2,closing,192,21,6821,3,21,6821,6821,143241,0,0,1,0,0,1,1
820,globalPerMotor,2,closing,224,1,-477,3,21,6126.5,6596.83333333333,138063.166666667,7073.83333333333,0.969283822051704,1,0,0,0,0
821,globalPerMotor,2,closing,224,2,-112.1,3,21,6126.5,6596.83333333333,138063.166666667,6708.93333333333,0.919283822051704,1,0,0,0,0
822,globalPerMotor,2,closing,224,3,252.8,3,21,6385.33333333333,6596.83333333333,138322,6344.03333333333,0.869283822051704,1,0,0,0,0
823,globalPerMotor,2,closing,224,4,617.7,3,21,6496.5,6596.83333333333,138433.166666667,5979.13333333333,0.819283822051704,1,0,0,0,0
824,globalPerMotor,2,closing,224,5,982.6,3,21,6575.66666666667,6596.83333333333,138512.333333333,5614.23333333333,0.769283822051704,1,0,0,0,0
825,globalPerMotor,2,closing,224,6,1347.5,3,21,6596.83333333333,6596.83333333333,138533.5,5249.33333333333,0.719283822051704,1,0,0,0,0
826,globalPerMotor,2,closing,224,7,1712.4,3,21,6596.83333333333,6596.83333333333,138533.5,4884.43333333333,0.669283822051704,1,0,0,0,0
827,globalPerMotor,2,closing,224,8,2077.3,3,21,6596.83333333333,6596.83333333333,138533.5,4519.53333333333,0.619283822051704,1,0,0,0,0
828,globalPerMotor,2,closing,224,9,2442.2,3,21,6596.83333333333,6596.83333333333,138533.5,4154.63333333333,0.569283822051704,1,0,0,0,0
829,globalPerMotor,2,closing,224,10,2807.1,3,21,6596.83333333333,6596.83333333333,138533.5,3789.73333333333,0.519283822051704,1,0,0,0,0
830,globalPerMotor,2,closing,224,11,3172,3,21,6596.83333333333,6596.83333333333,138533.5,3424.83333333333,0.469283822051704,1,0,0,0,0
831,globalPerMotor,2,closing,224,12,3536.9,3,21,6596.83333333333,6596.83333333333,138533.5,3059.93333333333,0.419283822051704,1,0,0,0,0
832,globalPerMotor,2,closing,224,13,3901.8,3,21,6596.83333333333,6596.83333333333,138533.5,2695.03333333333,0.369283822051704,1,0,0,0,0
833,globalPerMotor,2,closing,224,14,4266.7,3,21,6596.83333333333,6596.83333333333,138533.5,2330.13333333333,0.319283822051704,1,0,0,0,0
834,globalPerMotor,2,closing,224,15,4631.6,3,21,6596.83333333333,6596.83333333333,138533.5,1965.23333333333,0.269283822051704,1,0,0,0,0
835,globalPerMotor,2,closing,224,16,4996.5,3,21,6596.83333333333,6596.83333333333,138533.5,1600.33333333333,0.219283822051704,1,0,0,0,0
836,globalPerMotor,2,closing,224,17,5361.4,3,21,6596.83333333333,6596.83333333333,138533.5,1235.43333333333,0.169283822051704,1,0,0,0,0
837,globalPerMotor,2,closing,224,18,5726.3,3,21,6596.83333333333,6596.83333333333,138533.5,870.533333333333,0.119283822051704,1,0,0,0,0
838,globalPerMotor,2,closing,224,19,6091.2,3,21,6596.83333333333,6596.83333333333,138533.5,505.633333333333,0.0692838220517037,1,0,0,0,0
839,globalPerMotor,2,closing,224,20,6456.1,3,21,6596.83333333333,6596.83333333333,138533.5,140.733333333333,0.0192838220517036,1,0,0,0,0
840,globalPerMotor,2,closing,224,21,6821,3,21,6821,6821,143241,0,0,1,0,0,1,1
862,globalPerMotor,2,closing,255,1,-477,3,21,6538,6665.16666666667,139841.333333333,7142.16666666667,0.978647117931854,1,0,0,0,0
863,globalPerMotor,2,closing,255,2,-112.1,3,21,6538,6665.16666666667,139841.333333333,6777.26666666667,0.928647117931854,1,0,0,0,0
864,globalPerMotor,2,closing,255,3,252.8,3,21,6632.33333333333,6665.16666666667,139935.666666667,6412.36666666667,0.878647117931853,1,0,0,0,0
865,globalPerMotor,2,closing,255,4,617.7,3,21,6665.16666666667,6665.16666666667,139968.5,6047.46666666667,0.828647117931854,1,0,0,0,0
866,globalPerMotor,2,closing,255,5,982.6,3,21,6665.16666666667,6665.16666666667,139968.5,5682.56666666667,0.778647117931854,1,0,0,0,0
867,globalPerMotor,2,closing,255,6,1347.5,3,21,6665.16666666667,6665.16666666667,139968.5,5317.66666666667,0.728647117931854,1,0,0,0,0
868,globalPerMotor,2,closing,255,7,1712.4,3,21,6665.16666666667,6665.16666666667,139968.5,4952.76666666667,0.678647117931853,1,0,0,0,0
869,globalPerMotor,2,closing,255,8,2077.3,3,21,6665.16666666667,6665.16666666667,139968.5,4587.86666666667,0.628647117931853,1,0,0,0,0
870,globalPerMotor,2,closing,255,9,2442.2,3,21,6665.16666666667,6665.16666666667,139968.5,4222.96666666667,0.578647117931854,1,0,0,0,0
871,globalPerMotor,2,closing,255,10,2807.1,3,21,6665.16666666667,6665.16666666667,139968.5,3858.06666666667,0.528647117931853,1,0,0,0,0
872,globalPerMotor,2,closing,255,11,3172,3,21,6665.16666666667,6665.16666666667,139968.5,3493.16666666667,0.478647117931853,1,0,0,0,0
873,globalPerMotor,2,closing,255,12,3536.9,3,21,6665.16666666667,6665.16666666667,139968.5,3128.26666666667,0.428647117931854,1,0,0,0,0
874,globalPerMotor,2,closing,255,13,3901.8,3,21,6665.16666666667,6665.16666666667,139968.5,2763.36666666667,0.378647117931854,1,0,0,0,0
875,globalPerMotor,2,closing,255,14,4266.7,3,21,6665.16666666667,6665.16666666667,139968.5,2398.46666666667,0.328647117931854,1,0,0,0,0
876,globalPerMotor,2,closing,255,15,4631.6,3,21,6665.16666666667,6665.16666666667,139968.5,2033.56666666667,0.278647117931853,1,0,0,0,0
877,globalPerMotor,2,closing,255,16,4996.5,3,21,6665.16666666667,6665.16666666667,139968.5,1668.66666666667,0.228647117931854,1,0,0,0,0
878,globalPerMotor,2,closing,255,17,5361.4,3,21,6665.16666666667,6665.16666666667,139968.5,1303.76666666667,0.178647117931854,1,0,0,0,0
879,globalPerMotor,2,closing,255,18,5726.3,3,21,6665.16666666667,6665.16666666667,139968.5,938.866666666667,0.128647117931853,1,0,0,0,0
880,globalPerMotor,2,closing,255,19,6091.2,3,21,6665.16666666667,6665.16666666667,139968.5,573.966666666667,0.0786471179318535,1,0,0,0,0
881,globalPerMotor,2,closing,255,20,6456.1,3,21,6665.16666666667,6665.16666666667,139968.5,209.066666666667,0.0286471179318535,1,0,0,0,0
882,globalPerMotor,2,closing,255,21,6821,3,21,6821,6821,143241,0,0,1,0,0,1,1
904,globalPerMotor,2,opening,-64,1,-477,3,21,-477,-477,-10017,0,0,1,0,-0,1,1
905,globalPerMotor,2,opening,-64,2,-112.1,3,21,-112.1,-112.1,-2354.1,0,0,1,0,-0,1,1
906,globalPerMotor,2,opening,-64,3,252.8,3,21,-15,-15,-315,-267.8,0.0366949849273774,1,0,-0,0,0
907,globalPerMotor,2,opening,-64,4,617.7,3,21,130.666666666667,-15,-169.333333333333,-632.7,0.0866949849273774,1,0,-0,0,0
908,globalPerMotor,2,opening,-64,5,982.6,3,21,262.333333333333,-15,-37.6666666666667,-997.6,0.136694984927377,1,0,-0,0,0
909,globalPerMotor,2,opening,-64,6,1347.5,3,21,433,-15,220,-1362.5,0.186694984927377,1,0,-0,0,0
910,globalPerMotor,2,opening,-64,7,1712.4,3,21,820.666666666667,-15,737.666666666667,-1727.4,0.236694984927377,1,0,-0,0,0
911,globalPerMotor,2,opening,-64,8,2077.3,3,21,1191.66666666667,-15,1286.33333333333,-2092.3,0.286694984927377,1,0,-0,0,0
912,globalPerMotor,2,opening,-64,9,2442.2,3,21,1462.33333333333,-15,1861.66666666667,-2457.2,0.336694984927377,1,0,-0,0,0
913,globalPerMotor,2,opening,-64,10,2807.1,3,21,1703,-15,2446.66666666667,-2822.1,0.386694984927377,1,0,-0,0,0
914,globalPerMotor,2,opening,-64,11,3172,3,21,1957,-15,3058.66666666667,-3187,0.436694984927377,1,0,-0,0,0
915,globalPerMotor,2,opening,-64,12,3536.9,3,21,2237.66666666667,-15,3793,-3551.9,0.486694984927377,1,0,-0,0,0
916,globalPerMotor,2,opening,-64,13,3901.8,3,21,2624.33333333333,-15,4802,-3916.8,0.536694984927377,1,0,-0,0,0
917,globalPerMotor,2,opening,-64,14,4266.7,3,21,2925,-15,5599.33333333333,-4281.7,0.586694984927377,1,0,-0,0,0
918,globalPerMotor,2,opening,-64,15,4631.6,3,21,2925,-15,5599.33333333333,-4646.6,0.636694984927377,1,0,-0,0,0
919,globalPerMotor,2,opening,-64,16,4996.5,3,21,2925,-15,5599.33333333333,-5011.5,0.686694984927377,1,0,-0,0,0
920,globalPerMotor,2,opening,-64,17,5361.4,3,21,2925,-15,5599.33333333333,-5376.4,0.736694984927377,1,0,-0,0,0
921,globalPerMotor,2,opening,-64,18,5726.3,3,21,2925,-15,5599.33333333333,-5741.3,0.786694984927377,1,0,-0,0,0
922,globalPerMotor,2,opening,-64,19,6091.2,3,21,2925,-15,5599.33333333333,-6106.2,0.836694984927377,1,0,-0,0,0
923,globalPerMotor,2,opening,-64,20,6456.1,3,21,2925,-15,5599.33333333333,-6471.1,0.886694984927377,1,0,-0,0,0
924,globalPerMotor,2,opening,-64,21,6821,3,21,2925,-15,5599.33333333333,-6836,0.936694984927377,1,0,-0,0,0
946,globalPerMotor,2,opening,-96,1,-477,3,21,-477,-477,-10017,0,0,1,0,-0,1,1
947,globalPerMotor,2,opening,-96,2,-112.1,3,21,-123.5,-123.5,-2593.5,-11.4,0.00156207180049328,1,0,-0,0,0
948,globalPerMotor,2,opening,-96,3,252.8,3,21,-123.5,-123.5,-2593.5,-376.3,0.0515620718004933,1,0,-0,0,0
949,globalPerMotor,2,opening,-96,4,617.7,3,21,-123.5,-123.5,-2593.5,-741.2,0.101562071800493,1,0,-0,0,0
950,globalPerMotor,2,opening,-96,5,982.6,3,21,-123.5,-123.5,-2593.5,-1106.1,0.151562071800493,1,0,-0,0,0
951,globalPerMotor,2,opening,-96,6,1347.5,3,21,-123.5,-123.5,-2593.5,-1471,0.201562071800493,1,0,-0,0,0
952,globalPerMotor,2,opening,-96,7,1712.4,3,21,-123.5,-123.5,-2593.5,-1835.9,0.251562071800493,1,0,-0,0,0
953,globalPerMotor,2,opening,-96,8,2077.3,3,21,-123.5,-123.5,-2593.5,-2200.8,0.301562071800493,1,0,-0,0,0
954,globalPerMotor,2,opening,-96,9,2442.2,3,21,-123.5,-123.5,-2593.5,-2565.7,0.351562071800493,1,0,-0,0,0
955,globalPerMotor,2,opening,-96,10,2807.1,3,21,-123.5,-123.5,-2593.5,-2930.6,0.401562071800493,1,0,-0,0,0
956,globalPerMotor,2,opening,-96,11,3172,3,21,-82.25,-123.5,-2552.25,-3295.5,0.451562071800493,1,0,-0,0,0
957,globalPerMotor,2,opening,-96,12,3536.9,3,21,116,-123.5,-2354,-3660.4,0.501562071800493,1,0,-0,0,0
958,globalPerMotor,2,opening,-96,13,3901.8,3,21,309,-123.5,-2161,-4025.3,0.551562071800493,1,0,-0,0,0
959,globalPerMotor,2,opening,-96,14,4266.7,3,21,505.25,-123.5,-1964.75,-4390.2,0.601562071800493,1,0,-0,0,0
960,globalPerMotor,2,opening,-96,15,4631.6,3,21,749.5,-123.5,-1720.5,-4755.1,0.651562071800493,1,0,-0,0,0
961,globalPerMotor,2,opening,-96,16,4996.5,3,21,1065.25,-123.5,-1404.75,-5120,0.701562071800493,1,0,-0,0,0
962,globalPerMotor,2,opening,-96,17,5361.4,3,21,1430.5,-123.5,-1039.5,-5484.9,0.751562071800493,1,0,-0,0,0
963,globalPerMotor,2,opening,-96,18,5726.3,3,21,1712.25,-123.5,-757.75,-5849.8,0.801562071800493,1,0,-0,0,0
964,globalPerMotor,2,opening,-96,19,6091.2,3,21,1712.25,-123.5,-757.75,-6214.7,0.851562071800493,1,0,-0,0,0
965,globalPerMotor,2,opening,-96,20,6456.1,3,21,1712.25,-123.5,-757.75,-6579.6,0.901562071800493,1,0,-0,0,0
966,globalPerMotor,2,opening,-96,21,6821,3,21,1712.25,-123.5,-757.75,-6944.5,0.951562071800493,1,0,-0,0,0
988,globalPerMotor,2,opening,-128,1,-477,3,21,-477,-477,-10017,0,0,1,0,-0,1,1
989,globalPerMotor,2,opening,-128,2,-112.1,3,21,-223.5,-223.5,-4693.5,-111.4,0.0152644560153467,1,0,-0,0,0
990,globalPerMotor,2,opening,-128,3,252.8,3,21,-223.5,-223.5,-4693.5,-476.3,0.0652644560153467,1,0,-0,0,0
991,globalPerMotor,2,opening,-128,4,617.7,3,21,-223.5,-223.5,-4693.5,-841.2,0.115264456015347,1,0,-0,0,0
992,globalPerMotor,2,opening,-128,5,982.6,3,21,-223.5,-223.5,-4693.5,-1206.1,0.165264456015347,1,0,-0,0,0
993,globalPerMotor,2,opening,-128,6,1347.5,3,21,-223.5,-223.5,-4693.5,-1571,0.215264456015347,1,0,-0,0,0
994,globalPerMotor,2,opening,-128,7,1712.4,3,21,-223.5,-223.5,-4693.5,-1935.9,0.265264456015347,1,0,-0,0,0
995,globalPerMotor,2,opening,-128,8,2077.3,3,21,-223.5,-223.5,-4693.5,-2300.8,0.315264456015347,1,0,-0,0,0
996,globalPerMotor,2,opening,-128,9,2442.2,3,21,-223.5,-223.5,-4693.5,-2665.7,0.365264456015347,1,0,-0,0,0
997,globalPerMotor,2,opening,-128,10,2807.1,3,21,-223.5,-223.5,-4693.5,-3030.6,0.415264456015347,1,0,-0,0,0
998,globalPerMotor,2,opening,-128,11,3172,3,21,-223.5,-223.5,-4693.5,-3395.5,0.465264456015347,1,0,-0,0,0
999,globalPerMotor,2,opening,-128,12,3536.9,3,21,-223.5,-223.5,-4693.5,-3760.4,0.515264456015347,1,0,-0,0,0
1000,globalPerMotor,2,opening,-128,13,3901.8,3,21,-213.333333333333,-223.5,-4683.33333333333,-4125.3,0.565264456015347,1,0,-0,0,0
1001,globalPerMotor,2,opening,-128,14,4266.7,3,21,-157,-223.5,-4627,-4490.2,0.615264456015347,1,0,-0,0,0
1002,globalPerMotor,2,opening,-128,15,4631.6,3,21,-39.6666666666667,-223.5,-4509.66666666667,-4855.1,0.665264456015347,1,0,-0,0,0
1003,globalPerMotor,2,opening,-128,16,4996.5,3,21,218.166666666667,-223.5,-4251.83333333333,-5220,0.715264456015347,1,0,-0,0,0
1004,globalPerMotor,2,opening,-128,17,5361.4,3,21,460.666666666667,-223.5,-4009.33333333333,-5584.9,0.765264456015347,1,0,-0,0,0
1005,globalPerMotor,2,opening,-128,18,5726.3,3,21,727.333333333333,-223.5,-3742.66666666667,-5949.8,0.815264456015347,1,0,-0,0,0
1006,globalPerMotor,2,opening,-128,19,6091.2,3,21,1129.33333333333,-223.5,-3340.66666666667,-6314.7,0.865264456015347,1,0,-0,0,0
1007,globalPerMotor,2,opening,-128,20,6456.1,3,21,1363.16666666667,-223.5,-3106.83333333333,-6679.6,0.915264456015347,1,0,-0,0,0
1008,globalPerMotor,2,opening,-128,21,6821,3,21,1363.16666666667,-223.5,-3106.83333333333,-7044.5,0.965264456015347,1,0,-0,0,0
1030,globalPerMotor,2,opening,-160,1,-477,3,21,-477,-477,-10017,0,0,1,0,-0,1,1
1031,globalPerMotor,2,opening,-160,2,-112.1,3,21,-300.4,-300.4,-6308.4,-188.3,0.0258015894765689,1,0,-0,0,0
1032,globalPerMotor,2,opening,-160,3,252.8,3,21,-300.4,-300.4,-6308.4,-553.2,0.0758015894765689,1,0,-0,0,0
1033,globalPerMotor,2,opening,-160,4,617.7,3,21,-300.4,-300.4,-6308.4,-918.1,0.125801589476569,1,0,-0,0,0
1034,globalPerMotor,2,opening,-160,5,982.6,3,21,-300.4,-300.4,-6308.4,-1283,0.175801589476569,1,0,-0,0,0
1035,globalPerMotor,2,opening,-160,6,1347.5,3,21,-300.4,-300.4,-6308.4,-1647.9,0.225801589476569,1,0,-0,0,0
1036,globalPerMotor,2,opening,-160,7,1712.4,3,21,-300.4,-300.4,-6308.4,-2012.8,0.275801589476569,1,0,-0,0,0
1037,globalPerMotor,2,opening,-160,8,2077.3,3,21,-300.4,-300.4,-6308.4,-2377.7,0.325801589476569,1,0,-0,0,0
1038,globalPerMotor,2,opening,-160,9,2442.2,3,21,-300.4,-300.4,-6308.4,-2742.6,0.375801589476569,1,0,-0,0,0
1039,globalPerMotor,2,opening,-160,10,2807.1,3,21,-300.4,-300.4,-6308.4,-3107.5,0.425801589476569,1,0,-0,0,0
1040,globalPerMotor,2,opening,-160,11,3172,3,21,-300.4,-300.4,-6308.4,-3472.4,0.475801589476569,1,0,-0,0,0
1041,globalPerMotor,2,opening,-160,12,3536.9,3,21,-300.4,-300.4,-6308.4,-3837.3,0.525801589476569,1,0,-0,0,0
1042,globalPerMotor,2,opening,-160,13,3901.8,3,21,-300.4,-300.4,-6308.4,-4202.2,0.575801589476569,1,0,-0,0,0
1043,globalPerMotor,2,opening,-160,14,4266.7,3,21,-300.4,-300.4,-6308.4,-4567.1,0.625801589476569,1,0,-0,0,0
1044,globalPerMotor,2,opening,-160,15,4631.6,3,21,-300.4,-300.4,-6308.4,-4932,0.675801589476569,1,0,-0,0,0
1045,globalPerMotor,2,opening,-160,16,4996.5,3,21,-286,-300.4,-6294,-5296.9,0.725801589476569,1,0,-0,0,0
1046,globalPerMotor,2,opening,-160,17,5361.4,3,21,-222.8,-300.4,-6230.8,-5661.8,0.775801589476569,1,0,-0,0,0
1047,globalPerMotor,2,opening,-160,18,5726.3,3,21,-102,-300.4,-6110,-6026.7,0.825801589476569,1,0,-0,0,0
1048,globalPerMotor,2,opening,-160,19,6091.2,3,21,123.6,-300.4,-5884.4,-6391.6,0.875801589476569,1,0,-0,0,0
1049,globalPerMotor,2,opening,-160,20,6456.1,3,21,471.4,-300.4,-5536.6,-6756.5,0.925801589476569,1,0,-0,0,0
1050,globalPerMotor,2,opening,-160,21,6821,3,21,754.4,-300.4,-5253.6,-7121.4,0.975801589476569,1,0,-0,0,0
1072,globalPerMotor,2,opening,-192,1,-477,3,21,-477,-477,-10017,0,0,1,0,-0,1,1
1073,globalPerMotor,2,opening,-192,2,-112.1,3,21,-363.75,-363.75,-7638.75,-251.65,0.0344820498766785,1,0,-0,0,0
1074,globalPerMotor,2,opening,-192,3,252.8,3,21,-363.75,-363.75,-7638.75,-616.55,0.0844820498766785,1,0,-0,0,0
1075,globalPerMotor,2,opening,-192,4,617.7,3,21,-363.75,-363.75,-7638.75,-981.45,0.134482049876679,1,0,-0,0,0
1076,globalPerMotor,2,opening,-192,5,982.6,3,21,-363.75,-363.75,-7638.75,-1346.35,0.184482049876679,1,0,-0,0,0
1077,globalPerMotor,2,opening,-192,6,1347.5,3,21,-363.75,-363.75,-7638.75,-1711.25,0.234482049876679,1,0,-0,0,0
1078,globalPerMotor,2,opening,-192,7,1712.4,3,21,-363.75,-363.75,-7638.75,-2076.15,0.284482049876679,1,0,-0,0,0
1079,globalPerMotor,2,opening,-192,8,2077.3,3,21,-363.75,-363.75,-7638.75,-2441.05,0.334482049876679,1,0,-0,0,0
1080,globalPerMotor,2,opening,-192,9,2442.2,3,21,-363.75,-363.75,-7638.75,-2805.95,0.384482049876678,1,0,-0,0,0
1081,globalPerMotor,2,opening,-192,10,2807.1,3,21,-363.75,-363.75,-7638.75,-3170.85,0.434482049876679,1,0,-0,0,0
1082,globalPerMotor,2,opening,-192,11,3172,3,21,-363.75,-363.75,-7638.75,-3535.75,0.484482049876679,1,0,-0,0,0
1083,globalPerMotor,2,opening,-192,12,3536.9,3,21,-363.75,-363.75,-7638.75,-3900.65,0.534482049876679,1,0,-0,0,0
1084,globalPerMotor,2,opening,-192,13,3901.8,3,21,-363.75,-363.75,-7638.75,-4265.55,0.584482049876679,1,0,-0,0,0
1085,globalPerMotor,2,opening,-192,14,4266.7,3,21,-363.75,-363.75,-7638.75,-4630.45,0.634482049876679,1,0,-0,0,0
1086,globalPerMotor,2,opening,-192,15,4631.6,3,21,-363.75,-363.75,-7638.75,-4995.35,0.684482049876679,1,0,-0,0,0
1087,globalPerMotor,2,opening,-192,16,4996.5,3,21,-363.75,-363.75,-7638.75,-5360.25,0.734482049876679,1,0,-0,0,0
1088,globalPerMotor,2,opening,-192,17,5361.4,3,21,-363.75,-363.75,-7638.75,-5725.15,0.784482049876678,1,0,-0,0,0
1089,globalPerMotor,2,opening,-192,18,5726.3,3,21,-363.75,-363.75,-7638.75,-6090.05,0.834482049876679,1,0,-0,0,0
1090,globalPerMotor,2,opening,-192,19,6091.2,3,21,-361.25,-363.75,-7636.25,-6454.95,0.884482049876679,1,0,-0,0,0
1091,globalPerMotor,2,opening,-192,20,6456.1,3,21,-250.75,-363.75,-7525.75,-6819.85,0.934482049876679,1,0,-0,0,0
1092,globalPerMotor,2,opening,-192,21,6821,3,21,-85.25,-363.75,-7360.25,-7184.75,0.984482049876679,1,0,-0,0,0
1114,globalPerMotor,2,opening,-224,1,-477,3,21,-477,-477,-10017,0,0,1,0,-0,1,1
1115,globalPerMotor,2,opening,-224,2,-112.1,3,21,-394,-394,-8274,-281.9,0.0386270211016717,1,0,-0,0,0
1116,globalPerMotor,2,opening,-224,3,252.8,3,21,-394,-394,-8274,-646.8,0.0886270211016717,1,0,-0,0,0
1117,globalPerMotor,2,opening,-224,4,617.7,3,21,-394,-394,-8274,-1011.7,0.138627021101672,1,0,-0,0,0
1118,globalPerMotor,2,opening,-224,5,982.6,3,21,-394,-394,-8274,-1376.6,0.188627021101672,1,0,-0,0,0
1119,globalPerMotor,2,opening,-224,6,1347.5,3,21,-394,-394,-8274,-1741.5,0.238627021101672,1,0,-0,0,0
1120,globalPerMotor,2,opening,-224,7,1712.4,3,21,-394,-394,-8274,-2106.4,0.288627021101672,1,0,-0,0,0
1121,globalPerMotor,2,opening,-224,8,2077.3,3,21,-394,-394,-8274,-2471.3,0.338627021101672,1,0,-0,0,0
1122,globalPerMotor,2,opening,-224,9,2442.2,3,21,-394,-394,-8274,-2836.2,0.388627021101672,1,0,-0,0,0
1123,globalPerMotor,2,opening,-224,10,2807.1,3,21,-394,-394,-8274,-3201.1,0.438627021101672,1,0,-0,0,0
1124,globalPerMotor,2,opening,-224,11,3172,3,21,-394,-394,-8274,-3566,0.488627021101672,1,0,-0,0,0
1125,globalPerMotor,2,opening,-224,12,3536.9,3,21,-394,-394,-8274,-3930.9,0.538627021101672,1,0,-0,0,0
1126,globalPerMotor,2,opening,-224,13,3901.8,3,21,-394,-394,-8274,-4295.8,0.588627021101672,1,0,-0,0,0
1127,globalPerMotor,2,opening,-224,14,4266.7,3,21,-394,-394,-8274,-4660.7,0.638627021101672,1,0,-0,0,0
1128,globalPerMotor,2,opening,-224,15,4631.6,3,21,-394,-394,-8274,-5025.6,0.688627021101672,1,0,-0,0,0
1129,globalPerMotor,2,opening,-224,16,4996.5,3,21,-394,-394,-8274,-5390.5,0.738627021101672,1,0,-0,0,0
1130,globalPerMotor,2,opening,-224,17,5361.4,3,21,-394,-394,-8274,-5755.4,0.788627021101672,1,0,-0,0,0
1131,globalPerMotor,2,opening,-224,18,5726.3,3,21,-394,-394,-8274,-6120.3,0.838627021101672,1,0,-0,0,0
1132,globalPerMotor,2,opening,-224,19,6091.2,3,21,-394,-394,-8274,-6485.2,0.888627021101672,1,0,-0,0,0
1133,globalPerMotor,2,opening,-224,20,6456.1,3,21,-387.333333333333,-394,-8267.33333333333,-6850.1,0.938627021101672,1,0,-0,0,0
1134,globalPerMotor,2,opening,-224,21,6821,3,21,-313.333333333333,-394,-8193.33333333333,-7215,0.988627021101672,1,0,-0,0,0
1156,globalPerMotor,2,opening,-255,1,-477,3,21,-477,-477,-10017,0,0,1,0,-0,1,1
1157,globalPerMotor,2,opening,-255,2,-112.1,3,21,-437.333333333333,-437.333333333333,-9184,-325.233333333333,0.0445647209281082,1,0,-0,0,0
1158,globalPerMotor,2,opening,-255,3,252.8,3,21,-437.333333333333,-437.333333333333,-9184,-690.133333333333,0.0945647209281081,1,0,-0,0,0
1159,globalPerMotor,2,opening,-255,4,617.7,3,21,-437.333333333333,-437.333333333333,-9184,-1055.03333333333,0.144564720928108,1,0,-0,0,0
1160,globalPerMotor,2,opening,-255,5,982.6,3,21,-437.333333333333,-437.333333333333,-9184,-1419.93333333333,0.194564720928108,1,0,-0,0,0
1161,globalPerMotor,2,opening,-255,6,1347.5,3,21,-437.333333333333,-437.333333333333,-9184,-1784.83333333333,0.244564720928108,1,0,-0,0,0
1162,globalPerMotor,2,opening,-255,7,1712.4,3,21,-437.333333333333,-437.333333333333,-9184,-2149.73333333333,0.294564720928108,1,0,-0,0,0
1163,globalPerMotor,2,opening,-255,8,2077.3,3,21,-437.333333333333,-437.333333333333,-9184,-2514.63333333333,0.344564720928108,1,0,-0,0,0
1164,globalPerMotor,2,opening,-255,9,2442.2,3,21,-437.333333333333,-437.333333333333,-9184,-2879.53333333333,0.394564720928108,1,0,-0,0,0
1165,globalPerMotor,2,opening,-255,10,2807.1,3,21,-437.333333333333,-437.333333333333,-9184,-3244.43333333333,0.444564720928108,1,0,-0,0,0
1166,globalPerMotor,2,opening,-255,11,3172,3,21,-437.333333333333,-437.333333333333,-9184,-3609.33333333333,0.494564720928108,1,0,-0,0,0
1167,globalPerMotor,2,opening,-255,12,3536.9,3,21,-437.333333333333,-437.333333333333,-9184,-3974.23333333333,0.544564720928108,1,0,-0,0,0
1168,globalPerMotor,2,opening,-255,13,3901.8,3,21,-437.333333333333,-437.333333333333,-9184,-4339.13333333333,0.594564720928108,1,0,-0,0,0
1169,globalPerMotor,2,opening,-255,14,4266.7,3,21,-437.333333333333,-437.333333333333,-9184,-4704.03333333333,0.644564720928108,1,0,-0,0,0
1170,globalPerMotor,2,opening,-255,15,4631.6,3,21,-437.333333333333,-437.333333333333,-9184,-5068.93333333333,0.694564720928108,1,0,-0,0,0
1171,globalPerMotor,2,opening,-255,16,4996.5,3,21,-437.333333333333,-437.333333333333,-9184,-5433.83333333333,0.744564720928108,1,0,-0,0,0
1172,globalPerMotor,2,opening,-255,17,5361.4,3,21,-437.333333333333,-437.333333333333,-9184,-5798.73333333333,0.794564720928108,1,0,-0,0,0
1173,globalPerMotor,2,opening,-255,18,5726.3,3,21,-437.333333333333,-437.333333333333,-9184,-6163.63333333333,0.844564720928108,1,0,-0,0,0
1174,globalPerMotor,2,opening,-255,19,6091.2,3,21,-437.333333333333,-437.333333333333,-9184,-6528.53333333333,0.894564720928108,1,0,-0,0,0
1175,globalPerMotor,2,opening,-255,20,6456.1,3,21,-437.333333333333,-437.333333333333,-9184,-6893.43333333333,0.944564720928108,1,0,-0,0,0
1176,globalPerMotor,2,opening,-255,21,6821,3,21,-433.5,-437.333333333333,-9180.16666666667,-7258.33333333333,0.994564720928108,1,0,-0,0,0
1198,globalPerMotor,3,closing,64,1,-910,3,21,2222.33333333333,4524.33333333333,89726,5434.33333333333,0.615997884077685,1,0,0,0,0
1199,globalPerMotor,3,closing,64,2,-468.9,3,21,2222.33333333333,4524.33333333333,89726,4993.23333333333,0.565997884077684,1,0,0,0,0
1200,globalPerMotor,3,closing,64,3,-27.8,3,21,2222.33333333333,4524.33333333333,89726,4552.13333333333,0.515997884077685,1,0,0,0,0
1201,globalPerMotor,3,closing,64,4,413.3,3,21,2846.33333333333,4524.33333333333,90548.3333333333,4111.03333333333,0.465997884077684,1,0,0,0,0
1202,globalPerMotor,3,closing,64,5,854.4,3,21,3260,4524.33333333333,91082,3669.93333333333,0.415997884077685,1,0,0,0,0
1203,globalPerMotor,3,closing,64,6,1295.5,3,21,3602,4524.33333333333,91522.3333333333,3228.83333333333,0.365997884077685,1,0,0,0,0
1204,globalPerMotor,3,closing,64,7,1736.6,3,21,3801.33333333333,4524.33333333333,91790.3333333333,2787.73333333333,0.315997884077685,1,0,0,0,0
1205,globalPerMotor,3,closing,64,8,2177.7,3,21,3942.66666666667,4524.33333333333,92013,2346.63333333333,0.265997884077685,1,0,0,0,0
1206,globalPerMotor,3,closing,64,9,2618.8,3,21,4059.66666666667,4524.33333333333,92175.3333333333,1905.53333333333,0.215997884077685,1,0,0,0,0
1207,globalPerMotor,3,closing,64,10,3059.9,3,21,4135,4524.33333333333,92283.6666666667,1464.43333333333,0.165997884077685,1,0,0,0,0
1208,globalPerMotor,3,closing,64,11,3501,3,21,4156.66666666667,4524.33333333333,92417.6666666667,1023.33333333333,0.115997884077685,1,0,0,0,0
1209,globalPerMotor,3,closing,64,12,3942.1,3,21,4160.33333333333,4524.33333333333,92594.6666666667,582.233333333333,0.0659978840776845,1,0,0,0,0
1210,globalPerMotor,3,closing,64,13,4383.2,3,21,4524.33333333333,4524.33333333333,95011,141.133333333333,0.0159978840776846,1,0,0,0,0
1211,globalPerMotor,3,closing,64,14,4824.3,3,21,4824.3,4824.3,101310.3,0,0,1,0,0,1,1
1212,globalPerMotor,3,closing,64,15,5265.4,3,21,5265.4,5265.4,110573.4,0,0,1,0,0,1,1
1213,globalPerMotor,3,closing,64,16,5706.5,3,21,5706.5,5706.5,119836.5,0,0,1,0,0,1,1
1214,globalPerMotor,3,closing,64,17,6147.6,3,21,6147.6,6147.6,129099.6,0,0,1,0,0,1,1
1215,globalPerMotor,3,closing,64,18,6588.7,3,21,6588.7,6588.7,138362.7,0,0,1,0,0,1,1
1216,globalPerMotor,3,closing,64,19,7029.8,3,21,7029.8,7029.8,147625.8,0,0,1,0,0,1,1
1217,globalPerMotor,3,closing,64,20,7470.9,3,21,7470.9,7470.9,156888.9,0,0,1,0,0,1,1
1218,globalPerMotor,3,closing,64,21,7912,3,21,7912,7912,166152,0,0,1,0,0,1,1
1240,globalPerMotor,3,closing,96,1,-910,3,21,3028,4944.5,96483.5,5854.5,0.663625028338245,1,0,0,0,0
1241,globalPerMotor,3,closing,96,2,-468.9,3,21,3028,4944.5,96483.5,5413.4,0.613625028338245,1,0,0,0,0
1242,globalPerMotor,3,closing,96,3,-27.8,3,21,3028,4944.5,96483.5,4972.3,0.563625028338245,1,0,0,0,0
1243,globalPerMotor,3,closing,96,4,413.3,3,21,3270.75,4944.5,97128.25,4531.2,0.513625028338245,1,0,0,0,0
1244,globalPerMotor,3,closing,96,5,854.4,3,21,3368.5,4944.5,97493.75,4090.1,0.463625028338245,1,0,0,0,0
1245,globalPerMotor,3,closing,96,6,1295.5,3,21,3424.5,4944.5,97681.75,3649,0.413625028338245,1,0,0,0,0
1246,globalPerMotor,3,closing,96,7,1736.6,3,21,3469.5,4944.5,97813,3207.9,0.363625028338245,1,0,0,0,0
1247,globalPerMotor,3,closing,96,8,2177.7,3,21,3504,4944.5,97919,2766.8,0.313625028338245,1,0,0,0,0
1248,globalPerMotor,3,closing,96,9,2618.8,3,21,3537.5,4944.5,98043.25,2325.7,0.263625028338245,1,0,0,0,0
1249,globalPerMotor,3,closing,96,10,3059.9,3,21,3624.5,4944.5,98460.5,1884.6,0.213625028338245,1,0,0,0,0
1250,globalPerMotor,3,closing,96,11,3501,3,21,3715.25,4944.5,99351.25,1443.5,0.163625028338245,1,0,0,0,0
1251,globalPerMotor,3,closing,96,12,3942.1,3,21,4412,4944.5,102968,1002.4,0.113625028338245,1,0,0,0,0
1252,globalPerMotor,3,closing,96,13,4383.2,3,21,4581.75,4944.5,103471.75,561.3,0.0636250283382453,1,0,0,0,0
1253,globalPerMotor,3,closing,96,14,4824.3,3,21,4944.5,4944.5,103834.5,120.2,0.0136250283382453,1,0,0,0,0
1254,globalPerMotor,3,closing,96,15,5265.4,3,21,5265.4,5265.4,110573.4,0,0,1,0,0,1,1
1255,globalPerMotor,3,closing,96,16,5706.5,3,21,5706.5,5706.5,119836.5,0,0,1,0,0,1,1
1256,globalPerMotor,3,closing,96,17,6147.6,3,21,6147.6,6147.6,129099.6,0,0,1,0,0,1,1
1257,globalPerMotor,3,closing,96,18,6588.7,3,21,6588.7,6588.7,138362.7,0,0,1,0,0,1,1
1258,globalPerMotor,3,closing,96,19,7029.8,3,21,7029.8,7029.8,147625.8,0,0,1,0,0,1,1
1259,globalPerMotor,3,closing,96,20,7470.9,3,21,7470.9,7470.9,156888.9,0,0,1,0,0,1,1
1260,globalPerMotor,3,closing,96,21,7912,3,21,7912,7912,166152,0,0,1,0,0,1,1
1282,globalPerMotor,3,closing,128,1,-910,3,21,4805.16666666667,7347.83333333333,151633.333333333,8257.83333333333,0.936050026449029,1,0,0,0,0
1283,globalPerMotor,3,closing,128,2,-468.9,3,21,4805.16666666667,7347.83333333333,151633.333333333,7816.73333333333,0.886050026449029,1,0,0,0,0
1284,globalPerMotor,3,closing,128,3,-27.8,3,21,4805.16666666667,7347.83333333333,151633.333333333,7375.63333333333,0.836050026449029,1,0,0,0,0
1285,globalPerMotor,3,closing,128,4,413.3,3,21,5382,7347.83333333333,152238.333333333,6934.53333333333,0.786050026449029,1,0,0,0,0
1286,globalPerMotor,3,closing,128,5,854.4,3,21,5726.83333333333,7347.83333333333,152600.166666667,6493.43333333333,0.736050026449029,1,0,0,0,0
1287,globalPerMotor,3,closing,128,6,1295.5,3,21,6056.83333333333,7347.83333333333,152949.333333333,6052.33333333333,0.686050026449029,1,0,0,0,0
1288,globalPerMotor,3,closing,128,7,1736.6,3,21,6388,7347.83333333333,153301.333333333,5611.23333333333,0.636050026449029,1,0,0,0,0
1289,globalPerMotor,3,closing,128,8,2177.7,3,21,6670,7347.83333333333,153588.833333333,5170.13333333333,0.586050026449029,1,0,0,0,0
1290,globalPerMotor,3,closing,128,9,2618.8,3,21,6862.66666666667,7347.83333333333,153786.666666667,4729.03333333333,0.536050026449029,1,0,0,0,0
1291,globalPerMotor,3,closing,128,10,3059.9,3,21,6991,7347.83333333333,153919.666666667,4287.93333333333,0.486050026449029,1,0,0,0,0
1292,globalPerMotor,3,closing,128,11,3501,3,21,7082.16666666667,7347.83333333333,154013.166666667,3846.83333333333,0.436050026449029,1,0,0,0,0
1293,globalPerMotor,3,closing,128,12,3942.1,3,21,7158,7347.83333333333,154093.666666667,3405.73333333333,0.386050026449029,1,0,0,0,0
1294,globalPerMotor,3,closing,128,13,4383.2,3,21,7211,7347.83333333333,154152.5,2964.63333333333,0.336050026449029,1,0,0,0,0
1295,globalPerMotor,3,closing,128,14,4824.3,3,21,7234.33333333333,7347.83333333333,154177.333333333,2523.53333333333,0.286050026449029,1,0,0,0,0
1296,globalPerMotor,3,closing,128,15,5265.4,3,21,7255.16666666667,7347.83333333333,154198.666666667,2082.43333333333,0.236050026449029,1,0,0,0,0
1297,globalPerMotor,3,closing,128,16,5706.5,3,21,7277.16666666667,7347.83333333333,154221.166666667,1641.33333333333,0.186050026449029,1,0,0,0,0
1298,globalPerMotor,3,closing,128,17,6147.6,3,21,7303.33333333333,7347.83333333333,154247.333333333,1200.23333333333,0.136050026449029,1,0,0,0,0
1299,globalPerMotor,3,closing,128,18,6588.7,3,21,7320,7347.83333333333,154265.166666667,759.133333333333,0.0860500264490289,1,0,0,0,0
1300,globalPerMotor,3,closing,128,19,7029.8,3,21,7322.33333333333,7347.83333333333,154277.833333333,318.033333333333,0.0360500264490289,1,0,0,0,0
1301,globalPerMotor,3,closing,128,20,7470.9,3,21,7470.9,7470.9,156888.9,0,0,1,0,0,1,1
1302,globalPerMotor,3,closing,128,21,7912,3,21,7912,7912,166152,0,0,1,0,0,1,1
1324,globalPerMotor,3,closing,160,1,-910,3,21,5759.4,7661.2,158932.2,8571.2,0.971571072319202,1,0,0,0,0
1325,globalPerMotor,3,closing,160,2,-468.9,3,21,5759.4,7661.2,158932.2,8130.1,0.921571072319202,1,0,0,0,0
1326,globalPerMotor,3,closing,160,3,-27.8,3,21,5759.4,7661.2,158932.2,7689,0.871571072319202,1,0,0,0,0
1327,globalPerMotor,3,closing,160,4,413.3,3,21,6445.8,7661.2,159625.8,7247.9,0.821571072319202,1,0,0,0,0
1328,globalPerMotor,3,closing,160,5,854.4,3,21,6856.6,7661.2,160037.2,6806.8,0.771571072319202,1,0,0,0,0
1329,globalPerMotor,3,closing,160,6,1295.5,3,21,7209.2,7661.2,160390,6365.7,0.721571072319202,1,0,0,0,0
1330,globalPerMotor,3,closing,160,7,1736.6,3,21,7416.6,7661.2,160598,5924.6,0.671571072319202,1,0,0,0,0
1331,globalPerMotor,3,closing,160,8,2177.7,3,21,7467.2,7661.2,160652.6,5483.5,0.621571072319202,1,0,0,0,0
1332,globalPerMotor,3,closing,160,9,2618.8,3,21,7494.2,7661.2,160687.8,5042.4,0.571571072319202,1,0,0,0,0
1333,globalPerMotor,3,closing,160,10,3059.9,3,21,7520,7661.2,160721.6,4601.3,0.521571072319202,1,0,0,0,0
1334,globalPerMotor,3,closing,160,11,3501,3,21,7542.2,7661.2,160747.4,4160.2,0.471571072319202,1,0,0,0,0
1335,globalPerMotor,3,closing,160,12,3942.1,3,21,7563.8,7661.2,160769.4,3719.1,0.421571072319202,1,0,0,0,0
1336,globalPerMotor,3,closing,160,13,4383.2,3,21,7582.2,7661.2,160787.8,3278,0.371571072319202,1,0,0,0,0
1337,globalPerMotor,3,closing,160,14,4824.3,3,21,7598.6,7661.2,160804.2,2836.9,0.321571072319202,1,0,0,0,0
1338,globalPerMotor,3,closing,160,15,5265.4,3,21,7609.4,7661.2,160818.6,2395.8,0.271571072319202,1,0,0,0,0
1339,globalPerMotor,3,closing,160,16,5706.5,3,21,7616.4,7661.2,160833,1954.7,0.221571072319202,1,0,0,0,0
1340,globalPerMotor,3,closing,160,17,6147.6,3,21,7618,7661.2,160840,1513.6,0.171571072319202,1,0,0,0,0
1341,globalPerMotor,3,closing,160,18,6588.7,3,21,7618,7661.2,160841.4,1072.5,0.121571072319202,1,0,0,0,0
1342,globalPerMotor,3,closing,160,19,7029.8,3,21,7618,7661.2,160842,631.4,0.071571072319202,1,0,0,0,0
1343,globalPerMotor,3,closing,160,20,7470.9,3,21,7624,7661.2,160848,190.3,0.021571072319202,1,0,0,0,0
1344,globalPerMotor,3,closing,160,21,7912,3,21,7912,7912,166152,0,0,1,0,0,1,1
1366,globalPerMotor,3,closing,192,1,-910,3,21,6005.66666666667,7647,158945.666666667,8557,0.969961459986398,1,0,0,0,0
1367,globalPerMotor,3,closing,192,2,-468.9,3,21,6005.66666666667,7647,158945.666666667,8115.9,0.919961459986398,1,0,0,0,0
1368,globalPerMotor,3,closing,192,3,-27.8,3,21,6005.66666666667,7647,158945.666666667,7674.8,0.869961459986398,1,0,0,0,0
1369,globalPerMotor,3,closing,192,4,413.3,3,21,6597.33333333333,7647,159537.333333333,7233.7,0.819961459986398,1,0,0,0,0
1370,globalPerMotor,3,closing,192,5,854.4,3,21,6908.66666666667,7647,159848.666666667,6792.6,0.769961459986398,1,0,0,0,0
1371,globalPerMotor,3,closing,192,6,1295.5,3,21,7150.66666666667,7647,160090.666666667,6351.5,0.719961459986398,1,0,0,0,0
1372,globalPerMotor,3,closing,192,7,1736.6,3,21,7307.66666666667,7647,160247.666666667,5910.4,0.669961459986398,1,0,0,0,0
1373,globalPerMotor,3,closing,192,8,2177.7,3,21,7435,7647,160375,5469.3,0.619961459986398,1,0,0,0,0
1374,globalPerMotor,3,closing,192,9,2618.8,3,21,7551.66666666667,7647,160491.666666667,5028.2,0.569961459986398,1,0,0,0,0
1375,globalPerMotor,3,closing,192,10,3059.9,3,21,7607.33333333333,7647,160547.333333333,4587.1,0.519961459986398,1,0,0,0,0
1376,globalPerMotor,3,closing,192,11,3501,3,21,7648,7647,160588,4146,0.469961459986398,0,1,-1,0,0
1377,globalPerMotor,3,closing,192,12,3942.1,3,21,7647,7647,160587,3704.9,0.419961459986398,1,0,0,0,0
1378,globalPerMotor,3,closing,192,13,4383.2,3,21,7647,7647,160587,3263.8,0.369961459986398,1,0,0,0,0
1379,globalPerMotor,3,closing,192,14,4824.3,3,21,7647,7647,160587,2822.7,0.319961459986398,1,0,0,0,0
1380,globalPerMotor,3,closing,192,15,5265.4,3,21,7647,7647,160587,2381.6,0.269961459986398,1,0,0,0,0
1381,globalPerMotor,3,closing,192,16,5706.5,3,21,7647,7647,160587,1940.5,0.219961459986398,1,0,0,0,0
1382,globalPerMotor,3,closing,192,17,6147.6,3,21,7647,7647,160587,1499.4,0.169961459986398,1,0,0,0,0
1383,globalPerMotor,3,closing,192,18,6588.7,3,21,7647,7647,160587,1058.3,0.119961459986398,1,0,0,0,0
1384,globalPerMotor,3,closing,192,19,7029.8,3,21,7647,7647,160587,617.2,0.0699614599863976,1,0,0,0,0
1385,globalPerMotor,3,closing,192,20,7470.9,3,21,7647,7647,160587,176.1,0.0199614599863977,1,0,0,0,0
1386,globalPerMotor,3,closing,192,21,7912,3,21,7912,7912,166152,0,0,1,0,0,1,1
1408,globalPerMotor,3,closing,224,1,-910,3,21,6136.5,7513.66666666667,156409.833333333,8423.66666666667,0.954847729161944,1,0,0,0,0
1409,globalPerMotor,3,closing,224,2,-468.9,3,21,6136.5,7513.66666666667,156409.833333333,7982.56666666667,0.904847729161944,1,0,0,0,0
1410,globalPerMotor,3,closing,224,3,-27.8,3,21,6136.5,7513.66666666667,156409.833333333,7541.46666666667,0.854847729161944,1,0,0,0,0
1411,globalPerMotor,3,closing,224,4,413.3,3,21,6594.33333333333,7513.66666666667,156867.666666667,7100.36666666667,0.804847729161944,1,0,0,0,0
1412,globalPerMotor,3,closing,224,5,854.4,3,21,6882.66666666667,7513.66666666667,157156,6659.26666666667,0.754847729161944,1,0,0,0,0
1413,globalPerMotor,3,closing,224,6,1295.5,3,21,7169.66666666667,7513.66666666667,157443,6218.16666666667,0.704847729161944,1,0,0,0,0
1414,globalPerMotor,3,closing,224,7,1736.6,3,21,7366.66666666667,7513.66666666667,157640,5777.06666666667,0.654847729161944,1,0,0,0,0
1415,globalPerMotor,3,closing,224,8,2177.7,3,21,7474.5,7513.66666666667,157747.833333333,5335.96666666667,0.604847729161944,1,0,0,0,0
1416,globalPerMotor,3,closing,224,9,2618.8,3,21,7523.66666666667,7513.66666666667,157797,4894.86666666667,0.554847729161944,0,1,-10,0,0
1417,globalPerMotor,3,closing,224,10,3059.9,3,21,7558,7513.66666666667,157831.333333333,4453.76666666667,0.504847729161944,0,1,-44.333333333333,0,0
1418,globalPerMotor,3,closing,224,11,3501,3,21,7561.66666666667,7513.66666666667,157835,4012.66666666667,0.454847729161944,0,1,-48,0,0
1419,globalPerMotor,3,closing,224,12,3942.1,3,21,7546,7513.66666666667,157819.333333333,3571.56666666667,0.404847729161944,0,1,-32.333333333333,0,0
1420,globalPerMotor,3,closing,224,13,4383.2,3,21,7527.66666666667,7513.66666666667,157801,3130.46666666667,0.354847729161944,0,1,-14,0,0
1421,globalPerMotor,3,closing,224,14,4824.3,3,21,7516.33333333333,7513.66666666667,157789.666666667,2689.36666666667,0.304847729161944,0,1,-2.66666666666606,0,0
1422,globalPerMotor,3,closing,224,15,5265.4,3,21,7513.66666666667,7513.66666666667,157787,2248.26666666667,0.254847729161944,1,0,0,0,0
1423,globalPerMotor,3,closing,224,16,5706.5,3,21,7513.66666666667,7513.66666666667,157787,1807.16666666667,0.204847729161944,1,0,0,0,0
1424,globalPerMotor,3,closing,224,17,6147.6,3,21,7513.66666666667,7513.66666666667,157787,1366.06666666667,0.154847729161944,1,0,0,0,0
1425,globalPerMotor,3,closing,224,18,6588.7,3,21,7513.66666666667,7513.66666666667,157787,924.966666666667,0.104847729161944,1,0,0,0,0
1426,globalPerMotor,3,closing,224,19,7029.8,3,21,7513.66666666667,7513.66666666667,157787,483.866666666667,0.0548477291619436,1,0,0,0,0
1427,globalPerMotor,3,closing,224,20,7470.9,3,21,7513.66666666667,7513.66666666667,157787,42.7666666666673,0.0048477291619437,1,0,0,0,0
1428,globalPerMotor,3,closing,224,21,7912,3,21,7912,7912,166152,0,0,1,0,0,1,1
1450,globalPerMotor,3,closing,255,1,-910,3,21,6797.83333333333,7538.66666666667,157672.5,8448.66666666667,0.957681553691529,0,2,-37.5,0,0
1451,globalPerMotor,3,closing,255,2,-468.9,3,21,6797.83333333333,7538.66666666667,157672.5,8007.56666666667,0.907681553691529,0,2,-37.5,0,0
1452,globalPerMotor,3,closing,255,3,-27.8,3,21,6797.83333333333,7538.66666666667,157672.5,7566.46666666667,0.857681553691529,0,2,-37.5,0,0
1453,globalPerMotor,3,closing,255,4,413.3,3,21,7219.16666666667,7538.66666666667,158070.833333333,7125.36666666667,0.807681553691529,0,2,-49.333333333333,0,0
1454,globalPerMotor,3,closing,255,5,854.4,3,21,7316.83333333333,7538.66666666667,158156.833333333,6684.26666666667,0.757681553691529,0,2,-61,0,0
1455,globalPerMotor,3,closing,255,6,1295.5,3,21,7373.83333333333,7538.66666666667,158211,6243.16666666667,0.707681553691529,0,1,-63.833333333333,0,0
1456,globalPerMotor,3,closing,255,7,1736.6,3,21,7421.83333333333,7538.66666666667,158259,5802.06666666667,0.657681553691529,0,1,-63.833333333333,0,0
1457,globalPerMotor,3,closing,255,8,2177.7,3,21,7463.83333333333,7538.66666666667,158301,5360.96666666667,0.607681553691529,0,1,-63.833333333333,0,0
1458,globalPerMotor,3,closing,255,9,2618.8,3,21,7502.16666666667,7538.66666666667,158339.333333333,4919.86666666667,0.557681553691529,0,1,-63.833333333333,0,0
1459,globalPerMotor,3,closing,255,10,3059.9,3,21,7530.33333333333,7538.66666666667,158367.5,4478.76666666667,0.507681553691529,0,1,-63.833333333333,0,0
1460,globalPerMotor,3,closing,255,11,3501,3,21,7554.66666666667,7538.66666666667,158391.833333333,4037.66666666667,0.457681553691529,0,1,-63.833333333333,0,0
1461,globalPerMotor,3,closing,255,12,3942.1,3,21,7572.66666666667,7538.66666666667,158409.833333333,3596.56666666667,0.407681553691529,0,1,-63.833333333333,0,0
1462,globalPerMotor,3,closing,255,13,4383.2,3,21,7583.33333333333,7538.66666666667,158420.5,3155.46666666667,0.357681553691529,0,1,-63.833333333333,0,0
1463,globalPerMotor,3,closing,255,14,4824.3,3,21,7593,7538.66666666667,158430.166666667,2714.36666666667,0.307681553691529,0,1,-63.833333333333,0,0
1464,globalPerMotor,3,closing,255,15,5265.4,3,21,7600.16666666667,7538.66666666667,158437.333333333,2273.26666666667,0.257681553691529,0,1,-63.833333333333,0,0
1465,globalPerMotor,3,closing,255,16,5706.5,3,21,7602.5,7538.66666666667,158439.833333333,1832.16666666667,0.207681553691529,0,1,-64,0,0
1466,globalPerMotor,3,closing,255,17,6147.6,3,21,7602.5,7538.66666666667,158439.333333333,1391.06666666667,0.157681553691529,0,2,-63.5,0,0
1467,globalPerMotor,3,closing,255,18,6588.7,3,21,7602.5,7538.66666666667,158423.333333333,949.966666666667,0.107681553691529,0,2,-47.5,0,0
1468,globalPerMotor,3,closing,255,19,7029.8,3,21,7602.5,7538.66666666667,158400.333333333,508.866666666667,0.0576815536915288,0,2,-39.333333333333,0,0
1469,globalPerMotor,3,closing,255,20,7470.9,3,21,7602.5,7538.66666666667,158375.833333333,67.7666666666673,0.00768155369152883,0,1,-63.833333333333,0,0
1470,globalPerMotor,3,closing,255,21,7912,3,21,7912,7912,166152,0,0,1,0,0,1,1
1492,globalPerMotor,3,opening,-64,1,-910,3,21,-910,-910,-19110,0,0,1,0,-0,1,1
1493,globalPerMotor,3,opening,-64,2,-468.9,3,21,-468.9,-468.9,-9846.9,0,0,1,0,-0,1,1
1494,globalPerMotor,3,opening,-64,3,-27.8,3,21,-27.8,-27.8,-583.799999999999,0,0,1,0,-0,1,1
1495,globalPerMotor,3,opening,-64,4,413.3,3,21,-15,-21.6666666666667,-445.666666666667,-434.966666666667,0.0493047683820751,1,0,-0,0,0
1496,globalPerMotor,3,opening,-64,5,854.4,3,21,-14.3333333333333,-21.6666666666667,-443.333333333333,-876.066666666667,0.0993047683820751,1,0,-0,0,0
1497,globalPerMotor,3,opening,-64,6,1295.5,3,21,-14.3333333333333,-21.6666666666667,-443,-1317.16666666667,0.149304768382075,1,0,-0,0,0
1498,globalPerMotor,3,opening,-64,7,1736.6,3,21,-14.3333333333333,-21.6666666666667,-441,-1758.26666666667,0.199304768382075,1,0,-0,0,0
1499,globalPerMotor,3,opening,-64,8,2177.7,3,21,22,-21.6666666666667,-402.666666666667,-2199.36666666667,0.249304768382075,1,0,-0,0,0
1500,globalPerMotor,3,opening,-64,9,2618.8,3,21,255.333333333333,-21.6666666666667,-168.666666666667,-2640.46666666667,0.299304768382075,1,0,-0,0,0
1501,globalPerMotor,3,opening,-64,10,3059.9,3,21,562,-21.6666666666667,138.333333333333,-3081.56666666667,0.349304768382075,1,0,-0,0,0
1502,globalPerMotor,3,opening,-64,11,3501,3,21,892,-21.6666666666667,470.333333333334,-3522.66666666667,0.399304768382075,1,0,-0,0,0
1503,globalPerMotor,3,opening,-64,12,3942.1,3,21,1250.66666666667,-21.6666666666667,829.333333333333,-3963.76666666667,0.449304768382075,1,0,-0,0,0
1504,globalPerMotor,3,opening,-64,13,4383.2,3,21,1573.33333333333,-21.6666666666667,1154,-4404.86666666667,0.499304768382075,1,0,-0,0,0
1505,globalPerMotor,3,opening,-64,14,4824.3,3,21,1964.33333333333,-21.6666666666667,1545.66666666667,-4845.96666666667,0.549304768382075,1,0,-0,0,0
1506,globalPerMotor,3,opening,-64,15,5265.4,3,21,2560.33333333333,-21.6666666666667,2387.33333333334,-5287.06666666667,0.599304768382075,1,0,-0,0,0
1507,globalPerMotor,3,opening,-64,16,5706.5,3,21,2560.33333333333,-21.6666666666667,2387.33333333334,-5728.16666666667,0.649304768382075,1,0,-0,0,0
1508,globalPerMotor,3,opening,-64,17,6147.6,3,21,2560.33333333333,-21.6666666666667,2387.33333333334,-6169.26666666667,0.699304768382075,1,0,-0,0,0
1509,globalPerMotor,3,opening,-64,18,6588.7,3,21,2560.33333333333,-21.6666666666667,2387.33333333334,-6610.36666666667,0.749304768382075,1,0,-0,0,0
1510,globalPerMotor,3,opening,-64,19,7029.8,3,21,2560.33333333333,-21.6666666666667,2387.33333333334,-7051.46666666667,0.799304768382075,1,0,-0,0,0
1511,globalPerMotor,3,opening,-64,20,7470.9,3,21,2560.33333333333,-21.6666666666667,2387.33333333334,-7492.56666666667,0.849304768382075,1,0,-0,0,0
1512,globalPerMotor,3,opening,-64,21,7912,3,21,2560.33333333333,-21.6666666666667,2387.33333333334,-7933.66666666667,0.899304768382075,1,0,-0,0,0
1534,globalPerMotor,3,opening,-96,1,-910,3,21,-910,-910,-19110,0,0,1,0,-0,1,1
1535,globalPerMotor,3,opening,-96,2,-468.9,3,21,-468.9,-468.9,-9846.9,0,0,1,0,-0,1,1
1536,globalPerMotor,3,opening,-96,3,-27.8,3,21,-266,-266,-5586,-238.2,0.0270006801178871,1,0,-0,0,0
1537,globalPerMotor,3,opening,-96,4,413.3,3,21,-266,-266,-5586,-679.3,0.0770006801178871,1,0,-0,0,0
1538,globalPerMotor,3,opening,-96,5,854.4,3,21,-266,-266,-5586,-1120.4,0.127000680117887,1,0,-0,0,0
1539,globalPerMotor,3,opening,-96,6,1295.5,3,21,-266,-266,-5586,-1561.5,0.177000680117887,1,0,-0,0,0
1540,globalPerMotor,3,opening,-96,7,1736.6,3,21,-266,-266,-5586,-2002.6,0.227000680117887,1,0,-0,0,0
1541,globalPerMotor,3,opening,-96,8,2177.7,3,21,-266,-266,-5586,-2443.7,0.277000680117887,1,0,-0,0,0
1542,globalPerMotor,3,opening,-96,9,2618.8,3,21,-266,-266,-5586,-2884.8,0.327000680117887,1,0,-0,0,0
1543,globalPerMotor,3,opening,-96,10,3059.9,3,21,-266,-266,-5586,-3325.9,0.377000680117887,1,0,-0,0,0
1544,globalPerMotor,3,opening,-96,11,3501,3,21,-266,-266,-5586,-3767,0.427000680117887,1,0,-0,0,0
1545,globalPerMotor,3,opening,-96,12,3942.1,3,21,-265.5,-266,-5585.5,-4208.1,0.477000680117887,1,0,-0,0,0
1546,globalPerMotor,3,opening,-96,13,4383.2,3,21,-161.5,-266,-5481.5,-4649.2,0.527000680117887,1,0,-0,0,0
1547,globalPerMotor,3,opening,-96,14,4824.3,3,21,118,-266,-5202,-5090.3,0.577000680117887,1,0,-0,0,0
1548,globalPerMotor,3,opening,-96,15,5265.4,3,21,498.25,-266,-4821.75,-5531.4,0.627000680117887,1,0,-0,0,0
1549,globalPerMotor,3,opening,-96,16,5706.5,3,21,1058.75,-266,-4261.25,-5972.5,0.677000680117887,1,0,-0,0,0
1550,globalPerMotor,3,opening,-96,17,6147.6,3,21,1286.5,-266,-4033.5,-6413.6,0.727000680117887,1,0,-0,0,0
1551,globalPerMotor,3,opening,-96,18,6588.7,3,21,1286.5,-266,-4033.5,-6854.7,0.777000680117887,1,0,-0,0,0
1552,globalPerMotor,3,opening,-96,19,7029.8,3,21,1286.5,-266,-4033.5,-7295.8,0.827000680117887,1,0,-0,0,0
1553,globalPerMotor,3,opening,-96,20,7470.9,3,21,1286.5,-266,-4033.5,-7736.9,0.877000680117887,1,0,-0,0,0
1554,globalPerMotor,3,opening,-96,21,7912,3,21,1286.5,-266,-4033.5,-8178,0.927000680117887,1,0,-0,0,0
1576,globalPerMotor,3,opening,-128,1,-910,3,21,-910,-910,-19110,0,0,1,0,-0,1,1
1577,globalPerMotor,3,opening,-128,2,-468.9,3,21,-468.9,-468.9,-9846.9,0,0,1,0,-0,1,1
1578,globalPerMotor,3,opening,-128,3,-27.8,3,21,-453.5,-453.5,-9523.5,-425.7,0.0482543640897756,1,0,-0,0,0
1579,globalPerMotor,3,opening,-128,4,413.3,3,21,-453.5,-453.5,-9523.5,-866.8,0.0982543640897756,1,0,-0,0,0
1580,globalPerMotor,3,opening,-128,5,854.4,3,21,-453.5,-453.5,-9523.5,-1307.9,0.148254364089776,1,0,-0,0,0
1581,globalPerMotor,3,opening,-128,6,1295.5,3,21,-453.5,-453.5,-9523.5,-1749,0.198254364089776,1,0,-0,0,0
1582,globalPerMotor,3,opening,-128,7,1736.6,3,21,-453.5,-453.5,-9523.5,-2190.1,0.248254364089776,1,0,-0,0,0
1583,globalPerMotor,3,opening,-128,8,2177.7,3,21,-453.5,-453.5,-9523.5,-2631.2,0.298254364089776,1,0,-0,0,0
1584,globalPerMotor,3,opening,-128,9,2618.8,3,21,-453.5,-453.5,-9523.5,-3072.3,0.348254364089776,1,0,-0,0,0
1585,globalPerMotor,3,opening,-128,10,3059.9,3,21,-453.5,-453.5,-9523.5,-3513.4,0.398254364089776,1,0,-0,0,0
1586,globalPerMotor,3,opening,-128,11,3501,3,21,-453.5,-453.5,-9523.5,-3954.5,0.448254364089776,1,0,-0,0,0
1587,globalPerMotor,3,opening,-128,12,3942.1,3,21,-453.166666666667,-453.5,-9523.16666666667,-4395.6,0.498254364089776,1,0,-0,0,0
1588,globalPerMotor,3,opening,-128,13,4383.2,3,21,-432.5,-453.5,-9502.5,-4836.7,0.548254364089776,1,0,-0,0,0
1589,globalPerMotor,3,opening,-128,14,4824.3,3,21,-336,-453.5,-9406,-5277.8,0.598254364089776,1,0,-0,0,0
1590,globalPerMotor,3,opening,-128,15,5265.4,3,21,-163.5,-453.5,-9233.5,-5718.9,0.648254364089776,1,0,-0,0,0
1591,globalPerMotor,3,opening,-128,16,5706.5,3,21,108.333333333333,-453.5,-8961.66666666667,-6160,0.698254364089776,1,0,-0,0,0
1592,globalPerMotor,3,opening,-128,17,6147.6,3,21,449.333333333333,-453.5,-8620.66666666667,-6601.1,0.748254364089776,1,0,-0,0,0
1593,globalPerMotor,3,opening,-128,18,6588.7,3,21,825,-453.5,-8245,-7042.2,0.798254364089776,1,0,-0,0,0
1594,globalPerMotor,3,opening,-128,19,7029.8,3,21,1193,-453.5,-7877,-7483.3,0.848254364089776,1,0,-0,0,0
1595,globalPerMotor,3,opening,-128,20,7470.9,3,21,1810.33333333333,-453.5,-7259.66666666667,-7924.4,0.898254364089776,1,0,-0,0,0
1596,globalPerMotor,3,opening,-128,21,7912,3,21,1810.33333333333,-453.5,-7259.66666666667,-8365.5,0.948254364089776,1,0,-0,0,0
1618,globalPerMotor,3,opening,-160,1,-910,3,21,-910,-910,-19110,0,0,1,0,-0,1,1
1619,globalPerMotor,3,opening,-160,2,-468.9,3,21,-468.9,-468.9,-9846.9,0,0,1,0,-0,1,1
1620,globalPerMotor,3,opening,-160,3,-27.8,3,21,-461,-461,-9681,-433.2,0.0491045114486511,1,0,-0,0,0
1621,globalPerMotor,3,opening,-160,4,413.3,3,21,-461,-461,-9681,-874.3,0.0991045114486511,1,0,-0,0,0
1622,globalPerMotor,3,opening,-160,5,854.4,3,21,-461,-461,-9681,-1315.4,0.149104511448651,1,0,-0,0,0
1623,globalPerMotor,3,opening,-160,6,1295.5,3,21,-461,-461,-9681,-1756.5,0.199104511448651,1,0,-0,0,0
1624,globalPerMotor,3,opening,-160,7,1736.6,3,21,-461,-461,-9681,-2197.6,0.249104511448651,1,0,-0,0,0
1625,globalPerMotor,3,opening,-160,8,2177.7,3,21,-461,-461,-9681,-2638.7,0.299104511448651,1,0,-0,0,0
1626,globalPerMotor,3,opening,-160,9,2618.8,3,21,-461,-461,-9681,-3079.8,0.349104511448651,1,0,-0,0,0
1627,globalPerMotor,3,opening,-160,10,3059.9,3,21,-461,-461,-9681,-3520.9,0.399104511448651,1,0,-0,0,0
1628,globalPerMotor,3,opening,-160,11,3501,3,21,-461,-461,-9681,-3962,0.449104511448651,1,0,-0,0,0
1629,globalPerMotor,3,opening,-160,12,3942.1,3,21,-461,-461,-9681,-4403.1,0.499104511448651,1,0,-0,0,0
1630,globalPerMotor,3,opening,-160,13,4383.2,3,21,-461,-461,-9681,-4844.2,0.549104511448651,1,0,-0,0,0
1631,globalPerMotor,3,opening,-160,14,4824.3,3,21,-461,-461,-9681,-5285.3,0.599104511448651,1,0,-0,0,0
1632,globalPerMotor,3,opening,-160,15,5265.4,3,21,-458.8,-461,-9678.8,-5726.4,0.649104511448651,1,0,-0,0,0
1633,globalPerMotor,3,opening,-160,16,5706.5,3,21,-421.2,-461,-9641.2,-6167.5,0.699104511448651,1,0,-0,0,0
1634,globalPerMotor,3,opening,-160,17,6147.6,3,21,-246.6,-461,-9466.6,-6608.6,0.749104511448651,1,0,-0,0,0
1635,globalPerMotor,3,opening,-160,18,6588.7,3,21,67.4,-461,-9152.6,-7049.7,0.799104511448651,1,0,-0,0,0
1636,globalPerMotor,3,opening,-160,19,7029.8,3,21,405.6,-461,-8814.4,-7490.8,0.849104511448651,1,0,-0,0,0
1637,globalPerMotor,3,opening,-160,20,7470.9,3,21,860.2,-461,-8359.8,-7931.9,0.899104511448651,1,0,-0,0,0
1638,globalPerMotor,3,opening,-160,21,7912,3,21,1369,-461,-7851,-8373,0.949104511448651,1,0,-0,0,0
1660,globalPerMotor,3,opening,-192,1,-910,3,21,-910,-910,-19110,0,0,1,0,-0,1,1
1661,globalPerMotor,3,opening,-192,2,-468.9,3,21,-468.9,-468.9,-9846.9,0,0,1,0,-0,1,1
1662,globalPerMotor,3,opening,-192,3,-27.8,3,21,-442.25,-442.25,-9287.25,-414.45,0.0469791430514623,1,0,-0,0,0
1663,globalPerMotor,3,opening,-192,4,413.3,3,21,-442.25,-442.25,-9287.25,-855.55,0.0969791430514623,1,0,-0,0,0
1664,globalPerMotor,3,opening,-192,5,854.4,3,21,-442.25,-442.25,-9287.25,-1296.65,0.146979143051462,1,0,-0,0,0
1665,globalPerMotor,3,opening,-192,6,1295.5,3,21,-442.25,-442.25,-9287.5,-1737.75,0.196979143051462,0,1,-0.25,0,0
1666,globalPerMotor,3,opening,-192,7,1736.6,3,21,-442.25,-442.25,-9287.25,-2178.85,0.246979143051462,1,0,-0,0,0
1667,globalPerMotor,3,opening,-192,8,2177.7,3,21,-442.25,-442.25,-9287.25,-2619.95,0.296979143051462,1,0,-0,0,0
1668,globalPerMotor,3,opening,-192,9,2618.8,3,21,-442.25,-442.25,-9287.25,-3061.05,0.346979143051462,1,0,-0,0,0
1669,globalPerMotor,3,opening,-192,10,3059.9,3,21,-442.25,-442.25,-9287.25,-3502.15,0.396979143051462,1,0,-0,0,0
1670,globalPerMotor,3,opening,-192,11,3501,3,21,-442.25,-442.25,-9287.25,-3943.25,0.446979143051462,1,0,-0,0,0
1671,globalPerMotor,3,opening,-192,12,3942.1,3,21,-442.25,-442.25,-9287.25,-4384.35,0.496979143051462,1,0,-0,0,0
1672,globalPerMotor,3,opening,-192,13,4383.2,3,21,-442.25,-442.25,-9287.25,-4825.45,0.546979143051462,1,0,-0,0,0
1673,globalPerMotor,3,opening,-192,14,4824.3,3,21,-442.25,-442.25,-9287.25,-5266.55,0.596979143051462,1,0,-0,0,0
1674,globalPerMotor,3,opening,-192,15,5265.4,3,21,-442.25,-442.25,-9287.25,-5707.65,0.646979143051462,1,0,-0,0,0
1675,globalPerMotor,3,opening,-192,16,5706.5,3,21,-440.5,-442.25,-9285.5,-6148.75,0.696979143051462,1,0,-0,0,0
1676,globalPerMotor,3,opening,-192,17,6147.6,3,21,-400.25,-442.25,-9245.25,-6589.85,0.746979143051462,1,0,-0,0,0
1677,globalPerMotor,3,opening,-192,18,6588.7,3,21,-318.5,-442.25,-9163.5,-7030.95,0.796979143051462,1,0,-0,0,0
1678,globalPerMotor,3,opening,-192,19,7029.8,3,21,-179.25,-442.25,-9024.25,-7472.05,0.846979143051462,1,0,-0,0,0
1679,globalPerMotor,3,opening,-192,20,7470.9,3,21,129,-442.25,-8716,-7913.15,0.896979143051462,1,0,-0,0,0
1680,globalPerMotor,3,opening,-192,21,7912,3,21,382.75,-442.25,-8462.25,-8354.25,0.946979143051462,1,0,-0,0,0
1702,globalPerMotor,3,opening,-224,1,-910,3,21,-910,-910,-19110,0,0,1,0,-0,1,1
1703,globalPerMotor,3,opening,-224,2,-468.9,3,21,-558.166666666667,-558.166666666667,-11721.5,-89.2666666666667,0.010118642786972,1,0,-0,0,0
1704,globalPerMotor,3,opening,-224,3,-27.8,3,21,-558.166666666667,-558.166666666667,-11721.5,-530.366666666667,0.060118642786972,1,0,-0,0,0
1705,globalPerMotor,3,opening,-224,4,413.3,3,21,-558.166666666667,-558.166666666667,-11721.5,-971.466666666667,0.110118642786972,1,0,-0,0,0
1706,globalPerMotor,3,opening,-224,5,854.4,3,21,-558.166666666667,-558.166666666667,-11721.5,-1412.56666666667,0.160118642786972,1,0,-0,0,0
1707,globalPerMotor,3,opening,-224,6,1295.5,3,21,-558.166666666667,-558.166666666667,-11721.5,-1853.66666666667,0.210118642786972,1,0,-0,0,0
1708,globalPerMotor,3,opening,-224,7,1736.6,3,21,-558.166666666667,-558.166666666667,-11721.5,-2294.76666666667,0.260118642786972,1,0,-0,0,0
1709,globalPerMotor,3,opening,-224,8,2177.7,3,21,-558.166666666667,-558.166666666667,-11721.5,-2735.86666666667,0.310118642786972,1,0,-0,0,0
1710,globalPerMotor,3,opening,-224,9,2618.8,3,21,-558.166666666667,-558.166666666667,-11721.5,-3176.96666666667,0.360118642786972,1,0,-0,0,0
1711,globalPerMotor,3,opening,-224,10,3059.9,3,21,-558.166666666667,-558.166666666667,-11721.5,-3618.06666666667,0.410118642786972,1,0,-0,0,0
1712,globalPerMotor,3,opening,-224,11,3501,3,21,-558.166666666667,-558.166666666667,-11721.5,-4059.16666666667,0.460118642786972,1,0,-0,0,0
1713,globalPerMotor,3,opening,-224,12,3942.1,3,21,-558.166666666667,-558.166666666667,-11721.5,-4500.26666666667,0.510118642786972,1,0,-0,0,0
1714,globalPerMotor,3,opening,-224,13,4383.2,3,21,-558.166666666667,-558.166666666667,-11721.5,-4941.36666666667,0.560118642786972,1,0,-0,0,0
1715,globalPerMotor,3,opening,-224,14,4824.3,3,21,-558.166666666667,-558.166666666667,-11721.5,-5382.46666666667,0.610118642786972,1,0,-0,0,0
1716,globalPerMotor,3,opening,-224,15,5265.4,3,21,-558.166666666667,-558.166666666667,-11721.5,-5823.56666666667,0.660118642786972,1,0,-0,0,0
1717,globalPerMotor,3,opening,-224,16,5706.5,3,21,-558.166666666667,-558.166666666667,-11721.5,-6264.66666666667,0.710118642786972,1,0,-0,0,0
1718,globalPerMotor,3,opening,-224,17,6147.6,3,21,-549.166666666667,-558.166666666667,-11712.5,-6705.76666666667,0.760118642786972,1,0,-0,0,0
1719,globalPerMotor,3,opening,-224,18,6588.7,3,21,-495.666666666667,-558.166666666667,-11659,-7146.86666666667,0.810118642786972,1,0,-0,0,0
1720,globalPerMotor,3,opening,-224,19,7029.8,3,21,-370.166666666667,-558.166666666667,-11533.5,-7587.96666666667,0.860118642786972,1,0,-0,0,0
1721,globalPerMotor,3,opening,-224,20,7470.9,3,21,-65.6666666666667,-558.166666666667,-11229,-8029.06666666667,0.910118642786972,1,0,-0,0,0
1722,globalPerMotor,3,opening,-224,21,7912,3,21,138.833333333333,-558.166666666667,-11024.5,-8470.16666666667,0.960118642786972,1,0,-0,0,0
1744,globalPerMotor,3,opening,-255,1,-910,3,21,-910,-910,-19110,0,0,1,0,-0,1,1
1745,globalPerMotor,3,opening,-255,2,-468.9,3,21,-681.333333333333,-681.333333333333,-14308,-212.433333333333,0.0240799516360614,1,0,-0,0,0
1746,globalPerMotor,3,opening,-255,3,-27.8,3,21,-681.333333333333,-681.333333333333,-14308,-653.533333333333,0.0740799516360614,1,0,-0,0,0
1747,globalPerMotor,3,opening,-255,4,413.3,3,21,-681.333333333333,-681.333333333333,-14308,-1094.63333333333,0.124079951636061,1,0,-0,0,0
1748,globalPerMotor,3,opening,-255,5,854.4,3,21,-681.333333333333,-681.333333333333,-14308,-1535.73333333333,0.174079951636061,1,0,-0,0,0
1749,globalPerMotor,3,opening,-255,6,1295.5,3,21,-681.333333333333,-681.333333333333,-14308,-1976.83333333333,0.224079951636061,1,0,-0,0,0
1750,globalPerMotor,3,opening,-255,7,1736.6,3,21,-681.333333333333,-681.333333333333,-14308,-2417.93333333333,0.274079951636061,1,0,-0,0,0
1751,globalPerMotor,3,opening,-255,8,2177.7,3,21,-681.333333333333,-681.333333333333,-14308,-2859.03333333333,0.324079951636061,1,0,-0,0,0
1752,globalPerMotor,3,opening,-255,9,2618.8,3,21,-681.333333333333,-681.333333333333,-14308,-3300.13333333333,0.374079951636061,1,0,-0,0,0
1753,globalPerMotor,3,opening,-255,10,3059.9,3,21,-681.333333333333,-681.333333333333,-14308,-3741.23333333333,0.424079951636061,1,0,-0,0,0
1754,globalPerMotor,3,opening,-255,11,3501,3,21,-681.333333333333,-681.333333333333,-14308,-4182.33333333333,0.474079951636061,1,0,-0,0,0
1755,globalPerMotor,3,opening,-255,12,3942.1,3,21,-681.333333333333,-681.333333333333,-14308,-4623.43333333333,0.524079951636061,1,0,-0,0,0
1756,globalPerMotor,3,opening,-255,13,4383.2,3,21,-681.333333333333,-681.333333333333,-14308,-5064.53333333333,0.574079951636061,1,0,-0,0,0
1757,globalPerMotor,3,opening,-255,14,4824.3,3,21,-681.333333333333,-681.333333333333,-14308,-5505.63333333333,0.624079951636061,1,0,-0,0,0
1758,globalPerMotor,3,opening,-255,15,5265.4,3,21,-681.333333333333,-681.333333333333,-14308,-5946.73333333333,0.674079951636061,1,0,-0,0,0
1759,globalPerMotor,3,opening,-255,16,5706.5,3,21,-681.333333333333,-681.333333333333,-14308,-6387.83333333333,0.724079951636061,1,0,-0,0,0
1760,globalPerMotor,3,opening,-255,17,6147.6,3,21,-681.333333333333,-681.333333333333,-14308,-6828.93333333333,0.774079951636061,1,0,-0,0,0
1761,globalPerMotor,3,opening,-255,18,6588.7,3,21,-666.166666666667,-681.333333333333,-14292.8333333333,-7270.03333333333,0.824079951636061,1,0,-0,0,0
1762,globalPerMotor,3,opening,-255,19,7029.8,3,21,-592.5,-681.333333333333,-14219.1666666667,-7711.13333333333,0.874079951636061,1,0,-0,0,0
1763,globalPerMotor,3,opening,-255,20,7470.9,3,21,-413.5,-681.333333333333,-14040.1666666667,-8152.23333333333,0.924079951636061,1,0,-0,0,0
1764,globalPerMotor,3,opening,-255,21,7912,3,21,-246.666666666667,-681.333333333333,-13873.3333333333,-8593.33333333333,0.974079951636061,1,0,-0,0,0
1786,globalPerMotor,4,closing,64,1,-671,3,21,2359,6024.33333333333,118211.666666667,6695.33333333333,0.933407686230773,1,0,0,0,0
1787,globalPerMotor,4,closing,64,2,-312.35,3,21,2359,6024.33333333333,118211.666666667,6336.68333333333,0.883407686230773,1,0,0,0,0
1788,globalPerMotor,4,closing,64,3,46.3,3,21,2449.33333333333,6024.33333333333,118436,5978.03333333333,0.833407686230773,1,0,0,0,0
1789,globalPerMotor,4,closing,64,4,404.95,3,21,2823.66666666667,6024.33333333333,119226,5619.38333333333,0.783407686230773,1,0,0,0,0
1790,globalPerMotor,4,closing,64,5,763.6,3,21,3083.33333333333,6024.33333333333,119699.333333333,5260.73333333333,0.733407686230773,1,0,0,0,0
1791,globalPerMotor,4,closing,64,6,1122.25,3,21,3299.66666666667,6024.33333333333,120162.333333333,4902.08333333333,0.683407686230773,1,0,0,0,0
1792,globalPerMotor,4,closing,64,7,1480.9,3,21,3491.33333333333,6024.33333333333,120640.666666667,4543.43333333333,0.633407686230773,1,0,0,0,0
1793,globalPerMotor,4,closing,64,8,1839.55,3,21,3665,6024.33333333333,121169.666666667,4184.78333333333,0.583407686230773,1,0,0,0,0
1794,globalPerMotor,4,closing,64,9,2198.2,3,21,3817,6024.33333333333,121652.666666667,3826.13333333333,0.533407686230773,1,0,0,0,0
1795,globalPerMotor,4,closing,64,10,2556.85,3,21,3973.66666666667,6024.33333333333,122186.666666667,3467.48333333333,0.483407686230773,1,0,0,0,0
1796,globalPerMotor,4,closing,64,11,2915.5,3,21,4129,6024.33333333333,122505.666666667,3108.83333333333,0.433407686230773,1,0,0,0,0
1797,globalPerMotor,4,closing,64,12,3274.15,3,21,4354.33333333333,6024.33333333333,122868,2750.18333333333,0.383407686230773,1,0,0,0,0
1798,globalPerMotor,4,closing,64,13,3632.8,3,21,4673.66666666667,6024.33333333333,123458.666666667,2391.53333333333,0.333407686230773,1,0,0,0,0
1799,globalPerMotor,4,closing,64,14,3991.45,3,21,5018.33333333333,6024.33333333333,124274.666666667,2032.88333333333,0.283407686230773,1,0,0,0,0
1800,globalPerMotor,4,closing,64,15,4350.1,3,21,5257.66666666667,6024.33333333333,124538,1674.23333333333,0.233407686230773,1,0,0,0,0
1801,globalPerMotor,4,closing,64,16,4708.75,3,21,5507.33333333333,6024.33333333333,124857.666666667,1315.58333333333,0.183407686230773,1,0,0,0,0
1802,globalPerMotor,4,closing,64,17,5067.4,3,21,5712.66666666667,6024.33333333333,125295.333333333,956.933333333333,0.133407686230773,1,0,0,0,0
1803,globalPerMotor,4,closing,64,18,5426.05,3,21,5723,6024.33333333333,125327.333333333,598.283333333333,0.0834076862307727,1,0,0,0,0
1804,globalPerMotor,4,closing,64,19,5784.7,3,21,6024.33333333333,6024.33333333333,126511,239.633333333333,0.0334076862307728,1,0,0,0,0
1805,globalPerMotor,4,closing,64,20,6143.35,3,21,6143.35,6143.35,129010.35,0,0,1,0,0,1,1
1806,globalPerMotor,4,closing,64,21,6502,3,21,6502,6502,136542,0,0,1,0,0,1,1
1828,globalPerMotor,4,closing,96,1,-671,3,21,3754,6049.75,124749,6720.75,0.936951066499373,1,0,0,0,0
1829,globalPerMotor,4,closing,96,2,-312.35,3,21,3754,6049.75,124749,6362.1,0.886951066499373,1,0,0,0,0
1830,globalPerMotor,4,closing,96,3,46.3,3,21,3904.25,6049.75,124899.25,6003.45,0.836951066499373,1,0,0,0,0
1831,globalPerMotor,4,closing,96,4,404.95,3,21,4161.75,6049.75,125156.75,5644.8,0.786951066499373,1,0,0,0,0
1832,globalPerMotor,4,closing,96,5,763.6,3,21,4369.5,6049.75,125364.5,5286.15,0.736951066499373,1,0,0,0,0
1833,globalPerMotor,4,closing,96,6,1122.25,3,21,4616.25,6049.75,125611.25,4927.5,0.686951066499373,1,0,0,0,0
1834,globalPerMotor,4,closing,96,7,1480.9,3,21,4866.75,6049.75,125861.75,4568.85,0.636951066499373,1,0,0,0,0
1835,globalPerMotor,4,closing,96,8,1839.55,3,21,5118.5,6049.75,126113.5,4210.2,0.586951066499373,1,0,0,0,0
1836,globalPerMotor,4,closing,96,9,2198.2,3,21,5358.5,6049.75,126353.5,3851.55,0.536951066499373,1,0,0,0,0
1837,globalPerMotor,4,closing,96,10,2556.85,3,21,5605.5,6049.75,126600.5,3492.9,0.486951066499373,1,0,0,0,0
1838,globalPerMotor,4,closing,96,11,2915.5,3,21,5777.75,6049.75,126772.75,3134.25,0.436951066499373,1,0,0,0,0
1839,globalPerMotor,4,closing,96,12,3274.15,3,21,5946.75,6049.75,126941.75,2775.6,0.386951066499373,1,0,0,0,0
1840,globalPerMotor,4,closing,96,13,3632.8,3,21,6049.75,6049.75,127044.75,2416.95,0.336951066499373,1,0,0,0,0
1841,globalPerMotor,4,closing,96,14,3991.45,3,21,6049.75,6049.75,127044.75,2058.3,0.286951066499373,1,0,0,0,0
1842,globalPerMotor,4,closing,96,15,4350.1,3,21,6049.75,6049.75,127044.75,1699.65,0.236951066499373,1,0,0,0,0
1843,globalPerMotor,4,closing,96,16,4708.75,3,21,6049.75,6049.75,127044.75,1341,0.186951066499373,1,0,0,0,0
1844,globalPerMotor,4,closing,96,17,5067.4,3,21,6049.75,6049.75,127044.75,982.35,0.136951066499373,1,0,0,0,0
1845,globalPerMotor,4,closing,96,18,5426.05,3,21,6049.75,6049.75,127044.75,623.7,0.0869510664993726,1,0,0,0,0
1846,globalPerMotor,4,closing,96,19,5784.7,3,21,6049.75,6049.75,127044.75,265.05,0.0369510664993727,1,0,0,0,0
1847,globalPerMotor,4,closing,96,20,6143.35,3,21,6143.35,6143.35,129010.35,0,0,1,0,0,1,1
1848,globalPerMotor,4,closing,96,21,6502,3,21,6502,6502,136542,0,0,1,0,0,1,1
1870,globalPerMotor,4,closing,128,1,-671,3,21,5052,6146.33333333333,127978.666666667,6817.33333333333,0.950415911520052,1,0,0,0,0
1871,globalPerMotor,4,closing,128,2,-312.35,3,21,5052,6146.33333333333,127978.666666667,6458.68333333333,0.900415911520052,1,0,0,0,0
1872,globalPerMotor,4,closing,128,3,46.3,3,21,5257.83333333333,6146.33333333333,128184.5,6100.03333333333,0.850415911520052,1,0,0,0,0
1873,globalPerMotor,4,closing,128,4,404.95,3,21,5688,6146.33333333333,128614.666666667,5741.38333333333,0.800415911520052,1,0,0,0,0
1874,globalPerMotor,4,closing,128,5,763.6,3,21,5937.83333333333,6146.33333333333,128864.5,5382.73333333333,0.750415911520052,1,0,0,0,0
1875,globalPerMotor,4,closing,128,6,1122.25,3,21,6079.16666666667,6146.33333333333,129005.833333333,5024.08333333333,0.700415911520052,1,0,0,0,0
1876,globalPerMotor,4,closing,128,7,1480.9,3,21,6143.16666666667,6146.33333333333,129069.833333333,4665.43333333333,0.650415911520052,1,0,0,0,0
1877,globalPerMotor,4,closing,128,8,1839.55,3,21,6146.33333333333,6146.33333333333,129073,4306.78333333333,0.600415911520052,1,0,0,0,0
1878,globalPerMotor,4,closing,128,9,2198.2,3,21,6146.33333333333,6146.33333333333,129073,3948.13333333333,0.550415911520052,1,0,0,0,0
1879,globalPerMotor,4,closing,128,10,2556.85,3,21,6146.33333333333,6146.33333333333,129073,3589.48333333333,0.500415911520052,1,0,0,0,0
1880,globalPerMotor,4,closing,128,11,2915.5,3,21,6146.33333333333,6146.33333333333,129073,3230.83333333333,0.450415911520052,1,0,0,0,0
1881,globalPerMotor,4,closing,128,12,3274.15,3,21,6146.33333333333,6146.33333333333,129073,2872.18333333333,0.400415911520052,1,0,0,0,0
1882,globalPerMotor,4,closing,128,13,3632.8,3,21,6146.33333333333,6146.33333333333,129073,2513.53333333333,0.350415911520052,1,0,0,0,0
1883,globalPerMotor,4,closing,128,14,3991.45,3,21,6146.33333333333,6146.33333333333,129073,2154.88333333333,0.300415911520052,1,0,0,0,0
1884,globalPerMotor,4,closing,128,15,4350.1,3,21,6146.33333333333,6146.33333333333,129073,1796.23333333333,0.250415911520052,1,0,0,0,0
1885,globalPerMotor,4,closing,128,16,4708.75,3,21,6146.33333333333,6146.33333333333,129073,1437.58333333333,0.200415911520052,1,0,0,0,0
1886,globalPerMotor,4,closing,128,17,5067.4,3,21,6146.33333333333,6146.33333333333,129073,1078.93333333333,0.150415911520052,1,0,0,0,0
1887,globalPerMotor,4,closing,128,18,5426.05,3,21,6146.33333333333,6146.33333333333,129073,720.283333333333,0.100415911520052,1,0,0,0,0
1888,globalPerMotor,4,closing,128,19,5784.7,3,21,6146.33333333333,6146.33333333333,129073,361.633333333333,0.050415911520052,1,0,0,0,0
1889,globalPerMotor,4,closing,128,20,6143.35,3,21,6146.33333333333,6146.33333333333,129073,2.98333333333267,0.000415911520051954,1,0,0,0,0
1890,globalPerMotor,4,closing,128,21,6502,3,21,6502,6502,136542,0,0,1,0,0,1,1
1912,globalPerMotor,4,closing,160,1,-671,3,21,5927,6186.2,129651,6857.2,0.955973790603653,1,0,0,0,0
1913,globalPerMotor,4,closing,160,2,-312.35,3,21,5927,6186.2,129651,6498.55,0.905973790603653,1,0,0,0,0
1914,globalPerMotor,4,closing,160,3,46.3,3,21,6021,6186.2,129745,6139.9,0.855973790603653,1,0,0,0,0
1915,globalPerMotor,4,closing,160,4,404.95,3,21,6088.6,6186.2,129812.6,5781.25,0.805973790603653,1,0,0,0,0
1916,globalPerMotor,4,closing,160,5,763.6,3,21,6127.8,6186.2,129851.8,5422.6,0.755973790603653,1,0,0,0,0
1917,globalPerMotor,4,closing,160,6,1122.25,3,21,6165,6186.2,129889,5063.95,0.705973790603653,1,0,0,0,0
1918,globalPerMotor,4,closing,160,7,1480.9,3,21,6186.2,6186.2,129910.2,4705.3,0.655973790603652,1,0,0,0,0
1919,globalPerMotor,4,closing,160,8,1839.55,3,21,6186.2,6186.2,129910.2,4346.65,0.605973790603653,1,0,0,0,0
1920,globalPerMotor,4,closing,160,9,2198.2,3,21,6186.2,6186.2,129910.2,3988,0.555973790603653,1,0,0,0,0
1921,globalPerMotor,4,closing,160,10,2556.85,3,21,6186.2,6186.2,129910.2,3629.35,0.505973790603653,1,0,0,0,0
1922,globalPerMotor,4,closing,160,11,2915.5,3,21,6186.2,6186.2,129910.2,3270.7,0.455973790603653,1,0,0,0,0
1923,globalPerMotor,4,closing,160,12,3274.15,3,21,6186.2,6186.2,129910.2,2912.05,0.405973790603653,1,0,0,0,0
1924,globalPerMotor,4,closing,160,13,3632.8,3,21,6186.2,6186.2,129910.2,2553.4,0.355973790603653,1,0,0,0,0
1925,globalPerMotor,4,closing,160,14,3991.45,3,21,6186.2,6186.2,129910.2,2194.75,0.305973790603653,1,0,0,0,0
1926,globalPerMotor,4,closing,160,15,4350.1,3,21,6186.2,6186.2,129910.2,1836.1,0.255973790603652,1,0,0,0,0
1927,globalPerMotor,4,closing,160,16,4708.75,3,21,6186.2,6186.2,129910.2,1477.45,0.205973790603653,1,0,0,0,0
1928,globalPerMotor,4,closing,160,17,5067.4,3,21,6186.2,6186.2,129910.2,1118.8,0.155973790603653,1,0,0,0,0
1929,globalPerMotor,4,closing,160,18,5426.05,3,21,6186.2,6186.2,129910.2,760.15,0.105973790603653,1,0,0,0,0
1930,globalPerMotor,4,closing,160,19,5784.7,3,21,6186.2,6186.2,129910.2,401.5,0.0559737906036526,1,0,0,0,0
1931,globalPerMotor,4,closing,160,20,6143.35,3,21,6186.2,6186.2,129910.2,42.8499999999995,0.00597379060365251,1,0,0,0,0
1932,globalPerMotor,4,closing,160,21,6502,3,21,6502,6502,136542,0,0,1,0,0,1,1
1954,globalPerMotor,4,closing,192,1,-671,3,21,6217.33333333333,6217.33333333333,130564,6888.33333333333,0.960314140991682,1,0,0,0,0
1955,globalPerMotor,4,closing,192,2,-312.35,3,21,6217.33333333333,6217.33333333333,130564,6529.68333333333,0.910314140991682,1,0,0,0,0
1956,globalPerMotor,4,closing,192,3,46.3,3,21,6217.33333333333,6217.33333333333,130564,6171.03333333333,0.860314140991682,1,0,0,0,0
1957,globalPerMotor,4,closing,192,4,404.95,3,21,6217.33333333333,6217.33333333333,130564,5812.38333333333,0.810314140991682,1,0,0,0,0
1958,globalPerMotor,4,closing,192,5,763.6,3,21,6217.33333333333,6217.33333333333,130564,5453.73333333333,0.760314140991682,1,0,0,0,0
1959,globalPerMotor,4,closing,192,6,1122.25,3,21,6217.33333333333,6217.33333333333,130564,5095.08333333333,0.710314140991682,1,0,0,0,0
1960,globalPerMotor,4,closing,192,7,1480.9,3,21,6217.33333333333,6217.33333333333,130564,4736.43333333333,0.660314140991682,1,0,0,0,0
1961,globalPerMotor,4,closing,192,8,1839.55,3,21,6217.33333333333,6217.33333333333,130564,4377.78333333333,0.610314140991682,1,0,0,0,0
1962,globalPerMotor,4,closing,192,9,2198.2,3,21,6217.33333333333,6217.33333333333,130564,4019.13333333333,0.560314140991682,1,0,0,0,0
1963,globalPerMotor,4,closing,192,10,2556.85,3,21,6217.33333333333,6217.33333333333,130564,3660.48333333333,0.510314140991682,1,0,0,0,0
1964,globalPerMotor,4,closing,192,11,2915.5,3,21,6217.33333333333,6217.33333333333,130564,3301.83333333333,0.460314140991682,1,0,0,0,0
1965,globalPerMotor,4,closing,192,12,3274.15,3,21,6217.33333333333,6217.33333333333,130564,2943.18333333333,0.410314140991682,1,0,0,0,0
1966,globalPerMotor,4,closing,192,13,3632.8,3,21,6217.33333333333,6217.33333333333,130564,2584.53333333333,0.360314140991682,1,0,0,0,0
1967,globalPerMotor,4,closing,192,14,3991.45,3,21,6217.33333333333,6217.33333333333,130564,2225.88333333333,0.310314140991682,1,0,0,0,0
1968,globalPerMotor,4,closing,192,15,4350.1,3,21,6217.33333333333,6217.33333333333,130564,1867.23333333333,0.260314140991682,1,0,0,0,0
1969,globalPerMotor,4,closing,192,16,4708.75,3,21,6217.33333333333,6217.33333333333,130564,1508.58333333333,0.210314140991682,1,0,0,0,0
1970,globalPerMotor,4,closing,192,17,5067.4,3,21,6217.33333333333,6217.33333333333,130564,1149.93333333333,0.160314140991682,1,0,0,0,0
1971,globalPerMotor,4,closing,192,18,5426.05,3,21,6217.33333333333,6217.33333333333,130564,791.283333333333,0.110314140991682,1,0,0,0,0
1972,globalPerMotor,4,closing,192,19,5784.7,3,21,6217.33333333333,6217.33333333333,130564,432.633333333333,0.0603141409916818,1,0,0,0,0
1973,globalPerMotor,4,closing,192,20,6143.35,3,21,6217.33333333333,6217.33333333333,130564,73.9833333333327,0.0103141409916817,1,0,0,0,0
1974,globalPerMotor,4,closing,192,21,6502,3,21,6502,6502,136542,0,0,1,0,0,1,1
1996,globalPerMotor,4,closing,224,1,-671,3,21,6277.66666666667,6277.66666666667,131831,6948.66666666667,0.968725312514522,1,0,0,0,0
1997,globalPerMotor,4,closing,224,2,-312.35,3,21,6277.66666666667,6277.66666666667,131831,6590.01666666667,0.918725312514522,1,0,0,0,0
1998,globalPerMotor,4,closing,224,3,46.3,3,21,6277.66666666667,6277.66666666667,131831,6231.36666666667,0.868725312514522,1,0,0,0,0
1999,globalPerMotor,4,closing,224,4,404.95,3,21,6277.66666666667,6277.66666666667,131831,5872.71666666667,0.818725312514522,1,0,0,0,0
2000,globalPerMotor,4,closing,224,5,763.6,3,21,6277.66666666667,6277.66666666667,131831,5514.06666666667,0.768725312514522,1,0,0,0,0
2001,globalPerMotor,4,closing,224,6,1122.25,3,21,6277.66666666667,6277.66666666667,131831,5155.41666666667,0.718725312514522,1,0,0,0,0
2002,globalPerMotor,4,closing,224,7,1480.9,3,21,6277.66666666667,6277.66666666667,131831,4796.76666666667,0.668725312514522,1,0,0,0,0
2003,globalPerMotor,4,closing,224,8,1839.55,3,21,6277.66666666667,6277.66666666667,131831,4438.11666666667,0.618725312514522,1,0,0,0,0
2004,globalPerMotor,4,closing,224,9,2198.2,3,21,6277.66666666667,6277.66666666667,131831,4079.46666666667,0.568725312514522,1,0,0,0,0
2005,globalPerMotor,4,closing,224,10,2556.85,3,21,6277.66666666667,6277.66666666667,131831,3720.81666666667,0.518725312514522,1,0,0,0,0
2006,globalPerMotor,4,closing,224,11,2915.5,3,21,6277.66666666667,6277.66666666667,131831,3362.16666666667,0.468725312514522,1,0,0,0,0
2007,globalPerMotor,4,closing,224,12,3274.15,3,21,6277.66666666667,6277.66666666667,131831,3003.51666666667,0.418725312514522,1,0,0,0,0
2008,globalPerMotor,4,closing,224,13,3632.8,3,21,6277.66666666667,6277.66666666667,131831,2644.86666666667,0.368725312514522,1,0,0,0,0
2009,globalPerMotor,4,closing,224,14,3991.45,3,21,6277.66666666667,6277.66666666667,131831,2286.21666666667,0.318725312514522,1,0,0,0,0
2010,globalPerMotor,4,closing,224,15,4350.1,3,21,6277.66666666667,6277.66666666667,131831,1927.56666666667,0.268725312514522,1,0,0,0,0
2011,globalPerMotor,4,closing,224,16,4708.75,3,21,6277.66666666667,6277.66666666667,131831,1568.91666666667,0.218725312514522,1,0,0,0,0
2012,globalPerMotor,4,closing,224,17,5067.4,3,21,6277.66666666667,6277.66666666667,131831,1210.26666666667,0.168725312514522,1,0,0,0,0
2013,globalPerMotor,4,closing,224,18,5426.05,3,21,6277.66666666667,6277.66666666667,131831,851.616666666667,0.118725312514522,1,0,0,0,0
2014,globalPerMotor,4,closing,224,19,5784.7,3,21,6277.66666666667,6277.66666666667,131831,492.966666666667,0.0687253125145221,1,0,0,0,0
2015,globalPerMotor,4,closing,224,20,6143.35,3,21,6277.66666666667,6277.66666666667,131831,134.316666666667,0.018725312514522,1,0,0,0,0
2016,globalPerMotor,4,closing,224,21,6502,3,21,6502,6502,136542,0,0,1,0,0,1,1
2038,globalPerMotor,4,closing,255,1,-671,3,21,6280.83333333333,6280.83333333333,131897.5,6951.83333333333,0.969166782843069,1,0,0,0,0
2039,globalPerMotor,4,closing,255,2,-312.35,3,21,6280.83333333333,6280.83333333333,131897.5,6593.18333333333,0.919166782843069,1,0,0,0,0
2040,globalPerMotor,4,closing,255,3,46.3,3,21,6280.83333333333,6280.83333333333,131897.5,6234.53333333333,0.869166782843069,1,0,0,0,0
2041,globalPerMotor,4,closing,255,4,404.95,3,21,6280.83333333333,6280.83333333333,131897.5,5875.88333333333,0.819166782843069,1,0,0,0,0
2042,globalPerMotor,4,closing,255,5,763.6,3,21,6280.83333333333,6280.83333333333,131897.5,5517.23333333333,0.769166782843069,1,0,0,0,0
2043,globalPerMotor,4,closing,255,6,1122.25,3,21,6280.83333333333,6280.83333333333,131897.5,5158.58333333333,0.719166782843069,1,0,0,0,0
2044,globalPerMotor,4,closing,255,7,1480.9,3,21,6280.83333333333,6280.83333333333,131897.5,4799.93333333333,0.669166782843069,1,0,0,0,0
2045,globalPerMotor,4,closing,255,8,1839.55,3,21,6280.83333333333,6280.83333333333,131897.5,4441.28333333333,0.619166782843069,1,0,0,0,0
2046,globalPerMotor,4,closing,255,9,2198.2,3,21,6280.83333333333,6280.83333333333,131897.5,4082.63333333333,0.569166782843069,1,0,0,0,0
2047,globalPerMotor,4,closing,255,10,2556.85,3,21,6280.83333333333,6280.83333333333,131897.5,3723.98333333333,0.519166782843069,1,0,0,0,0
2048,globalPerMotor,4,closing,255,11,2915.5,3,21,6280.83333333333,6280.83333333333,131897.5,3365.33333333333,0.469166782843069,1,0,0,0,0
2049,globalPerMotor,4,closing,255,12,3274.15,3,21,6280.83333333333,6280.83333333333,131897.5,3006.68333333333,0.419166782843069,1,0,0,0,0
2050,globalPerMotor,4,closing,255,13,3632.8,3,21,6280.83333333333,6280.83333333333,131897.5,2648.03333333333,0.369166782843069,1,0,0,0,0
2051,globalPerMotor,4,closing,255,14,3991.45,3,21,6280.83333333333,6280.83333333333,131897.5,2289.38333333333,0.319166782843069,1,0,0,0,0
2052,globalPerMotor,4,closing,255,15,4350.1,3,21,6280.83333333333,6280.83333333333,131897.5,1930.73333333333,0.269166782843069,1,0,0,0,0
2053,globalPerMotor,4,closing,255,16,4708.75,3,21,6280.83333333333,6280.83333333333,131897.5,1572.08333333333,0.219166782843069,1,0,0,0,0
2054,globalPerMotor,4,closing,255,17,5067.4,3,21,6280.83333333333,6280.83333333333,131897.5,1213.43333333333,0.169166782843069,1,0,0,0,0
2055,globalPerMotor,4,closing,255,18,5426.05,3,21,6280.83333333333,6280.83333333333,131897.5,854.783333333333,0.119166782843069,1,0,0,0,0
2056,globalPerMotor,4,closing,255,19,5784.7,3,21,6280.83333333333,6280.83333333333,131897.5,496.133333333333,0.0691667828430689,1,0,0,0,0
2057,globalPerMotor,4,closing,255,20,6143.35,3,21,6280.83333333333,6280.83333333333,131897.5,137.483333333333,0.0191667828430688,1,0,0,0,0
2058,globalPerMotor,4,closing,255,21,6502,3,21,6502,6502,136542,0,0,1,0,0,1,1
2080,globalPerMotor,4,opening,-64,1,-671,3,21,-671,-671,-14091,0,0,1,0,-0,1,1
2081,globalPerMotor,4,opening,-64,2,-312.35,3,21,-312.35,-312.35,-6559.35,0,0,1,0,-0,1,1
2082,globalPerMotor,4,opening,-64,3,46.3,3,21,-65.6666666666667,-65.6666666666667,-1379,-111.966666666667,0.0156094614061992,1,0,-0,0,0
2083,globalPerMotor,4,opening,-64,4,404.95,3,21,-65.6666666666667,-65.6666666666667,-1379,-470.616666666667,0.0656094614061992,1,0,-0,0,0
2084,globalPerMotor,4,opening,-64,5,763.6,3,21,-65.6666666666667,-65.6666666666667,-1379,-829.266666666667,0.115609461406199,1,0,-0,0,0
2085,globalPerMotor,4,opening,-64,6,1122.25,3,21,-65.6666666666667,-65.6666666666667,-1379,-1187.91666666667,0.165609461406199,1,0,-0,0,0
2086,globalPerMotor,4,opening,-64,7,1480.9,3,21,21.3333333333333,-65.6666666666667,-1292,-1546.56666666667,0.215609461406199,1,0,-0,0,0
2087,globalPerMotor,4,opening,-64,8,1839.55,3,21,129,-65.6666666666667,-1184.33333333333,-1905.21666666667,0.265609461406199,1,0,-0,0,0
2088,globalPerMotor,4,opening,-64,9,2198.2,3,21,245.666666666667,-65.6666666666667,-1067.66666666667,-2263.86666666667,0.315609461406199,1,0,-0,0,0
2089,globalPerMotor,4,opening,-64,10,2556.85,3,21,348,-65.6666666666667,-965.333333333333,-2622.51666666667,0.365609461406199,1,0,-0,0,0
2090,globalPerMotor,4,opening,-64,11,2915.5,3,21,535,-65.6666666666667,-778.333333333333,-2981.16666666667,0.415609461406199,1,0,-0,0,0
2091,globalPerMotor,4,opening,-64,12,3274.15,3,21,760.333333333333,-65.6666666666667,-553,-3339.81666666667,0.465609461406199,1,0,-0,0,0
2092,globalPerMotor,4,opening,-64,13,3632.8,3,21,1132,-65.6666666666667,-181,-3698.46666666667,0.515609461406199,1,0,-0,0,0
2093,globalPerMotor,4,opening,-64,14,3991.45,3,21,1506.66666666667,-65.6666666666667,291,-4057.11666666667,0.565609461406199,1,0,-0,0,0
2094,globalPerMotor,4,opening,-64,15,4350.1,3,21,1879,-65.6666666666667,776.333333333332,-4415.76666666667,0.615609461406199,1,0,-0,0,0
2095,globalPerMotor,4,opening,-64,16,4708.75,3,21,2268.33333333333,-65.6666666666667,1282.66666666667,-4774.41666666667,0.665609461406199,1,0,-0,0,0
2096,globalPerMotor,4,opening,-64,17,5067.4,3,21,2652.66666666667,-65.6666666666667,1786,-5133.06666666667,0.715609461406199,1,0,-0,0,0
2097,globalPerMotor,4,opening,-64,18,5426.05,3,21,3015,-65.6666666666667,2380.66666666667,-5491.71666666667,0.765609461406199,1,0,-0,0,0
2098,globalPerMotor,4,opening,-64,19,5784.7,3,21,3444.66666666667,-65.6666666666667,3132.33333333333,-5850.36666666667,0.815609461406199,1,0,-0,0,0
2099,globalPerMotor,4,opening,-64,20,6143.35,3,21,3936.66666666667,-65.6666666666667,4224.66666666666,-6209.01666666667,0.865609461406199,1,0,-0,0,0
2100,globalPerMotor,4,opening,-64,21,6502,3,21,3936.66666666667,-65.6666666666667,4224.66666666666,-6567.66666666667,0.915609461406199,1,0,-0,0,0
2122,globalPerMotor,4,opening,-96,1,-671,3,21,-671,-671,-14091,0,0,1,0,-0,1,1
2123,globalPerMotor,4,opening,-96,2,-312.35,3,21,-312.35,-312.35,-6559.35,0,0,1,0,-0,1,1
2124,globalPerMotor,4,opening,-96,3,46.3,3,21,-131.5,-131.5,-2761.5,-177.8,0.024787397183884,1,0,-0,0,0
2125,globalPerMotor,4,opening,-96,4,404.95,3,21,-131.5,-131.5,-2761.5,-536.45,0.074787397183884,1,0,-0,0,0
2126,globalPerMotor,4,opening,-96,5,763.6,3,21,-131.5,-131.5,-2761.5,-895.1,0.124787397183884,1,0,-0,0,0
2127,globalPerMotor,4,opening,-96,6,1122.25,3,21,-131.5,-131.5,-2761.5,-1253.75,0.174787397183884,1,0,-0,0,0
2128,globalPerMotor,4,opening,-96,7,1480.9,3,21,-131.5,-131.5,-2761.5,-1612.4,0.224787397183884,1,0,-0,0,0
2129,globalPerMotor,4,opening,-96,8,1839.55,3,21,-131.5,-131.5,-2761.5,-1971.05,0.274787397183884,1,0,-0,0,0
2130,globalPerMotor,4,opening,-96,9,2198.2,3,21,-131.5,-131.5,-2761.5,-2329.7,0.324787397183884,1,0,-0,0,0
2131,globalPerMotor,4,opening,-96,10,2556.85,3,21,-131.5,-131.5,-2761.5,-2688.35,0.374787397183884,1,0,-0,0,0
2132,globalPerMotor,4,opening,-96,11,2915.5,3,21,-131.5,-131.5,-2761.5,-3047,0.424787397183884,1,0,-0,0,0
2133,globalPerMotor,4,opening,-96,12,3274.15,3,21,-131.5,-131.5,-2761.5,-3405.65,0.474787397183884,1,0,-0,0,0
2134,globalPerMotor,4,opening,-96,13,3632.8,3,21,-131.5,-131.5,-2761.5,-3764.3,0.524787397183884,1,0,-0,0,0
2135,globalPerMotor,4,opening,-96,14,3991.45,3,21,-101.25,-131.5,-2731.25,-4122.95,0.574787397183884,1,0,-0,0,0
2136,globalPerMotor,4,opening,-96,15,4350.1,3,21,257,-131.5,-2373,-4481.6,0.624787397183884,1,0,-0,0,0
2137,globalPerMotor,4,opening,-96,16,4708.75,3,21,691.75,-131.5,-1938.25,-4840.25,0.674787397183884,1,0,-0,0,0
2138,globalPerMotor,4,opening,-96,17,5067.4,3,21,1110.5,-131.5,-1519.5,-5198.9,0.724787397183884,1,0,-0,0,0
2139,globalPerMotor,4,opening,-96,18,5426.05,3,21,1560.25,-131.5,-1069.75,-5557.55,0.774787397183884,1,0,-0,0,0
2140,globalPerMotor,4,opening,-96,19,5784.7,3,21,2028.75,-131.5,-601.25,-5916.2,0.824787397183884,1,0,-0,0,0
2141,globalPerMotor,4,opening,-96,20,6143.35,3,21,2626.25,-131.5,-3.75,-6274.85,0.874787397183884,1,0,-0,0,0
2142,globalPerMotor,4,opening,-96,21,6502,3,21,2626.25,-131.5,-3.75,-6633.5,0.924787397183884,1,0,-0,0,0
2164,globalPerMotor,4,opening,-128,1,-671,3,21,-671,-671,-14091,0,0,1,0,-0,1,1
2165,globalPerMotor,4,opening,-128,2,-312.35,3,21,-312.35,-312.35,-6559.35,0,0,1,0,-0,1,1
2166,globalPerMotor,4,opening,-128,3,46.3,3,21,-291,-291,-6111,-337.3,0.0470235605743761,1,0,-0,0,0
2167,globalPerMotor,4,opening,-128,4,404.95,3,21,-291,-291,-6111,-695.95,0.0970235605743761,1,0,-0,0,0
2168,globalPerMotor,4,opening,-128,5,763.6,3,21,-291,-291,-6111,-1054.6,0.147023560574376,1,0,-0,0,0
2169,globalPerMotor,4,opening,-128,6,1122.25,3,21,-291,-291,-6111,-1413.25,0.197023560574376,1,0,-0,0,0
2170,globalPerMotor,4,opening,-128,7,1480.9,3,21,-291,-291,-6111,-1771.9,0.247023560574376,1,0,-0,0,0
2171,globalPerMotor,4,opening,-128,8,1839.55,3,21,-291,-291,-6111,-2130.55,0.297023560574376,1,0,-0,0,0
2172,globalPerMotor,4,opening,-128,9,2198.2,3,21,-291,-291,-6111,-2489.2,0.347023560574376,1,0,-0,0,0
2173,globalPerMotor,4,opening,-128,10,2556.85,3,21,-291,-291,-6111,-2847.85,0.397023560574376,1,0,-0,0,0
2174,globalPerMotor,4,opening,-128,11,2915.5,3,21,-291,-291,-6111,-3206.5,0.447023560574376,1,0,-0,0,0
2175,globalPerMotor,4,opening,-128,12,3274.15,3,21,-291,-291,-6111,-3565.15,0.497023560574376,1,0,-0,0,0
2176,globalPerMotor,4,opening,-128,13,3632.8,3,21,-291,-291,-6111,-3923.8,0.547023560574376,1,0,-0,0,0
2177,globalPerMotor,4,opening,-128,14,3991.45,3,21,-291,-291,-6111,-4282.45,0.597023560574376,1,0,-0,0,0
2178,globalPerMotor,4,opening,-128,15,4350.1,3,21,-291,-291,-6111,-4641.1,0.647023560574376,1,0,-0,0,0
2179,globalPerMotor,4,opening,-128,16,4708.75,3,21,-291,-291,-6111,-4999.75,0.697023560574376,1,0,-0,0,0
2180,globalPerMotor,4,opening,-128,17,5067.4,3,21,-279.166666666667,-291,-6099.16666666667,-5358.4,0.747023560574376,1,0,-0,0,0
2181,globalPerMotor,4,opening,-128,18,5426.05,3,21,-140.666666666667,-291,-5960.66666666667,-5717.05,0.797023560574376,1,0,-0,0,0
2182,globalPerMotor,4,opening,-128,19,5784.7,3,21,160.833333333333,-291,-5659.16666666667,-6075.7,0.847023560574376,1,0,-0,0,0
2183,globalPerMotor,4,opening,-128,20,6143.35,3,21,689.5,-291,-5130.5,-6434.35,0.897023560574376,1,0,-0,0,0
2184,globalPerMotor,4,opening,-128,21,6502,3,21,804.833333333333,-291,-5015.16666666667,-6793,0.947023560574376,1,0,-0,0,0
2206,globalPerMotor,4,opening,-160,1,-671,3,21,-671,-671,-14091,0,0,1,0,-0,1,1
2207,globalPerMotor,4,opening,-160,2,-312.35,3,21,-409.2,-409.2,-8593.2,-96.85,0.0135020214693991,1,0,-0,0,0
2208,globalPerMotor,4,opening,-160,3,46.3,3,21,-409.2,-409.2,-8593.2,-455.5,0.0635020214693991,1,0,-0,0,0
2209,globalPerMotor,4,opening,-160,4,404.95,3,21,-409.2,-409.2,-8593.2,-814.15,0.113502021469399,1,0,-0,0,0
2210,globalPerMotor,4,opening,-160,5,763.6,3,21,-409.2,-409.2,-8593.2,-1172.8,0.163502021469399,1,0,-0,0,0
2211,globalPerMotor,4,opening,-160,6,1122.25,3,21,-409.2,-409.2,-8593.2,-1531.45,0.213502021469399,1,0,-0,0,0
2212,globalPerMotor,4,opening,-160,7,1480.9,3,21,-409.2,-409.2,-8593.2,-1890.1,0.263502021469399,1,0,-0,0,0
2213,globalPerMotor,4,opening,-160,8,1839.55,3,21,-409.2,-409.2,-8593.2,-2248.75,0.313502021469399,1,0,-0,0,0
2214,globalPerMotor,4,opening,-160,9,2198.2,3,21,-409.2,-409.2,-8593.2,-2607.4,0.363502021469399,1,0,-0,0,0
2215,globalPerMotor,4,opening,-160,10,2556.85,3,21,-409.2,-409.2,-8593.2,-2966.05,0.413502021469399,1,0,-0,0,0
2216,globalPerMotor,4,opening,-160,11,2915.5,3,21,-409.2,-409.2,-8593.2,-3324.7,0.463502021469399,1,0,-0,0,0
2217,globalPerMotor,4,opening,-160,12,3274.15,3,21,-409.2,-409.2,-8593.2,-3683.35,0.513502021469399,1,0,-0,0,0
2218,globalPerMotor,4,opening,-160,13,3632.8,3,21,-409.2,-409.2,-8593.2,-4042,0.563502021469399,1,0,-0,0,0
2219,globalPerMotor,4,opening,-160,14,3991.45,3,21,-409.2,-409.2,-8593.2,-4400.65,0.613502021469399,1,0,-0,0,0
2220,globalPerMotor,4,opening,-160,15,4350.1,3,21,-409.2,-409.2,-8593.2,-4759.3,0.663502021469399,1,0,-0,0,0
2221,globalPerMotor,4,opening,-160,16,4708.75,3,21,-409.2,-409.2,-8593.2,-5117.95,0.713502021469399,1,0,-0,0,0
2222,globalPerMotor,4,opening,-160,17,5067.4,3,21,-409.2,-409.2,-8593.2,-5476.6,0.763502021469399,1,0,-0,0,0
2223,globalPerMotor,4,opening,-160,18,5426.05,3,21,-409.2,-409.2,-8593.2,-5835.25,0.813502021469399,1,0,-0,0,0
2224,globalPerMotor,4,opening,-160,19,5784.7,3,21,-390,-409.2,-8574,-6193.9,0.863502021469399,1,0,-0,0,0
2225,globalPerMotor,4,opening,-160,20,6143.35,3,21,-258.2,-409.2,-8442.2,-6552.55,0.913502021469399,1,0,-0,0,0
2226,globalPerMotor,4,opening,-160,21,6502,3,21,-96.4,-409.2,-8280.4,-6911.2,0.963502021469399,1,0,-0,0,0
2248,globalPerMotor,4,opening,-192,1,-671,3,21,-671,-671,-14091,0,0,1,0,-0,1,1
2249,globalPerMotor,4,opening,-192,2,-312.35,3,21,-468.5,-468.5,-9838.5,-156.15,0.0217691342534504,1,0,-0,0,0
2250,globalPerMotor,4,opening,-192,3,46.3,3,21,-468.5,-468.5,-9838.5,-514.8,0.0717691342534504,1,0,-0,0,0
2251,globalPerMotor,4,opening,-192,4,404.95,3,21,-468.5,-468.5,-9838.5,-873.45,0.12176913425345,1,0,-0,0,0
2252,globalPerMotor,4,opening,-192,5,763.6,3,21,-468.5,-468.5,-9838.5,-1232.1,0.17176913425345,1,0,-0,0,0
2253,globalPerMotor,4,opening,-192,6,1122.25,3,21,-468.5,-468.5,-9838.5,-1590.75,0.22176913425345,1,0,-0,0,0
2254,globalPerMotor,4,opening,-192,7,1480.9,3,21,-468.5,-468.5,-9838.5,-1949.4,0.27176913425345,1,0,-0,0,0
2255,globalPerMotor,4,opening,-192,8,1839.55,3,21,-468.5,-468.5,-9838.5,-2308.05,0.32176913425345,1,0,-0,0,0
2256,globalPerMotor,4,opening,-192,9,2198.2,3,21,-468.5,-468.5,-9838.5,-2666.7,0.37176913425345,1,0,-0,0,0
2257,globalPerMotor,4,opening,-192,10,2556.85,3,21,-468.5,-468.5,-9838.5,-3025.35,0.42176913425345,1,0,-0,0,0
2258,globalPerMotor,4,opening,-192,11,2915.5,3,21,-468.5,-468.5,-9838.5,-3384,0.47176913425345,1,0,-0,0,0
2259,globalPerMotor,4,opening,-192,12,3274.15,3,21,-468.5,-468.5,-9838.5,-3742.65,0.521769134253451,1,0,-0,0,0
2260,globalPerMotor,4,opening,-192,13,3632.8,3,21,-468.5,-468.5,-9838.5,-4101.3,0.57176913425345,1,0,-0,0,0
2261,globalPerMotor,4,opening,-192,14,3991.45,3,21,-468.5,-468.5,-9838.5,-4459.95,0.62176913425345,1,0,-0,0,0
2262,globalPerMotor,4,opening,-192,15,4350.1,3,21,-468.5,-468.5,-9838.5,-4818.6,0.671769134253451,1,0,-0,0,0
2263,globalPerMotor,4,opening,-192,16,4708.75,3,21,-468.5,-468.5,-9838.5,-5177.25,0.72176913425345,1,0,-0,0,0
2264,globalPerMotor,4,opening,-192,17,5067.4,3,21,-468.5,-468.5,-9838.5,-5535.9,0.77176913425345,1,0,-0,0,0
2265,globalPerMotor,4,opening,-192,18,5426.05,3,21,-468.5,-468.5,-9838.5,-5894.55,0.82176913425345,1,0,-0,0,0
2266,globalPerMotor,4,opening,-192,19,5784.7,3,21,-468.5,-468.5,-9838.5,-6253.2,0.87176913425345,1,0,-0,0,0
2267,globalPerMotor,4,opening,-192,20,6143.35,3,21,-461.25,-468.5,-9831.25,-6611.85,0.921769134253451,1,0,-0,0,0
2268,globalPerMotor,4,opening,-192,21,6502,3,21,-437.25,-468.5,-9807.25,-6970.5,0.97176913425345,1,0,-0,0,0
2290,globalPerMotor,4,opening,-224,1,-671,3,21,-671,-671,-14091,0,0,1,0,-0,1,1
2291,globalPerMotor,4,opening,-224,2,-312.35,3,21,-490,-490,-10290,-177.65,0.0247664854314792,1,0,-0,0,0
2292,globalPerMotor,4,opening,-224,3,46.3,3,21,-490,-490,-10290,-536.3,0.0747664854314792,1,0,-0,0,0
2293,globalPerMotor,4,opening,-224,4,404.95,3,21,-490,-490,-10290,-894.95,0.124766485431479,1,0,-0,0,0
2294,globalPerMotor,4,opening,-224,5,763.6,3,21,-490,-490,-10290,-1253.6,0.174766485431479,1,0,-0,0,0
2295,globalPerMotor,4,opening,-224,6,1122.25,3,21,-490,-490,-10290,-1612.25,0.224766485431479,1,0,-0,0,0
2296,globalPerMotor,4,opening,-224,7,1480.9,3,21,-490,-490,-10290,-1970.9,0.274766485431479,1,0,-0,0,0
2297,globalPerMotor,4,opening,-224,8,1839.55,3,21,-490,-490,-10290,-2329.55,0.324766485431479,1,0,-0,0,0
2298,globalPerMotor,4,opening,-224,9,2198.2,3,21,-490,-490,-10290,-2688.2,0.374766485431479,1,0,-0,0,0
2299,globalPerMotor,4,opening,-224,10,2556.85,3,21,-490,-490,-10290,-3046.85,0.424766485431479,1,0,-0,0,0
2300,globalPerMotor,4,opening,-224,11,2915.5,3,21,-490,-490,-10290,-3405.5,0.474766485431479,1,0,-0,0,0
2301,globalPerMotor,4,opening,-224,12,3274.15,3,21,-490,-490,-10290,-3764.15,0.524766485431479,1,0,-0,0,0
2302,globalPerMotor,4,opening,-224,13,3632.8,3,21,-490,-490,-10290,-4122.8,0.574766485431479,1,0,-0,0,0
2303,globalPerMotor,4,opening,-224,14,3991.45,3,21,-490,-490,-10290,-4481.45,0.624766485431479,1,0,-0,0,0
2304,globalPerMotor,4,opening,-224,15,4350.1,3,21,-490,-490,-10290,-4840.1,0.674766485431479,1,0,-0,0,0
2305,globalPerMotor,4,opening,-224,16,4708.75,3,21,-490,-490,-10290,-5198.75,0.724766485431479,1,0,-0,0,0
2306,globalPerMotor,4,opening,-224,17,5067.4,3,21,-490,-490,-10290,-5557.4,0.774766485431479,1,0,-0,0,0
2307,globalPerMotor,4,opening,-224,18,5426.05,3,21,-490,-490,-10290,-5916.05,0.824766485431479,1,0,-0,0,0
2308,globalPerMotor,4,opening,-224,19,5784.7,3,21,-490,-490,-10290,-6274.7,0.874766485431479,1,0,-0,0,0
2309,globalPerMotor,4,opening,-224,20,6143.35,3,21,-490,-490,-10290,-6633.35,0.924766485431479,1,0,-0,0,0
2310,globalPerMotor,4,opening,-224,21,6502,3,21,-489.5,-490,-10289.5,-6992,0.974766485431479,1,0,-0,0,0
2332,globalPerMotor,4,opening,-255,1,-671,3,21,-671,-671,-14091,0,0,1,0,-0,1,1
2333,globalPerMotor,4,opening,-255,2,-312.35,3,21,-562.166666666667,-562.166666666667,-11805.5,-249.816666666667,0.0348273618662577,1,0,-0,0,0
2334,globalPerMotor,4,opening,-255,3,46.3,3,21,-562.166666666667,-562.166666666667,-11805.5,-608.466666666667,0.0848273618662577,1,0,-0,0,0
2335,globalPerMotor,4,opening,-255,4,404.95,3,21,-562.166666666667,-562.166666666667,-11805.5,-967.116666666667,0.134827361866258,1,0,-0,0,0
2336,globalPerMotor,4,opening,-255,5,763.6,3,21,-562.166666666667,-562.166666666667,-11805.5,-1325.76666666667,0.184827361866258,1,0,-0,0,0
2337,globalPerMotor,4,opening,-255,6,1122.25,3,21,-562.166666666667,-562.166666666667,-11805.5,-1684.41666666667,0.234827361866258,1,0,-0,0,0
2338,globalPerMotor,4,opening,-255,7,1480.9,3,21,-562.166666666667,-562.166666666667,-11805.5,-2043.06666666667,0.284827361866258,1,0,-0,0,0
2339,globalPerMotor,4,opening,-255,8,1839.55,3,21,-562.166666666667,-562.166666666667,-11805.5,-2401.71666666667,0.334827361866258,1,0,-0,0,0
2340,globalPerMotor,4,opening,-255,9,2198.2,3,21,-562.166666666667,-562.166666666667,-11805.5,-2760.36666666667,0.384827361866258,1,0,-0,0,0
2341,globalPerMotor,4,opening,-255,10,2556.85,3,21,-562.166666666667,-562.166666666667,-11805.5,-3119.01666666667,0.434827361866258,1,0,-0,0,0
2342,globalPerMotor,4,opening,-255,11,2915.5,3,21,-562.166666666667,-562.166666666667,-11805.5,-3477.66666666667,0.484827361866258,1,0,-0,0,0
2343,globalPerMotor,4,opening,-255,12,3274.15,3,21,-562.166666666667,-562.166666666667,-11805.5,-3836.31666666667,0.534827361866258,1,0,-0,0,0
2344,globalPerMotor,4,opening,-255,13,3632.8,3,21,-562.166666666667,-562.166666666667,-11805.5,-4194.96666666667,0.584827361866258,1,0,-0,0,0
2345,globalPerMotor,4,opening,-255,14,3991.45,3,21,-562.166666666667,-562.166666666667,-11805.5,-4553.61666666667,0.634827361866258,1,0,-0,0,0
2346,globalPerMotor,4,opening,-255,15,4350.1,3,21,-562.166666666667,-562.166666666667,-11805.5,-4912.26666666667,0.684827361866258,1,0,-0,0,0
2347,globalPerMotor,4,opening,-255,16,4708.75,3,21,-562.166666666667,-562.166666666667,-11805.5,-5270.91666666667,0.734827361866258,1,0,-0,0,0
2348,globalPerMotor,4,opening,-255,17,5067.4,3,21,-562.166666666667,-562.166666666667,-11805.5,-5629.56666666667,0.784827361866258,1,0,-0,0,0
2349,globalPerMotor,4,opening,-255,18,5426.05,3,21,-562.166666666667,-562.166666666667,-11805.5,-5988.21666666667,0.834827361866258,1,0,-0,0,0
2350,globalPerMotor,4,opening,-255,19,5784.7,3,21,-562.166666666667,-562.166666666667,-11805.5,-6346.86666666667,0.884827361866258,1,0,-0,0,0
2351,globalPerMotor,4,opening,-255,20,6143.35,3,21,-562.166666666667,-562.166666666667,-11805.5,-6705.51666666667,0.934827361866258,1,0,-0,0,0
2352,globalPerMotor,4,opening,-255,21,6502,3,21,-562.166666666667,-562.166666666667,-11805.5,-7064.16666666667,0.984827361866258,1,0,-0,0,0
