case_id,grid,motor,direction,pwm,initial_index,q_initial,duration,n_points,first,q_final,trajectory_sum,displacement,abs_stroke_fraction,monotonic,n_reverse_steps,minimum_directed_step,out_of_curve_domain,held_initial
22,perCombination,1,closing,64,1,0,3,21,2762,14316,258575.666666667,14316,0.784610325550806,1,0,0,0,0
23,perCombination,1,closing,64,2,850.8,3,21,3887.33333333333,14316,263417.666666667,13465.2,0.737980927326537,1,0,0,0,0
24,perCombination,1,closing,64,3,1701.6,3,21,4624,14316,266444.333333333,12614.4,0.691351529102269,1,0,0,0,0
25,perCombination,1,closing,64,4,2552.4,3,21,5307,14316,269476.333333333,11763.6,0.644722130878001,1,0,0,0,0
26,perCombination,1,closing,64,5,3403.2,3,21,5947,14316,272342.666666667,10912.8,0.598092732653732,1,0,0,0,0
27,perCombination,1,closing,64,6,4254,3,21,6596,14316,275015.333333333,10062,0.551463334429464,1,0,0,0,0
28,perCombination,1,closing,64,7,5104.8,3,21,7247.33333333333,14316,277833.666666667,9211.2,0.504833936205196,1,0,0,0,0
29,perCombination,1,closing,64,8,5955.6,3,21,7913.33333333333,14316,280771.333333333,8360.4,0.458204537980927,1,0,0,0,0
30,perCombination,1,closing,64,9,6806.4,3,21,8602,14316,283420.666666667,7509.6,0.411575139756659,1,0,0,0,0
31,perCombination,1,closing,64,10,7657.2,3,21,9310,14316,286355.333333333,6658.8,0.364945741532391,1,0,0,0,0
32,perCombination,1,closing,64,11,8508,3,21,9924.66666666667,14316,288873.666666667,5808,0.318316343308122,1,0,0,0,0
33,perCombination,1,closing,64,12,9358.8,3,21,10673.6666666667,14316,291558.333333333,4957.2,0.271686945083854,1,0,0,0,0
34,perCombination,1,closing,64,13,10209.6,3,21,11560.3333333333,14316,294016.666666667,4106.4,0.225057546859586,1,0,0,0,0
35,perCombination,1,closing,64,14,11060.4,3,21,12144,14316,295950.666666667,3255.6,0.178428148635317,1,0,0,0,0
36,perCombination,1,closing,64,15,11911.2,3,21,12696.6666666667,14316,297651.666666667,2404.8,0.131798750411049,1,0,0,0,0
37,perCombination,1,closing,64,16,12762,3,21,13502.3333333333,14316,299377.333333333,1554,0.0851693521867807,1,0,0,0,0
38,perCombination,1,closing,64,17,13612.8,3,21,14026.6666666667,14316,300346.666666667,703.200000000001,0.0385399539625124,1,0,0,0,0
39,perCombination,1,closing,64,18,14463.6,3,21,14463.6,14463.6,303735.6,0,0,1,0,0,1,1
40,perCombination,1,closing,64,19,15314.4,3,21,15314.4,15314.4,321602.4,0,0,1,0,0,1,1
41,perCombination,1,closing,64,20,16165.2,3,21,16165.2,16165.2,339469.2,0,0,1,0,0,1,1
42,perCombination,1,closing,64,21,17016,3,21,17016,17016,357336,0,0,1,0,0,1,1
64,perCombination,1,closing,96,1,0,3,21,4536.5,16961.75,328314.5,16961.75,0.929614710073441,1,0,0,0,0
65,perCombination,1,closing,96,2,852.3,3,21,5664,16961.75,331950.25,16109.45,0.882903102049764,1,0,0,0,0
66,perCombination,1,closing,96,3,1704.6,3,21,6394.5,16961.75,334314,15257.15,0.836191494026088,1,0,0,0,0
67,perCombination,1,closing,96,4,2556.9,3,21,7063.5,16961.75,336339.5,14404.85,0.789479886002411,1,0,0,0,0
68,perCombination,1,closing,96,5,3409.2,3,21,7746.75,16961.75,338263.25,13552.55,0.742768277978735,1,0,0,0,0
69,perCombination,1,closing,96,6,4261.5,3,21,8423,16961.75,340170,12700.25,0.696056669955059,1,0,0,0,0
70,perCombination,1,closing,96,7,5113.8,3,21,9102.5,16961.75,342035.75,11847.95,0.649345061931382,1,0,0,0,0
71,perCombination,1,closing,96,8,5966.1,3,21,9829,16961.75,343988,10995.65,0.602633453907706,1,0,0,0,0
72,perCombination,1,closing,96,9,6818.4,3,21,10579.25,16961.75,345828.25,10143.35,0.555921845884029,1,0,0,0,0
73,perCombination,1,closing,96,10,7670.7,3,21,11316.75,16961.75,347382.5,9291.05,0.509210237860353,1,0,0,0,0
74,perCombination,1,closing,96,11,8523,3,21,12052.75,16961.75,348885.75,8438.75,0.462498629836677,1,0,0,0,0
75,perCombination,1,closing,96,12,9375.3,3,21,12825.25,16961.75,350377.5,7586.45,0.415787021813,1,0,0,0,0
76,perCombination,1,closing,96,13,10227.6,3,21,13605,16961.75,351800.5,6734.15,0.369075413789324,1,0,0,0,0
77,perCombination,1,closing,96,14,11079.9,3,21,14287.25,16961.75,352770.25,5881.85,0.322363805765647,1,0,0,0,0
78,perCombination,1,closing,96,15,11932.2,3,21,14969.5,16961.75,353679.25,5029.55,0.275652197741971,1,0,0,0,0
79,perCombination,1,closing,96,16,12784.5,3,21,15618,16961.75,354495.75,4177.25,0.228940589718294,1,0,0,0,0
80,perCombination,1,closing,96,17,13636.8,3,21,16267,16961.75,355192.25,3324.95,0.182228981694618,1,0,0,0,0
81,perCombination,1,closing,96,18,14489.1,3,21,16516.75,16961.75,355525.25,2472.65,0.135517373670942,1,0,0,0,0
82,perCombination,1,closing,96,19,15341.4,3,21,16681,16961.75,355770,1620.35,0.0888057656472652,1,0,0,0,0
83,perCombination,1,closing,96,20,16193.7,3,21,16732,16961.75,355882.5,768.049999999999,0.0420941576235887,1,0,0,0,0
84,perCombination,1,closing,96,21,17046,3,21,17046,17046,357966,0,0,1,0,0,1,1
106,perCombination,1,closing,128,1,0,3,21,5684.33333333333,17101,340877.833333333,17101,0.937246519785158,1,0,0,0,0
107,perCombination,1,closing,128,2,858.6,3,21,6902.5,17101,343861.166666667,16242.4,0.890189630603968,1,0,0,0,0
108,perCombination,1,closing,128,3,1717.2,3,21,7716.83333333333,17101,345609.5,15383.8,0.843132741422778,1,0,0,0,0
109,perCombination,1,closing,128,4,2575.8,3,21,8509.66666666667,17101,347256.166666667,14525.2,0.796075852241587,1,0,0,0,0
110,perCombination,1,closing,128,5,3434.4,3,21,9301.33333333333,17101,348746.166666667,13666.6,0.749018963060397,1,0,0,0,0
111,perCombination,1,closing,128,6,4293,3,21,10086.3333333333,17101,350192.666666667,12808,0.701962073879206,1,0,0,0,0
112,perCombination,1,closing,128,7,5151.6,3,21,10901,17101,351543.333333333,11949.4,0.654905184698016,1,0,0,0,0
113,perCombination,1,closing,128,8,6010.2,3,21,11689.5,17101,352853.666666667,11090.8,0.607848295516826,1,0,0,0,0
114,perCombination,1,closing,128,9,6868.8,3,21,12454,17101,354059.666666667,10232.2,0.560791406335635,1,0,0,0,0
115,perCombination,1,closing,128,10,7727.4,3,21,13203.3333333333,17101,355036.333333333,9373.6,0.513734517154445,1,0,0,0,0
116,perCombination,1,closing,128,11,8586,3,21,13965.8333333333,17101,355974.5,8515,0.466677627973254,1,0,0,0,0
117,perCombination,1,closing,128,12,9444.6,3,21,14682.6666666667,17101,356702.666666667,7656.4,0.419620738792064,1,0,0,0,0
118,perCombination,1,closing,128,13,10303.2,3,21,15344.6666666667,17101,357364.666666667,6797.8,0.372563849610874,1,0,0,0,0
119,perCombination,1,closing,128,14,11161.8,3,21,15894.1666666667,17101,357914.166666667,5939.2,0.325506960429683,1,0,0,0,0
120,perCombination,1,closing,128,15,12020.4,3,21,16484.1666666667,17101,358504.166666667,5080.6,0.278450071248493,1,0,0,0,0
121,perCombination,1,closing,128,16,12879,3,21,16839.6666666667,17101,358859.666666667,4222,0.231393182067302,1,0,0,0,0
122,perCombination,1,closing,128,17,13737.6,3,21,17043.3333333333,17101,359063.333333333,3363.4,0.184336292886112,1,0,0,0,0
123,perCombination,1,closing,128,18,14596.2,3,21,17101,17101,359121,2504.8,0.137279403704922,1,0,0,0,0
124,perCombination,1,closing,128,19,15454.8,3,21,17101,17101,359121,1646.2,0.0902225145237313,1,0,0,0,0
125,perCombination,1,closing,128,20,16313.4,3,21,17101,17101,359121,787.6,0.0431656253425408,1,0,0,0,0
126,perCombination,1,closing,128,21,17172,3,21,17172,17172,360612,0,0,1,0,0,1,1
148,perCombination,1,closing,160,1,0,3,21,6459.4,17116.6,344238,17116.6,0.938101501699002,1,0,0,0,0
149,perCombination,1,closing,160,2,860.05,3,21,7632.8,17116.6,346576.2,16256.55,0.890965143045051,1,0,0,0,0
150,perCombination,1,closing,160,3,1720.1,3,21,8440,17116.6,348160.6,15396.5,0.843828784391099,1,0,0,0,0
151,perCombination,1,closing,160,4,2580.15,3,21,9230.6,17116.6,349609.4,14536.45,0.796692425737148,1,0,0,0,0
152,perCombination,1,closing,160,5,3440.2,3,21,10011,17116.6,351046.6,13676.4,0.749556067083196,1,0,0,0,0
153,perCombination,1,closing,160,6,4300.25,3,21,10807.6,17116.6,352348.4,12816.35,0.702419708429245,1,0,0,0,0
154,perCombination,1,closing,160,7,5160.3,3,21,11585.2,17116.6,353482,11956.3,0.655283349775293,1,0,0,0,0
155,perCombination,1,closing,160,8,6020.35,3,21,12356.2,17116.6,354464.2,11096.25,0.608146991121342,1,0,0,0,0
156,perCombination,1,closing,160,9,6880.4,3,21,13153.8,17116.6,355350.2,10236.2,0.56101063246739,1,0,0,0,0
157,perCombination,1,closing,160,10,7740.45,3,21,13908.6,17116.6,356191.6,9376.15,0.513874273813438,1,0,0,0,0
158,perCombination,1,closing,160,11,8600.5,3,21,14663.8,17116.6,356995.8,8516.1,0.466737915159487,1,0,0,0,0
159,perCombination,1,closing,160,12,9460.55,3,21,15381,17116.6,357713,7656.05,0.419601556505535,1,0,0,0,0
160,perCombination,1,closing,160,13,10320.6,3,21,16024.2,17116.6,358356.2,6796,0.372465197851584,1,0,0,0,0
161,perCombination,1,closing,160,14,11180.65,3,21,16515,17116.6,358847,5935.95,0.325328839197632,1,0,0,0,0
162,perCombination,1,closing,160,15,12040.7,3,21,16850.6,17116.6,359182.6,5075.9,0.278192480543681,1,0,0,0,0
163,perCombination,1,closing,160,16,12900.75,3,21,16953.4,17116.6,359285.4,4215.85,0.231056121889729,1,0,0,0,0
164,perCombination,1,closing,160,17,13760.8,3,21,17054.6,17116.6,359386.6,3355.8,0.183919763235778,1,0,0,0,0
165,perCombination,1,closing,160,18,14620.85,3,21,17116.6,17116.6,359448.6,2495.75,0.136783404581826,1,0,0,0,0
166,perCombination,1,closing,160,19,15480.9,3,21,17116.6,17116.6,359448.6,1635.7,0.0896470459278745,1,0,0,0,0
167,perCombination,1,closing,160,20,16340.95,3,21,17116.6,17116.6,359448.6,775.649999999998,0.0425106872739229,1,0,0,0,0
168,perCombination,1,closing,160,21,17201,3,21,17201,17201,361221,0,0,1,0,0,1,1
190,perCombination,1,closing,192,1,0,3,21,7040.66666666667,17209,348104.333333333,17209,0.943165625342541,1,0,0,0,0
191,perCombination,1,closing,192,2,864.4,3,21,8229.33333333333,17209,350444,16344.6,0.895790858270306,1,0,0,0,0
192,perCombination,1,closing,192,3,1728.8,3,21,9011.33333333333,17209,351974,15480.2,0.848416091198071,1,0,0,0,0
193,perCombination,1,closing,192,4,2593.2,3,21,9863.66666666667,17209,353501,14615.8,0.801041324125836,1,0,0,0,0
194,perCombination,1,closing,192,5,3457.6,3,21,10640.3333333333,17209,354541.666666667,13751.4,0.753666557053601,1,0,0,0,0
195,perCombination,1,closing,192,6,4322,3,21,11484.3333333333,17209,355624.333333333,12887,0.706291789981366,1,0,0,0,0
196,perCombination,1,closing,192,7,5186.4,3,21,12330,17209,356510,12022.6,0.658917022909131,1,0,0,0,0
197,perCombination,1,closing,192,8,6050.8,3,21,13166.6666666667,17209,357346.666666667,11158.2,0.611542255836896,1,0,0,0,0
198,perCombination,1,closing,192,9,6915.2,3,21,13996,17209,358176,10293.8,0.564167488764661,1,0,0,0,0
199,perCombination,1,closing,192,10,7779.6,3,21,14812.6666666667,17209,358992.666666667,9429.4,0.516792721692426,1,0,0,0,0
200,perCombination,1,closing,192,11,8644,3,21,15667.6666666667,17209,359847.666666667,8565,0.469417954620191,1,0,0,0,0
201,perCombination,1,closing,192,12,9508.4,3,21,16470.6666666667,17209,360650.666666667,7700.6,0.422043187547956,1,0,0,0,0
202,perCombination,1,closing,192,13,10372.8,3,21,16858.3333333333,17209,361038.333333333,6836.2,0.374668420475721,1,0,0,0,0
203,perCombination,1,closing,192,14,11237.2,3,21,17114.3333333333,17209,361294.333333333,5971.8,0.327293653403486,1,0,0,0,0
204,perCombination,1,closing,192,15,12101.6,3,21,17209,17209,361389,5107.4,0.279918886331251,1,0,0,0,0
205,perCombination,1,closing,192,16,12966,3,21,17209,17209,361389,4243,0.232544119259016,1,0,0,0,0
206,perCombination,1,closing,192,17,13830.4,3,21,17209,17209,361389,3378.6,0.185169352186781,1,0,0,0,0
207,perCombination,1,closing,192,18,14694.8,3,21,17209,17209,361389,2514.2,0.137794585114546,1,0,0,0,0
208,perCombination,1,closing,192,19,15559.2,3,21,17209,17209,361389,1649.8,0.0904198180423106,1,0,0,0,0
209,perCombination,1,closing,192,20,16423.6,3,21,17209,17209,361389,785.400000000001,0.0430450509700757,1,0,0,0,0
210,perCombination,1,closing,192,21,17288,3,21,17288,17288,363048,0,0,1,0,0,1,1
232,perCombination,1,closing,224,1,0,3,21,7429.66666666667,17213.8333333333,349405,17213.8333333333,0.943430523585078,1,0,0,0,0
233,perCombination,1,closing,224,2,864.1,3,21,8588.5,17213.8333333333,351648.166666667,16349.7333333333,0.896072198472725,1,0,0,0,0
234,perCombination,1,closing,224,3,1728.2,3,21,9410.66666666667,17213.8333333333,353223.666666667,15485.6333333333,0.848713873360371,1,0,0,0,0
235,perCombination,1,closing,224,4,2592.3,3,21,10277.8333333333,17213.8333333333,354358.833333333,14621.5333333333,0.801355548248018,1,0,0,0,0
236,perCombination,1,closing,224,5,3456.4,3,21,11078.8333333333,17213.8333333333,355274.333333333,13757.4333333333,0.753997223135664,1,0,0,0,0
237,perCombination,1,closing,224,6,4320.5,3,21,11917,17213.8333333333,356193.666666667,12893.3333333333,0.706638898023311,1,0,0,0,0
238,perCombination,1,closing,224,7,5184.6,3,21,12754.5,17213.8333333333,357031.166666667,12029.2333333333,0.659280572910958,1,0,0,0,0
239,perCombination,1,closing,224,8,6048.7,3,21,13591,17213.8333333333,357867.666666667,11165.1333333333,0.611922247798604,1,0,0,0,0
240,perCombination,1,closing,224,9,6912.8,3,21,14461.1666666667,17213.8333333333,358737.833333333,10301.0333333333,0.564563922686251,1,0,0,0,0
241,perCombination,1,closing,224,10,7776.9,3,21,15260.3333333333,17213.8333333333,359537,9436.93333333333,0.517205597573897,1,0,0,0,0
242,perCombination,1,closing,224,11,8641,3,21,16094.6666666667,17213.8333333333,360371.333333333,8572.83333333333,0.469847272461544,1,0,0,0,0
243,perCombination,1,closing,224,12,9505.1,3,21,16820.6666666667,17213.8333333333,361097.333333333,7708.73333333333,0.422488947349191,1,0,0,0,0
244,perCombination,1,closing,224,13,10369.2,3,21,17033.5,17213.8333333333,361310.166666667,6844.63333333333,0.375130622236837,1,0,0,0,0
245,perCombination,1,closing,224,14,11233.3,3,21,17162.5,17213.8333333333,361439.166666667,5980.53333333333,0.327772297124484,1,0,0,0,0
246,perCombination,1,closing,224,15,12097.4,3,21,17213.8333333333,17213.8333333333,361490.5,5116.43333333333,0.28041397201213,1,0,0,0,0
247,perCombination,1,closing,224,16,12961.5,3,21,17213.8333333333,17213.8333333333,361490.5,4252.33333333333,0.233055646899777,1,0,0,0,0
248,perCombination,1,closing,224,17,13825.6,3,21,17213.8333333333,17213.8333333333,361490.5,3388.23333333333,0.185697321787424,1,0,0,0,0
249,perCombination,1,closing,224,18,14689.7,3,21,17213.8333333333,17213.8333333333,361490.5,2524.13333333333,0.13833899667507,1,0,0,0,0
250,perCombination,1,closing,224,19,15553.8,3,21,17213.8333333333,17213.8333333333,361490.5,1660.03333333333,0.0909806715627169,1,0,0,0,0
251,perCombination,1,closing,224,20,16417.9,3,21,17213.8333333333,17213.8333333333,361490.5,795.933333333331,0.0436223464503634,1,0,0,0,0
252,perCombination,1,closing,224,21,17282,3,21,17282,17282,362922,0,0,1,0,0,1,1
274,perCombination,1,closing,255,1,0,3,21,7924.66666666667,17246.5,351502,17246.5,0.945220870327743,1,0,0,0,0
275,perCombination,1,closing,255,2,868.75,3,21,9118.33333333333,17246.5,353643.333333333,16377.75,0.897607694837225,1,0,0,0,0
276,perCombination,1,closing,255,3,1737.5,3,21,9979.5,17246.5,354786.833333333,15509,0.849994519346706,1,0,0,0,0
277,perCombination,1,closing,255,4,2606.25,3,21,10835.5,17246.5,355755.5,14640.25,0.802381343856188,1,0,0,0,0
278,perCombination,1,closing,255,5,3475,3,21,11684.8333333333,17246.5,356614.833333333,13771.5,0.754768168365669,1,0,0,0,0
279,perCombination,1,closing,255,6,4343.75,3,21,12463.8333333333,17246.5,357393.833333333,12902.75,0.707154992875151,1,0,0,0,0
280,perCombination,1,closing,255,7,5212.5,3,21,13304,17246.5,358234,12034,0.659541817384632,1,0,0,0,0
281,perCombination,1,closing,255,8,6081.25,3,21,14172,17246.5,359102,11165.25,0.611928641894114,1,0,0,0,0
282,perCombination,1,closing,255,9,6950,3,21,14987,17246.5,359917,10296.5,0.564315466403595,1,0,0,0,0
283,perCombination,1,closing,255,10,7818.75,3,21,15841,17246.5,360771,9427.75,0.516702290913077,1,0,0,0,0
284,perCombination,1,closing,255,11,8687.5,3,21,16582.8333333333,17246.5,361512.833333333,8559,0.469089115422558,1,0,0,0,0
285,perCombination,1,closing,255,12,9556.25,3,21,17030.5,17246.5,361960.5,7690.25,0.42147593993204,1,0,0,0,0
286,perCombination,1,closing,255,13,10425,3,21,17187.1666666667,17246.5,362117.166666667,6821.5,0.373862764441521,1,0,0,0,0
287,perCombination,1,closing,255,14,11293.75,3,21,17246.5,17246.5,362176.5,5952.75,0.326249588951003,1,0,0,0,0
288,perCombination,1,closing,255,15,12162.5,3,21,17246.5,17246.5,362176.5,5084,0.278636413460485,1,0,0,0,0
289,perCombination,1,closing,255,16,13031.25,3,21,17246.5,17246.5,362176.5,4215.25,0.231023237969966,1,0,0,0,0
290,perCombination,1,closing,255,17,13900,3,21,17246.5,17246.5,362176.5,3346.5,0.183410062479448,1,0,0,0,0
291,perCombination,1,closing,255,18,14768.75,3,21,17246.5,17246.5,362176.5,2477.75,0.135796886988929,1,0,0,0,0
292,perCombination,1,closing,255,19,15637.5,3,21,17246.5,17246.5,362176.5,1609,0.0881837114984106,1,0,0,0,0
293,perCombination,1,closing,255,20,16506.25,3,21,17246.5,17246.5,362176.5,740.25,0.0405705360078921,1,0,0,0,0
294,perCombination,1,closing,255,21,17375,3,21,17375,17375,364875,0,0,1,0,0,1,1
316,perCombination,1,opening,-64,1,-194,3,21,-194,-194,-4074,0,0,1,0,-0,1,1
317,perCombination,1,opening,-64,2,666.5,3,21,-145.333333333333,-145.333333333333,-3052,-811.833333333333,0.0444937703240893,1,0,-0,0,0
318,perCombination,1,opening,-64,3,1527,3,21,159,-145.333333333333,-2747.66666666667,-1672.33333333333,0.0916547919178633,1,0,-0,0,0
319,perCombination,1,opening,-64,4,2387.5,3,21,573.666666666667,-145.333333333333,-2333,-2532.83333333333,0.138815813511637,1,0,-0,0,0
320,perCombination,1,opening,-64,5,3248,3,21,862.333333333333,-145.333333333333,-2044.33333333333,-3393.33333333333,0.185976835105411,1,0,-0,0,0
321,perCombination,1,opening,-64,6,4108.5,3,21,1181.33333333333,-145.333333333333,-1581.33333333333,-4253.83333333333,0.233137856699185,1,0,-0,0,0
322,perCombination,1,opening,-64,7,4969,3,21,1791.33333333333,-145.333333333333,-681.333333333333,-5114.33333333333,0.280298878292959,1,0,-0,0,0
323,perCombination,1,opening,-64,8,5829.5,3,21,2404.66666666667,-145.333333333333,224.999999999999,-5974.83333333333,0.327459899886733,1,0,-0,0,0
324,perCombination,1,opening,-64,9,6690,3,21,3248.33333333333,-145.333333333333,1357.33333333333,-6835.33333333333,0.374620921480507,1,0,-0,0,0
325,perCombination,1,opening,-64,10,7550.5,3,21,4116.33333333333,-145.333333333333,2702.66666666667,-7695.83333333333,0.421781943074281,1,0,-0,0,0
326,perCombination,1,opening,-64,11,8411,3,21,5005.66666666667,-145.333333333333,4520.00000000001,-8556.33333333333,0.468942964668055,1,0,-0,0,0
327,perCombination,1,opening,-64,12,9271.5,3,21,5896.33333333333,-145.333333333333,6347,-9416.83333333333,0.516103986261829,1,0,-0,0,0
328,perCombination,1,opening,-64,13,10132,3,21,6806.66666666667,-145.333333333333,8469.99999999999,-10277.3333333333,0.563265007855603,1,0,-0,0,0
329,perCombination,1,opening,-64,14,10992.5,3,21,7702.66666666667,-145.333333333333,10898.6666666667,-11137.8333333333,0.610426029449377,1,0,-0,0,0
330,perCombination,1,opening,-64,15,11853,3,21,8583,-145.333333333333,13651,-11998.3333333333,0.657587051043151,1,0,-0,0,0
331,perCombination,1,opening,-64,16,12713.5,3,21,9481.33333333333,-145.333333333333,16531,-12858.8333333333,0.704748072636925,1,0,-0,0,0
332,perCombination,1,opening,-64,17,13574,3,21,10392,-145.333333333333,19643,-13719.3333333333,0.751909094230699,1,0,-0,0,0
333,perCombination,1,opening,-64,18,14434.5,3,21,11635,-145.333333333333,24796,-14579.8333333333,0.799070115824473,1,0,-0,0,0
334,perCombination,1,opening,-64,19,15295,3,21,11635,-145.333333333333,24796,-15440.3333333333,0.846231137418247,1,0,-0,0,0
335,perCombination,1,opening,-64,20,16155.5,3,21,11635,-145.333333333333,24796,-16300.8333333333,0.893392159012021,1,0,-0,0,0
336,perCombination,1,opening,-64,21,17016,3,21,11635,-145.333333333333,24796,-17161.3333333333,0.940553180605795,1,0,-0,0,0
358,perCombination,1,opening,-96,1,-368,3,21,-368,-368,-7728,0,0,1,0,-0,1,1
359,perCombination,1,opening,-96,2,502.7,3,21,-320,-320,-6720,-822.7,0.0450893346486901,1,0,-0,0,0
360,perCombination,1,opening,-96,3,1373.4,3,21,-320,-320,-6720,-1693.4,0.0928093828784391,1,0,-0,0,0
361,perCombination,1,opening,-96,4,2244.1,3,21,-320,-320,-6720,-2564.1,0.140529431108188,1,0,-0,0,0
362,perCombination,1,opening,-96,5,3114.8,3,21,-320,-320,-6720,-3434.8,0.188249479337937,1,0,-0,0,0
363,perCombination,1,opening,-96,6,3985.5,3,21,-320,-320,-6720,-4305.5,0.235969527567686,1,0,-0,0,0
364,perCombination,1,opening,-96,7,4856.2,3,21,-194.5,-320,-6594.5,-5176.2,0.283689575797435,1,0,-0,0,0
365,perCombination,1,opening,-96,8,5726.9,3,21,181.25,-320,-6218.75,-6046.9,0.331409624027184,1,0,-0,0,0
366,perCombination,1,opening,-96,9,6597.6,3,21,897,-320,-5503,-6917.6,0.379129672256933,1,0,-0,0,0
367,perCombination,1,opening,-96,10,7468.3,3,21,1776.5,-320,-4623.5,-7788.3,0.426849720486682,1,0,-0,0,0
368,perCombination,1,opening,-96,11,8339,3,21,2615.75,-320,-3784.25,-8659,0.474569768716431,1,0,-0,0,0
369,perCombination,1,opening,-96,12,9209.7,3,21,3610,-320,-2790,-9529.7,0.52228981694618,1,0,-0,0,0
370,perCombination,1,opening,-96,13,10080.4,3,21,4522.5,-320,-1826.25,-10400.4,0.570009865175929,1,0,-0,0,0
371,perCombination,1,opening,-96,14,10951.1,3,21,5434.5,-320,-618.5,-11271.1,0.617729913405678,1,0,-0,0,0
372,perCombination,1,opening,-96,15,11821.8,3,21,6383.25,-320,1007.5,-12141.8,0.665449961635427,1,0,-0,0,0
373,perCombination,1,opening,-96,16,12692.5,3,21,7327,-320,2903.75,-13012.5,0.713170009865176,1,0,-0,0,0
374,perCombination,1,opening,-96,17,13563.2,3,21,8328,-320,4863.75,-13883.2,0.760890058094925,1,0,-0,0,0
375,perCombination,1,opening,-96,18,14433.9,3,21,9161,-320,6651.25,-14753.9,0.808610106324674,1,0,-0,0,0
376,perCombination,1,opening,-96,19,15304.6,3,21,10064,-320,8557.75,-15624.6,0.856330154554423,1,0,-0,0,0
377,perCombination,1,opening,-96,20,16175.3,3,21,11035.25,-320,10917.75,-16495.3,0.904050202784172,1,0,-0,0,0
378,perCombination,1,opening,-96,21,17046,3,21,11921,-320,13492,-17366,0.951770251013921,1,0,-0,0,0
400,perCombination,1,opening,-128,1,-557,3,21,-557,-557,-11697,0,0,1,0,-0,1,1
401,perCombination,1,opening,-128,2,329.45,3,21,-493,-493,-10353,-822.45,0.0450756330154554,1,0,-0,0,0
402,perCombination,1,opening,-128,3,1215.9,3,21,-493,-493,-10353,-1708.9,0.0936588841389894,1,0,-0,0,0
403,perCombination,1,opening,-128,4,2102.35,3,21,-493,-493,-10353,-2595.35,0.142242135262523,1,0,-0,0,0
404,perCombination,1,opening,-128,5,2988.8,3,21,-493,-493,-10353,-3481.8,0.190825386386057,1,0,-0,0,0
405,perCombination,1,opening,-128,6,3875.25,3,21,-493,-493,-10353,-4368.25,0.239408637509591,1,0,-0,0,0
406,perCombination,1,opening,-128,7,4761.7,3,21,-479.166666666667,-493,-10339.1666666667,-5254.7,0.287991888633125,1,0,-0,0,0
407,perCombination,1,opening,-128,8,5648.15,3,21,-350.333333333333,-493,-10210.3333333333,-6141.15,0.336575139756659,1,0,-0,0,0
408,perCombination,1,opening,-128,9,6534.6,3,21,-52.3333333333333,-493,-9912.33333333333,-7027.6,0.385158390880193,1,0,-0,0,0
409,perCombination,1,opening,-128,10,7421.05,3,21,487.166666666667,-493,-9372.83333333333,-7914.05,0.433741642003727,1,0,-0,0,0
410,perCombination,1,opening,-128,11,8307.5,3,21,1355.33333333333,-493,-8504.66666666667,-8800.5,0.482324893127261,1,0,-0,0,0
411,perCombination,1,opening,-128,12,9193.95,3,21,2238.5,-493,-7621.5,-9686.95,0.530908144250795,1,0,-0,0,0
412,perCombination,1,opening,-128,13,10080.4,3,21,3219.33333333333,-493,-6640.66666666667,-10573.4,0.579491395374329,1,0,-0,0,0
413,perCombination,1,opening,-128,14,10966.85,3,21,4147.83333333333,-493,-5712.16666666667,-11459.85,0.628074646497863,1,0,-0,0,0
414,perCombination,1,opening,-128,15,11853.3,3,21,5073,-493,-4743,-12346.3,0.676657897621396,1,0,-0,0,0
415,perCombination,1,opening,-128,16,12739.75,3,21,6044.83333333333,-493,-3550.66666666667,-13232.75,0.72524114874493,1,0,-0,0,0
416,perCombination,1,opening,-128,17,13626.2,3,21,6963.5,-493,-2230.83333333333,-14119.2,0.773824399868464,1,0,-0,0,0
417,perCombination,1,opening,-128,18,14512.65,3,21,7926.83333333333,-493,-470.166666666668,-15005.65,0.822407650991998,1,0,-0,0,0
418,perCombination,1,opening,-128,19,15399.1,3,21,8869.83333333333,-493,1447,-15892.1,0.870990902115532,1,0,-0,0,0
419,perCombination,1,opening,-128,20,16285.55,3,21,9797.33333333333,-493,3355.83333333333,-16778.55,0.919574153239066,1,0,-0,0,0
420,perCombination,1,opening,-128,21,17172,3,21,11086,-493,6013.16666666667,-17665,0.9681574043626,1,0,-0,0,0
442,perCombination,1,opening,-160,1,-688,3,21,-688,-688,-14448,0,0,1,0,-0,1,1
443,perCombination,1,opening,-160,2,206.4,3,21,-595.8,-595.8,-12511.8,-802.2,0.0439658007234462,1,0,-0,0,0
444,perCombination,1,opening,-160,3,1100.8,3,21,-595.8,-595.8,-12511.8,-1696.6,0.092984763783843,1,0,-0,0,0
445,perCombination,1,opening,-160,4,1995.2,3,21,-595.8,-595.8,-12511.8,-2591,0.14200372684424,1,0,-0,0,0
446,perCombination,1,opening,-160,5,2889.6,3,21,-595.8,-595.8,-12511.8,-3485.4,0.191022689904637,1,0,-0,0,0
447,perCombination,1,opening,-160,6,3784,3,21,-595.8,-595.8,-12511.8,-4379.8,0.240041652965033,1,0,-0,0,0
448,perCombination,1,opening,-160,7,4678.4,3,21,-595.8,-595.8,-12511.8,-5274.2,0.28906061602543,1,0,-0,0,0
449,perCombination,1,opening,-160,8,5572.8,3,21,-561.2,-595.8,-12477.2,-6168.6,0.338079579085827,1,0,-0,0,0
450,perCombination,1,opening,-160,9,6467.2,3,21,-412.8,-595.8,-12328.8,-7063,0.387098542146224,1,0,-0,0,0
451,perCombination,1,opening,-160,10,7361.6,3,21,-126.4,-595.8,-12042.4,-7957.4,0.436117505206621,1,0,-0,0,0
452,perCombination,1,opening,-160,11,8256,3,21,557.4,-595.8,-11358.6,-8851.8,0.485136468267017,1,0,-0,0,0
453,perCombination,1,opening,-160,12,9150.4,3,21,1432.2,-595.8,-10483.8,-9746.2,0.534155431327414,1,0,-0,0,0
454,perCombination,1,opening,-160,13,10044.8,3,21,2379.2,-595.8,-9536.8,-10640.6,0.583174394387811,1,0,-0,0,0
455,perCombination,1,opening,-160,14,10939.2,3,21,3349.2,-595.8,-8566.8,-11535,0.632193357448208,1,0,-0,0,0
456,perCombination,1,opening,-160,15,11833.6,3,21,4265.2,-595.8,-7650.8,-12429.4,0.681212320508605,1,0,-0,0,0
457,perCombination,1,opening,-160,16,12728,3,21,5233.4,-595.8,-6672.6,-13323.8,0.730231283569001,1,0,-0,0,0
458,perCombination,1,opening,-160,17,13622.4,3,21,6144.2,-595.8,-5649.6,-14218.2,0.779250246629398,1,0,-0,0,0
459,perCombination,1,opening,-160,18,14516.8,3,21,7107,-595.8,-4436.4,-15112.6,0.828269209689795,1,0,-0,0,0
460,perCombination,1,opening,-160,19,15411.2,3,21,8066.2,-595.8,-2840.2,-16007,0.877288172750192,1,0,-0,0,0
461,perCombination,1,opening,-160,20,16305.6,3,21,8999,-595.8,-947.4,-16901.4,0.926307135810589,1,0,-0,0,0
462,perCombination,1,opening,-160,21,17200,3,21,10269.8,-595.8,1566.2,-17795.8,0.975326098870985,1,0,-0,0,0
484,perCombination,1,opening,-192,1,-707,3,21,-707,-707,-14847,0,0,1,0,-0,1,1
485,perCombination,1,opening,-192,2,192.75,3,21,-659.25,-659.25,-13844.25,-852,0.0466951660637948,1,0,-0,0,0
486,perCombination,1,opening,-192,3,1092.5,3,21,-659.25,-659.25,-13844.25,-1751.75,0.0960073440754138,1,0,-0,0,0
487,perCombination,1,opening,-192,4,1992.25,3,21,-659.25,-659.25,-13844.25,-2651.5,0.145319522087033,1,0,-0,0,0
488,perCombination,1,opening,-192,5,2892,3,21,-659.25,-659.25,-13844.25,-3551.25,0.194631700098652,1,0,-0,0,0
489,perCombination,1,opening,-192,6,3791.75,3,21,-659.25,-659.25,-13844.25,-4451,0.243943878110271,1,0,-0,0,0
490,perCombination,1,opening,-192,7,4691.5,3,21,-659.25,-659.25,-13844.25,-5350.75,0.29325605612189,1,0,-0,0,0
491,perCombination,1,opening,-192,8,5591.25,3,21,-659.25,-659.25,-13844.25,-6250.5,0.342568234133509,1,0,-0,0,0
492,perCombination,1,opening,-192,9,6491,3,21,-659.25,-659.25,-13844.25,-7150.25,0.391880412145128,1,0,-0,0,0
493,perCombination,1,opening,-192,10,7390.75,3,21,-608.5,-659.25,-13793.5,-8050,0.441192590156747,1,0,-0,0,0
494,perCombination,1,opening,-192,11,8290.5,3,21,-142.5,-659.25,-13327.5,-8949.75,0.490504768168366,1,0,-0,0,0
495,perCombination,1,opening,-192,12,9190.25,3,21,685.25,-659.25,-12499.75,-9849.5,0.539816946179985,1,0,-0,0,0
496,perCombination,1,opening,-192,13,10090,3,21,1636.5,-659.25,-11548.5,-10749.25,0.589129124191604,1,0,-0,0,0
497,perCombination,1,opening,-192,14,10989.75,3,21,2574,-659.25,-10611,-11649,0.638441302203223,1,0,-0,0,0
498,perCombination,1,opening,-192,15,11889.5,3,21,3604,-659.25,-9581,-12548.75,0.687753480214842,1,0,-0,0,0
499,perCombination,1,opening,-192,16,12789.25,3,21,4546,-659.25,-8639,-13448.5,0.737065658226461,1,0,-0,0,0
500,perCombination,1,opening,-192,17,13689,3,21,5514.75,-659.25,-7670.25,-14348.25,0.78637783623808,1,0,-0,0,0
501,perCombination,1,opening,-192,18,14588.75,3,21,6526,-659.25,-6659,-15248,0.835690014249699,1,0,-0,0,0
502,perCombination,1,opening,-192,19,15488.5,3,21,7469.75,-659.25,-5638.25,-16147.75,0.885002192261318,1,0,-0,0,0
503,perCombination,1,opening,-192,20,16388.25,3,21,8400.5,-659.25,-4171.25,-17047.5,0.934314370272937,1,0,-0,0,0
504,perCombination,1,opening,-192,21,17288,3,21,9658.75,-659.25,-1646.75,-17947.25,0.983626548284556,1,0,-0,0,0
526,perCombination,1,opening,-224,1,-788,3,21,-788,-788,-16548,0,0,1,0,-0,1,1
527,perCombination,1,opening,-224,2,115.45,3,21,-706.333333333333,-706.333333333333,-14833,-821.783333333333,0.0450390953268296,1,0,-0,0,0
528,perCombination,1,opening,-224,3,1018.9,3,21,-706.333333333333,-706.333333333333,-14833,-1725.23333333333,0.0945540575103219,1,0,-0,0,0
529,perCombination,1,opening,-224,4,1922.35,3,21,-706.333333333333,-706.333333333333,-14833,-2628.68333333333,0.144069019693814,1,0,-0,0,0
530,perCombination,1,opening,-224,5,2825.8,3,21,-706.333333333333,-706.333333333333,-14833,-3532.13333333333,0.193583981877306,1,0,-0,0,0
531,perCombination,1,opening,-224,6,3729.25,3,21,-706.333333333333,-706.333333333333,-14833,-4435.58333333333,0.243098944060799,1,0,-0,0,0
532,perCombination,1,opening,-224,7,4632.7,3,21,-706.333333333333,-706.333333333333,-14833,-5339.03333333333,0.292613906244291,1,0,-0,0,0
533,perCombination,1,opening,-224,8,5536.15,3,21,-706.333333333333,-706.333333333333,-14833,-6242.48333333333,0.342128868427783,1,0,-0,0,0
534,perCombination,1,opening,-224,9,6439.6,3,21,-706.333333333333,-706.333333333333,-14833,-7145.93333333333,0.391643830611276,1,0,-0,0,0
535,perCombination,1,opening,-224,10,7343.05,3,21,-674.833333333333,-706.333333333333,-14801.5,-8049.38333333333,0.441158792794768,1,0,-0,0,0
536,perCombination,1,opening,-224,11,8246.5,3,21,-390.666666666667,-706.333333333333,-14517.3333333333,-8952.83333333333,0.49067375497826,1,0,-0,0,0
537,perCombination,1,opening,-224,12,9149.95,3,21,332.5,-706.333333333333,-13794.1666666667,-9856.28333333333,0.540188717161752,1,0,-0,0,0
538,perCombination,1,opening,-224,13,10053.4,3,21,1255.33333333333,-706.333333333333,-12871.3333333333,-10759.7333333333,0.589703679345245,1,0,-0,0,0
539,perCombination,1,opening,-224,14,10956.85,3,21,2195.33333333333,-706.333333333333,-11931.3333333333,-11663.1833333333,0.639218641528737,1,0,-0,0,0
540,perCombination,1,opening,-224,15,11860.3,3,21,3174.83333333333,-706.333333333333,-10951.8333333333,-12566.6333333333,0.688733603712229,1,0,-0,0,0
541,perCombination,1,opening,-224,16,12763.75,3,21,4103,-706.333333333333,-10023.6666666667,-13470.0833333333,0.738248565895722,1,0,-0,0,0
542,perCombination,1,opening,-224,17,13667.2,3,21,5092,-706.333333333333,-9034.66666666667,-14373.5333333333,0.787763528079214,1,0,-0,0,0
543,perCombination,1,opening,-224,18,14570.65,3,21,6079.5,-706.333333333333,-8047.16666666667,-15276.9833333333,0.837278490262706,1,0,-0,0,0
544,perCombination,1,opening,-224,19,15474.1,3,21,7063,-706.333333333333,-7051.83333333333,-16180.4333333333,0.886793452446198,1,0,-0,0,0
545,perCombination,1,opening,-224,20,16377.55,3,21,8043.16666666667,-706.333333333333,-5861,-17083.8833333333,0.93630841462969,1,0,-0,0,0
546,perCombination,1,opening,-224,21,17281,3,21,9312.66666666667,-706.333333333333,-3595.16666666667,-17987.3333333333,0.985823376813183,1,0,-0,0,0
568,perCombination,1,opening,-255,1,-871,3,21,-871,-871,-18291,0,0,1,0,-0,1,1
569,perCombination,1,opening,-255,2,41.3,3,21,-788.666666666667,-788.666666666667,-16562,-829.966666666667,0.0454875954547115,1,0,-0,0,0
570,perCombination,1,opening,-255,3,953.6,3,21,-788.666666666667,-788.666666666667,-16562,-1742.26666666667,0.0954875954547115,1,0,-0,0,0
571,perCombination,1,opening,-255,4,1865.9,3,21,-788.666666666667,-788.666666666667,-16562,-2654.56666666667,0.145487595454712,1,0,-0,0,0
572,perCombination,1,opening,-255,5,2778.2,3,21,-788.666666666667,-788.666666666667,-16562,-3566.86666666667,0.195487595454712,1,0,-0,0,0
573,perCombination,1,opening,-255,6,3690.5,3,21,-788.666666666667,-788.666666666667,-16562,-4479.16666666667,0.245487595454712,1,0,-0,0,0
574,perCombination,1,opening,-255,7,4602.8,3,21,-788.666666666667,-788.666666666667,-16562,-5391.46666666667,0.295487595454712,1,0,-0,0,0
575,perCombination,1,opening,-255,8,5515.1,3,21,-788.666666666667,-788.666666666667,-16562,-6303.76666666667,0.345487595454712,1,0,-0,0,0
576,perCombination,1,opening,-255,9,6427.4,3,21,-788.666666666667,-788.666666666667,-16562,-7216.06666666667,0.395487595454712,1,0,-0,0,0
577,perCombination,1,opening,-255,10,7339.7,3,21,-787.833333333333,-788.666666666667,-16561.1666666667,-8128.36666666667,0.445487595454712,1,0,-0,0,0
578,perCombination,1,opening,-255,11,8252,3,21,-664.833333333333,-788.666666666667,-16438.1666666667,-9040.66666666667,0.495487595454711,1,0,-0,0,0
579,perCombination,1,opening,-255,12,9164.3,3,21,-74.3333333333333,-788.666666666667,-15847.6666666667,-9952.96666666667,0.545487595454711,1,0,-0,0,0
580,perCombination,1,opening,-255,13,10076.6,3,21,810.166666666667,-788.666666666667,-14963.1666666667,-10865.2666666667,0.595487595454712,1,0,-0,0,0
581,perCombination,1,opening,-255,14,10988.9,3,21,1721.33333333333,-788.666666666667,-14052,-11777.5666666667,0.645487595454711,1,0,-0,0,0
582,perCombination,1,opening,-255,15,11901.2,3,21,2696,-788.666666666667,-13077.3333333333,-12689.8666666667,0.695487595454712,1,0,-0,0,0
583,perCombination,1,opening,-255,16,12813.5,3,21,3671.33333333333,-788.666666666667,-12102,-13602.1666666667,0.745487595454712,1,0,-0,0,0
584,perCombination,1,opening,-255,17,13725.8,3,21,4580.16666666667,-788.666666666667,-11193.1666666667,-14514.4666666667,0.795487595454711,1,0,-0,0,0
585,perCombination,1,opening,-255,18,14638.1,3,21,5551.83333333333,-788.666666666667,-10221.5,-15426.7666666667,0.845487595454712,1,0,-0,0,0
586,perCombination,1,opening,-255,19,15550.4,3,21,6522,-788.666666666667,-9251.33333333333,-16339.0666666667,0.895487595454712,1,0,-0,0,0
587,perCombination,1,opening,-255,20,16462.7,3,21,7503,-788.666666666667,-8263.33333333333,-17251.3666666667,0.945487595454712,1,0,-0,0,0
588,perCombination,1,opening,-255,21,17375,3,21,8714.66666666667,-788.666666666667,-6686.5,-18163.6666666667,0.995487595454712,1,0,-0,0,0
610,perCombination,2,closing,64,1,0,3,21,1414.66666666667,3598,65116.6666666667,3598,0.493011784050425,1,0,0,0,0
611,perCombination,2,closing,64,2,263.25,3,21,1706,3598,65878,3334.75,0.456940257604823,1,0,0,0,0
612,perCombination,2,closing,64,3,526.5,3,21,1875.33333333333,3598,66318,3071.5,0.420868731159222,1,0,0,0,0
613,perCombination,2,closing,64,4,789.75,3,21,2022.66666666667,3598,66640,2808.25,0.38479720471362,1,0,0,0,0
614,perCombination,2,closing,64,5,1053,3,21,2141,3598,66870,2545,0.348725678268019,1,0,0,0,0
615,perCombination,2,closing,64,6,1316.25,3,21,2237.33333333333,3598,67177.6666666667,2281.75,0.312654151822417,1,0,0,0,0
616,perCombination,2,closing,64,7,1579.5,3,21,2312.33333333333,3598,67572.6666666667,2018.5,0.276582625376816,1,0,0,0,0
617,perCombination,2,closing,64,8,1842.75,3,21,2374.33333333333,3598,68001.3333333333,1755.25,0.240511098931214,1,0,0,0,0
618,perCombination,2,closing,64,9,2106,3,21,2420.33333333333,3598,68297,1492,0.204439572485613,1,0,0,0,0
619,perCombination,2,closing,64,10,2369.25,3,21,2446.33333333333,3598,69207.3333333333,1228.75,0.168368046040011,1,0,0,0,0
620,perCombination,2,closing,64,11,2632.5,3,21,2702.33333333333,3598,73189.3333333333,965.5,0.132296519594409,1,0,0,0,0
621,perCombination,2,closing,64,12,2895.75,3,21,3167,3598,74882.6666666667,702.25,0.0962249931488079,1,0,0,0,0
622,perCombination,2,closing,64,13,3159,3,21,3324,3598,75284,439,0.0601534667032064,1,0,0,0,0
623,perCombination,2,closing,64,14,3422.25,3,21,3598,3598,75558,175.75,0.0240819402576048,1,0,0,0,0
624,perCombination,2,closing,64,15,3685.5,3,21,3685.5,3685.5,77395.5,0,0,1,0,0,1,1
625,perCombination,2,closing,64,16,3948.75,3,21,3948.75,3948.75,82923.75,0,0,1,0,0,1,1
626,perCombination,2,closing,64,17,4212,3,21,4212,4212,88452,0,0,1,0,0,1,1
627,perCombination,2,closing,64,18,4475.25,3,21,4475.25,4475.25,93980.25,0,0,1,0,0,1,1
628,perCombination,2,closing,64,19,4738.5,3,21,4738.5,4738.5,99508.5,0,0,1,0,0,1,1
629,perCombination,2,closing,64,20,5001.75,3,21,5001.75,5001.75,105036.75,0,0,1,0,0,1,1
630,perCombination,2,closing,64,21,5265,3,21,5265,5265,110565,0,0,1,0,0,1,1
652,perCombination,2,closing,96,1,0,3,21,3059.5,5435.75,107782,5435.75,0.744827349958893,1,0,0,0,0
653,perCombination,2,closing,96,2,325.25,3,21,3288.5,5435.75,108256.25,5110.5,0.700260345300082,1,0,0,0,0
654,perCombination,2,closing,96,3,650.5,3,21,3407.25,5435.75,108519.5,4785.25,0.655693340641272,1,0,0,0,0
655,perCombination,2,closing,96,4,975.75,3,21,3516.75,5435.75,108758.75,4460,0.611126335982461,1,0,0,0,0
656,perCombination,2,closing,96,5,1301,3,21,3618.75,5435.75,108967.25,4134.75,0.56655933132365,1,0,0,0,0
657,perCombination,2,closing,96,6,1626.25,3,21,3712.5,5435.75,109141.5,3809.5,0.52199232666484,1,0,0,0,0
658,perCombination,2,closing,96,7,1951.5,3,21,3816.75,5435.75,109339.5,3484.25,0.477425322006029,1,0,0,0,0
659,perCombination,2,closing,96,8,2276.75,3,21,3911.75,5435.75,109525.75,3159,0.432858317347218,1,0,0,0,0
660,perCombination,2,closing,96,9,2602,3,21,4009.75,5435.75,109756,2833.75,0.388291312688408,1,0,0,0,0
661,perCombination,2,closing,96,10,2927.25,3,21,4114.5,5435.75,110059.5,2508.5,0.343724308029597,1,0,0,0,0
662,perCombination,2,closing,96,11,3252.5,3,21,4240.25,5435.75,110366.75,2183.25,0.299157303370786,1,0,0,0,0
663,perCombination,2,closing,96,12,3577.75,3,21,4309.75,5435.75,110755.5,1858,0.254590298711976,1,0,0,0,0
664,perCombination,2,closing,96,13,3903,3,21,4322.25,5435.75,111043.25,1532.75,0.210023294053165,1,0,0,0,0
665,perCombination,2,closing,96,14,4228.25,3,21,4335.25,5435.75,111540.75,1207.5,0.165456289394355,1,0,0,0,0
666,perCombination,2,closing,96,15,4553.5,3,21,4883.5,5435.75,113579.5,882.25,0.120889284735544,1,0,0,0,0
667,perCombination,2,closing,96,16,4878.75,3,21,5416.75,5435.75,114131.75,557,0.0763222800767333,1,0,0,0,0
668,perCombination,2,closing,96,17,5204,3,21,5426.25,5435.75,114141.25,231.75,0.0317552754179227,1,0,0,0,0
669,perCombination,2,closing,96,18,5529.25,3,21,5529.25,5529.25,116114.25,0,0,1,0,0,1,1
670,perCombination,2,closing,96,19,5854.5,3,21,5854.5,5854.5,122944.5,0,0,1,0,0,1,1
671,perCombination,2,closing,96,20,6179.75,3,21,6179.75,6179.75,129774.75,0,0,1,0,0,1,1
672,perCombination,2,closing,96,21,6505,3,21,6505,6505,136605,0,0,1,0,0,1,1
694,perCombination,2,closing,128,1,0,3,21,4300.66666666667,6113.83333333333,126453.166666667,6113.83333333333,0.837740933589111,1,0,0,0,0
695,perCombination,2,closing,128,2,331.9,3,21,4688.83333333333,6113.83333333333,126859.5,5781.93333333333,0.792262720380013,1,0,0,0,0
696,perCombination,2,closing,128,3,663.8,3,21,4906.16666666667,6113.83333333333,127080.666666667,5450.03333333333,0.746784507170914,1,0,0,0,0
697,perCombination,2,closing,128,4,995.7,3,21,5098.33333333333,6113.83333333333,127279.833333333,5118.13333333333,0.701306293961816,1,0,0,0,0
698,perCombination,2,closing,128,5,1327.6,3,21,5287,6113.83333333333,127476.333333333,4786.23333333333,0.655828080752718,1,0,0,0,0
699,perCombination,2,closing,128,6,1659.5,3,21,5488.16666666667,6113.83333333333,127679.333333333,4454.33333333333,0.610349867543619,1,0,0,0,0
700,perCombination,2,closing,128,7,1991.4,3,21,5630,6113.83333333333,127826.833333333,4122.43333333333,0.564871654334521,1,0,0,0,0
701,perCombination,2,closing,128,8,2323.3,3,21,5745,6113.83333333333,127950,3790.53333333333,0.519393441125422,1,0,0,0,0
702,perCombination,2,closing,128,9,2655.2,3,21,5838.83333333333,6113.83333333333,128055,3458.63333333333,0.473915227916324,1,0,0,0,0
703,perCombination,2,closing,128,10,2987.1,3,21,5896.16666666667,6113.83333333333,128122,3126.73333333333,0.428437014707226,1,0,0,0,0
704,perCombination,2,closing,128,11,3319,3,21,5934.5,6113.83333333333,128171.666666667,2794.83333333333,0.382958801498127,1,0,0,0,0
705,perCombination,2,closing,128,12,3650.9,3,21,5967,6113.83333333333,128209.166666667,2462.93333333333,0.337480588289029,1,0,0,0,0
706,perCombination,2,closing,128,13,3982.8,3,21,5999.16666666667,6113.83333333333,128242.166666667,2131.03333333333,0.29200237507993,1,0,0,0,0
707,perCombination,2,closing,128,14,4314.7,3,21,6023,6113.83333333333,128268.333333333,1799.13333333333,0.246524161870832,1,0,0,0,0
708,perCombination,2,closing,128,15,4646.6,3,21,6034.66666666667,6113.83333333333,128284.333333333,1467.23333333333,0.201045948661734,1,0,0,0,0
709,perCombination,2,closing,128,16,4978.5,3,21,6035.16666666667,6113.83333333333,128291.333333333,1135.33333333333,0.155567735452635,1,0,0,0,0
710,perCombination,2,closing,128,17,5310.4,3,21,6037,6113.83333333333,128304.5,803.433333333333,0.110089522243537,1,0,0,0,0
711,perCombination,2,closing,128,18,5642.3,3,21,6043,6113.83333333333,128311.333333333,471.533333333333,0.0646113090344386,1,0,0,0,0
712,perCombination,2,closing,128,19,5974.2,3,21,6082.66666666667,6113.83333333333,128356.166666667,139.633333333333,0.0191330958253403,1,0,0,0,0
713,perCombination,2,closing,128,20,6306.1,3,21,6306.1,6306.1,132428.1,0,0,1,0,0,1,1
714,perCombination,2,closing,128,21,6638,3,21,6638,6638,139398,0,0,1,0,0,1,1
736,perCombination,2,closing,160,1,0,3,21,5226.4,6482.8,134842.6,6482.8,0.888298163880515,1,0,0,0,0
737,perCombination,2,closing,160,2,332.9,3,21,5631,6482.8,135248.6,6149.9,0.842682926829268,1,0,0,0,0
738,perCombination,2,closing,160,3,665.8,3,21,5811.2,6482.8,135429,5817,0.797067689778021,1,0,0,0,0
739,perCombination,2,closing,160,4,998.7,3,21,5928.4,6482.8,135548.6,5484.1,0.751452452726775,1,0,0,0,0
740,perCombination,2,closing,160,5,1331.6,3,21,6045.4,6482.8,135672.6,5151.2,0.705837215675528,1,0,0,0,0
741,perCombination,2,closing,160,6,1664.5,3,21,6118.2,6482.8,135753.6,4818.3,0.660221978624281,1,0,0,0,0
742,perCombination,2,closing,160,7,1997.4,3,21,6183,6482.8,135821.4,4485.4,0.614606741573034,1,0,0,0,0
743,perCombination,2,closing,160,8,2330.3,3,21,6230.4,6482.8,135869,4152.5,0.568991504521787,1,0,0,0,0
744,perCombination,2,closing,160,9,2663.2,3,21,6261.8,6482.8,135901.4,3819.6,0.52337626747054,1,0,0,0,0
745,perCombination,2,closing,160,10,2996.1,3,21,6290.6,6482.8,135934.4,3486.7,0.477761030419293,1,0,0,0,0
746,perCombination,2,closing,160,11,3329,3,21,6320.6,6482.8,135970.4,3153.8,0.432145793368046,1,0,0,0,0
747,perCombination,2,closing,160,12,3661.9,3,21,6347.8,6482.8,136002.6,2820.9,0.386530556316799,1,0,0,0,0
748,perCombination,2,closing,160,13,3994.8,3,21,6374,6482.8,136029.2,2488,0.340915319265552,1,0,0,0,0
749,perCombination,2,closing,160,14,4327.7,3,21,6397,6482.8,136052.8,2155.1,0.295300082214305,1,0,0,0,0
750,perCombination,2,closing,160,15,4660.6,3,21,6416.8,6482.8,136072.8,1822.2,0.249684845163058,1,0,0,0,0
751,perCombination,2,closing,160,16,4993.5,3,21,6435.6,6482.8,136091.4,1489.3,0.204069608111811,1,0,0,0,0
752,perCombination,2,closing,160,17,5326.4,3,21,6444,6482.8,136100,1156.4,0.158454371060565,1,0,0,0,0
753,perCombination,2,closing,160,18,5659.3,3,21,6444.4,6482.8,136100.4,823.5,0.112839134009318,1,0,0,0,0
754,perCombination,2,closing,160,19,5992.2,3,21,6450.8,6482.8,136106.8,490.6,0.0672238969580708,1,0,0,0,0
755,perCombination,2,closing,160,20,6325.1,3,21,6477.6,6482.8,136133.6,157.7,0.0216086599068238,1,0,0,0,0
756,perCombination,2,closing,160,21,6658,3,21,6658,6658,139818,0,0,1,0,0,1,1
778,perCombination,2,closing,192,1,0,3,21,5618.66666666667,6521,136038.666666667,6521,0.893532474650589,1,0,0,0,0
779,perCombination,2,closing,192,2,326.25,3,21,5967.66666666667,6521,136387.666666667,6194.75,0.84882844614963,1,0,0,0,0
780,perCombination,2,closing,192,3,652.5,3,21,6138.66666666667,6521,136558.666666667,5868.5,0.804124417648671,1,0,0,0,0
781,perCombination,2,closing,192,4,978.75,3,21,6295,6521,136715,5542.25,0.759420389147712,1,0,0,0,0
782,perCombination,2,closing,192,5,1305,3,21,6440.33333333333,6521,136860.333333333,5216,0.714716360646752,1,0,0,0,0
783,perCombination,2,closing,192,6,1631.25,3,21,6521,6521,136941,4889.75,0.670012332145793,1,0,0,0,0
784,perCombination,2,closing,192,7,1957.5,3,21,6521,6521,136941,4563.5,0.625308303644834,1,0,0,0,0
785,perCombination,2,closing,192,8,2283.75,3,21,6521,6521,136941,4237.25,0.580604275143875,1,0,0,0,0
786,perCombination,2,closing,192,9,2610,3,21,6521,6521,136941,3911,0.535900246642916,1,0,0,0,0
787,perCombination,2,closing,192,10,2936.25,3,21,6521,6521,136941,3584.75,0.491196218141957,1,0,0,0,0
788,perCombination,2,closing,192,11,3262.5,3,21,6521,6521,136941,3258.5,0.446492189640998,1,0,0,0,0
789,perCombination,2,closing,192,12,3588.75,3,21,6521,6521,136941,2932.25,0.401788161140038,1,0,0,0,0
790,perCombination,2,closing,192,13,3915,3,21,6521,6521,136941,2606,0.357084132639079,1,0,0,0,0
791,perCombination,2,closing,192,14,4241.25,3,21,6521,6521,136941,2279.75,0.31238010413812,1,0,0,0,0
792,perCombination,2,closing,192,15,4567.5,3,21,6521,6521,136941,1953.5,0.267676075637161,1,0,0,0,0
793,perCombination,2,closing,192,16,4893.75,3,21,6521,6521,136941,1627.25,0.222972047136202,1,0,0,0,0
794,perCombination,2,closing,192,17,5220,3,21,6521,6521,136941,1301,0.178268018635243,1,0,0,0,0
795,perCombination,2,closing,192,18,5546.25,3,21,6521,6521,136941,974.75,0.133563990134283,1,0,0,0,0
796,perCombination,2,closing,192,19,5872.5,3,21,6521,6521,136941,648.5,0.0888599616333242,1,0,0,0,0
797,perCombination,2,closing,192,20,6198.75,3,21,6521,6521,136941,322.25,0.044155933132365,1,0,0,0,0
798,perCombination,2,closing,192,21,6525,3,21,6525,6525,137025,0,0,1,0,0,1,1
820,perCombination,2,closing,224,1,0,3,21,6126.5,6596.83333333333,138063.166666667,6596.83333333333,0.903923449346853,1,0,0,0,0
821,perCombination,2,closing,224,2,337,3,21,6420.16666666667,6596.83333333333,138356.833333333,6259.83333333333,0.857746414542797,1,0,0,0,0
822,perCombination,2,closing,224,3,674,3,21,6509.16666666667,6596.83333333333,138445.833333333,5922.83333333333,0.811569379738741,1,0,0,0,0
823,perCombination,2,closing,224,4,1011,3,21,6583.5,6596.83333333333,138520.166666667,5585.83333333333,0.765392344934685,1,0,0,0,0
824,perCombination,2,closing,224,5,1348,3,21,6596.83333333333,6596.83333333333,138533.5,5248.83333333333,0.719215310130629,1,0,0,0,0
825,perCombination,2,closing,224,6,1685,3,21,6596.83333333333,6596.83333333333,138533.5,4911.83333333333,0.673038275326573,1,0,0,0,0
826,perCombination,2,closing,224,7,2022,3,21,6596.83333333333,6596.83333333333,138533.5,4574.83333333333,0.626861240522518,1,0,0,0,0
827,perCombination,2,closing,224,8,2359,3,21,6596.83333333333,6596.83333333333,138533.5,4237.83333333333,0.580684205718462,1,0,0,0,0
828,perCombination,2,closing,224,9,2696,3,21,6596.83333333333,6596.83333333333,138533.5,3900.83333333333,0.534507170914406,1,0,0,0,0
829,perCombination,2,closing,224,10,3033,3,21,6596.83333333333,6596.83333333333,138533.5,3563.83333333333,0.48833013611035,1,0,0,0,0
830,perCombination,2,closing,224,11,3370,3,21,6596.83333333333,6596.83333333333,138533.5,3226.83333333333,0.442153101306294,1,0,0,0,0
831,perCombination,2,closing,224,12,3707,3,21,6596.83333333333,6596.83333333333,138533.5,2889.83333333333,0.395976066502238,1,0,0,0,0
832,perCombination,2,closing,224,13,4044,3,21,6596.83333333333,6596.83333333333,138533.5,2552.83333333333,0.349799031698182,1,0,0,0,0
833,perCombination,2,closing,224,14,4381,3,21,6596.83333333333,6596.83333333333,138533.5,2215.83333333333,0.303621996894126,1,0,0,0,0
834,perCombination,2,closing,224,15,4718,3,21,6596.83333333333,6596.83333333333,138533.5,1878.83333333333,0.25744496209007,1,0,0,0,0
835,perCombination,2,closing,224,16,5055,3,21,6596.83333333333,6596.83333333333,138533.5,1541.83333333333,0.211267927286014,1,0,0,0,0
836,perCombination,2,closing,224,17,5392,3,21,6596.83333333333,6596.83333333333,138533.5,1204.83333333333,0.165090892481958,1,0,0,0,0
837,perCombination,2,closing,224,18,5729,3,21,6596.83333333333,6596.83333333333,138533.5,867.833333333333,0.118913857677903,1,0,0,0,0
838,perCombination,2,closing,224,19,6066,3,21,6596.83333333333,6596.83333333333,138533.5,530.833333333333,0.0727368228738467,1,0,0,0,0
839,perCombination,2,closing,224,20,6403,3,21,6596.83333333333,6596.83333333333,138533.5,193.833333333333,0.0265597880697908,1,0,0,0,0
840,perCombination,2,closing,224,21,6740,3,21,6740,6740,141540,0,0,1,0,0,1,1
862,perCombination,2,closing,255,1,0,3,21,6538,6665.16666666667,139841.333333333,6665.16666666667,0.913286745227003,1,0,0,0,0
863,perCombination,2,closing,255,2,341.05,3,21,6649.83333333333,6665.16666666667,139953.166666667,6324.11666666667,0.866554763862245,1,0,0,0,0
864,perCombination,2,closing,255,3,682.1,3,21,6665.16666666667,6665.16666666667,139968.5,5983.06666666667,0.819822782497488,1,0,0,0,0
865,perCombination,2,closing,255,4,1023.15,3,21,6665.16666666667,6665.16666666667,139968.5,5642.01666666667,0.773090801132731,1,0,0,0,0
866,perCombination,2,closing,255,5,1364.2,3,21,6665.16666666667,6665.16666666667,139968.5,5300.96666666667,0.726358819767973,1,0,0,0,0
867,perCombination,2,closing,255,6,1705.25,3,21,6665.16666666667,6665.16666666667,139968.5,4959.91666666667,0.679626838403216,1,0,0,0,0
868,perCombination,2,closing,255,7,2046.3,3,21,6665.16666666667,6665.16666666667,139968.5,4618.86666666667,0.632894857038458,1,0,0,0,0
869,perCombination,2,closing,255,8,2387.35,3,21,6665.16666666667,6665.16666666667,139968.5,4277.81666666667,0.586162875673701,1,0,0,0,0
870,perCombination,2,closing,255,9,2728.4,3,21,6665.16666666667,6665.16666666667,139968.5,3936.76666666667,0.539430894308943,1,0,0,0,0
871,perCombination,2,closing,255,10,3069.45,3,21,6665.16666666667,6665.16666666667,139968.5,3595.71666666667,0.492698912944186,1,0,0,0,0
872,perCombination,2,closing,255,11,3410.5,3,21,6665.16666666667,6665.16666666667,139968.5,3254.66666666667,0.445966931579428,1,0,0,0,0
873,perCombination,2,closing,255,12,3751.55,3,21,6665.16666666667,6665.16666666667,139968.5,2913.61666666667,0.399234950214671,1,0,0,0,0
874,perCombination,2,closing,255,13,4092.6,3,21,6665.16666666667,6665.16666666667,139968.5,2572.56666666667,0.352502968849913,1,0,0,0,0
875,perCombination,2,closing,255,14,4433.65,3,21,6665.16666666667,6665.16666666667,139968.5,2231.51666666667,0.305770987485156,1,0,0,0,0
876,perCombination,2,closing,255,15,4774.7,3,21,6665.16666666667,6665.16666666667,139968.5,1890.46666666667,0.259039006120398,1,0,0,0,0
877,perCombination,2,closing,255,16,5115.75,3,21,6665.16666666667,6665.16666666667,139968.5,1549.41666666667,0.212307024755641,1,0,0,0,0
878,perCombination,2,closing,255,17,5456.8,3,21,6665.16666666667,6665.16666666667,139968.5,1208.36666666667,0.165575043390883,1,0,0,0,0
879,perCombination,2,closing,255,18,5797.85,3,21,6665.16666666667,6665.16666666667,139968.5,867.316666666667,0.118843062026126,1,0,0,0,0
880,perCombination,2,closing,255,19,6138.9,3,21,6665.16666666667,6665.16666666667,139968.5,526.266666666667,0.0721110806613685,1,0,0,0,0
881,perCombination,2,closing,255,20,6479.95,3,21,6665.16666666667,6665.16666666667,139968.5,185.216666666667,0.025379099296611,1,0,0,0,0
882,perCombination,2,closing,255,21,6821,3,21,6821,6821,143241,0,0,1,0,0,1,1
904,perCombination,2,opening,-64,1,-24,3,21,-24,-24,-504,0,0,1,0,-0,1,1
905,perCombination,2,opening,-64,2,254.7,3,21,-15,-15,-315,-269.7,0.0369553302274596,1,0,-0,0,0
906,perCombination,2,opening,-64,3,533.4,3,21,102.666666666667,-15,-197.333333333333,-548.4,0.075143875034256,1,0,-0,0,0
907,perCombination,2,opening,-64,4,812.1,3,21,197,-15,-103,-827.1,0.113332419841052,1,0,-0,0,0
908,perCombination,2,opening,-64,5,1090.8,3,21,303.666666666667,-15,4.66666666666669,-1105.8,0.151520964647849,1,0,-0,0,0
909,perCombination,2,opening,-64,6,1369.5,3,21,452.333333333333,-15,245.666666666667,-1384.5,0.189709509454645,1,0,-0,0,0
910,perCombination,2,opening,-64,7,1648.2,3,21,755.666666666667,-15,648.666666666667,-1663.2,0.227898054261441,1,0,-0,0,0
911,perCombination,2,opening,-64,8,1926.9,3,21,1041.66666666667,-15,1043,-1941.9,0.266086599068238,1,0,-0,0,0
912,perCombination,2,opening,-64,9,2205.6,3,21,1304.33333333333,-15,1483.66666666667,-2220.6,0.304275143875034,1,0,-0,0,0
913,perCombination,2,opening,-64,10,2484.3,3,21,1487,-15,1921.33333333333,-2499.3,0.342463688681831,1,0,-0,0,0
914,perCombination,2,opening,-64,11,2763,3,21,1678,-15,2386.33333333333,-2778,0.380652233488627,1,0,-0,0,0
915,perCombination,2,opening,-64,12,3041.7,3,21,1864.33333333333,-15,2836.33333333333,-3056.7,0.418840778295423,1,0,-0,0,0
916,perCombination,2,opening,-64,13,3320.4,3,21,2055.33333333333,-15,3326.66666666667,-3335.4,0.45702932310222,1,0,-0,0,0
917,perCombination,2,opening,-64,14,3599.1,3,21,2300.66666666667,-15,3958.33333333333,-3614.1,0.495217867909016,1,0,-0,0,0
918,perCombination,2,opening,-64,15,3877.8,3,21,2597.33333333333,-15,4729.66666666667,-3892.8,0.533406412715813,1,0,-0,0,0
919,perCombination,2,opening,-64,16,4156.5,3,21,2925,-15,5599.33333333333,-4171.5,0.571594957522609,1,0,-0,0,0
920,perCombination,2,opening,-64,17,4435.2,3,21,2925,-15,5599.33333333333,-4450.2,0.609783502329405,1,0,-0,0,0
921,perCombination,2,opening,-64,18,4713.9,3,21,2925,-15,5599.33333333333,-4728.9,0.647972047136202,1,0,-0,0,0
922,perCombination,2,opening,-64,19,4992.6,3,21,2925,-15,5599.33333333333,-5007.6,0.686160591942998,1,0,-0,0,0
923,perCombination,2,opening,-64,20,5271.3,3,21,2925,-15,5599.33333333333,-5286.3,0.724349136749795,1,0,-0,0,0
924,perCombination,2,opening,-64,21,5550,3,21,2925,-15,5599.33333333333,-5565,0.762537681556591,1,0,-0,0,0
946,perCombination,2,opening,-96,1,-178,3,21,-178,-178,-3738,0,0,1,0,-0,1,1
947,perCombination,2,opening,-96,2,156.15,3,21,-123.5,-123.5,-2593.5,-279.65,0.0383187174568375,1,0,-0,0,0
948,perCombination,2,opening,-96,3,490.3,3,21,-123.5,-123.5,-2593.5,-613.8,0.0841052343107701,1,0,-0,0,0
949,perCombination,2,opening,-96,4,824.45,3,21,-123.5,-123.5,-2593.5,-947.95,0.129891751164703,1,0,-0,0,0
950,perCombination,2,opening,-96,5,1158.6,3,21,-123.5,-123.5,-2593.5,-1282.1,0.175678268018635,1,0,-0,0,0
951,perCombination,2,opening,-96,6,1492.75,3,21,-123.5,-123.5,-2593.5,-1616.25,0.221464784872568,1,0,-0,0,0
952,perCombination,2,opening,-96,7,1826.9,3,21,-123.5,-123.5,-2593.5,-1950.4,0.2672513017265,1,0,-0,0,0
953,perCombination,2,opening,-96,8,2161.05,3,21,-123.5,-123.5,-2593.5,-2284.55,0.313037818580433,1,0,-0,0,0
954,perCombination,2,opening,-96,9,2495.2,3,21,-123.5,-123.5,-2593.5,-2618.7,0.358824335434366,1,0,-0,0,0
955,perCombination,2,opening,-96,10,2829.35,3,21,-123.5,-123.5,-2593.5,-2952.85,0.404610852288298,1,0,-0,0,0
956,perCombination,2,opening,-96,11,3163.5,3,21,-82.25,-123.5,-2552.25,-3287,0.450397369142231,1,0,-0,0,0
957,perCombination,2,opening,-96,12,3497.65,3,21,101.5,-123.5,-2368.5,-3621.15,0.496183885996163,1,0,-0,0,0
958,perCombination,2,opening,-96,13,3831.8,3,21,279.5,-123.5,-2190.5,-3955.3,0.541970402850096,1,0,-0,0,0
959,perCombination,2,opening,-96,14,4165.95,3,21,459.5,-123.5,-2010.5,-4289.45,0.587756919704028,1,0,-0,0,0
960,perCombination,2,opening,-96,15,4500.1,3,21,650.5,-123.5,-1819.5,-4623.6,0.633543436557961,1,0,-0,0,0
961,perCombination,2,opening,-96,16,4834.25,3,21,907.25,-123.5,-1562.75,-4957.75,0.679329953411894,1,0,-0,0,0
962,perCombination,2,opening,-96,17,5168.4,3,21,1222.25,-123.5,-1247.75,-5291.9,0.725116470265826,1,0,-0,0,0
963,perCombination,2,opening,-96,18,5502.55,3,21,1712.25,-123.5,-757.75,-5626.05,0.770902987119759,1,0,-0,0,0
964,perCombination,2,opening,-96,19,5836.7,3,21,1712.25,-123.5,-757.75,-5960.2,0.816689503973691,1,0,-0,0,0
965,perCombination,2,opening,-96,20,6170.85,3,21,1712.25,-123.5,-757.75,-6294.35,0.862476020827624,1,0,-0,0,0
966,perCombination,2,opening,-96,21,6505,3,21,1712.25,-123.5,-757.75,-6628.5,0.908262537681557,1,0,-0,0,0
988,perCombination,2,opening,-128,1,-278,3,21,-278,-278,-5838,0,0,1,0,-0,1,1
989,perCombination,2,opening,-128,2,67.8,3,21,-223.5,-223.5,-4693.5,-291.3,0.0399150452178679,1,0,-0,0,0
990,perCombination,2,opening,-128,3,413.6,3,21,-223.5,-223.5,-4693.5,-637.1,0.0872978898328309,1,0,-0,0,0
991,perCombination,2,opening,-128,4,759.4,3,21,-223.5,-223.5,-4693.5,-982.9,0.134680734447794,1,0,-0,0,0
992,perCombination,2,opening,-128,5,1105.2,3,21,-223.5,-223.5,-4693.5,-1328.7,0.182063579062757,1,0,-0,0,0
993,perCombination,2,opening,-128,6,1451,3,21,-223.5,-223.5,-4693.5,-1674.5,0.22944642367772,1,0,-0,0,0
994,perCombination,2,opening,-128,7,1796.8,3,21,-223.5,-223.5,-4693.5,-2020.3,0.276829268292683,1,0,-0,0,0
995,perCombination,2,opening,-128,8,2142.6,3,21,-223.5,-223.5,-4693.5,-2366.1,0.324212112907646,1,0,-0,0,0
996,perCombination,2,opening,-128,9,2488.4,3,21,-223.5,-223.5,-4693.5,-2711.9,0.371594957522609,1,0,-0,0,0
997,perCombination,2,opening,-128,10,2834.2,3,21,-223.5,-223.5,-4693.5,-3057.7,0.418977802137572,1,0,-0,0,0
998,perCombination,2,opening,-128,11,3180,3,21,-223.5,-223.5,-4693.5,-3403.5,0.466360646752535,1,0,-0,0,0
999,perCombination,2,opening,-128,12,3525.8,3,21,-223.5,-223.5,-4693.5,-3749.3,0.513743491367498,1,0,-0,0,0
1000,perCombination,2,opening,-128,13,3871.6,3,21,-216.166666666667,-223.5,-4686.16666666667,-4095.1,0.561126335982461,1,0,-0,0,0
1001,perCombination,2,opening,-128,14,4217.4,3,21,-168.833333333333,-223.5,-4638.83333333333,-4440.9,0.608509180597424,1,0,-0,0,0
1002,perCombination,2,opening,-128,15,4563.2,3,21,-75.1666666666667,-223.5,-4545.16666666667,-4786.7,0.655892025212387,1,0,-0,0,0
1003,perCombination,2,opening,-128,16,4909,3,21,145.666666666667,-223.5,-4324.33333333333,-5132.5,0.70327486982735,1,0,-0,0,0
1004,perCombination,2,opening,-128,17,5254.8,3,21,388,-223.5,-4082,-5478.3,0.750657714442313,1,0,-0,0,0
1005,perCombination,2,opening,-128,18,5600.6,3,21,629,-223.5,-3841,-5824.1,0.798040559057276,1,0,-0,0,0
1006,perCombination,2,opening,-128,19,5946.4,3,21,944.833333333333,-223.5,-3525.16666666667,-6169.9,0.845423403672239,1,0,-0,0,0
1007,perCombination,2,opening,-128,20,6292.2,3,21,1363.16666666667,-223.5,-3106.83333333333,-6515.7,0.892806248287202,1,0,-0,0,0
1008,perCombination,2,opening,-128,21,6638,3,21,1363.16666666667,-223.5,-3106.83333333333,-6861.5,0.940189092902165,1,0,-0,0,0
1030,perCombination,2,opening,-160,1,-420,3,21,-420,-420,-8820,0,0,1,0,-0,1,1
1031,perCombination,2,opening,-160,2,-66.1,3,21,-300.4,-300.4,-6308.4,-234.3,0.0321046862154015,1,0,-0,0,0
1032,perCombination,2,opening,-160,3,287.8,3,21,-300.4,-300.4,-6308.4,-588.2,0.0805974239517676,1,0,-0,0,0
1033,perCombination,2,opening,-160,4,641.7,3,21,-300.4,-300.4,-6308.4,-942.1,0.129090161688134,1,0,-0,0,0
1034,perCombination,2,opening,-160,5,995.6,3,21,-300.4,-300.4,-6308.4,-1296,0.1775828994245,1,0,-0,0,0
1035,perCombination,2,opening,-160,6,1349.5,3,21,-300.4,-300.4,-6308.4,-1649.9,0.226075637160866,1,0,-0,0,0
1036,perCombination,2,opening,-160,7,1703.4,3,21,-300.4,-300.4,-6308.4,-2003.8,0.274568374897232,1,0,-0,0,0
1037,perCombination,2,opening,-160,8,2057.3,3,21,-300.4,-300.4,-6308.4,-2357.7,0.323061112633598,1,0,-0,0,0
1038,perCombination,2,opening,-160,9,2411.2,3,21,-300.4,-300.4,-6308.4,-2711.6,0.371553850369964,1,0,-0,0,0
1039,perCombination,2,opening,-160,10,2765.1,3,21,-300.4,-300.4,-6308.4,-3065.5,0.42004658810633,1,0,-0,0,0
1040,perCombination,2,opening,-160,11,3119,3,21,-300.4,-300.4,-6308.4,-3419.4,0.468539325842697,1,0,-0,0,0
1041,perCombination,2,opening,-160,12,3472.9,3,21,-300.4,-300.4,-6308.4,-3773.3,0.517032063579063,1,0,-0,0,0
1042,perCombination,2,opening,-160,13,3826.8,3,21,-300.4,-300.4,-6308.4,-4127.2,0.565524801315429,1,0,-0,0,0
1043,perCombination,2,opening,-160,14,4180.7,3,21,-300.4,-300.4,-6308.4,-4481.1,0.614017539051795,1,0,-0,0,0
1044,perCombination,2,opening,-160,15,4534.6,3,21,-300.4,-300.4,-6308.4,-4835,0.662510276788161,1,0,-0,0,0
1045,perCombination,2,opening,-160,16,4888.5,3,21,-297.6,-300.4,-6305.6,-5188.9,0.711003014524527,1,0,-0,0,0
1046,perCombination,2,opening,-160,17,5242.4,3,21,-263.8,-300.4,-6271.8,-5542.8,0.759495752260893,1,0,-0,0,0
1047,perCombination,2,opening,-160,18,5596.3,3,21,-158.2,-300.4,-6166.2,-5896.7,0.807988489997259,1,0,-0,0,0
1048,perCombination,2,opening,-160,19,5950.2,3,21,19.2,-300.4,-5988.8,-6250.6,0.856481227733626,1,0,-0,0,0
1049,perCombination,2,opening,-160,20,6304.1,3,21,298.2,-300.4,-5709.8,-6604.5,0.904973965469992,1,0,-0,0,0
1050,perCombination,2,opening,-160,21,6658,3,21,754.4,-300.4,-5253.6,-6958.4,0.953466703206358,1,0,-0,0,0
1072,perCombination,2,opening,-192,1,-427,3,21,-427,-427,-8967,0,0,1,0,-0,1,1
1073,perCombination,2,opening,-192,2,-79.45,3,21,-363.75,-363.75,-7638.75,-284.3,0.0389558783228282,1,0,-0,0,0
1074,perCombination,2,opening,-192,3,268.1,3,21,-363.75,-363.75,-7638.75,-631.85,0.0865785146615511,1,0,-0,0,0
1075,perCombination,2,opening,-192,4,615.65,3,21,-363.75,-363.75,-7638.75,-979.4,0.134201151000274,1,0,-0,0,0
1076,perCombination,2,opening,-192,5,963.2,3,21,-363.75,-363.75,-7638.75,-1326.95,0.181823787338997,1,0,-0,0,0
1077,perCombination,2,opening,-192,6,1310.75,3,21,-363.75,-363.75,-7638.75,-1674.5,0.22944642367772,1,0,-0,0,0
1078,perCombination,2,opening,-192,7,1658.3,3,21,-363.75,-363.75,-7638.75,-2022.05,0.277069060016443,1,0,-0,0,0
1079,perCombination,2,opening,-192,8,2005.85,3,21,-363.75,-363.75,-7638.75,-2369.6,0.324691696355166,1,0,-0,0,0
1080,perCombination,2,opening,-192,9,2353.4,3,21,-363.75,-363.75,-7638.75,-2717.15,0.372314332693889,1,0,-0,0,0
1081,perCombination,2,opening,-192,10,2700.95,3,21,-363.75,-363.75,-7638.75,-3064.7,0.419936969032612,1,0,-0,0,0
1082,perCombination,2,opening,-192,11,3048.5,3,21,-363.75,-363.75,-7638.75,-3412.25,0.467559605371335,1,0,-0,0,0
1083,perCombination,2,opening,-192,12,3396.05,3,21,-363.75,-363.75,-7638.75,-3759.8,0.515182241710058,1,0,-0,0,0
1084,perCombination,2,opening,-192,13,3743.6,3,21,-363.75,-363.75,-7638.75,-4107.35,0.562804878048781,1,0,-0,0,0
1085,perCombination,2,opening,-192,14,4091.15,3,21,-363.75,-363.75,-7638.75,-4454.9,0.610427514387503,1,0,-0,0,0
1086,perCombination,2,opening,-192,15,4438.7,3,21,-363.75,-363.75,-7638.75,-4802.45,0.658050150726226,1,0,-0,0,0
1087,perCombination,2,opening,-192,16,4786.25,3,21,-363.75,-363.75,-7638.75,-5150,0.705672787064949,1,0,-0,0,0
1088,perCombination,2,opening,-192,17,5133.8,3,21,-363.75,-363.75,-7638.75,-5497.55,0.753295423403672,1,0,-0,0,0
1089,perCombination,2,opening,-192,18,5481.35,3,21,-363.75,-363.75,-7638.75,-5845.1,0.800918059742395,1,0,-0,0,0
1090,perCombination,2,opening,-192,19,5828.9,3,21,-363.75,-363.75,-7638.75,-6192.65,0.848540696081118,1,0,-0,0,0
1091,perCombination,2,opening,-192,20,6176.45,3,21,-355,-363.75,-7630,-6540.2,0.896163332419841,1,0,-0,0,0
1092,perCombination,2,opening,-192,21,6524,3,21,-85.25,-363.75,-7360.25,-6887.75,0.943785968758564,1,0,-0,0,0
1114,perCombination,2,opening,-224,1,-438,3,21,-438,-438,-9198,0,0,1,0,-0,1,1
1115,perCombination,2,opening,-224,2,-79.1,3,21,-394,-394,-8274,-314.9,0.0431488078925733,1,0,-0,0,0
1116,perCombination,2,opening,-224,3,279.8,3,21,-394,-394,-8274,-673.8,0.0923266648396821,1,0,-0,0,0
1117,perCombination,2,opening,-224,4,638.7,3,21,-394,-394,-8274,-1032.7,0.141504521786791,1,0,-0,0,0
1118,perCombination,2,opening,-224,5,997.6,3,21,-394,-394,-8274,-1391.6,0.1906823787339,1,0,-0,0,0
1119,perCombination,2,opening,-224,6,1356.5,3,21,-394,-394,-8274,-1750.5,0.239860235681009,1,0,-0,0,0
1120,perCombination,2,opening,-224,7,1715.4,3,21,-394,-394,-8274,-2109.4,0.289038092628117,1,0,-0,0,0
1121,perCombination,2,opening,-224,8,2074.3,3,21,-394,-394,-8274,-2468.3,0.338215949575226,1,0,-0,0,0
1122,perCombination,2,opening,-224,9,2433.2,3,21,-394,-394,-8274,-2827.2,0.387393806522335,1,0,-0,0,0
1123,perCombination,2,opening,-224,10,2792.1,3,21,-394,-394,-8274,-3186.1,0.436571663469444,1,0,-0,0,0
1124,perCombination,2,opening,-224,11,3151,3,21,-394,-394,-8274,-3545,0.485749520416553,1,0,-0,0,0
1125,perCombination,2,opening,-224,12,3509.9,3,21,-394,-394,-8274,-3903.9,0.534927377363661,1,0,-0,0,0
1126,perCombination,2,opening,-224,13,3868.8,3,21,-394,-394,-8274,-4262.8,0.58410523431077,1,0,-0,0,0
1127,perCombination,2,opening,-224,14,4227.7,3,21,-394,-394,-8274,-4621.7,0.633283091257879,1,0,-0,0,0
1128,perCombination,2,opening,-224,15,4586.6,3,21,-394,-394,-8274,-4980.6,0.682460948204988,1,0,-0,0,0
1129,perCombination,2,opening,-224,16,4945.5,3,21,-394,-394,-8274,-5339.5,0.731638805152096,1,0,-0,0,0
1130,perCombination,2,opening,-224,17,5304.4,3,21,-394,-394,-8274,-5698.4,0.780816662099205,1,0,-0,0,0
1131,perCombination,2,opening,-224,18,5663.3,3,21,-394,-394,-8274,-6057.3,0.829994519046314,1,0,-0,0,0
1132,perCombination,2,opening,-224,19,6022.2,3,21,-394,-394,-8274,-6416.2,0.879172375993423,1,0,-0,0,0
1133,perCombination,2,opening,-224,20,6381.1,3,21,-391.666666666667,-394,-8271.66666666667,-6775.1,0.928350232940532,1,0,-0,0,0
1134,perCombination,2,opening,-224,21,6740,3,21,-313.333333333333,-394,-8193.33333333333,-7134,0.97752808988764,1,0,-0,0,0
1156,perCombination,2,opening,-255,1,-477,3,21,-477,-477,-10017,0,0,1,0,-0,1,1
1157,perCombination,2,opening,-255,2,-112.1,3,21,-437.333333333333,-437.333333333333,-9184,-325.233333333333,0.0445647209281082,1,0,-0,0,0
1158,perCombination,2,opening,-255,3,252.8,3,21,-437.333333333333,-437.333333333333,-9184,-690.133333333333,0.0945647209281081,1,0,-0,0,0
1159,perCombination,2,opening,-255,4,617.7,3,21,-437.333333333333,-437.333333333333,-9184,-1055.03333333333,0.144564720928108,1,0,-0,0,0
1160,perCombination,2,opening,-255,5,982.6,3,21,-437.333333333333,-437.333333333333,-9184,-1419.93333333333,0.194564720928108,1,0,-0,0,0
1161,perCombination,2,opening,-255,6,1347.5,3,21,-437.333333333333,-437.333333333333,-9184,-1784.83333333333,0.244564720928108,1,0,-0,0,0
1162,perCombination,2,opening,-255,7,1712.4,3,21,-437.333333333333,-437.333333333333,-9184,-2149.73333333333,0.294564720928108,1,0,-0,0,0
1163,perCombination,2,opening,-255,8,2077.3,3,21,-437.333333333333,-437.333333333333,-9184,-2514.63333333333,0.344564720928108,1,0,-0,0,0
1164,perCombination,2,opening,-255,9,2442.2,3,21,-437.333333333333,-437.333333333333,-9184,-2879.53333333333,0.394564720928108,1,0,-0,0,0
1165,perCombination,2,opening,-255,10,2807.1,3,21,-437.333333333333,-437.333333333333,-9184,-3244.43333333333,0.444564720928108,1,0,-0,0,0
1166,perCombination,2,opening,-255,11,3172,3,21,-437.333333333333,-437.333333333333,-9184,-3609.33333333333,0.494564720928108,1,0,-0,0,0
1167,perCombination,2,opening,-255,12,3536.9,3,21,-437.333333333333,-437.333333333333,-9184,-3974.23333333333,0.544564720928108,1,0,-0,0,0
1168,perCombination,2,opening,-255,13,3901.8,3,21,-437.333333333333,-437.333333333333,-9184,-4339.13333333333,0.594564720928108,1,0,-0,0,0
1169,perCombination,2,opening,-255,14,4266.7,3,21,-437.333333333333,-437.333333333333,-9184,-4704.03333333333,0.644564720928108,1,0,-0,0,0
1170,perCombination,2,opening,-255,15,4631.6,3,21,-437.333333333333,-437.333333333333,-9184,-5068.93333333333,0.694564720928108,1,0,-0,0,0
1171,perCombination,2,opening,-255,16,4996.5,3,21,-437.333333333333,-437.333333333333,-9184,-5433.83333333333,0.744564720928108,1,0,-0,0,0
1172,perCombination,2,opening,-255,17,5361.4,3,21,-437.333333333333,-437.333333333333,-9184,-5798.73333333333,0.794564720928108,1,0,-0,0,0
1173,perCombination,2,opening,-255,18,5726.3,3,21,-437.333333333333,-437.333333333333,-9184,-6163.63333333333,0.844564720928108,1,0,-0,0,0
1174,perCombination,2,opening,-255,19,6091.2,3,21,-437.333333333333,-437.333333333333,-9184,-6528.53333333333,0.894564720928108,1,0,-0,0,0
1175,perCombination,2,opening,-255,20,6456.1,3,21,-437.333333333333,-437.333333333333,-9184,-6893.43333333333,0.944564720928108,1,0,-0,0,0
1176,perCombination,2,opening,-255,21,6821,3,21,-433.5,-437.333333333333,-9180.16666666667,-7258.33333333333,0.994564720928108,1,0,-0,0,0
1198,perCombination,3,closing,64,1,0,3,21,2222.33333333333,4524.33333333333,89726,4524.33333333333,0.512846671200786,1,0,0,0,0
1199,perCombination,3,closing,64,2,233.85,3,21,2624.33333333333,4524.33333333333,90275.3333333333,4290.48333333333,0.486339076551047,1,0,0,0,0
1200,perCombination,3,closing,64,3,467.7,3,21,2896,4524.33333333333,90609,4056.63333333333,0.459831481901307,1,0,0,0,0
1201,perCombination,3,closing,64,4,701.55,3,21,3136,4524.33333333333,90914,3822.78333333333,0.433323887251568,1,0,0,0,0
1202,perCombination,3,closing,64,5,935.4,3,21,3339.66666666667,4524.33333333333,91185.3333333333,3588.93333333333,0.406816292601829,1,0,0,0,0
1203,perCombination,3,closing,64,6,1169.25,3,21,3516,4524.33333333333,91412.3333333333,3355.08333333333,0.380308697952089,1,0,0,0,0
1204,perCombination,3,closing,64,7,1403.1,3,21,3659,4524.33333333333,91597.3333333333,3121.23333333333,0.35380110330235,1,0,0,0,0
1205,perCombination,3,closing,64,8,1636.95,3,21,3768.33333333333,4524.33333333333,91744.6666666667,2887.38333333333,0.327293508652611,1,0,0,0,0
1206,perCombination,3,closing,64,9,1870.8,3,21,3849.66666666667,4524.33333333333,91859.3333333333,2653.53333333333,0.300785914002872,1,0,0,0,0
1207,perCombination,3,closing,64,10,2104.65,3,21,3923.33333333333,4524.33333333333,91977.3333333333,2419.68333333333,0.274278319353132,1,0,0,0,0
1208,perCombination,3,closing,64,11,2338.5,3,21,3986,4524.33333333333,92085.3333333333,2185.83333333333,0.247770724703393,1,0,0,0,0
1209,perCombination,3,closing,64,12,2572.35,3,21,4051,4524.33333333333,92165.3333333333,1951.98333333333,0.221263130053654,1,0,0,0,0
1210,perCombination,3,closing,64,13,2806.2,3,21,4098.66666666667,4524.33333333333,92219,1718.13333333333,0.194755535403914,1,0,0,0,0
1211,perCombination,3,closing,64,14,3040.05,3,21,4131.66666666667,4524.33333333333,92275,1484.28333333333,0.168247940754175,1,0,0,0,0
1212,perCombination,3,closing,64,15,3273.9,3,21,4150,4524.33333333333,92350.6666666667,1250.43333333333,0.141740346104436,1,0,0,0,0
1213,perCombination,3,closing,64,16,3507.75,3,21,4156.66666666667,4524.33333333333,92420.6666666667,1016.58333333333,0.115232751454697,1,0,0,0,0
1214,perCombination,3,closing,64,17,3741.6,3,21,4157.66666666667,4524.33333333333,92492.6666666667,782.733333333333,0.0887251568049573,1,0,0,0,0
1215,perCombination,3,closing,64,18,3975.45,3,21,4160.33333333333,4524.33333333333,92620.6666666667,548.883333333333,0.062217562155218,1,0,0,0,0
1216,perCombination,3,closing,64,19,4209.3,3,21,4221.33333333333,4524.33333333333,93328.3333333333,315.033333333333,0.0357099675054787,1,0,0,0,0
1217,perCombination,3,closing,64,20,4443.15,3,21,4524.33333333333,4524.33333333333,95011,81.1833333333334,0.00920237285573945,1,0,0,0,0
1218,perCombination,3,closing,64,21,4677,3,21,4677,4677,98217,0,0,1,0,0,1,1
1240,perCombination,3,closing,96,1,0,3,21,3028,4944.5,96483.5,4944.5,0.560473815461347,1,0,0,0,0
1241,perCombination,3,closing,96,2,303.85,3,21,3236.5,4944.5,97025,4640.65,0.526031512128769,1,0,0,0,0
1242,perCombination,3,closing,96,3,607.7,3,21,3320.5,4944.5,97299.75,4336.8,0.491589208796191,1,0,0,0,0
1243,perCombination,3,closing,96,4,911.55,3,21,3377.5,4944.5,97531.75,4032.95,0.457146905463614,1,0,0,0,0
1244,perCombination,3,closing,96,5,1215.4,3,21,3414.5,4944.5,97650.5,3729.1,0.422704602131036,1,0,0,0,0
1245,perCombination,3,closing,96,6,1519.25,3,21,3448.75,4944.5,97756.25,3425.25,0.388262298798458,1,0,0,0,0
1246,perCombination,3,closing,96,7,1823.1,3,21,3477.25,4944.5,97832.75,3121.4,0.353819995465881,1,0,0,0,0
1247,perCombination,3,closing,96,8,2126.95,3,21,3501,4944.5,97907.5,2817.55,0.319377692133303,1,0,0,0,0
1248,perCombination,3,closing,96,9,2430.8,3,21,3519,4944.5,97978,2513.7,0.284935388800725,1,0,0,0,0
1249,perCombination,3,closing,96,10,2734.65,3,21,3552,4944.5,98105.75,2209.85,0.250493085468148,1,0,0,0,0
1250,perCombination,3,closing,96,11,3038.5,3,21,3615.25,4944.5,98415.75,1906,0.21605078213557,1,0,0,0,0
1251,perCombination,3,closing,96,12,3342.35,3,21,3689.5,4944.5,98991.25,1602.15,0.181608478802993,1,0,0,0,0
1252,perCombination,3,closing,96,13,3646.2,3,21,3728,4944.5,99902.75,1298.3,0.147166175470415,1,0,0,0,0
1253,perCombination,3,closing,96,14,3950.05,3,21,4416.5,4944.5,102980.25,994.45,0.112723872137837,1,0,0,0,0
1254,perCombination,3,closing,96,15,4253.9,3,21,4546,4944.5,103436,690.6,0.0782815688052596,1,0,0,0,0
1255,perCombination,3,closing,96,16,4557.75,3,21,4944.5,4944.5,103834.5,386.75,0.0438392654726819,1,0,0,0,0
1256,perCombination,3,closing,96,17,4861.6,3,21,4944.5,4944.5,103834.5,82.8999999999996,0.00939696214010424,1,0,0,0,0
1257,perCombination,3,closing,96,18,5165.45,3,21,5165.45,5165.45,108474.45,0,0,1,0,0,1,1
1258,perCombination,3,closing,96,19,5469.3,3,21,5469.3,5469.3,114855.3,0,0,1,0,0,1,1
1259,perCombination,3,closing,96,20,5773.15,3,21,5773.15,5773.15,121236.15,0,0,1,0,0,1,1
1260,perCombination,3,closing,96,21,6077,3,21,6077,6077,127617,0,0,1,0,0,1,1
1282,perCombination,3,closing,128,1,0,3,21,4805.16666666667,7347.83333333333,151633.333333333,7347.83333333333,0.83289881357213,1,0,0,0,0
1283,perCombination,3,closing,128,2,391.9,3,21,5353.83333333333,7347.83333333333,152208.833333333,6955.93333333333,0.788475780246354,1,0,0,0,0
1284,perCombination,3,closing,128,3,783.8,3,21,5662.33333333333,7347.83333333333,152532.833333333,6564.03333333333,0.744052746920577,1,0,0,0,0
1285,perCombination,3,closing,128,4,1175.7,3,21,5972,7347.83333333333,152859.333333333,6172.13333333333,0.699629713594801,1,0,0,0,0
1286,perCombination,3,closing,128,5,1567.6,3,21,6251.83333333333,7347.83333333333,153157,5780.23333333333,0.655206680269024,1,0,0,0,0
1287,perCombination,3,closing,128,6,1959.5,3,21,6520.83333333333,7347.83333333333,153436.666666667,5388.33333333333,0.610783646943248,1,0,0,0,0
1288,perCombination,3,closing,128,7,2351.4,3,21,6749.16666666667,7347.83333333333,153669.5,4996.43333333333,0.566360613617471,1,0,0,0,0
1289,perCombination,3,closing,128,8,2743.3,3,21,6900.66666666667,7347.83333333333,153825.833333333,4604.53333333333,0.521937580291695,1,0,0,0,0
1290,perCombination,3,closing,128,9,3135.2,3,21,7007.83333333333,7347.83333333333,153937.166666667,4212.63333333333,0.477514546965918,1,0,0,0,0
1291,perCombination,3,closing,128,10,3527.1,3,21,7082.16666666667,7347.83333333333,154013.166666667,3820.73333333333,0.433091513640142,1,0,0,0,0
1292,perCombination,3,closing,128,11,3919,3,21,7158,7347.83333333333,154093.666666667,3428.83333333333,0.388668480314366,1,0,0,0,0
1293,perCombination,3,closing,128,12,4310.9,3,21,7207.33333333333,7347.83333333333,154148.166666667,3036.93333333333,0.344245446988589,1,0,0,0,0
1294,perCombination,3,closing,128,13,4702.8,3,21,7228.33333333333,7347.83333333333,154171.333333333,2645.03333333333,0.299822413662813,1,0,0,0,0
1295,perCombination,3,closing,128,14,5094.7,3,21,7246.83333333333,7347.83333333333,154190.166666667,2253.13333333333,0.255399380337036,1,0,0,0,0
1296,perCombination,3,closing,128,15,5486.6,3,21,7266,7347.83333333333,154209.833333333,1861.23333333333,0.21097634701126,1,0,0,0,0
1297,perCombination,3,closing,128,16,5878.5,3,21,7286.33333333333,7347.83333333333,154230.333333333,1469.33333333333,0.166553313685483,1,0,0,0,0
1298,perCombination,3,closing,128,17,6270.4,3,21,7311,7347.83333333333,154255,1077.43333333333,0.122130280359707,1,0,0,0,0
1299,perCombination,3,closing,128,18,6662.3,3,21,7320.66666666667,7347.83333333333,154266.666666667,685.533333333333,0.0777072470339303,1,0,0,0,0
1300,perCombination,3,closing,128,19,7054.2,3,21,7322.66666666667,7347.83333333333,154278.166666667,293.633333333333,0.0332842137081538,1,0,0,0,0
1301,perCombination,3,closing,128,20,7446.1,3,21,7446.1,7446.1,156368.1,0,0,1,0,0,1,1
1302,perCombination,3,closing,128,21,7838,3,21,7838,7838,164598,0,0,1,0,0,1,1
1324,perCombination,3,closing,160,1,0,3,21,5759.4,7661.2,158932.2,7661.2,0.868419859442303,1,0,0,0,0
1325,perCombination,3,closing,160,2,395.15,3,21,6445.8,7661.2,159625.8,7266.05,0.823628428927681,1,0,0,0,0
1326,perCombination,3,closing,160,3,790.3,3,21,6782.6,7661.2,159963,6870.9,0.778836998413058,1,0,0,0,0
1327,perCombination,3,closing,160,4,1185.45,3,21,7109,7661.2,160289.8,6475.75,0.734045567898436,1,0,0,0,0
1328,perCombination,3,closing,160,5,1580.6,3,21,7358.4,7661.2,160539.4,6080.6,0.689254137383813,1,0,0,0,0
1329,perCombination,3,closing,160,6,1975.75,3,21,7449.6,7661.2,160632.6,5685.45,0.644462706869191,1,0,0,0,0
1330,perCombination,3,closing,160,7,2370.9,3,21,7478,7661.2,160666.4,5290.3,0.599671276354568,1,0,0,0,0
1331,perCombination,3,closing,160,8,2766.05,3,21,7502.2,7661.2,160698.6,4895.15,0.554879845839946,1,0,0,0,0
1332,perCombination,3,closing,160,9,3161.2,3,21,7524.8,7661.2,160727.6,4500,0.510088415325323,1,0,0,0,0
1333,perCombination,3,closing,160,10,3556.35,3,21,7544.2,7661.2,160749.4,4104.85,0.465296984810701,1,0,0,0,0
1334,perCombination,3,closing,160,11,3951.5,3,21,7563.8,7661.2,160769.4,3709.7,0.420505554296078,1,0,0,0,0
1335,perCombination,3,closing,160,12,4346.65,3,21,7580.4,7661.2,160786,3314.55,0.375714123781455,1,0,0,0,0
1336,perCombination,3,closing,160,13,4741.8,3,21,7596,7661.2,160801.6,2919.4,0.330922693266833,1,0,0,0,0
1337,perCombination,3,closing,160,14,5136.95,3,21,7606.8,7661.2,160814.4,2524.25,0.28613126275221,1,0,0,0,0
1338,perCombination,3,closing,160,15,5532.1,3,21,7614.6,7661.2,160828.2,2129.1,0.241339832237588,1,0,0,0,0
1339,perCombination,3,closing,160,16,5927.25,3,21,7617.8,7661.2,160837.8,1733.95,0.196548401722965,1,0,0,0,0
1340,perCombination,3,closing,160,17,6322.4,3,21,7618,7661.2,160840.8,1338.8,0.151756971208343,1,0,0,0,0
1341,perCombination,3,closing,160,18,6717.55,3,21,7618,7661.2,160841.6,943.65,0.10696554069372,1,0,0,0,0
1342,perCombination,3,closing,160,19,7112.7,3,21,7618,7661.2,160842,548.5,0.0621741101790977,1,0,0,0,0
1343,perCombination,3,closing,160,20,7507.85,3,21,7636.2,7661.2,160860.2,153.349999999999,0.0173826796644751,1,0,0,0,0
1344,perCombination,3,closing,160,21,7903,3,21,7903,7903,165963,0,0,1,0,0,1,1
1366,perCombination,3,closing,192,1,0,3,21,6005.66666666667,7647,158945.666666667,7647,0.866810247109499,1,0,0,0,0
1367,perCombination,3,closing,192,2,395.6,3,21,6561.66666666667,7647,159501.666666667,7251.4,0.821967807753344,1,0,0,0,0
1368,perCombination,3,closing,192,3,791.2,3,21,6875.33333333333,7647,159815.333333333,6855.8,0.777125368397189,1,0,0,0,0
1369,perCombination,3,closing,192,4,1186.8,3,21,7105.66666666667,7647,160045.666666667,6460.2,0.732282929041034,1,0,0,0,0
1370,perCombination,3,closing,192,5,1582.4,3,21,7262.33333333333,7647,160202.333333333,6064.6,0.687440489684879,1,0,0,0,0
1371,perCombination,3,closing,192,6,1978,3,21,7378.66666666667,7647,160318.666666667,5669,0.642598050328724,1,0,0,0,0
1372,perCombination,3,closing,192,7,2373.6,3,21,7489.66666666667,7647,160429.666666667,5273.4,0.597755610972569,1,0,0,0,0
1373,perCombination,3,closing,192,8,2769.2,3,21,7570.66666666667,7647,160510.666666667,4877.8,0.552913171616414,1,0,0,0,0
1374,perCombination,3,closing,192,9,3164.8,3,21,7619,7647,160559,4482.2,0.508070732260258,1,0,0,0,0
1375,perCombination,3,closing,192,10,3560.4,3,21,7647.66666666667,7647,160587.666666667,4086.6,0.463228292904103,0,1,-0.66666666666697,0,0
1376,perCombination,3,closing,192,11,3956,3,21,7647,7647,160587,3691,0.418385853547948,1,0,0,0,0
1377,perCombination,3,closing,192,12,4351.6,3,21,7647,7647,160587,3295.4,0.373543414191793,1,0,0,0,0
1378,perCombination,3,closing,192,13,4747.2,3,21,7647,7647,160587,2899.8,0.328700974835638,1,0,0,0,0
1379,perCombination,3,closing,192,14,5142.8,3,21,7647,7647,160587,2504.2,0.283858535479483,1,0,0,0,0
1380,perCombination,3,closing,192,15,5538.4,3,21,7647,7647,160587,2108.6,0.239016096123328,1,0,0,0,0
1381,perCombination,3,closing,192,16,5934,3,21,7647,7647,160587,1713,0.194173656767173,1,0,0,0,0
1382,perCombination,3,closing,192,17,6329.6,3,21,7647,7647,160587,1317.4,0.149331217411018,1,0,0,0,0
1383,perCombination,3,closing,192,18,6725.2,3,21,7647,7647,160587,921.8,0.104488778054863,1,0,0,0,0
1384,perCombination,3,closing,192,19,7120.8,3,21,7647,7647,160587,526.2,0.0596463386987078,1,0,0,0,0
1385,perCombination,3,closing,192,20,7516.4,3,21,7647,7647,160587,130.6,0.0148038993425528,1,0,0,0,0
1386,perCombination,3,closing,192,21,7912,3,21,7912,7912,166152,0,0,1,0,0,1,1
1408,perCombination,3,closing,224,1,0,3,21,6136.5,7513.66666666667,156409.833333333,7513.66666666667,0.851696516285045,1,0,0,0,0
1409,perCombination,3,closing,224,2,387.4,3,21,6594.33333333333,7513.66666666667,156867.666666667,7126.26666666667,0.807783571374594,1,0,0,0,0
1410,perCombination,3,closing,224,3,774.8,3,21,6851,7513.66666666667,157124.333333333,6738.86666666667,0.763870626464143,1,0,0,0,0
1411,perCombination,3,closing,224,4,1162.2,3,21,7074.5,7513.66666666667,157347.833333333,6351.46666666667,0.719957681553692,1,0,0,0,0
1412,perCombination,3,closing,224,5,1549.6,3,21,7300.83333333333,7513.66666666667,157574.166666667,5964.06666666667,0.67604473664324,1,0,0,0,0
1413,perCombination,3,closing,224,6,1937,3,21,7420.16666666667,7513.66666666667,157693.5,5576.66666666667,0.632131791732789,1,0,0,0,0
1414,perCombination,3,closing,224,7,2324.4,3,21,7496.83333333333,7513.66666666667,157770.166666667,5189.26666666667,0.588218846822338,1,0,0,0,0
1415,perCombination,3,closing,224,8,2711.8,3,21,7533.66666666667,7513.66666666667,157807,4801.86666666667,0.544305901911887,0,1,-20,0,0
1416,perCombination,3,closing,224,9,3099.2,3,21,7560,7513.66666666667,157833.333333333,4414.46666666667,0.500392957001436,0,1,-46.333333333333,0,0
1417,perCombination,3,closing,224,10,3486.6,3,21,7561.66666666667,7513.66666666667,157835,4027.06666666667,0.456480012090985,0,1,-48,0,0
1418,perCombination,3,closing,224,11,3874,3,21,7547.83333333333,7513.66666666667,157821.166666667,3639.66666666667,0.412567067180534,0,1,-34.1666666666661,0,0
1419,perCombination,3,closing,224,12,4261.4,3,21,7532.5,7513.66666666667,157805.833333333,3252.26666666667,0.368654122270082,0,1,-18.833333333333,0,0
1420,perCombination,3,closing,224,13,4648.8,3,21,7520.5,7513.66666666667,157793.833333333,2864.86666666667,0.324741177359631,0,1,-6.83333333333303,0,0
1421,perCombination,3,closing,224,14,5036.2,3,21,7513.83333333333,7513.66666666667,157787.166666667,2477.46666666667,0.28082823244918,0,1,-0.16666666666606,0,0
1422,perCombination,3,closing,224,15,5423.6,3,21,7513.66666666667,7513.66666666667,157787,2090.06666666667,0.236915287538729,1,0,0,0,0
1423,perCombination,3,closing,224,16,5811,3,21,7513.66666666667,7513.66666666667,157787,1702.66666666667,0.193002342628278,1,0,0,0,0
1424,perCombination,3,closing,224,17,6198.4,3,21,7513.66666666667,7513.66666666667,157787,1315.26666666667,0.149089397717827,1,0,0,0,0
1425,perCombination,3,closing,224,18,6585.8,3,21,7513.66666666667,7513.66666666667,157787,927.866666666667,0.105176452807376,1,0,0,0,0
1426,perCombination,3,closing,224,19,6973.2,3,21,7513.66666666667,7513.66666666667,157787,540.466666666667,0.0612635078969244,1,0,0,0,0
1427,perCombination,3,closing,224,20,7360.6,3,21,7513.66666666667,7513.66666666667,157787,153.066666666667,0.0173505629864732,1,0,0,0,0
1428,perCombination,3,closing,224,21,7748,3,21,7748,7748,162708,0,0,1,0,0,1,1
1450,perCombination,3,closing,255,1,0,3,21,6797.83333333333,7538.66666666667,157672.5,7538.66666666667,0.85453034081463,0,2,-37.5,0,0
1451,perCombination,3,closing,255,2,389.75,3,21,7219.16666666667,7538.66666666667,158070.833333333,7148.91666666667,0.810351016398398,0,2,-49.333333333333,0,0
1452,perCombination,3,closing,255,3,779.5,3,21,7301.33333333333,7538.66666666667,158143.5,6759.16666666667,0.766171691982166,0,2,-58.833333333333,0,0
1453,perCombination,3,closing,255,4,1169.25,3,21,7353.5,7538.66666666667,158190.666666667,6369.41666666667,0.721992367565934,0,1,-63.833333333333,0,0
1454,perCombination,3,closing,255,5,1559,3,21,7404.66666666667,7538.66666666667,158241.833333333,5979.66666666667,0.677813043149702,0,1,-63.833333333333,0,0
1455,perCombination,3,closing,255,6,1948.75,3,21,7443.83333333333,7538.66666666667,158281,5589.91666666667,0.633633718733469,0,1,-63.833333333333,0,0
1456,perCombination,3,closing,255,7,2338.5,3,21,7482,7538.66666666667,158319.166666667,5200.16666666667,0.589454394317237,0,1,-63.833333333333,0,0
1457,perCombination,3,closing,255,8,2728.25,3,21,7509.66666666667,7538.66666666667,158346.833333333,4810.41666666667,0.545275069901005,0,1,-63.833333333333,0,0
1458,perCombination,3,closing,255,9,3118,3,21,7536.33333333333,7538.66666666667,158373.5,4420.66666666667,0.501095745484773,0,1,-63.833333333333,0,0
1459,perCombination,3,closing,255,10,3507.75,3,21,7554.66666666667,7538.66666666667,158391.833333333,4030.91666666667,0.456916421068541,0,1,-63.833333333333,0,0
1460,perCombination,3,closing,255,11,3897.5,3,21,7571,7538.66666666667,158408.166666667,3641.16666666667,0.412737096652309,0,1,-63.833333333333,0,0
1461,perCombination,3,closing,255,12,4287.25,3,21,7581.16666666667,7538.66666666667,158418.333333333,3251.41666666667,0.368557772236076,0,1,-63.833333333333,0,0
1462,perCombination,3,closing,255,13,4677,3,21,7589,7538.66666666667,158426.166666667,2861.66666666667,0.324378447819844,0,1,-63.833333333333,0,0
1463,perCombination,3,closing,255,14,5066.75,3,21,7597.83333333333,7538.66666666667,158435,2471.91666666667,0.280199123403612,0,1,-63.833333333333,0,0
1464,perCombination,3,closing,255,15,5456.5,3,21,7602.5,7538.66666666667,158439.666666667,2082.16666666667,0.23601979898738,0,1,-63.833333333333,0,0
1465,perCombination,3,closing,255,16,5846.25,3,21,7602.5,7538.66666666667,158439.833333333,1692.41666666667,0.191840474571148,0,1,-64,0,0
1466,perCombination,3,closing,255,17,6236,3,21,7602.5,7538.66666666667,158437.166666667,1302.66666666667,0.147661150154916,0,2,-61.333333333333,0,0
1467,perCombination,3,closing,255,18,6625.75,3,21,7602.5,7538.66666666667,158421.333333333,912.916666666667,0.103481825738684,0,2,-45.5,0,0
1468,perCombination,3,closing,255,19,7015.5,3,21,7602.5,7538.66666666667,158402,523.166666666667,0.0593025013224515,0,2,-37.666666666667,0,0
1469,perCombination,3,closing,255,20,7405.25,3,21,7602.5,7538.66666666667,158375.833333333,133.416666666667,0.0151231769062193,0,1,-63.833333333333,0,0
1470,perCombination,3,closing,255,21,7795,3,21,7795,7795,163695,0,0,1,0,0,1,1
1492,perCombination,3,opening,-64,1,-112,3,21,-112,-112,-2352,0,0,1,0,-0,1,1
1493,perCombination,3,opening,-64,2,226.8,3,21,-15,-21.6666666666667,-445.666666666667,-248.466666666667,0.0281644373913701,1,0,-0,0,0
1494,perCombination,3,opening,-64,3,565.6,3,21,-14.6666666666667,-21.6666666666667,-445.333333333333,-587.266666666667,0.0665684274163077,1,0,-0,0,0
1495,perCombination,3,opening,-64,4,904.4,3,21,-14.3333333333333,-21.6666666666667,-443.333333333333,-926.066666666667,0.104972417441245,1,0,-0,0,0
1496,perCombination,3,opening,-64,5,1243.2,3,21,-14.3333333333333,-21.6666666666667,-443,-1264.86666666667,0.143376407466183,1,0,-0,0,0
1497,perCombination,3,opening,-64,6,1582,3,21,-14.3333333333333,-21.6666666666667,-441,-1603.66666666667,0.181780397491121,1,0,-0,0,0
1498,perCombination,3,opening,-64,7,1920.8,3,21,-14.3333333333333,-21.6666666666667,-440.333333333333,-1942.46666666667,0.220184387516058,1,0,-0,0,0
1499,perCombination,3,opening,-64,8,2259.6,3,21,51.6666666666667,-21.6666666666667,-373,-2281.26666666667,0.258588377540996,1,0,-0,0,0
1500,perCombination,3,opening,-64,9,2598.4,3,21,242.666666666667,-21.6666666666667,-181.333333333333,-2620.06666666667,0.296992367565934,1,0,-0,0,0
1501,perCombination,3,opening,-64,10,2937.2,3,21,475.666666666667,-21.6666666666667,51.9999999999999,-2958.86666666667,0.335396357590871,1,0,-0,0,0
1502,perCombination,3,opening,-64,11,3276,3,21,721.333333333333,-21.6666666666667,298.666666666667,-3297.66666666667,0.373800347615809,1,0,-0,0,0
1503,perCombination,3,opening,-64,12,3614.8,3,21,988.666666666667,-21.6666666666667,567.000000000001,-3636.46666666667,0.412204337640747,1,0,-0,0,0
1504,perCombination,3,opening,-64,13,3953.6,3,21,1266,-21.6666666666667,844.666666666666,-3975.26666666667,0.450608327665684,1,0,-0,0,0
1505,perCombination,3,opening,-64,14,4292.4,3,21,1541.66666666667,-21.6666666666667,1122,-4314.06666666667,0.489012317690622,1,0,-0,0,0
1506,perCombination,3,opening,-64,15,4631.2,3,21,1797.66666666667,-21.6666666666667,1378.33333333333,-4652.86666666667,0.52741630771556,1,0,-0,0,0
1507,perCombination,3,opening,-64,16,4970,3,21,2113.33333333333,-21.6666666666667,1714.33333333333,-4991.66666666667,0.565820297740497,1,0,-0,0,0
1508,perCombination,3,opening,-64,17,5308.8,3,21,2560.33333333333,-21.6666666666667,2387.33333333334,-5330.46666666667,0.604224287765435,1,0,-0,0,0
1509,perCombination,3,opening,-64,18,5647.6,3,21,2560.33333333333,-21.6666666666667,2387.33333333334,-5669.26666666667,0.642628277790373,1,0,-0,0,0
1510,perCombination,3,opening,-64,19,5986.4,3,21,2560.33333333333,-21.6666666666667,2387.33333333334,-6008.06666666667,0.68103226781531,1,0,-0,0,0
1511,perCombination,3,opening,-64,20,6325.2,3,21,2560.33333333333,-21.6666666666667,2387.33333333334,-6346.86666666667,0.719436257840248,1,0,-0,0,0
1512,perCombination,3,opening,-64,21,6664,3,21,2560.33333333333,-21.6666666666667,2387.33333333334,-6685.66666666667,0.757840247865186,1,0,-0,0,0
1534,perCombination,3,opening,-96,1,-308,3,21,-308,-308,-6468,0,0,1,0,-0,1,1
1535,perCombination,3,opening,-96,2,19.85,3,21,-266,-266,-5586,-285.85,0.0324019496712764,1,0,-0,0,0
1536,perCombination,3,opening,-96,3,347.7,3,21,-266,-266,-5586,-613.7,0.0695647245522557,1,0,-0,0,0
1537,perCombination,3,opening,-96,4,675.55,3,21,-266,-266,-5586,-941.55,0.106727499433235,1,0,-0,0,0
1538,perCombination,3,opening,-96,5,1003.4,3,21,-266,-266,-5586,-1269.4,0.143890274314214,1,0,-0,0,0
1539,perCombination,3,opening,-96,6,1331.25,3,21,-266,-266,-5586,-1597.25,0.181053049195194,1,0,-0,0,0
1540,perCombination,3,opening,-96,7,1659.1,3,21,-266,-266,-5586,-1925.1,0.218215824076173,1,0,-0,0,0
1541,perCombination,3,opening,-96,8,1986.95,3,21,-266,-266,-5586,-2252.95,0.255378598957153,1,0,-0,0,0
1542,perCombination,3,opening,-96,9,2314.8,3,21,-266,-266,-5586,-2580.8,0.292541373838132,1,0,-0,0,0
1543,perCombination,3,opening,-96,10,2642.65,3,21,-266,-266,-5586,-2908.65,0.329704148719111,1,0,-0,0,0
1544,perCombination,3,opening,-96,11,2970.5,3,21,-266,-266,-5586,-3236.5,0.366866923600091,1,0,-0,0,0
1545,perCombination,3,opening,-96,12,3298.35,3,21,-266,-266,-5586,-3564.35,0.40402969848107,1,0,-0,0,0
1546,perCombination,3,opening,-96,13,3626.2,3,21,-266,-266,-5586,-3892.2,0.441192473362049,1,0,-0,0,0
1547,perCombination,3,opening,-96,14,3954.05,3,21,-265.5,-266,-5585.5,-4220.05,0.478355248243029,1,0,-0,0,0
1548,perCombination,3,opening,-96,15,4281.9,3,21,-190,-266,-5510,-4547.9,0.515518023124008,1,0,-0,0,0
1549,perCombination,3,opening,-96,16,4609.75,3,21,-24,-266,-5344,-4875.75,0.552680798004987,1,0,-0,0,0
1550,perCombination,3,opening,-96,17,4937.6,3,21,226.25,-266,-5093.75,-5203.6,0.589843572885967,1,0,-0,0,0
1551,perCombination,3,opening,-96,18,5265.45,3,21,498.25,-266,-4821.75,-5531.45,0.627006347766946,1,0,-0,0,0
1552,perCombination,3,opening,-96,19,5593.3,3,21,895,-266,-4425,-5859.3,0.664169122647926,1,0,-0,0,0
1553,perCombination,3,opening,-96,20,5921.15,3,21,1286.5,-266,-4033.5,-6187.15,0.701331897528905,1,0,-0,0,0
1554,perCombination,3,opening,-96,21,6249,3,21,1286.5,-266,-4033.5,-6515,0.738494672409884,1,0,-0,0,0
1576,perCombination,3,opening,-128,1,-532,3,21,-532,-532,-11172,0,0,1,0,-0,1,1
1577,perCombination,3,opening,-128,2,-113.5,3,21,-453.5,-453.5,-9523.5,-340,0.0385400136023577,1,0,-0,0,0
1578,perCombination,3,opening,-128,3,305,3,21,-453.5,-453.5,-9523.5,-758.5,0.0859782362276128,1,0,-0,0,0
1579,perCombination,3,opening,-128,4,723.5,3,21,-453.5,-453.5,-9523.5,-1177,0.133416458852868,1,0,-0,0,0
1580,perCombination,3,opening,-128,5,1142,3,21,-453.5,-453.5,-9523.5,-1595.5,0.180854681478123,1,0,-0,0,0
1581,perCombination,3,opening,-128,6,1560.5,3,21,-453.5,-453.5,-9523.5,-2014,0.228292904103378,1,0,-0,0,0
1582,perCombination,3,opening,-128,7,1979,3,21,-453.5,-453.5,-9523.5,-2432.5,0.275731126728633,1,0,-0,0,0
1583,perCombination,3,opening,-128,8,2397.5,3,21,-453.5,-453.5,-9523.5,-2851,0.323169349353888,1,0,-0,0,0
1584,perCombination,3,opening,-128,9,2816,3,21,-453.5,-453.5,-9523.5,-3269.5,0.370607571979143,1,0,-0,0,0
1585,perCombination,3,opening,-128,10,3234.5,3,21,-453.5,-453.5,-9523.5,-3688,0.418045794604398,1,0,-0,0,0
1586,perCombination,3,opening,-128,11,3653,3,21,-453.5,-453.5,-9523.5,-4106.5,0.465484017229653,1,0,-0,0,0
1587,perCombination,3,opening,-128,12,4071.5,3,21,-450.5,-453.5,-9520.5,-4525,0.512922239854908,1,0,-0,0,0
1588,perCombination,3,opening,-128,13,4490,3,21,-416.833333333333,-453.5,-9486.83333333333,-4943.5,0.560360462480163,1,0,-0,0,0
1589,perCombination,3,opening,-128,14,4908.5,3,21,-307.5,-453.5,-9377.5,-5362,0.607798685105418,1,0,-0,0,0
1590,perCombination,3,opening,-128,15,5327,3,21,-119.833333333333,-453.5,-9189.83333333333,-5780.5,0.655236907730673,1,0,-0,0,0
1591,perCombination,3,opening,-128,16,5745.5,3,21,136.333333333333,-453.5,-8933.66666666667,-6199,0.702675130355928,1,0,-0,0,0
1592,perCombination,3,opening,-128,17,6164,3,21,449.333333333333,-453.5,-8620.66666666667,-6617.5,0.750113352981183,1,0,-0,0,0
1593,perCombination,3,opening,-128,18,6582.5,3,21,791,-453.5,-8279,-7036,0.797551575606438,1,0,-0,0,0
1594,perCombination,3,opening,-128,19,7001,3,21,1193,-453.5,-7877,-7454.5,0.844989798231694,1,0,-0,0,0
1595,perCombination,3,opening,-128,20,7419.5,3,21,1810.33333333333,-453.5,-7259.66666666667,-7873,0.892428020856949,1,0,-0,0,0
1596,perCombination,3,opening,-128,21,7838,3,21,1810.33333333333,-453.5,-7259.66666666667,-8291.5,0.939866243482204,1,0,-0,0,0
1618,perCombination,3,opening,-160,1,-539,3,21,-539,-539,-11319,0,0,1,0,-0,1,1
1619,perCombination,3,opening,-160,2,-116.9,3,21,-461,-461,-9681,-344.1,0.0390047608252097,1,0,-0,0,0
1620,perCombination,3,opening,-160,3,305.2,3,21,-461,-461,-9681,-766.2,0.086851054182725,1,0,-0,0,0
1621,perCombination,3,opening,-160,4,727.3,3,21,-461,-461,-9681,-1188.3,0.13469734754024,1,0,-0,0,0
1622,perCombination,3,opening,-160,5,1149.4,3,21,-461,-461,-9681,-1610.4,0.182543640897756,1,0,-0,0,0
1623,perCombination,3,opening,-160,6,1571.5,3,21,-461,-461,-9681,-2032.5,0.230389934255271,1,0,-0,0,0
1624,perCombination,3,opening,-160,7,1993.6,3,21,-461,-461,-9681,-2454.6,0.278236227612786,1,0,-0,0,0
1625,perCombination,3,opening,-160,8,2415.7,3,21,-461,-461,-9681,-2876.7,0.326082520970301,1,0,-0,0,0
1626,perCombination,3,opening,-160,9,2837.8,3,21,-461,-461,-9681,-3298.8,0.373928814327817,1,0,-0,0,0
1627,perCombination,3,opening,-160,10,3259.9,3,21,-461,-461,-9681,-3720.9,0.421775107685332,1,0,-0,0,0
1628,perCombination,3,opening,-160,11,3682,3,21,-461,-461,-9681,-4143,0.469621401042847,1,0,-0,0,0
1629,perCombination,3,opening,-160,12,4104.1,3,21,-461,-461,-9681,-4565.1,0.517467694400363,1,0,-0,0,0
1630,perCombination,3,opening,-160,13,4526.2,3,21,-461,-461,-9681,-4987.2,0.565313987757878,1,0,-0,0,0
1631,perCombination,3,opening,-160,14,4948.3,3,21,-461,-461,-9681,-5409.3,0.613160281115393,1,0,-0,0,0
1632,perCombination,3,opening,-160,15,5370.4,3,21,-455.4,-461,-9675.4,-5831.4,0.661006574472909,1,0,-0,0,0
1633,perCombination,3,opening,-160,16,5792.5,3,21,-399.8,-461,-9619.8,-6253.5,0.708852867830424,1,0,-0,0,0
1634,perCombination,3,opening,-160,17,6214.6,3,21,-219.2,-461,-9439.2,-6675.6,0.756699161187939,1,0,-0,0,0
1635,perCombination,3,opening,-160,18,6636.7,3,21,102.2,-461,-9117.8,-7097.7,0.804545454545455,1,0,-0,0,0
1636,perCombination,3,opening,-160,19,7058.8,3,21,405.6,-461,-8814.4,-7519.8,0.85239174790297,1,0,-0,0,0
1637,perCombination,3,opening,-160,20,7480.9,3,21,860.2,-461,-8359.8,-7941.9,0.900238041260485,1,0,-0,0,0
1638,perCombination,3,opening,-160,21,7903,3,21,1369,-461,-7851,-8364,0.948084334618,1,0,-0,0,0
1660,perCombination,3,opening,-192,1,-562,3,21,-562,-562,-11802,0,0,1,0,-0,1,1
1661,perCombination,3,opening,-192,2,-138.3,3,21,-442.25,-442.25,-9287.25,-303.95,0.034453638630696,1,0,-0,0,0
1662,perCombination,3,opening,-192,3,285.4,3,21,-442.25,-442.25,-9287.25,-727.65,0.0824812967581047,1,0,-0,0,0
1663,perCombination,3,opening,-192,4,709.1,3,21,-442.25,-442.25,-9287.25,-1151.35,0.130508954885513,1,0,-0,0,0
1664,perCombination,3,opening,-192,5,1132.8,3,21,-442.25,-442.25,-9287.25,-1575.05,0.178536613012922,1,0,-0,0,0
1665,perCombination,3,opening,-192,6,1556.5,3,21,-442.25,-442.25,-9287.25,-1998.75,0.226564271140331,1,0,-0,0,0
1666,perCombination,3,opening,-192,7,1980.2,3,21,-442.25,-442.25,-9287.25,-2422.45,0.27459192926774,1,0,-0,0,0
1667,perCombination,3,opening,-192,8,2403.9,3,21,-442.25,-442.25,-9287.25,-2846.15,0.322619587395149,1,0,-0,0,0
1668,perCombination,3,opening,-192,9,2827.6,3,21,-442.25,-442.25,-9287.25,-3269.85,0.370647245522557,1,0,-0,0,0
1669,perCombination,3,opening,-192,10,3251.3,3,21,-442.25,-442.25,-9287.25,-3693.55,0.418674903649966,1,0,-0,0,0
1670,perCombination,3,opening,-192,11,3675,3,21,-442.25,-442.25,-9287.25,-4117.25,0.466702561777375,1,0,-0,0,0
1671,perCombination,3,opening,-192,12,4098.7,3,21,-442.25,-442.25,-9287.25,-4540.95,0.514730219904784,1,0,-0,0,0
1672,perCombination,3,opening,-192,13,4522.4,3,21,-442.25,-442.25,-9287.25,-4964.65,0.562757878032192,1,0,-0,0,0
1673,perCombination,3,opening,-192,14,4946.1,3,21,-442.25,-442.25,-9287.25,-5388.35,0.610785536159601,1,0,-0,0,0
1674,perCombination,3,opening,-192,15,5369.8,3,21,-442.25,-442.25,-9287.25,-5812.05,0.65881319428701,1,0,-0,0,0
1675,perCombination,3,opening,-192,16,5793.5,3,21,-436.25,-442.25,-9281.25,-6235.75,0.706840852414419,1,0,-0,0,0
1676,perCombination,3,opening,-192,17,6217.2,3,21,-392.25,-442.25,-9237.25,-6659.45,0.754868510541827,1,0,-0,0,0
1677,perCombination,3,opening,-192,18,6640.9,3,21,-306,-442.25,-9151,-7083.15,0.802896168669236,1,0,-0,0,0
1678,perCombination,3,opening,-192,19,7064.6,3,21,-179.25,-442.25,-9024.25,-7506.85,0.850923826796645,1,0,-0,0,0
1679,perCombination,3,opening,-192,20,7488.3,3,21,150,-442.25,-8695,-7930.55,0.898951484924054,1,0,-0,0,0
1680,perCombination,3,opening,-192,21,7912,3,21,382.75,-442.25,-8462.25,-8354.25,0.946979143051462,1,0,-0,0,0
1702,perCombination,3,opening,-224,1,-745,3,21,-745,-745,-15645,0,0,1,0,-0,1,1
1703,perCombination,3,opening,-224,2,-320.35,3,21,-558.166666666667,-558.166666666667,-11721.5,-237.816666666667,0.0269572281417668,1,0,-0,0,0
1704,perCombination,3,opening,-224,3,104.3,3,21,-558.166666666667,-558.166666666667,-11721.5,-662.466666666667,0.0750925716012998,1,0,-0,0,0
1705,perCombination,3,opening,-224,4,528.95,3,21,-558.166666666667,-558.166666666667,-11721.5,-1087.11666666667,0.123227915060833,1,0,-0,0,0
1706,perCombination,3,opening,-224,5,953.6,3,21,-558.166666666667,-558.166666666667,-11721.5,-1511.76666666667,0.171363258520366,1,0,-0,0,0
1707,perCombination,3,opening,-224,6,1378.25,3,21,-558.166666666667,-558.166666666667,-11721.5,-1936.41666666667,0.219498601979899,1,0,-0,0,0
1708,perCombination,3,opening,-224,7,1802.9,3,21,-558.166666666667,-558.166666666667,-11721.5,-2361.06666666667,0.267633945439432,1,0,-0,0,0
1709,perCombination,3,opening,-224,8,2227.55,3,21,-558.166666666667,-558.166666666667,-11721.5,-2785.71666666667,0.315769288898965,1,0,-0,0,0
1710,perCombination,3,opening,-224,9,2652.2,3,21,-558.166666666667,-558.166666666667,-11721.5,-3210.36666666667,0.363904632358498,1,0,-0,0,0
1711,perCombination,3,opening,-224,10,3076.85,3,21,-558.166666666667,-558.166666666667,-11721.5,-3635.01666666667,0.412039975818031,1,0,-0,0,0
1712,perCombination,3,opening,-224,11,3501.5,3,21,-558.166666666667,-558.166666666667,-11721.5,-4059.66666666667,0.460175319277564,1,0,-0,0,0
1713,perCombination,3,opening,-224,12,3926.15,3,21,-558.166666666667,-558.166666666667,-11721.5,-4484.31666666667,0.508310662737097,1,0,-0,0,0
1714,perCombination,3,opening,-224,13,4350.8,3,21,-558.166666666667,-558.166666666667,-11721.5,-4908.96666666667,0.55644600619663,1,0,-0,0,0
1715,perCombination,3,opening,-224,14,4775.45,3,21,-558.166666666667,-558.166666666667,-11721.5,-5333.61666666667,0.604581349656163,1,0,-0,0,0
1716,perCombination,3,opening,-224,15,5200.1,3,21,-558.166666666667,-558.166666666667,-11721.5,-5758.26666666667,0.652716693115696,1,0,-0,0,0
1717,perCombination,3,opening,-224,16,5624.75,3,21,-558.166666666667,-558.166666666667,-11721.5,-6182.91666666667,0.700852036575229,1,0,-0,0,0
1718,perCombination,3,opening,-224,17,6049.4,3,21,-551.666666666667,-558.166666666667,-11715,-6607.56666666667,0.748987380034762,1,0,-0,0,0
1719,perCombination,3,opening,-224,18,6474.05,3,21,-520.166666666667,-558.166666666667,-11683.5,-7032.21666666667,0.797122723494295,1,0,-0,0,0
1720,perCombination,3,opening,-224,19,6898.7,3,21,-428.833333333333,-558.166666666667,-11592.1666666667,-7456.86666666667,0.845258066953828,1,0,-0,0,0
1721,perCombination,3,opening,-224,20,7323.35,3,21,-206.166666666667,-558.166666666667,-11369.5,-7881.51666666667,0.893393410413361,1,0,-0,0,0
1722,perCombination,3,opening,-224,21,7748,3,21,138.833333333333,-558.166666666667,-11024.5,-8306.16666666667,0.941528753872893,1,0,-0,0,0
1744,perCombination,3,opening,-255,1,-910,3,21,-910,-910,-19110,0,0,1,0,-0,1,1
1745,perCombination,3,opening,-255,2,-474.75,3,21,-681.333333333333,-681.333333333333,-14308,-206.583333333333,0.0234168366961384,1,0,-0,0,0
1746,perCombination,3,opening,-255,3,-39.5,3,21,-681.333333333333,-681.333333333333,-14308,-641.833333333333,0.0727537217562155,1,0,-0,0,0
1747,perCombination,3,opening,-255,4,395.75,3,21,-681.333333333333,-681.333333333333,-14308,-1077.08333333333,0.122090606816293,1,0,-0,0,0
1748,perCombination,3,opening,-255,5,831,3,21,-681.333333333333,-681.333333333333,-14308,-1512.33333333333,0.17142749187637,1,0,-0,0,0
1749,perCombination,3,opening,-255,6,1266.25,3,21,-681.333333333333,-681.333333333333,-14308,-1947.58333333333,0.220764376936447,1,0,-0,0,0
1750,perCombination,3,opening,-255,7,1701.5,3,21,-681.333333333333,-681.333333333333,-14308,-2382.83333333333,0.270101261996524,1,0,-0,0,0
1751,perCombination,3,opening,-255,8,2136.75,3,21,-681.333333333333,-681.333333333333,-14308,-2818.08333333333,0.319438147056601,1,0,-0,0,0
1752,perCombination,3,opening,-255,9,2572,3,21,-681.333333333333,-681.333333333333,-14308,-3253.33333333333,0.368775032116678,1,0,-0,0,0
1753,perCombination,3,opening,-255,10,3007.25,3,21,-681.333333333333,-681.333333333333,-14308,-3688.58333333333,0.418111917176755,1,0,-0,0,0
1754,perCombination,3,opening,-255,11,3442.5,3,21,-681.333333333333,-681.333333333333,-14308,-4123.83333333333,0.467448802236832,1,0,-0,0,0
1755,perCombination,3,opening,-255,12,3877.75,3,21,-681.333333333333,-681.333333333333,-14308,-4559.08333333333,0.516785687296909,1,0,-0,0,0
1756,perCombination,3,opening,-255,13,4313,3,21,-681.333333333333,-681.333333333333,-14308,-4994.33333333333,0.566122572356986,1,0,-0,0,0
1757,perCombination,3,opening,-255,14,4748.25,3,21,-681.333333333333,-681.333333333333,-14308,-5429.58333333333,0.615459457417063,1,0,-0,0,0
1758,perCombination,3,opening,-255,15,5183.5,3,21,-681.333333333333,-681.333333333333,-14308,-5864.83333333333,0.66479634247714,1,0,-0,0,0
1759,perCombination,3,opening,-255,16,5618.75,3,21,-681.333333333333,-681.333333333333,-14308,-6300.08333333333,0.714133227537218,1,0,-0,0,0
1760,perCombination,3,opening,-255,17,6054,3,21,-681.333333333333,-681.333333333333,-14308,-6735.33333333333,0.763470112597295,1,0,-0,0,0
1761,perCombination,3,opening,-255,18,6489.25,3,21,-674.666666666667,-681.333333333333,-14301.3333333333,-7170.58333333333,0.812806997657372,1,0,-0,0,0
1762,perCombination,3,opening,-255,19,6924.5,3,21,-617.166666666667,-681.333333333333,-14243.8333333333,-7605.83333333333,0.862143882717449,1,0,-0,0,0
1763,perCombination,3,opening,-255,20,7359.75,3,21,-465.166666666667,-681.333333333333,-14091.8333333333,-8041.08333333333,0.911480767777526,1,0,-0,0,0
1764,perCombination,3,opening,-255,21,7795,3,21,-246.666666666667,-681.333333333333,-13873.3333333333,-8476.33333333333,0.960817652837603,1,0,-0,0,0
1786,perCombination,4,closing,64,1,0,3,21,2359,6024.33333333333,118211.666666667,6024.33333333333,0.839862447139737,1,0,0,0,0
1787,perCombination,4,closing,64,2,302.5,3,21,2744.33333333333,6024.33333333333,119086.666666667,5721.83333333333,0.797690413123286,1,0,0,0,0
1788,perCombination,4,closing,64,3,605,3,21,2977,6024.33333333333,119497,5419.33333333333,0.755518379106836,1,0,0,0,0
1789,perCombination,4,closing,64,4,907.5,3,21,3178,6024.33333333333,119891.666666667,5116.83333333333,0.713346345090385,1,0,0,0,0
1790,perCombination,4,closing,64,5,1210,3,21,3352,6024.33333333333,120294,4814.33333333333,0.671174311073935,1,0,0,0,0
1791,perCombination,4,closing,64,6,1512.5,3,21,3509.66666666667,6024.33333333333,120693.333333333,4511.83333333333,0.629002277057484,1,0,0,0,0
1792,perCombination,4,closing,64,7,1815,3,21,3649,6024.33333333333,121118.666666667,4209.33333333333,0.586830243041033,1,0,0,0,0
1793,perCombination,4,closing,64,8,2117.5,3,21,3781,6024.33333333333,121537,3906.83333333333,0.544658209024583,1,0,0,0,0
1794,perCombination,4,closing,64,9,2420,3,21,3917.33333333333,6024.33333333333,121993,3604.33333333333,0.502486175008132,1,0,0,0,0
1795,perCombination,4,closing,64,10,2722.5,3,21,4045.33333333333,6024.33333333333,122357,3301.83333333333,0.460314140991682,1,0,0,0,0
1796,perCombination,4,closing,64,11,3025,3,21,4175,6024.33333333333,122585.333333333,2999.33333333333,0.418142106975231,1,0,0,0,0
1797,perCombination,4,closing,64,12,3327.5,3,21,4396.66666666667,6024.33333333333,122938.333333333,2696.83333333333,0.375970072958781,1,0,0,0,0
1798,perCombination,4,closing,64,13,3630,3,21,4673.66666666667,6024.33333333333,123458.666666667,2394.33333333333,0.33379803894233,1,0,0,0,0
1799,perCombination,4,closing,64,14,3932.5,3,21,4965,6024.33333333333,124146.666666667,2091.83333333333,0.291626004925879,1,0,0,0,0
1800,perCombination,4,closing,64,15,4235,3,21,5198.33333333333,6024.33333333333,124473,1789.33333333333,0.249453970909429,1,0,0,0,0
1801,perCombination,4,closing,64,16,4537.5,3,21,5384.66666666667,6024.33333333333,124670,1486.83333333333,0.207281936892978,1,0,0,0,0
1802,perCombination,4,closing,64,17,4840,3,21,5602.33333333333,6024.33333333333,125025.333333333,1184.33333333333,0.165109902876528,1,0,0,0,0
1803,perCombination,4,closing,64,18,5142.5,3,21,5713.66666666667,6024.33333333333,125296.333333333,881.833333333333,0.122937868860077,1,0,0,0,0
1804,perCombination,4,closing,64,19,5445,3,21,5723,6024.33333333333,125337,579.333333333333,0.0807658348436265,1,0,0,0,0
1805,perCombination,4,closing,64,20,5747.5,3,21,6024.33333333333,6024.33333333333,126511,276.833333333333,0.0385938008271759,1,0,0,0,0
1806,perCombination,4,closing,64,21,6050,3,21,6050,6050,127050,0,0,1,0,0,1,1
1828,perCombination,4,closing,96,1,0,3,21,3754,6049.75,124749,6049.75,0.843405827408337,1,0,0,0,0
1829,perCombination,4,closing,96,2,304.75,3,21,4100.5,6049.75,125095.5,5745,0.800920117105813,1,0,0,0,0
1830,perCombination,4,closing,96,3,609.5,3,21,4284.25,6049.75,125279.25,5440.25,0.75843440680329,1,0,0,0,0
1831,perCombination,4,closing,96,4,914.25,3,21,4460.5,6049.75,125455.5,5135.5,0.715948696500767,1,0,0,0,0
1832,perCombination,4,closing,96,5,1219,3,21,4677.75,6049.75,125672.75,4830.75,0.673462986198243,1,0,0,0,0
1833,perCombination,4,closing,96,6,1523.75,3,21,4888.25,6049.75,125883.25,4526,0.63097727589572,1,0,0,0,0
1834,perCombination,4,closing,96,7,1828.5,3,21,5118.5,6049.75,126113.5,4221.25,0.588491565593197,1,0,0,0,0
1835,perCombination,4,closing,96,8,2133.25,3,21,5319,6049.75,126314,3916.5,0.546005855290673,1,0,0,0,0
1836,perCombination,4,closing,96,9,2438,3,21,5511.75,6049.75,126506.75,3611.75,0.50352014498815,1,0,0,0,0
1837,perCombination,4,closing,96,10,2742.75,3,21,5709.25,6049.75,126704.25,3307,0.461034434685627,1,0,0,0,0
1838,perCombination,4,closing,96,11,3047.5,3,21,5841.25,6049.75,126836.25,3002.25,0.418548724383103,1,0,0,0,0
1839,perCombination,4,closing,96,12,3352.25,3,21,5985.75,6049.75,126980.75,2697.5,0.37606301408058,1,0,0,0,0
1840,perCombination,4,closing,96,13,3657,3,21,6049.75,6049.75,127044.75,2392.75,0.333577303778057,1,0,0,0,0
1841,perCombination,4,closing,96,14,3961.75,3,21,6049.75,6049.75,127044.75,2088,0.291091593475533,1,0,0,0,0
1842,perCombination,4,closing,96,15,4266.5,3,21,6049.75,6049.75,127044.75,1783.25,0.24860588317301,1,0,0,0,0
1843,perCombination,4,closing,96,16,4571.25,3,21,6049.75,6049.75,127044.75,1478.5,0.206120172870487,1,0,0,0,0
1844,perCombination,4,closing,96,17,4876,3,21,6049.75,6049.75,127044.75,1173.75,0.163634462567963,1,0,0,0,0
1845,perCombination,4,closing,96,18,5180.75,3,21,6049.75,6049.75,127044.75,869,0.12114875226544,1,0,0,0,0
1846,perCombination,4,closing,96,19,5485.5,3,21,6049.75,6049.75,127044.75,564.25,0.0786630419629165,1,0,0,0,0
1847,perCombination,4,closing,96,20,5790.25,3,21,6049.75,6049.75,127044.75,259.5,0.0361773316603931,1,0,0,0,0
1848,perCombination,4,closing,96,21,6095,3,21,6095,6095,127995,0,0,1,0,0,1,1
1870,perCombination,4,closing,128,1,0,3,21,5052,6146.33333333333,127978.666666667,6146.33333333333,0.856870672429016,1,0,0,0,0
1871,perCombination,4,closing,128,2,309.2,3,21,5589.83333333333,6146.33333333333,128516.5,5837.13333333333,0.813764580138482,1,0,0,0,0
1872,perCombination,4,closing,128,3,618.4,3,21,5838,6146.33333333333,128764.666666667,5527.93333333333,0.770658487847948,1,0,0,0,0
1873,perCombination,4,closing,128,4,927.6,3,21,6019.5,6146.33333333333,128946.166666667,5218.73333333333,0.727552395557414,1,0,0,0,0
1874,perCombination,4,closing,128,5,1236.8,3,21,6108.5,6146.33333333333,129035.166666667,4909.53333333333,0.68444630326688,1,0,0,0,0
1875,perCombination,4,closing,128,6,1546,3,21,6145.16666666667,6146.33333333333,129071.833333333,4600.33333333333,0.641340210976346,1,0,0,0,0
1876,perCombination,4,closing,128,7,1855.2,3,21,6146.33333333333,6146.33333333333,129073,4291.13333333333,0.598234118685813,1,0,0,0,0
1877,perCombination,4,closing,128,8,2164.4,3,21,6146.33333333333,6146.33333333333,129073,3981.93333333333,0.555128026395279,1,0,0,0,0
1878,perCombination,4,closing,128,9,2473.6,3,21,6146.33333333333,6146.33333333333,129073,3672.73333333333,0.512021934104745,1,0,0,0,0
1879,perCombination,4,closing,128,10,2782.8,3,21,6146.33333333333,6146.33333333333,129073,3363.53333333333,0.468915841814211,1,0,0,0,0
1880,perCombination,4,closing,128,11,3092,3,21,6146.33333333333,6146.33333333333,129073,3054.33333333333,0.425809749523677,1,0,0,0,0
1881,perCombination,4,closing,128,12,3401.2,3,21,6146.33333333333,6146.33333333333,129073,2745.13333333333,0.382703657233143,1,0,0,0,0
1882,perCombination,4,closing,128,13,3710.4,3,21,6146.33333333333,6146.33333333333,129073,2435.93333333333,0.339597564942609,1,0,0,0,0
1883,perCombination,4,closing,128,14,4019.6,3,21,6146.33333333333,6146.33333333333,129073,2126.73333333333,0.296491472652075,1,0,0,0,0
1884,perCombination,4,closing,128,15,4328.8,3,21,6146.33333333333,6146.33333333333,129073,1817.53333333333,0.253385380361541,1,0,0,0,0
1885,perCombination,4,closing,128,16,4638,3,21,6146.33333333333,6146.33333333333,129073,1508.33333333333,0.210279288071007,1,0,0,0,0
1886,perCombination,4,closing,128,17,4947.2,3,21,6146.33333333333,6146.33333333333,129073,1199.13333333333,0.167173195780473,1,0,0,0,0
1887,perCombination,4,closing,128,18,5256.4,3,21,6146.33333333333,6146.33333333333,129073,889.933333333333,0.124067103489939,1,0,0,0,0
1888,perCombination,4,closing,128,19,5565.6,3,21,6146.33333333333,6146.33333333333,129073,580.733333333333,0.0809610111994051,1,0,0,0,0
1889,perCombination,4,closing,128,20,5874.8,3,21,6146.33333333333,6146.33333333333,129073,271.533333333333,0.0378549189088712,1,0,0,0,0
1890,perCombination,4,closing,128,21,6184,3,21,6184,6184,129864,0,0,1,0,0,1,1
1912,perCombination,4,closing,160,1,0,3,21,5927,6186.2,129651,6186.2,0.862428551512617,1,0,0,0,0
1913,perCombination,4,closing,160,2,315.35,3,21,6078.8,6186.2,129802.8,5870.85,0.818465077373484,1,0,0,0,0
1914,perCombination,4,closing,160,3,630.7,3,21,6113.2,6186.2,129837.2,5555.5,0.774501603234351,1,0,0,0,0
1915,perCombination,4,closing,160,4,946.05,3,21,6146.8,6186.2,129870.8,5240.15,0.730538129095218,1,0,0,0,0
1916,perCombination,4,closing,160,5,1261.4,3,21,6177.8,6186.2,129901.8,4924.8,0.686574654956085,1,0,0,0,0
1917,perCombination,4,closing,160,6,1576.75,3,21,6186.2,6186.2,129910.2,4609.45,0.642611180816952,1,0,0,0,0
1918,perCombination,4,closing,160,7,1892.1,3,21,6186.2,6186.2,129910.2,4294.1,0.59864770667782,1,0,0,0,0
1919,perCombination,4,closing,160,8,2207.45,3,21,6186.2,6186.2,129910.2,3978.75,0.554684232538687,1,0,0,0,0
1920,perCombination,4,closing,160,9,2522.8,3,21,6186.2,6186.2,129910.2,3663.4,0.510720758399554,1,0,0,0,0
1921,perCombination,4,closing,160,10,2838.15,3,21,6186.2,6186.2,129910.2,3348.05,0.466757284260421,1,0,0,0,0
1922,perCombination,4,closing,160,11,3153.5,3,21,6186.2,6186.2,129910.2,3032.7,0.422793810121288,1,0,0,0,0
1923,perCombination,4,closing,160,12,3468.85,3,21,6186.2,6186.2,129910.2,2717.35,0.378830335982155,1,0,0,0,0
1924,perCombination,4,closing,160,13,3784.2,3,21,6186.2,6186.2,129910.2,2402,0.334866861843022,1,0,0,0,0
1925,perCombination,4,closing,160,14,4099.55,3,21,6186.2,6186.2,129910.2,2086.65,0.29090338770389,1,0,0,0,0
1926,perCombination,4,closing,160,15,4414.9,3,21,6186.2,6186.2,129910.2,1771.3,0.246939913564757,1,0,0,0,0
1927,perCombination,4,closing,160,16,4730.25,3,21,6186.2,6186.2,129910.2,1455.95,0.202976439425624,1,0,0,0,0
1928,perCombination,4,closing,160,17,5045.6,3,21,6186.2,6186.2,129910.2,1140.6,0.159012965286491,1,0,0,0,0
1929,perCombination,4,closing,160,18,5360.95,3,21,6186.2,6186.2,129910.2,825.25,0.115049491147358,1,0,0,0,0
1930,perCombination,4,closing,160,19,5676.3,3,21,6186.2,6186.2,129910.2,509.9,0.0710860170082252,1,0,0,0,0
1931,perCombination,4,closing,160,20,5991.65,3,21,6186.2,6186.2,129910.2,194.55,0.0271225428690925,1,0,0,0,0
1932,perCombination,4,closing,160,21,6307,3,21,6307,6307,132447,0,0,1,0,0,1,1
1954,perCombination,4,closing,192,1,0,3,21,6217.33333333333,6217.33333333333,130564,6217.33333333333,0.866768901900646,1,0,0,0,0
1955,perCombination,4,closing,192,2,312.45,3,21,6217.33333333333,6217.33333333333,130564,5904.88333333333,0.82320972164134,1,0,0,0,0
1956,perCombination,4,closing,192,3,624.9,3,21,6217.33333333333,6217.33333333333,130564,5592.43333333333,0.779650541382034,1,0,0,0,0
1957,perCombination,4,closing,192,4,937.35,3,21,6217.33333333333,6217.33333333333,130564,5279.98333333333,0.736091361122729,1,0,0,0,0
1958,perCombination,4,closing,192,5,1249.8,3,21,6217.33333333333,6217.33333333333,130564,4967.53333333333,0.692532180863423,1,0,0,0,0
1959,perCombination,4,closing,192,6,1562.25,3,21,6217.33333333333,6217.33333333333,130564,4655.08333333333,0.648973000604117,1,0,0,0,0
1960,perCombination,4,closing,192,7,1874.7,3,21,6217.33333333333,6217.33333333333,130564,4342.63333333333,0.605413820344812,1,0,0,0,0
1961,perCombination,4,closing,192,8,2187.15,3,21,6217.33333333333,6217.33333333333,130564,4030.18333333333,0.561854640085506,1,0,0,0,0
1962,perCombination,4,closing,192,9,2499.6,3,21,6217.33333333333,6217.33333333333,130564,3717.73333333333,0.5182954598262,1,0,0,0,0
1963,perCombination,4,closing,192,10,2812.05,3,21,6217.33333333333,6217.33333333333,130564,3405.28333333333,0.474736279566894,1,0,0,0,0
1964,perCombination,4,closing,192,11,3124.5,3,21,6217.33333333333,6217.33333333333,130564,3092.83333333333,0.431177099307589,1,0,0,0,0
1965,perCombination,4,closing,192,12,3436.95,3,21,6217.33333333333,6217.33333333333,130564,2780.38333333333,0.387617919048283,1,0,0,0,0
1966,perCombination,4,closing,192,13,3749.4,3,21,6217.33333333333,6217.33333333333,130564,2467.93333333333,0.344058738788977,1,0,0,0,0
1967,perCombination,4,closing,192,14,4061.85,3,21,6217.33333333333,6217.33333333333,130564,2155.48333333333,0.300499558529671,1,0,0,0,0
1968,perCombination,4,closing,192,15,4374.3,3,21,6217.33333333333,6217.33333333333,130564,1843.03333333333,0.256940378270366,1,0,0,0,0
1969,perCombination,4,closing,192,16,4686.75,3,21,6217.33333333333,6217.33333333333,130564,1530.58333333333,0.21338119801106,1,0,0,0,0
1970,perCombination,4,closing,192,17,4999.2,3,21,6217.33333333333,6217.33333333333,130564,1218.13333333333,0.169822017751754,1,0,0,0,0
1971,perCombination,4,closing,192,18,5311.65,3,21,6217.33333333333,6217.33333333333,130564,905.683333333333,0.126262837492449,1,0,0,0,0
1972,perCombination,4,closing,192,19,5624.1,3,21,6217.33333333333,6217.33333333333,130564,593.233333333333,0.0827036572331427,1,0,0,0,0
1973,perCombination,4,closing,192,20,5936.55,3,21,6217.33333333333,6217.33333333333,130564,280.783333333333,0.039144476973837,1,0,0,0,0
1974,perCombination,4,closing,192,21,6249,3,21,6249,6249,131229,0,0,1,0,0,1,1
1996,perCombination,4,closing,224,1,0,3,21,6277.66666666667,6277.66666666667,131831,6277.66666666667,0.875180073423486,1,0,0,0,0
1997,perCombination,4,closing,224,2,320.3,3,21,6277.66666666667,6277.66666666667,131831,5957.36666666667,0.830526511454993,1,0,0,0,0
1998,perCombination,4,closing,224,3,640.6,3,21,6277.66666666667,6277.66666666667,131831,5637.06666666667,0.7858729494865,1,0,0,0,0
1999,perCombination,4,closing,224,4,960.9,3,21,6277.66666666667,6277.66666666667,131831,5316.76666666667,0.741219387518007,1,0,0,0,0
2000,perCombination,4,closing,224,5,1281.2,3,21,6277.66666666667,6277.66666666667,131831,4996.46666666667,0.696565825549514,1,0,0,0,0
2001,perCombination,4,closing,224,6,1601.5,3,21,6277.66666666667,6277.66666666667,131831,4676.16666666667,0.651912263581022,1,0,0,0,0
2002,perCombination,4,closing,224,7,1921.8,3,21,6277.66666666667,6277.66666666667,131831,4355.86666666667,0.607258701612528,1,0,0,0,0
2003,perCombination,4,closing,224,8,2242.1,3,21,6277.66666666667,6277.66666666667,131831,4035.56666666667,0.562605139644036,1,0,0,0,0
2004,perCombination,4,closing,224,9,2562.4,3,21,6277.66666666667,6277.66666666667,131831,3715.26666666667,0.517951577675543,1,0,0,0,0
2005,perCombination,4,closing,224,10,2882.7,3,21,6277.66666666667,6277.66666666667,131831,3394.96666666667,0.47329801570705,1,0,0,0,0
2006,perCombination,4,closing,224,11,3203,3,21,6277.66666666667,6277.66666666667,131831,3074.66666666667,0.428644453738557,1,0,0,0,0
2007,perCombination,4,closing,224,12,3523.3,3,21,6277.66666666667,6277.66666666667,131831,2754.36666666667,0.383990891770064,1,0,0,0,0
2008,perCombination,4,closing,224,13,3843.6,3,21,6277.66666666667,6277.66666666667,131831,2434.06666666667,0.339337329801571,1,0,0,0,0
2009,perCombination,4,closing,224,14,4163.9,3,21,6277.66666666667,6277.66666666667,131831,2113.76666666667,0.294683767833078,1,0,0,0,0
2010,perCombination,4,closing,224,15,4484.2,3,21,6277.66666666667,6277.66666666667,131831,1793.46666666667,0.250030205864585,1,0,0,0,0
2011,perCombination,4,closing,224,16,4804.5,3,21,6277.66666666667,6277.66666666667,131831,1473.16666666667,0.205376643896092,1,0,0,0,0
2012,perCombination,4,closing,224,17,5124.8,3,21,6277.66666666667,6277.66666666667,131831,1152.86666666667,0.160723081927599,1,0,0,0,0
2013,perCombination,4,closing,224,18,5445.1,3,21,6277.66666666667,6277.66666666667,131831,832.566666666667,0.116069519959106,1,0,0,0,0
2014,perCombination,4,closing,224,19,5765.4,3,21,6277.66666666667,6277.66666666667,131831,512.266666666667,0.071415957990613,1,0,0,0,0
2015,perCombination,4,closing,224,20,6085.7,3,21,6277.66666666667,6277.66666666667,131831,191.966666666667,0.0267623960221201,1,0,0,0,0
2016,perCombination,4,closing,224,21,6406,3,21,6406,6406,134526,0,0,1,0,0,1,1
2038,perCombination,4,closing,255,1,0,3,21,6280.83333333333,6280.83333333333,131897.5,6280.83333333333,0.875621543752033,1,0,0,0,0
2039,perCombination,4,closing,255,2,325.1,3,21,6280.83333333333,6280.83333333333,131897.5,5955.73333333333,0.830298805706585,1,0,0,0,0
2040,perCombination,4,closing,255,3,650.2,3,21,6280.83333333333,6280.83333333333,131897.5,5630.63333333333,0.784976067661137,1,0,0,0,0
2041,perCombination,4,closing,255,4,975.3,3,21,6280.83333333333,6280.83333333333,131897.5,5305.53333333333,0.739653329615688,1,0,0,0,0
2042,perCombination,4,closing,255,5,1300.4,3,21,6280.83333333333,6280.83333333333,131897.5,4980.43333333333,0.69433059157024,1,0,0,0,0
2043,perCombination,4,closing,255,6,1625.5,3,21,6280.83333333333,6280.83333333333,131897.5,4655.33333333333,0.649007853524792,1,0,0,0,0
2044,perCombination,4,closing,255,7,1950.6,3,21,6280.83333333333,6280.83333333333,131897.5,4330.23333333333,0.603685115479344,1,0,0,0,0
2045,perCombination,4,closing,255,8,2275.7,3,21,6280.83333333333,6280.83333333333,131897.5,4005.13333333333,0.558362377433896,1,0,0,0,0
2046,perCombination,4,closing,255,9,2600.8,3,21,6280.83333333333,6280.83333333333,131897.5,3680.03333333333,0.513039639388447,1,0,0,0,0
2047,perCombination,4,closing,255,10,2925.9,3,21,6280.83333333333,6280.83333333333,131897.5,3354.93333333333,0.467716901342999,1,0,0,0,0
2048,perCombination,4,closing,255,11,3251,3,21,6280.83333333333,6280.83333333333,131897.5,3029.83333333333,0.422394163297551,1,0,0,0,0
2049,perCombination,4,closing,255,12,3576.1,3,21,6280.83333333333,6280.83333333333,131897.5,2704.73333333333,0.377071425252103,1,0,0,0,0
2050,perCombination,4,closing,255,13,3901.2,3,21,6280.83333333333,6280.83333333333,131897.5,2379.63333333333,0.331748687206655,1,0,0,0,0
2051,perCombination,4,closing,255,14,4226.3,3,21,6280.83333333333,6280.83333333333,131897.5,2054.53333333333,0.286425949161206,1,0,0,0,0
2052,perCombination,4,closing,255,15,4551.4,3,21,6280.83333333333,6280.83333333333,131897.5,1729.43333333333,0.241103211115758,1,0,0,0,0
2053,perCombination,4,closing,255,16,4876.5,3,21,6280.83333333333,6280.83333333333,131897.5,1404.33333333333,0.19578047307031,1,0,0,0,0
2054,perCombination,4,closing,255,17,5201.6,3,21,6280.83333333333,6280.83333333333,131897.5,1079.23333333333,0.150457735024862,1,0,0,0,0
2055,perCombination,4,closing,255,18,5526.7,3,21,6280.83333333333,6280.83333333333,131897.5,754.133333333333,0.105134996979414,1,0,0,0,0
2056,perCombination,4,closing,255,19,5851.8,3,21,6280.83333333333,6280.83333333333,131897.5,429.033333333333,0.0598122589339653,1,0,0,0,0
2057,perCombination,4,closing,255,20,6176.9,3,21,6280.83333333333,6280.83333333333,131897.5,103.933333333333,0.0144895208885171,1,0,0,0,0
2058,perCombination,4,closing,255,21,6502,3,21,6502,6502,136542,0,0,1,0,0,1,1
2080,perCombination,4,opening,-64,1,-90,3,21,-90,-90,-1890,0,0,1,0,-0,1,1
2081,perCombination,4,opening,-64,2,217,3,21,-65.6666666666667,-65.6666666666667,-1379,-282.666666666667,0.0394070356429202,1,0,-0,0,0
2082,perCombination,4,opening,-64,3,524,3,21,-65.6666666666667,-65.6666666666667,-1379,-589.666666666667,0.0822064222315163,1,0,-0,0,0
2083,perCombination,4,opening,-64,4,831,3,21,-65.6666666666667,-65.6666666666667,-1379,-896.666666666667,0.125005808820112,1,0,-0,0,0
2084,perCombination,4,opening,-64,5,1138,3,21,-65.3333333333333,-65.6666666666667,-1378.66666666667,-1203.66666666667,0.167805195408709,1,0,-0,0,0
2085,perCombination,4,opening,-64,6,1445,3,21,11,-65.6666666666667,-1302.33333333333,-1510.66666666667,0.210604581997305,1,0,-0,0,0
2086,perCombination,4,opening,-64,7,1752,3,21,102,-65.6666666666667,-1211.33333333333,-1817.66666666667,0.253403968585901,1,0,-0,0,0
2087,perCombination,4,opening,-64,8,2059,3,21,198,-65.6666666666667,-1115.33333333333,-2124.66666666667,0.296203355174497,1,0,-0,0,0
2088,perCombination,4,opening,-64,9,2366,3,21,289,-65.6666666666667,-1024.33333333333,-2431.66666666667,0.339002741763093,1,0,-0,0,0
2089,perCombination,4,opening,-64,10,2673,3,21,388.333333333333,-65.6666666666667,-925,-2738.66666666667,0.381802128351689,1,0,-0,0,0
2090,perCombination,4,opening,-64,11,2980,3,21,568.666666666667,-65.6666666666667,-744.666666666667,-3045.66666666667,0.424601514940285,1,0,-0,0,0
2091,perCombination,4,opening,-64,12,3287,3,21,786.333333333333,-65.6666666666667,-527,-3352.66666666667,0.467400901528881,1,0,-0,0,0
2092,perCombination,4,opening,-64,13,3594,3,21,1078.66666666667,-65.6666666666667,-234.666666666666,-3659.66666666667,0.510200288117478,1,0,-0,0,0
2093,perCombination,4,opening,-64,14,3901,3,21,1400,-65.6666666666667,152.666666666666,-3966.66666666667,0.552999674706074,1,0,-0,0,0
2094,perCombination,4,opening,-64,15,4208,3,21,1737,-65.6666666666667,591.333333333333,-4273.66666666667,0.59579906129467,1,0,-0,0,0
2095,perCombination,4,opening,-64,16,4515,3,21,2056.33333333333,-65.6666666666667,1006.66666666667,-4580.66666666667,0.638598447883266,1,0,-0,0,0
2096,perCombination,4,opening,-64,17,4822,3,21,2391,-65.6666666666667,1443.33333333333,-4887.66666666667,0.681397834471862,1,0,-0,0,0
2097,perCombination,4,opening,-64,18,5129,3,21,2704.66666666667,-65.6666666666667,1861.66666666667,-5194.66666666667,0.724197221060458,1,0,-0,0,0
2098,perCombination,4,opening,-64,19,5436,3,21,3050.33333333333,-65.6666666666667,2427.33333333334,-5501.66666666667,0.766996607649054,1,0,-0,0,0
2099,perCombination,4,opening,-64,20,5743,3,21,3393.33333333333,-65.6666666666667,3027.33333333334,-5808.66666666667,0.80979599423765,1,0,-0,0,0
2100,perCombination,4,opening,-64,21,6050,3,21,3936.66666666667,-65.6666666666667,4224.66666666666,-6115.66666666667,0.852595380826247,1,0,-0,0,0
2122,perCombination,4,opening,-96,1,-177,3,21,-177,-177,-3717,0,0,1,0,-0,1,1
2123,perCombination,4,opening,-96,2,136.6,3,21,-131.5,-131.5,-2761.5,-268.1,0.0373762721316046,1,0,-0,0,0
2124,perCombination,4,opening,-96,3,450.2,3,21,-131.5,-131.5,-2761.5,-581.7,0.0810957758260142,1,0,-0,0,0
2125,perCombination,4,opening,-96,4,763.8,3,21,-131.5,-131.5,-2761.5,-895.3,0.124815279520424,1,0,-0,0,0
2126,perCombination,4,opening,-96,5,1077.4,3,21,-131.5,-131.5,-2761.5,-1208.9,0.168534783214833,1,0,-0,0,0
2127,perCombination,4,opening,-96,6,1391,3,21,-131.5,-131.5,-2761.5,-1522.5,0.212254286909243,1,0,-0,0,0
2128,perCombination,4,opening,-96,7,1704.6,3,21,-131.5,-131.5,-2761.5,-1836.1,0.255973790603653,1,0,-0,0,0
2129,perCombination,4,opening,-96,8,2018.2,3,21,-131.5,-131.5,-2761.5,-2149.7,0.299693294298062,1,0,-0,0,0
2130,perCombination,4,opening,-96,9,2331.8,3,21,-131.5,-131.5,-2761.5,-2463.3,0.343412797992472,1,0,-0,0,0
2131,perCombination,4,opening,-96,10,2645.4,3,21,-131.5,-131.5,-2761.5,-2776.9,0.387132301686881,1,0,-0,0,0
2132,perCombination,4,opening,-96,11,2959,3,21,-131.5,-131.5,-2761.5,-3090.5,0.430851805381291,1,0,-0,0,0
2133,perCombination,4,opening,-96,12,3272.6,3,21,-131.5,-131.5,-2761.5,-3404.1,0.474571309075701,1,0,-0,0,0
2134,perCombination,4,opening,-96,13,3586.2,3,21,-131.5,-131.5,-2761.5,-3717.7,0.51829081277011,1,0,-0,0,0
2135,perCombination,4,opening,-96,14,3899.8,3,21,-83.5,-131.5,-2713.5,-4031.3,0.56201031646452,1,0,-0,0,0
2136,perCombination,4,opening,-96,15,4213.4,3,21,113.75,-131.5,-2516.25,-4344.9,0.605729820158929,1,0,-0,0,0
2137,perCombination,4,opening,-96,16,4527,3,21,470.5,-131.5,-2159.5,-4658.5,0.649449323853339,1,0,-0,0,0
2138,perCombination,4,opening,-96,17,4840.6,3,21,836.25,-131.5,-1793.75,-4972.1,0.693168827547749,1,0,-0,0,0
2139,perCombination,4,opening,-96,18,5154.2,3,21,1201.75,-131.5,-1428.25,-5285.7,0.736888331242158,1,0,-0,0,0
2140,perCombination,4,opening,-96,19,5467.8,3,21,1619.25,-131.5,-1010.75,-5599.3,0.780607834936568,1,0,-0,0,0
2141,perCombination,4,opening,-96,20,5781.4,3,21,2028.75,-131.5,-601.25,-5912.9,0.824327338630977,1,0,-0,0,0
2142,perCombination,4,opening,-96,21,6095,3,21,2626.25,-131.5,-3.75,-6226.5,0.868046842325387,1,0,-0,0,0
2164,perCombination,4,opening,-128,1,-452,3,21,-452,-452,-9492,0,0,1,0,-0,1,1
2165,perCombination,4,opening,-128,2,-120.2,3,21,-291,-291,-6111,-170.8,0.0238115154049909,1,0,-0,0,0
2166,perCombination,4,opening,-128,3,211.6,3,21,-291,-291,-6111,-502.6,0.0700683117245225,1,0,-0,0,0
2167,perCombination,4,opening,-128,4,543.4,3,21,-291,-291,-6111,-834.4,0.116325108044054,1,0,-0,0,0
2168,perCombination,4,opening,-128,5,875.2,3,21,-291,-291,-6111,-1166.2,0.162581904363586,1,0,-0,0,0
2169,perCombination,4,opening,-128,6,1207,3,21,-291,-291,-6111,-1498,0.208838700683117,1,0,-0,0,0
2170,perCombination,4,opening,-128,7,1538.8,3,21,-291,-291,-6111,-1829.8,0.255095497002649,1,0,-0,0,0
2171,perCombination,4,opening,-128,8,1870.6,3,21,-291,-291,-6111,-2161.6,0.30135229332218,1,0,-0,0,0
2172,perCombination,4,opening,-128,9,2202.4,3,21,-291,-291,-6111,-2493.4,0.347609089641712,1,0,-0,0,0
2173,perCombination,4,opening,-128,10,2534.2,3,21,-291,-291,-6111,-2825.2,0.393865885961244,1,0,-0,0,0
2174,perCombination,4,opening,-128,11,2866,3,21,-291,-291,-6111,-3157,0.440122682280775,1,0,-0,0,0
2175,perCombination,4,opening,-128,12,3197.8,3,21,-291,-291,-6111,-3488.8,0.486379478600307,1,0,-0,0,0
2176,perCombination,4,opening,-128,13,3529.6,3,21,-291,-291,-6111,-3820.6,0.532636274919838,1,0,-0,0,0
2177,perCombination,4,opening,-128,14,3861.4,3,21,-291,-291,-6111,-4152.4,0.57889307123937,1,0,-0,0,0
2178,perCombination,4,opening,-128,15,4193.2,3,21,-291,-291,-6111,-4484.2,0.625149867558901,1,0,-0,0,0
2179,perCombination,4,opening,-128,16,4525,3,21,-291,-291,-6111,-4816,0.671406663878433,1,0,-0,0,0
2180,perCombination,4,opening,-128,17,4856.8,3,21,-290.333333333333,-291,-6110.33333333333,-5147.8,0.717663460197965,1,0,-0,0,0
2181,perCombination,4,opening,-128,18,5188.6,3,21,-258,-291,-6078,-5479.6,0.763920256517496,1,0,-0,0,0
2182,perCombination,4,opening,-128,19,5520.4,3,21,-89.3333333333333,-291,-5909.33333333333,-5811.4,0.810177052837028,1,0,-0,0,0
2183,perCombination,4,opening,-128,20,5852.2,3,21,228.333333333333,-291,-5591.66666666667,-6143.2,0.856433849156559,1,0,-0,0,0
2184,perCombination,4,opening,-128,21,6184,3,21,804.833333333333,-291,-5015.16666666667,-6475,0.902690645476091,1,0,-0,0,0
2206,perCombination,4,opening,-160,1,-514,3,21,-514,-514,-10794,0,0,1,0,-0,1,1
2207,perCombination,4,opening,-160,2,-172.95,3,21,-409.2,-409.2,-8593.2,-236.25,0.0329360100376412,1,0,-0,0,0
2208,perCombination,4,opening,-160,3,168.1,3,21,-409.2,-409.2,-8593.2,-577.3,0.0804823644221386,1,0,-0,0,0
2209,perCombination,4,opening,-160,4,509.15,3,21,-409.2,-409.2,-8593.2,-918.35,0.128028718806636,1,0,-0,0,0
2210,perCombination,4,opening,-160,5,850.2,3,21,-409.2,-409.2,-8593.2,-1259.4,0.175575073191133,1,0,-0,0,0
2211,perCombination,4,opening,-160,6,1191.25,3,21,-409.2,-409.2,-8593.2,-1600.45,0.223121427575631,1,0,-0,0,0
2212,perCombination,4,opening,-160,7,1532.3,3,21,-409.2,-409.2,-8593.2,-1941.5,0.270667781960128,1,0,-0,0,0
2213,perCombination,4,opening,-160,8,1873.35,3,21,-409.2,-409.2,-8593.2,-2282.55,0.318214136344626,1,0,-0,0,0
2214,perCombination,4,opening,-160,9,2214.4,3,21,-409.2,-409.2,-8593.2,-2623.6,0.365760490729123,1,0,-0,0,0
2215,perCombination,4,opening,-160,10,2555.45,3,21,-409.2,-409.2,-8593.2,-2964.65,0.41330684511362,1,0,-0,0,0
2216,perCombination,4,opening,-160,11,2896.5,3,21,-409.2,-409.2,-8593.2,-3305.7,0.460853199498118,1,0,-0,0,0
2217,perCombination,4,opening,-160,12,3237.55,3,21,-409.2,-409.2,-8593.2,-3646.75,0.508399553882615,1,0,-0,0,0
2218,perCombination,4,opening,-160,13,3578.6,3,21,-409.2,-409.2,-8593.2,-3987.8,0.555945908267113,1,0,-0,0,0
2219,perCombination,4,opening,-160,14,3919.65,3,21,-409.2,-409.2,-8593.2,-4328.85,0.60349226265161,1,0,-0,0,0
2220,perCombination,4,opening,-160,15,4260.7,3,21,-409.2,-409.2,-8593.2,-4669.9,0.651038617036108,1,0,-0,0,0
2221,perCombination,4,opening,-160,16,4601.75,3,21,-409.2,-409.2,-8593.2,-5010.95,0.698584971420605,1,0,-0,0,0
2222,perCombination,4,opening,-160,17,4942.8,3,21,-409.2,-409.2,-8593.2,-5352,0.746131325805102,1,0,-0,0,0
2223,perCombination,4,opening,-160,18,5283.85,3,21,-409.2,-409.2,-8593.2,-5693.05,0.7936776801896,1,0,-0,0,0
2224,perCombination,4,opening,-160,19,5624.9,3,21,-403,-409.2,-8587,-6034.1,0.841224034574097,1,0,-0,0,0
2225,perCombination,4,opening,-160,20,5965.95,3,21,-345.2,-409.2,-8529.2,-6375.15,0.888770388958595,1,0,-0,0,0
2226,perCombination,4,opening,-160,21,6307,3,21,-96.4,-409.2,-8280.4,-6716.2,0.936316743343092,1,0,-0,0,0
2248,perCombination,4,opening,-192,1,-552,3,21,-552,-552,-11592,0,0,1,0,-0,1,1
2249,perCombination,4,opening,-192,2,-211.95,3,21,-468.5,-468.5,-9838.5,-256.55,0.0357660671964311,1,0,-0,0,0
2250,perCombination,4,opening,-192,3,128.1,3,21,-468.5,-468.5,-9838.5,-596.6,0.0831730098982295,1,0,-0,0,0
2251,perCombination,4,opening,-192,4,468.15,3,21,-468.5,-468.5,-9838.5,-936.65,0.130579952600028,1,0,-0,0,0
2252,perCombination,4,opening,-192,5,808.2,3,21,-468.5,-468.5,-9838.5,-1276.7,0.177986895301826,1,0,-0,0,0
2253,perCombination,4,opening,-192,6,1148.25,3,21,-468.5,-468.5,-9838.5,-1616.75,0.225393838003625,1,0,-0,0,0
2254,perCombination,4,opening,-192,7,1488.3,3,21,-468.5,-468.5,-9838.5,-1956.8,0.272800780705423,1,0,-0,0,0
2255,perCombination,4,opening,-192,8,1828.35,3,21,-468.5,-468.5,-9838.5,-2296.85,0.320207723407222,1,0,-0,0,0
2256,perCombination,4,opening,-192,9,2168.4,3,21,-468.5,-468.5,-9838.5,-2636.9,0.36761466610902,1,0,-0,0,0
2257,perCombination,4,opening,-192,10,2508.45,3,21,-468.5,-468.5,-9838.5,-2976.95,0.415021608810818,1,0,-0,0,0
2258,perCombination,4,opening,-192,11,2848.5,3,21,-468.5,-468.5,-9838.5,-3317,0.462428551512617,1,0,-0,0,0
2259,perCombination,4,opening,-192,12,3188.55,3,21,-468.5,-468.5,-9838.5,-3657.05,0.509835494214415,1,0,-0,0,0
2260,perCombination,4,opening,-192,13,3528.6,3,21,-468.5,-468.5,-9838.5,-3997.1,0.557242436916214,1,0,-0,0,0
2261,perCombination,4,opening,-192,14,3868.65,3,21,-468.5,-468.5,-9838.5,-4337.15,0.604649379618012,1,0,-0,0,0
2262,perCombination,4,opening,-192,15,4208.7,3,21,-468.5,-468.5,-9838.5,-4677.2,0.65205632231981,1,0,-0,0,0
2263,perCombination,4,opening,-192,16,4548.75,3,21,-468.5,-468.5,-9838.5,-5017.25,0.699463265021609,1,0,-0,0,0
2264,perCombination,4,opening,-192,17,4888.8,3,21,-468.5,-468.5,-9838.5,-5357.3,0.746870207723407,1,0,-0,0,0
2265,perCombination,4,opening,-192,18,5228.85,3,21,-468.5,-468.5,-9838.5,-5697.35,0.794277150425206,1,0,-0,0,0
2266,perCombination,4,opening,-192,19,5568.9,3,21,-468.5,-468.5,-9838.5,-6037.4,0.841684093127004,1,0,-0,0,0
2267,perCombination,4,opening,-192,20,5908.95,3,21,-468.5,-468.5,-9838.5,-6377.45,0.889091035828802,1,0,-0,0,0
2268,perCombination,4,opening,-192,21,6249,3,21,-437.25,-468.5,-9807.25,-6717.5,0.936497978530601,1,0,-0,0,0
2290,perCombination,4,opening,-224,1,-567,3,21,-567,-567,-11907,0,0,1,0,-0,1,1
2291,perCombination,4,opening,-224,2,-218.35,3,21,-490,-490,-10290,-271.65,0.0378711836051861,1,0,-0,0,0
2292,perCombination,4,opening,-224,3,130.3,3,21,-490,-490,-10290,-620.3,0.086477066778196,1,0,-0,0,0
2293,perCombination,4,opening,-224,4,478.95,3,21,-490,-490,-10290,-968.95,0.135082949951206,1,0,-0,0,0
2294,perCombination,4,opening,-224,5,827.6,3,21,-490,-490,-10290,-1317.6,0.183688833124216,1,0,-0,0,0
2295,perCombination,4,opening,-224,6,1176.25,3,21,-490,-490,-10290,-1666.25,0.232294716297226,1,0,-0,0,0
2296,perCombination,4,opening,-224,7,1524.9,3,21,-490,-490,-10290,-2014.9,0.280900599470236,1,0,-0,0,0
2297,perCombination,4,opening,-224,8,1873.55,3,21,-490,-490,-10290,-2363.55,0.329506482643246,1,0,-0,0,0
2298,perCombination,4,opening,-224,9,2222.2,3,21,-490,-490,-10290,-2712.2,0.378112365816255,1,0,-0,0,0
2299,perCombination,4,opening,-224,10,2570.85,3,21,-490,-490,-10290,-3060.85,0.426718248989265,1,0,-0,0,0
2300,perCombination,4,opening,-224,11,2919.5,3,21,-490,-490,-10290,-3409.5,0.475324132162275,1,0,-0,0,0
2301,perCombination,4,opening,-224,12,3268.15,3,21,-490,-490,-10290,-3758.15,0.523930015335285,1,0,-0,0,0
2302,perCombination,4,opening,-224,13,3616.8,3,21,-490,-490,-10290,-4106.8,0.572535898508295,1,0,-0,0,0
2303,perCombination,4,opening,-224,14,3965.45,3,21,-490,-490,-10290,-4455.45,0.621141781681305,1,0,-0,0,0
2304,perCombination,4,opening,-224,15,4314.1,3,21,-490,-490,-10290,-4804.1,0.669747664854315,1,0,-0,0,0
2305,perCombination,4,opening,-224,16,4662.75,3,21,-490,-490,-10290,-5152.75,0.718353548027325,1,0,-0,0,0
2306,perCombination,4,opening,-224,17,5011.4,3,21,-490,-490,-10290,-5501.4,0.766959431200334,1,0,-0,0,0
2307,perCombination,4,opening,-224,18,5360.05,3,21,-490,-490,-10290,-5850.05,0.815565314373345,1,0,-0,0,0
2308,perCombination,4,opening,-224,19,5708.7,3,21,-490,-490,-10290,-6198.7,0.864171197546354,1,0,-0,0,0
2309,perCombination,4,opening,-224,20,6057.35,3,21,-490,-490,-10290,-6547.35,0.912777080719364,1,0,-0,0,0
2310,perCombination,4,opening,-224,21,6406,3,21,-489.5,-490,-10289.5,-6896,0.961382963892374,1,0,-0,0,0
2332,perCombination,4,opening,-255,1,-671,3,21,-671,-671,-14091,0,0,1,0,-0,1,1
2333,perCombination,4,opening,-255,2,-312.35,3,21,-562.166666666667,-562.166666666667,-11805.5,-249.816666666667,0.0348273618662577,1,0,-0,0,0
2334,perCombination,4,opening,-255,3,46.3,3,21,-562.166666666667,-562.166666666667,-11805.5,-608.466666666667,0.0848273618662577,1,0,-0,0,0
2335,perCombination,4,opening,-255,4,404.95,3,21,-562.166666666667,-562.166666666667,-11805.5,-967.116666666667,0.134827361866258,1,0,-0,0,0
2336,perCombination,4,opening,-255,5,763.6,3,21,-562.166666666667,-562.166666666667,-11805.5,-1325.76666666667,0.184827361866258,1,0,-0,0,0
2337,perCombination,4,opening,-255,6,1122.25,3,21,-562.166666666667,-562.166666666667,-11805.5,-1684.41666666667,0.234827361866258,1,0,-0,0,0
2338,perCombination,4,opening,-255,7,1480.9,3,21,-562.166666666667,-562.166666666667,-11805.5,-2043.06666666667,0.284827361866258,1,0,-0,0,0
2339,perCombination,4,opening,-255,8,1839.55,3,21,-562.166666666667,-562.166666666667,-11805.5,-2401.71666666667,0.334827361866258,1,0,-0,0,0
2340,perCombination,4,opening,-255,9,2198.2,3,21,-562.166666666667,-562.166666666667,-11805.5,-2760.36666666667,0.384827361866258,1,0,-0,0,0
2341,perCombination,4,opening,-255,10,2556.85,3,21,-562.166666666667,-562.166666666667,-11805.5,-3119.01666666667,0.434827361866258,1,0,-0,0,0
2342,perCombination,4,opening,-255,11,2915.5,3,21,-562.166666666667,-562.166666666667,-11805.5,-3477.66666666667,0.484827361866258,1,0,-0,0,0
2343,perCombination,4,opening,-255,12,3274.15,3,21,-562.166666666667,-562.166666666667,-11805.5,-3836.31666666667,0.534827361866258,1,0,-0,0,0
2344,perCombination,4,opening,-255,13,3632.8,3,21,-562.166666666667,-562.166666666667,-11805.5,-4194.96666666667,0.584827361866258,1,0,-0,0,0
2345,perCombination,4,opening,-255,14,3991.45,3,21,-562.166666666667,-562.166666666667,-11805.5,-4553.61666666667,0.634827361866258,1,0,-0,0,0
2346,perCombination,4,opening,-255,15,4350.1,3,21,-562.166666666667,-562.166666666667,-11805.5,-4912.26666666667,0.684827361866258,1,0,-0,0,0
2347,perCombination,4,opening,-255,16,4708.75,3,21,-562.166666666667,-562.166666666667,-11805.5,-5270.91666666667,0.734827361866258,1,0,-0,0,0
2348,perCombination,4,opening,-255,17,5067.4,3,21,-562.166666666667,-562.166666666667,-11805.5,-5629.56666666667,0.784827361866258,1,0,-0,0,0
2349,perCombination,4,opening,-255,18,5426.05,3,21,-562.166666666667,-562.166666666667,-11805.5,-5988.21666666667,0.834827361866258,1,0,-0,0,0
2350,perCombination,4,opening,-255,19,5784.7,3,21,-562.166666666667,-562.166666666667,-11805.5,-6346.86666666667,0.884827361866258,1,0,-0,0,0
2351,perCombination,4,opening,-255,20,6143.35,3,21,-562.166666666667,-562.166666666667,-11805.5,-6705.51666666667,0.934827361866258,1,0,-0,0,0
2352,perCombination,4,opening,-255,21,6502,3,21,-562.166666666667,-562.166666666667,-11805.5,-7064.16666666667,0.984827361866258,1,0,-0,0,0
